unique_id,ds,y,AutoARIMA,AutoETS,CES,AutoRegressive,MSTL,HoltWinters,AutoTheta,ADIDA,CrostonClassic,CrostonOptimized,CrostonSBA,IMAPA,SES,SESOpt,NHITS,NBEATS,TFT,TiDE,DeepAR,DeepAR-median,DeepAR-lo-90,DeepAR-lo-80,DeepAR-hi-80,DeepAR-hi-90,AutoNHITS,AutoPatchTST,AutoTimesNet,Chronos_tiny,Chronos_mini,Chronos_small
10_1107_14,2023-10-01,4342.69252271494,33204.964297388295,33204.8741083189,32802.4765625,30082.96261343837,27866.667892264537,8581.659761219573,34352.280733792584,9776.397540927572,1062.0576083474496,8111.520245530184,1008.9547279300771,14818.217540041815,28650.033073564024,33195.82677774782,33260.87,33072.043,31597.69,22743.045,23231.334,19767.62,-60635.445,-43525.88,66571.46,89983.87,36591.11,33883.484,41872.555,70127.8671875,32836.01953125,33178.7734375
10_1107_14,2023-11-01,5604.141303122614,33204.964297388295,33204.8741083189,32530.34765625,27366.97117300763,27190.478619415397,8245.854574795094,35496.88748655415,9776.397540927572,1062.0576083474496,8111.520245530184,1008.9547279300771,14818.217540041815,28650.033073564024,33195.82677774782,33893.23,33156.434,24259.04,18905.523,17822.117,18180.156,-27501.564,-8425.897,45026.305,55943.727,39309.26,33322.664,37379.094,70127.8671875,32527.5390625,32767.466796875
10_1107_14,2023-12-01,5619.426142229478,33204.964297388295,33204.8741083189,32594.2890625,25004.189134030566,24767.734078702655,8183.6605731172585,36641.49423931571,9776.397540927572,1062.0576083474496,8111.520245530184,1008.9547279300771,14818.217540041815,28650.033073564024,33195.82677774782,32414.088,31588.006,20774.781,12273.84,14419.066,15360.949,-15880.172,-3433.0356,30692.951,37570.367,34931.684,24625.271,8115.04,70127.8671875,32973.12109375,32493.26171875
10_1107_14,2024-01-01,5668.877092281097,33204.964297388295,33204.8741083189,32390.6484375,22948.68230120078,25554.216863202713,16248.54570126607,37786.10099207728,9776.397540927572,1062.0576083474496,8111.520245530184,1008.9547279300771,14818.217540041815,28650.033073564024,33195.82677774782,32206.242,32345.225,16311.111,15040.6045,12012.739,12430.492,-4411.6865,2158.7764,24137.756,31386.018,11170.08,15462.151,7218.9653,70127.8671875,33315.875,31944.853515625
10_1107_2,2023-10-01,121866.92130721085,88743.82918317242,106744.93451861081,122203.328125,189499.8241477224,-1143640.5690295058,-727528.973718365,80415.25702057272,203698.1723543115,296222.9793673983,222516.99827193614,281411.8303990284,157787.98698881187,77688.44921060973,105687.67208176086,103138.8,103964.4,88065.25,-344414.1,91683.28,90124.57,64817.883,73115.88,113740.3,120082.1,193921.75,110910.83,27936.57,0.005942125804722309,0.005942125804722309,0.005942125804722309
10_1107_2,2023-11-01,124291.81607610572,73770.99163424323,106744.93451861081,80124.6875,250754.26575947335,-1152886.42045333,-689806.5363106411,55395.182732894325,203698.1723543115,296222.9793673983,222516.99827193614,281411.8303990284,157787.98698881187,77688.44921060973,105687.67208176086,82567.78,102069.32,57659.62,4794.7305,95375.57,94818.766,55603.63,73030.22,112532.4,119819.71,315915.6,112575.82,19817.086,0.005942125804722309,0.005942125804722309,212053.28125
10_1107_2,2023-12-01,178457.68943810134,61324.367641006924,106744.93451861081,110098.6640625,296100.1145227378,-1128813.4845792172,-740613.5526528521,30375.10844521592,203698.1723543115,296222.9793673983,222516.99827193614,281411.8303990284,157787.98698881187,77688.44921060973,105687.67208176086,64656.29,97162.805,43958.41,-293520.97,92458.41,89791.09,70210.59,74560.51,114406.016,128383.89,475805.16,110555.47,15679.117,0.005942125804722309,0.005942125804722309,224527.015625
10_1107_2,2024-01-01,0.0,50977.73505898943,106744.93451861081,83700.765625,329669.0435008837,-1289661.2685066387,-1083889.6861188828,5355.034157537513,203698.1723543115,296222.9793673983,222516.99827193614,281411.8303990284,157787.98698881187,77688.44921060973,105687.67208176086,67161.91,89249.336,38604.285,380412.28,90109.18,89970.2,53834.805,61676.285,112894.695,120864.75,419681.38,105977.25,9639.211,53013.328125,0.005942125804722309,0.005942125804722309
10_1111_14,2023-10-01,0.0,0.0,1.5955389941311521e-21,-25973.08203125,23814.985931440693,1279.9403933490103,38213.25485190531,-18526.089846853338,6713.301411475192,172732.3337906844,166351.5290936832,164095.7171011502,6713.301411475192,169.9917771720264,1.348530453542653e-15,-5.4120045,437.7946,2377.7988,-110903.125,-149.92366,-1107.2628,-20520.428,-15989.675,15338.905,19111.543,0.1764431,0.00044253256,48.54883,0.002018805593252182,0.002018805593252182,0.002018805593252182
10_1111_14,2023-11-01,0.0,0.0,1.5955389941311521e-21,2081.953857421875,42625.3899312001,-298917.03173543245,-299602.54546548484,-36798.34900381744,6713.301411475192,172732.3337906844,166351.5290936832,164095.7171011502,6713.301411475192,169.9917771720264,1.348530453542653e-15,229.93185,-117.84141,3233.1294,-48864.26,-201.15186,335.40488,-29214.584,-20762.62,18442.303,21605.78,-0.11338091,7.758526e-05,-8176.797,0.002018805593252182,1059.47216796875,0.002018805593252182
10_1111_14,2023-12-01,0.0,0.0,1.5955389941311521e-21,-16397.990234375,57482.896026428745,-276626.4172976735,-301204.10773410124,-55070.60816078154,6713.301411475192,172732.3337906844,166351.5290936832,164095.7171011502,6713.301411475192,169.9917771720264,1.348530453542653e-15,-114.417885,487.22876,3366.5276,-124491.47,-235.54585,3560.5166,-26671.248,-22495.84,18544.975,33042.414,0.0664444,-0.0010665987,-3771.746,0.002018805593252182,1059.47216796875,13773.1142578125
10_1111_14,2024-01-01,0.0,0.0,1.5955389941311521e-21,-1931.7889404296875,69218.18291195124,-359161.76673140854,-453143.4391728659,-73342.86731774565,6713.301411475192,172732.3337906844,166351.5290936832,164095.7171011502,6713.301411475192,169.9917771720264,1.348530453542653e-15,-78.743805,900.3473,3328.1262,131350.97,-269.21423,-210.96378,-24809.477,-18996.65,15934.638,21970.674,0.48626935,-0.0018739337,-4336.8633,0.002018805593252182,1059.47216796875,19070.46484375
10_1201_2,2023-10-01,94837.0320089957,77586.13630434313,52825.5977708528,33258.53515625,46568.048597329405,22970.91572861905,6011.845049710803,53141.408750636634,2523.2032821114926,3379.823517812185,3379.852839833696,3210.8323419215753,7015.236416310466,29120.559209546067,52408.39735573987,53010.91,52879.94,40801.336,19648.754,27549.049,28927.66,-73978.59,-47900.316,113438.99,140845.12,59230.19,104926.3,94352.54,121.92456817626953,4.6465094783343375e-05,49891.515625
10_1201_2,2023-11-01,136843.3663073895,68979.60957621949,52825.5977708528,9.22285270690918,41251.352020588085,16736.099859618484,5143.656335708427,53884.97355304801,2523.2032821114926,3379.823517812185,3379.852839833696,3210.8323419215753,7015.236416310466,29120.559209546067,52408.39735573987,19590.203,20801.688,27982.105,22712.926,20920.367,23955.258,-43113.516,-27152.05,81839.16,101690.45,63642.246,142437.94,70267.305,4.6465094783343375e-05,4.6465094783343375e-05,49891.515625
10_1201_2,2023-12-01,178850.59971396605,61327.793391115374,52825.5977708528,11.702483177185059,36737.07686329876,13870.35659447698,5009.904228600226,54628.53835545939,2523.2032821114926,3379.823517812185,3379.852839833696,3210.8323419215753,7015.236416310466,29120.559209546067,52408.39735573987,15415.4795,14524.934,23206.459,12034.6455,17595.113,22512.012,-25973.303,-18494.844,50302.45,64774.387,60212.832,125234.125,-752.9053,49891.515625,4.6465094783343375e-05,4.6465094783343375e-05
10_1201_2,2024-01-01,0.0,54524.782980505035,52825.5977708528,3.9223575592041016,32904.117825374895,6759.07273109278,10631.490749811046,55372.10315787076,2523.2032821114926,3379.823517812185,3379.852839833696,3210.8323419215753,7015.236416310466,29120.559209546067,52408.39735573987,10918.289,11806.325,18488.08,7644.2256,14950.165,14415.236,-9715.977,-339.76508,36594.95,43340.348,19860.418,54207.5,-1668.5713,4.6465094783343375e-05,4.6465094783343375e-05,4.6465094783343375e-05
10_1307_16,2023-10-01,0.0,64.15241159339482,9.350725177076205e-11,-9.289926528930664,51.480635587322695,509.16683650078426,684.5482478844311,9.351483391267333e-05,46.42864596341406,90.048318187673,129.44369122845632,85.54590227828935,46.42864596341406,13.48878696125782,9.367882261304171e-05,-0.17353058,-0.06323242,4.174164,70.82866,-1.9629517,-1.4607658,-16.969698,-14.128141,11.12628,15.627709,20.704027,0.13013458,-26.406631,1.9474596228974406e-06,1.9474596228974406e-06,1.9474596228974406e-06
10_1307_16,2023-11-01,118.68228012388657,131.99415854750913,9.350725177076205e-11,8.154805183410645,81.43121569776477,561.747509761974,744.8217395390466,9.351483391267333e-05,46.42864596341406,90.048318187673,129.44369122845632,85.54590227828935,46.42864596341406,13.48878696125782,9.367882261304171e-05,-0.353096,0.020439148,4.578705,-94.448746,-2.2125626,-2.6635327,-21.820131,-14.597489,11.666917,13.6436,-9.43911,0.3813095,-62.832077,103.22480773925781,1.9474596228974406e-06,1.9474596228974406e-06
10_1307_16,2023-12-01,0.0,131.99415854750913,9.350725177076205e-11,0.548762321472168,98.85596655249017,-148.50509456576776,40.94998320801648,9.351483391267333e-05,46.42864596341406,90.048318187673,129.44369122845632,85.54590227828935,46.42864596341406,13.48878696125782,9.367882261304171e-05,-0.5847397,0.75302124,4.707733,145.2118,-1.558281,-2.0564542,-14.934285,-11.509346,12.039281,20.750832,-7.4956055,1.0793152,-59.28769,169.6566162109375,1.9474596228974406e-06,1.9474596228974406e-06
10_1307_16,2024-01-01,0.0,131.99415854750913,9.350725177076205e-11,2.873466968536377,108.99339765498151,-131.42928264451518,5.753446283694302,9.351483391267333e-05,46.42864596341406,90.048318187673,129.44369122845632,85.54590227828935,46.42864596341406,13.48878696125782,9.367882261304171e-05,-0.23356628,-0.07582855,4.7127075,267.90308,-0.21720886,-0.68640655,-22.479837,-15.476498,14.76515,19.360079,-16.784027,0.35746002,-49.57408,1.9474596228974406e-06,1.9474596228974406e-06,1.9474596228974406e-06
10_1502_16,2023-10-01,0.0,0.0,1646.0748955211347,10543.9853515625,1501.327019293858,652.8222668056063,1438.6843120622516,3204.302286917812,778.3516150948706,380.6497097361844,685.3038040572422,361.61722424937517,1283.8544052463947,7286.53910075636,1680.5988072989794,15294.554,14484.822,10579.636,5288.689,7562.9478,8034.06,-12139.322,-10556.493,22862.047,34460.254,16243.735,16617.725,11734.752,1.3107071936246939e-05,2565.717041015625,14073.611328125
10_1502_16,2023-11-01,0.0,0.0,1646.0748955211347,-0.028339387848973274,983.7854309108852,3035.291569787264,4085.3019471245816,3396.7966002592807,778.3516150948706,380.6497097361844,685.3038040572422,361.61722424937517,1283.8544052463947,7286.53910075636,1680.5988072989794,3614.6038,4575.5938,6403.117,5981.0596,5614.4165,4833.795,-13437.061,-6608.0454,15193.593,16915.209,17553.91,13783.42,12437.887,1.3107071936246939e-05,1279.4193115234375,14073.611328125
10_1502_16,2023-12-01,0.0,0.0,1646.0748955211347,-0.044227078557014465,963.2829300272404,3782.001846155821,4264.2341017244435,3589.2909136007484,778.3516150948706,380.6497097361844,685.3038040572422,361.61722424937517,1283.8544052463947,7286.53910075636,1680.5988072989794,2498.375,3130.8835,4878.186,3693.8025,4514.1567,5215.199,-7773.357,-3966.1528,13286.691,16546.639,17308.545,9295.285,13246.012,1.3107071936246939e-05,1279.4193115234375,14073.611328125
10_1502_16,2024-01-01,0.0,0.0,1646.0748955211347,-0.013717339374125004,962.4707198553057,274.26587697286493,2645.8610206933363,3781.785226942216,778.3516150948706,380.6497097361844,685.3038040572422,361.61722424937517,1283.8544052463947,7286.53910075636,1680.5988072989794,335.69785,1877.5143,3765.4187,813.12476,3641.518,3598.9785,-3553.8691,-1000.72363,6944.6133,8335.3545,7192.123,5201.9746,13864.818,1.3107071936246939e-05,1279.4193115234375,1.3107071936246939e-05
10_1505_16,2023-10-01,0.0,0.0,282.30532508075294,52.50471115112305,295.82604413948405,734.9729563421611,52.236867618574365,-10.153535030080992,105.08803103361954,144.15907969008478,144.15600168670642,136.95112570558052,105.08803103361954,1.5466472377258496,81.2585494935987,0.20873928,0.048871994,3.3687963,-37.326534,1.9543676,1.5481213,-20.879,-16.112652,17.937742,25.773073,-16.349346,0.013740063,3.503418,3.95831921196077e-06,3.95831921196077e-06,3.95831921196077e-06
10_1505_16,2023-11-01,0.0,0.0,282.30532508075294,51.169349670410156,283.91371071938215,116.8197897894618,-438.7921661447791,-20.205545391266384,105.08803103361954,144.15907969008478,144.15600168670642,136.95112570558052,105.08803103361954,1.5466472377258496,81.2585494935987,-0.17151165,0.35351944,4.188503,-63.683044,3.6623588,2.6038876,-17.051811,-14.352672,18.201145,23.596888,-8.564279,0.051739216,-9.698425,10.386643409729004,3.95831921196077e-06,3.95831921196077e-06
10_1505_16,2023-12-01,0.0,0.0,282.30532508075294,52.53432083129883,284.39339697528453,239.59157968770273,-660.7787438392816,-30.25755575245178,105.08803103361954,144.15907969008478,144.15600168670642,136.95112570558052,105.08803103361954,1.5466472377258496,81.2585494935987,0.07855511,0.38385868,4.49963,-96.84801,5.1584306,5.908841,-10.067824,-7.862064,25.529299,32.471363,-12.340607,0.10862732,-3.7170143,3.95831921196077e-06,3.95831921196077e-06,3.95831921196077e-06
10_1505_16,2024-01-01,0.0,0.0,282.30532508075294,54.42038345336914,284.3740809524713,-90.35707035123187,-808.6866663833481,-40.309566113637175,105.08803103361954,144.15907969008478,144.15600168670642,136.95112570558052,105.08803103361954,1.5466472377258496,81.2585494935987,-0.81494045,-0.47891045,4.6136727,125.44374,6.3380075,5.8641434,-13.25176,-6.263722,20.161009,30.53019,-2.9217205,0.0029187202,-3.3558884,3.95831921196077e-06,3.95831921196077e-06,3.95831921196077e-06
10_1609_2,2023-10-01,0.0,1221.2341235062358,3535.668039211653,132.4553985595703,2046.6078066506834,-2570.193845522588,7563.448272254309,7062.207126306067,2925.764451280353,3006.2921849867826,3502.9928181359264,2855.977575737443,2365.390701292887,627.5423901507991,3673.522876955349,53.524803,3.0031717,189.03848,-893.1871,33.56168,148.67064,-1877.747,-1146.1987,1796.6271,3196.9556,7952.4756,83.26367,909.0791,5.33529746462591e-05,5.33529746462591e-05,5.33529746462591e-05
10_1609_2,2023-11-01,0.0,0.0,3535.668039211653,0.0038984331768006086,2918.56350761454,-2071.6560105258377,8045.742860899295,7396.2490919339225,2925.764451280353,3006.2921849867826,3502.9928181359264,2855.977575737443,2365.390701292887,627.5423901507991,3673.522876955349,94.7252,50.855053,257.25833,5896.023,23.344933,172.73006,-2106.6177,-977.1316,1649.5945,1847.4011,-3514.4258,160.83008,134.54492,5.33529746462591e-05,5.33529746462591e-05,5.33529746462591e-05
10_1609_2,2023-12-01,0.0,0.0,3535.668039211653,0.005655655171722174,3290.059571478201,-1780.9526565492924,8073.856048937296,7730.291057561777,2925.764451280353,3006.2921849867826,3502.9928181359264,2855.977575737443,2365.390701292887,627.5423901507991,3673.522876955349,216.8847,376.65915,266.16788,1448.768,24.478868,165.79514,-2037.9136,-1376.9675,1773.8245,2704.436,-5293.58,353.21875,-405.10938,5.33529746462591e-05,5.33529746462591e-05,5.33529746462591e-05
10_1609_2,2024-01-01,0.0,0.0,3535.668039211653,0.0015009981580078602,3448.3351872160633,2843.0313574960846,12461.049979849771,8064.3330231896325,2925.764451280353,3006.2921849867826,3502.9928181359264,2855.977575737443,2365.390701292887,627.5423901507991,3673.522876955349,219.47092,345.88235,261.53632,-13556.639,25.681776,129.78609,-1281.7101,-1029.3351,1799.6942,2570.347,-8832.462,-33.628906,-533.1372,5.33529746462591e-05,5.33529746462591e-05,5.33529746462591e-05
10_1705_16,2023-10-01,0.0,0.0,1.0789298193060784e-23,166.55728149414062,439.3522172969019,-2388.5573474456314,-7511.459399774873,-339.3670449231961,109.93049123394225,4520.623367192046,934.3550470988124,4294.5921988324435,109.93049123394225,2.244729059106377,1.0830162805262602e-11,1.45537,-4.530489,1.0546026,-2770.603,-0.15669441,-0.3118989,-3.1995816,-1.7203063,1.721042,2.702369,-17.049221,0.022860527,-0.6357269,5.4259719036053866e-05,5.4259719036053866e-05,5.4259719036053866e-05
10_1705_16,2023-11-01,0.0,0.0,1.0789298193060784e-23,-5.550876140594482,830.2410220764104,-980.8393594191036,-7582.697479362565,-675.3404193600888,109.93049123394225,4520.623367192046,934.3550470988124,4294.5921988324435,109.93049123394225,2.244729059106377,1.0830162805262602e-11,1.7459784,-15.455218,1.0078306,-972.90265,-0.4157753,-0.4474381,-2.6324532,-1.9072678,1.4826705,2.475514,-10.355244,0.044175148,-55.30995,5.4259719036053866e-05,5.4259719036053866e-05,5.4259719036053866e-05
10_1705_16,2023-12-01,0.0,0.0,1.0789298193060784e-23,124.13331604003906,1178.0122445411848,-1997.6773898863526,-8988.781598796775,-1011.3137937969815,109.93049123394225,4520.623367192046,934.3550470988124,4294.5921988324435,109.93049123394225,2.244729059106377,1.0830162805262602e-11,2.5465517,2.073265,0.95457745,-1754.9686,-0.6339159,-0.6370273,-2.8078167,-2.1903052,0.8005262,1.6909195,-13.35181,0.09646487,-45.792343,5.4259719036053866e-05,313.2308654785156,5.4259719036053866e-05
10_1705_16,2024-01-01,0.0,0.0,1.0789298193060784e-23,20.664873123168945,1487.4220349875136,-2463.6323005326376,-9102.302242192836,-1347.2871682338741,109.93049123394225,4520.623367192046,934.3550470988124,4294.5921988324435,109.93049123394225,2.244729059106377,1.0830162805262602e-11,4.3379555,21.824295,0.9027395,1962.0339,-0.6866398,-0.4601251,-3.2424803,-2.634722,0.83202004,1.453159,-2.1518648,-0.010043621,-2.2115326,5.4259719036053866e-05,1566.154052734375,5.4259719036053866e-05
11_1108_74,2023-10-01,66.53400552399701,53.2199727469364,66.53400552399701,740.9937744140625,672.795237166622,2299.0578233184156,10535.94738043804,70.31586471049978,2696.369321092673,1061.0834278959198,1258.4272088063103,1008.0292565011238,2036.2086380462001,277.82563577041066,66.53400553882997,53.11914,63.207554,68.09141,292.2786,60.54592,53.34559,-4.3929424,13.525007,107.2383,135.78189,3034.2847,97.85303,-387.03906,69.07543182373047,69.07543182373047,4.387406079331413e-05
11_1108_74,2023-11-01,66.53400552399701,42.570193645760526,66.53400552399701,41.65262222290039,1125.365628291684,4664.92492089787,12729.999583424134,74.05990529050426,2696.369321092673,1061.0834278959198,1258.4272088063103,1008.0292565011238,2036.2086380462001,277.82563577041066,66.53400553882997,92.75692,62.812035,68.55049,623.6297,53.39626,60.07966,-15.435493,6.059533,105.66215,120.67727,-1237.9661,127.0542,-803.86475,69.07543182373047,69.07543182373047,4.387406079331413e-05
11_1108_74,2023-12-01,66.53400552399701,34.05152790390841,66.53400552399701,564.7667236328125,1463.2067242300561,7396.235914882515,15925.417077045022,77.80394587050874,2696.369321092673,1061.0834278959198,1258.4272088063103,1008.0292565011238,2036.2086380462001,277.82563577041066,66.53400553882997,74.11701,73.03348,68.60131,1005.017,47.857956,50.99243,9.1372595,20.365122,83.09997,105.94885,-1900.5753,198.6914,-724.7505,69.07543182373047,69.07543182373047,4.387406079331413e-05
11_1108_74,2024-01-01,66.53400552399701,27.237521215883067,66.53400552399701,144.23167419433594,1715.403086040434,7458.866749997373,13782.54234085956,81.5479864505132,2696.369321092673,1061.0834278959198,1258.4272088063103,1008.0292565011238,2036.2086380462001,277.82563577041066,66.53400553882997,54.68631,83.205765,68.56157,-4476.4736,43.41934,40.167484,9.191844,16.134403,67.992134,75.64016,-3224.1338,52.774414,-601.0996,69.07543182373047,4.387406079331413e-05,4.387406079331413e-05
11_1201_53,2023-10-01,3589.239865564812,2136.028211513281,2675.658279592462,16480.458984375,13531.761946051665,46146.59497952035,205061.12247525383,2816.5249191261187,49451.11928800065,20096.722186844952,43879.977165965785,19091.886077502702,37470.54868749567,5797.528091700557,2666.8811137073676,2445.1746,2609.375,2730.8987,6839.466,2881.971,2976.7815,294.49536,1035.2635,4977.021,5466.5703,57348.83,3223.7266,-6791.5234,0.0008037756197154522,1687.2880859375,1687.2880859375
11_1201_53,2023-11-01,5072.768367113395,1705.1755295259236,2675.658279592462,1752.1929931640625,21611.783857013106,87070.71199555429,228739.51826172555,2964.667108281575,49451.11928800065,20096.722186844952,43879.977165965785,19091.886077502702,37470.54868749567,5797.528091700557,2666.8811137073676,3162.5889,2582.1675,2748.9084,13831.251,2829.5547,3017.5557,697.5104,1215.1687,5010.197,5354.648,-21381.688,3738.168,-14600.734,0.0008037756197154522,1687.2880859375,421.8226623535156
11_1201_53,2023-12-01,5072.768367113395,1361.2290188031234,2675.658279592462,12630.6552734375,27625.6617028722,137896.6346552664,288415.8029633186,3112.8092974370315,49451.11928800065,20096.722186844952,43879.977165965785,19091.886077502702,37470.54868749567,5797.528091700557,2666.8811137073676,2777.8284,2790.3994,2751.9297,19372.783,2581.4744,2414.4304,709.9436,1078.9412,3858.021,4191.2197,-33412.5,5068.422,-13000.125,0.0008037756197154522,2952.753662109375,843.6444702148438
11_1201_53,2024-01-01,0.0,1086.6590621007056,2675.658279592462,3833.5908203125,32101.729607570658,139778.6482841175,245806.15250880364,3260.9514865924884,49451.11928800065,20096.722186844952,43879.977165965785,19091.886077502702,37470.54868749567,5797.528091700557,2666.8811137073676,2428.976,2963.941,2751.5051,-81977.35,2225.8242,2232.9985,899.1416,1188.8805,3000.6853,3517.9888,-57728.734,2374.914,-10594.3125,0.0008037756197154522,2952.753662109375,421.8226623535156
11_1203_53,2023-10-01,0.0,0.0,0.030652977347177285,-8.01133918762207,47.11711964359381,351.228552368892,479.3578436677435,0.03170609011282983,82.5933240979729,43.979024471807435,164.091564596445,41.780073248217064,56.56784571584645,3.396185797501521,0.03179246302981701,-0.46476027,-0.49729,3.3620794,6.153995,-0.74331397,-1.0289814,-36.62143,-30.315157,28.430975,44.034912,20.48064,0.38100433,-3.9980621,1.7548667301525711e-06,1.7548667301525711e-06,1.7548667301525711e-06
11_1203_53,2023-11-01,0.0,0.0,0.030652977347177285,2.8534770011901855,74.2718545565321,622.1286545834755,661.3081613561903,0.03170609011282983,82.5933240979729,43.979024471807435,164.091564596445,41.780073248217064,56.56784571584645,3.396185797501521,0.03179246302981701,-0.40599364,-0.20181301,4.5792747,-16.481161,-0.894297,-1.5971775,-44.716522,-35.31364,22.436659,44.468952,-19.588129,0.73625183,-12.361511,1.7548667301525711e-06,1.7548667301525711e-06,1.7548667301525711e-06
11_1203_53,2023-12-01,0.0,0.0,0.030652977347177285,-2.0362048149108887,89.92178464074954,794.3996467307938,842.4555035482806,0.03170609011282983,82.5933240979729,43.979024471807435,164.091564596445,41.780073248217064,56.56784571584645,3.396185797501521,0.03179246302981701,-0.37458587,-0.65036577,4.73257,271.179,-0.8218323,-8.19429,-47.047153,-35.320923,28.445726,32.5783,-28.355995,1.6077499,16.500671,1.7548667301525711e-06,1.7548667301525711e-06,1.7548667301525711e-06
11_1203_53,2024-01-01,0.0,0.0,0.030652977347177285,0.2697502076625824,98.94121762089611,-3.6536267557093254,4.1012244621875595,0.03170609011282983,82.5933240979729,43.979024471807435,164.091564596445,41.780073248217064,56.56784571584645,3.396185797501521,0.03179246302981701,-0.42115855,-0.84693277,4.654844,-86.2374,-0.6861843,1.1834722,-35.937916,-22.350782,24.737452,37.046253,-38.49882,-0.16739273,26.553009,1.7548667301525711e-06,1.7548667301525711e-06,1.7548667301525711e-06
11_1211_53,2023-10-01,0.0,1624.6663728923322,2452.486492984715,87.7923583984375,1437.2293562512787,-3067.886964557082,-1004.6726459523964,836.9224455582271,1388.3434065528672,1508.2545049332532,3217.1062893520407,1432.8417796865904,940.8765791908311,43.37469172824484,493.40821723378065,22.956686,11.31883,64.656624,-3574.062,-11.037842,-16.81347,-286.66098,-216.23886,125.844604,177.03412,2272.046,11.787537,-173.60461,3.413855665712617e-05,3.413855665712617e-05,125.41156005859375
11_1211_53,2023-11-01,0.0,2374.598932234383,2452.486492984715,122.48513793945312,1979.7713385155503,-669.4720278017257,-987.4939858392086,679.4162149613255,1388.3434065528672,1508.2545049332532,3217.1062893520407,1432.8417796865904,940.8765791908311,43.37469172824484,493.40821723378065,8.662392,-15.137437,88.2095,-1972.3401,-16.244995,-0.5447221,-317.16772,-159.0405,182.64226,224.318,5000.6445,19.787659,-249.22522,3.413855665712617e-05,3.413855665712617e-05,3.413855665712617e-05
11_1211_53,2023-12-01,0.0,2374.598932234383,2452.486492984715,93.30931091308594,2184.5763692776563,419.2402896283574,1280.774193078827,521.9099843644237,1388.3434065528672,1508.2545049332532,3217.1062893520407,1432.8417796865904,940.8765791908311,43.37469172824484,493.40821723378065,14.6707325,-21.22634,90.60604,-915.71185,-14.592285,-4.194702,-190.53775,-126.62379,139.02711,220.27266,8516.303,34.26422,-266.69165,3.413855665712617e-05,3.413855665712617e-05,734.55322265625
11_1211_53,2024-01-01,0.0,2374.598932234383,2452.486492984715,77.55206298828125,2261.888544181452,-1026.0234972667683,-1350.5402367203283,364.40375376752195,1388.3434065528672,1508.2545049332532,3217.1062893520407,1432.8417796865904,940.8765791908311,43.37469172824484,493.40821723378065,19.38741,-43.1397,88.58114,-1138.202,-10.506592,-11.316589,-203.66534,-180.31511,145.80472,183.01982,9396.455,9.090881,-229.98169,3.413855665712617e-05,3.413855665712617e-05,1021.2081909179688
11_1212_53,2023-10-01,0.0,0.0,1096.1972118792655,39.078922271728516,2062.97548700451,-3333.010607125051,-8778.418771214921,-2618.1007645572486,2948.381974577211,4876.460792737763,11222.321046016012,4632.637753100875,1506.8123525056262,0.44834679279311357,0.9185914175057027,0.006189222,0.0004245494,0.023450598,0.086388715,-14.486655,43.116596,-1827.273,-1039.8668,1272.5531,2205.8972,0.1764431,0.00044253256,-0.05168097,5.0935399485751987e-05,5.0935399485751987e-05,5.0935399485751987e-05
11_1212_53,2023-11-01,0.0,0.0,1096.1972118792655,46.730995178222656,2885.266035090404,-3519.9091053700486,-9472.40862339186,-3265.879003380578,2948.381974577211,4876.460792737763,11222.321046016012,4632.637753100875,1506.8123525056262,0.44834679279311357,0.9185914175057027,0.01310945,0.0067549273,0.030348174,0.014837996,-37.84758,-249.99551,-1432.4034,-1290.9153,1259.0271,1602.342,-0.11338091,7.758526e-05,0.04123892,5.0935399485751987e-05,5.0935399485751987e-05,5.0935399485751987e-05
11_1212_53,2023-12-01,0.0,0.0,1096.1972118792655,37.44153594970703,3213.026471281142,-737.9862397845382,-9812.451657960126,-3913.657242203906,2948.381974577211,4876.460792737763,11222.321046016012,4632.637753100875,1506.8123525056262,0.44834679279311357,0.9185914175057027,0.0042362628,0.022851367,0.031172208,0.20647871,-69.7117,-91.48952,-1386.1085,-931.8934,1393.4966,2029.2045,0.0664444,-0.0010665987,0.092415184,5.0935399485751987e-05,5.0935399485751987e-05,5.0935399485751987e-05
11_1212_53,2024-01-01,0.0,0.0,1096.1972118792655,31.29610824584961,3343.6699570685064,-5801.141437778259,-13056.456442497572,-4561.435481027236,2948.381974577211,4876.460792737763,11222.321046016012,4632.637753100875,1506.8123525056262,0.44834679279311357,0.9185914175057027,0.008740532,0.019834008,0.03055612,-0.20175557,-108.64538,-213.54196,-2020.7067,-1691.9598,876.1599,1499.5028,0.48626935,-0.0018739337,0.09647331,5.0935399485751987e-05,7431.1962890625,5.0935399485751987e-05
11_1402_53,2023-10-01,0.0,0.0,0.00011028445771604604,306.5491638183594,5233.806099984113,46968.16335956695,46227.63116693686,0.0001032654804637131,8789.905472951172,4285.672325117932,22777.91005626647,4071.388708862035,5626.805121429801,169.1713972043995,0.00010339403402970892,53.56097,-95.96875,435.5591,3058.5835,-27.899426,-332.28418,-6552.6133,-4303.8955,4275.749,5045.687,0.1764431,0.00044253256,2301.4375,0.00017250208475161344,0.00017250208475161344,0.00017250208475161344
11_1402_53,2023-11-01,0.0,0.0,0.00011028445771604604,670.8491821289062,8002.648857248821,83253.72446810674,82721.31468774783,0.0001032654804637131,8789.905472951172,4285.672325117932,22777.91005626647,4071.388708862035,5626.805121429801,169.1713972043995,0.00010339403402970892,38.39546,-96.07422,600.9256,-1456.3816,-23.58589,197.75377,-4663.14,-3121.4526,4154.118,5063.136,-0.11338091,7.758526e-05,-1356.7422,0.00017250208475161344,0.00017250208475161344,0.00017250208475161344
11_1402_53,2023-12-01,0.0,0.0,0.00011028445771604604,484.92657470703125,9467.45096645965,117531.1559697308,117340.38675284824,0.0001032654804637131,8789.905472951172,4285.672325117932,22777.91005626647,4071.388708862035,5626.805121429801,169.1713972043995,0.00010339403402970892,-42.30813,-190.03445,625.35474,40858.402,-19.21534,-146.00159,-5412.6523,-4153.9326,3267.4878,3695.7456,0.0664444,-0.0010665987,3024.5996,0.00017250208475161344,0.00017250208475161344,0.00017250208475161344
11_1402_53,2024-01-01,0.0,0.0,0.00011028445771604604,395.9075012207031,10242.375874535015,-213.65858999195552,-1774.346998301029,0.0001032654804637131,8789.905472951172,4285.672325117932,22777.91005626647,4071.388708862035,5626.805121429801,169.1713972043995,0.00010339403402970892,-44.39194,-195.07327,616.9115,-13376.359,-26.131248,41.65017,-5795.412,-3748.2527,2978.1184,4148.287,0.48626935,-0.0018739337,1535.5938,0.00017250208475161344,0.00017250208475161344,0.00017250208475161344
11_1403_53,2023-10-01,0.0,0.0,2.4042791149171088e-23,-3293.0087890625,10771.329349674637,14540.804010928248,54057.816117619615,2.399846791876692e-09,26411.50955235065,12484.429886594706,77256.39822004909,11860.208392264969,19006.47903082617,1484.995972978947,2.409674673672391e-09,48.10491,-136.2437,956.33453,10569.369,-143.29799,-1149.191,-11305.421,-8477.703,6180.759,11649.214,101185.44,369.60156,-103.89844,0.0004400176112540066,0.0004400176112540066,0.0004400176112540066
11_1403_53,2023-11-01,0.0,0.0,2.4042791149171088e-23,2560.455322265625,17347.586721133535,51516.032664021404,134982.88740459902,2.399846791876692e-09,26411.50955235065,12484.429886594706,77256.39822004909,11860.208392264969,19006.47903082617,1484.995972978947,2.409674673672391e-09,13.121019,204.5404,1309.3293,17278.574,-197.15382,-900.3403,-12369.632,-8667.514,8058.452,12922.831,262413.88,849.5488,-930.5703,0.0004400176112540066,0.0004400176112540066,0.0004400176112540066
11_1403_53,2023-12-01,0.0,0.0,2.4042791149171088e-23,692.7223510742188,21362.61212902099,104777.30187931153,201115.10013938195,2.399846791876692e-09,26411.50955235065,12484.429886594706,77256.39822004909,11860.208392264969,19006.47903082617,1484.995972978947,2.409674673672391e-09,-106.227005,-184.63522,1355.725,60902.996,-215.74103,-1369.4106,-12248.574,-9024.59,7887.2036,11845.202,433502.4,1574.9492,16.3125,461.8433532714844,0.0004400176112540066,0.0004400176112540066
11_1403_53,2024-01-01,0.0,0.0,2.4042791149171088e-23,971.081298828125,23813.91963044951,123446.85977851972,189384.4133700506,2.399846791876692e-09,26411.50955235065,12484.429886594706,77256.39822004909,11860.208392264969,19006.47903082617,1484.995972978947,2.409674673672391e-09,-114.434,-459.55893,1333.7261,-48290.938,-219.62929,-610.37384,-11811.51,-9147.645,6928.2905,11491.548,497483.97,1146.9492,2529.504,2771.057861328125,0.0004400176112540066,0.0004400176112540066
11_1404_53,2023-10-01,0.0,0.0,6.957228876073409e-25,-195.9093017578125,299.6121369265238,132.70109198474688,2677.14844376736,6.950054398314729e-11,802.7537230944554,388.068363336689,2343.5261427668524,368.66494516985455,577.1161206523049,44.532854633000206,6.978519690395446e-11,0.5307228,-4.4031534,28.591902,346.82986,-4.297669,-39.83486,-316.479,-229.06732,272.3077,327.81998,2905.54,10.695007,-30.593018,1.349704234598903e-05,1.349704234598903e-05,1.349704234598903e-05
11_1404_53,2023-11-01,0.0,0.0,6.957228876073409e-25,64.91114807128906,490.71718659291105,1217.4926769694157,4052.9161438374567,6.950054398314729e-11,802.7537230944554,388.068363336689,2343.5261427668524,368.66494516985455,577.1161206523049,44.532854633000206,6.978519690395446e-11,-0.5695969,6.0525384,39.18193,492.112,-5.904689,6.3705635,-276.68314,-242.98457,171.8813,268.91083,7542.719,24.583069,-59.569214,1.349704234598903e-05,1.349704234598903e-05,1.349704234598903e-05
11_1404_53,2023-12-01,0.0,0.0,6.957228876073409e-25,-12.050756454467773,612.6119148326709,2953.6659045894985,6400.135968018448,6.950054398314729e-11,802.7537230944554,388.068363336689,2343.5261427668524,368.66494516985455,577.1161206523049,44.532854633000206,6.978519690395446e-11,-3.490329,-6.152581,40.506557,1804.4515,-6.4599686,-11.751762,-278.45538,-217.1248,239.27266,339.25467,12480.766,45.57373,-40.266968,1.349704234598903e-05,1.349704234598903e-05,1.349704234598903e-05
11_1404_53,2024-01-01,0.0,0.0,6.957228876073409e-25,9.04682445526123,690.3614290322334,3355.6091792900884,5923.560862101517,6.950054398314729e-11,802.7537230944554,388.068363336689,2343.5261427668524,368.66494516985455,577.1161206523049,44.532854633000206,6.978519690395446e-11,-3.1797314,-14.502887,39.776024,-1477.0366,-6.5713825,-13.527679,-324.27737,-237.29196,288.78717,389.69214,14319.881,33.188843,29.192749,1.349704234598903e-05,1.349704234598903e-05,1.349704234598903e-05
11_1405_53,2023-10-01,0.0,0.0,0.00020912343247315567,-534.4641723632812,1220.0485992462413,3106.182591217409,10643.007219375568,0.045209658849940104,3115.2764103000845,1494.4031134397692,8891.092436387444,1419.6829577677806,2225.147552089807,166.43993903249196,0.00020837826402422086,-1.7325696,-9.248075,104.93995,1178.8588,-26.731375,-30.312405,-1477.8455,-990.7033,685.7461,863.6741,11182.014,40.919678,-509.97412,5.3798565204488114e-05,5.3798565204488114e-05,5.3798565204488114e-05
11_1405_53,2023-11-01,0.0,0.0,0.00020912343247315567,195.14544677734375,1989.9555956877618,7406.727016965815,15481.138944077062,0.08707466667798763,3115.2764103000845,1494.4031134397692,8891.092436387444,1419.6829577677806,2225.147552089807,166.43993903249196,0.00020837826402422086,2.2324545,24.483318,143.86438,1430.5054,-36.32489,-86.13459,-1401.914,-1248.9532,826.2987,1380.2891,29006.258,94.05615,-773.48975,5.3798565204488114e-05,5.3798565204488114e-05,5.3798565204488114e-05
11_1405_53,2023-12-01,0.0,0.0,0.00020912343247315567,-101.85820770263672,2475.80245747328,10900.732874781308,21116.487401765116,0.12893967450603516,3115.2764103000845,1494.4031134397692,8891.092436387444,1419.6829577677806,2225.147552089807,166.43993903249196,0.00020837826402422086,-6.3609037,-8.964685,148.75075,7552.809,-37.38708,-44.441017,-981.5065,-844.86285,820.3663,911.29034,47936.383,174.36743,-774.104,5.3798565204488114e-05,5.3798565204488114e-05,5.3798565204488114e-05
11_1405_53,2024-01-01,0.0,0.0,0.00020912343247315567,22.48251724243164,2782.394259077678,10481.378490678742,17764.71325424441,0.1708046823340827,3115.2764103000845,1494.4031134397692,8891.092436387444,1419.6829577677806,2225.147552089807,166.43993903249196,0.00020837826402422086,-11.35397,-30.770548,146.14444,-4717.5244,-34.516773,-28.572636,-1051.899,-923.9708,664.71564,928.08673,55008.715,126.98218,-486.5337,5.3798565204488114e-05,5.3798565204488114e-05,5.3798565204488114e-05
11_1408_53,2023-10-01,0.0,0.0,3.648369620674094e-23,-12566.390625,16541.32843257767,56272.874262405545,177677.9937838345,3.6425080422796515e-09,46309.01764205434,23060.870558908417,130035.00150157565,21907.827030962995,32898.35008613071,2371.8315265989845,6.215265093265764e-08,-51.12164,-105.24771,1560.5978,16794.7,-528.1168,-90.847046,-23138.514,-12449.327,17100.572,24100.223,153555.33,560.85156,-10874.297,0.0008250654791481793,0.0008250654791481793,0.0008250654791481793
11_1408_53,2023-11-01,0.0,0.0,3.648369620674094e-23,381.4703674316406,27604.850698668015,109637.1846859791,241807.6769186239,3.6425080422796515e-09,46309.01764205434,23060.870558908417,130035.00150157565,21907.827030962995,32898.35008613071,2371.8315265989845,6.215265093265764e-08,39.306885,252.25351,2127.5103,14284.093,-725.8097,10.152069,-17346.553,-12818.149,11734.197,18650.598,398225.78,1289.1445,-15767.125,0.0008250654791481793,0.0008250654791481793,0.0008250654791481793
11_1408_53,2023-12-01,0.0,0.0,3.648369620674094e-23,-9454.087890625,35004.59041311625,165124.17120627064,314836.21691423724,3.6425080422796515e-09,46309.01764205434,23060.870558908417,130035.00150157565,21907.827030962995,32898.35008613071,2371.8315265989845,6.215265093265764e-08,-28.675564,-178.77075,2203.5457,106123.63,-741.11005,-350.35443,-14298.491,-13369.232,13077.972,24030.477,657850.0,2389.8984,-16894.508,0.0008250654791481793,0.0008250654791481793,0.0008250654791481793
11_1408_53,2024-01-01,0.0,0.0,3.648369620674094e-23,-1601.509765625,39953.8413410427,147772.51042799273,249536.74653363897,3.6425080422796515e-09,46309.01764205434,23060.870558908417,130035.00150157565,21907.827030962995,32898.35008613071,2371.8315265989845,6.215265093265764e-08,-69.858765,-458.6593,2170.7808,-60127.645,-664.8757,-2769.628,-20481.22,-16893.861,8301.392,13677.317,754944.9,1740.4336,-12796.5,0.0008250654791481793,0.0008250654791481793,0.0008250654791481793
11_1408_75,2023-10-01,0.0,0.0,0.006587376744166554,-178.44772338867188,730.5124014518994,1344.2453656576338,6466.907005964153,0.006534787655511513,1710.8111425835773,819.8745234730037,4912.725629811989,778.8807972993535,1224.1447295063776,93.06356877662111,0.006523089539636949,0.8616317,-5.1159534,58.335194,593.74426,-13.917624,-10.95722,-654.9388,-491.36548,432.75192,648.066,6414.754,23.510254,-150.16577,2.930579830717761e-05,2.930579830717761e-05,2.930579830717761e-05
11_1408_75,2023-11-01,0.0,0.0,0.006587376744166554,142.98599243164062,1169.8235284351297,3404.332598643405,8702.677690893923,0.006534787655511513,1710.8111425835773,819.8745234730037,4912.725629811989,778.8807972993535,1224.1447295063776,93.06356877662111,0.006523089539636949,1.78551,14.693968,79.88897,904.2896,-19.06061,3.770853,-597.00104,-383.1939,591.6789,978.11053,16643.229,54.03955,-255.58447,2.930579830717761e-05,2.930579830717761e-05,2.930579830717761e-05
11_1408_75,2023-12-01,0.0,0.0,0.006587376744166554,18.247325897216797,1434.0137953049298,5328.618344867499,11245.072341802452,0.006534787655511513,1710.8111425835773,819.8745234730037,4912.725629811989,778.8807972993535,1224.1447295063776,93.06356877662111,0.006523089539636949,-3.9097402,-5.4173174,82.61354,4082.6086,-19.970749,-43.206768,-1048.878,-672.6601,438.34512,540.2275,27513.896,100.18213,-212.9148,2.930579830717761e-05,2.930579830717761e-05,2.930579830717761e-05
11_1408_75,2024-01-01,0.0,0.0,0.006587376744166554,54.64482498168945,1592.890939136983,5586.015147282111,10006.156620109909,0.006534787655511513,1710.8111425835773,819.8745234730037,4912.725629811989,778.8807972993535,1224.1447295063776,93.06356877662111,0.006523089539636949,-6.949418,-17.456657,81.19801,-2615.5208,-18.876486,-2.582285,-669.2568,-494.6066,467.0862,675.95215,31571.887,72.95715,-36.965576,2.930579830717761e-05,2.930579830717761e-05,2.930579830717761e-05
11_1409_53,2023-10-01,0.0,0.0,8.243874193511289e-24,-1825.9725341796875,3556.9908983035684,1796.1453669842303,27429.325593431313,8.229939425929148e-10,9326.776817590775,4425.189313278785,27183.293048328298,4203.929847614846,6704.285367276252,517.9312577015648,8.26364354301415e-10,10.353547,-43.419014,333.5282,4056.321,-50.746777,-114.420586,-4719.726,-3544.3535,3287.5366,5603.9175,34679.574,126.73047,-811.0918,0.00015612093557137996,0.00015612093557137996,0.00015612093557137996
11_1409_53,2023-11-01,0.0,0.0,8.243874193511289e-24,790.5181274414062,5793.761263346816,19183.00962142359,51533.08589167068,8.229939425929148e-10,9326.776817590775,4425.189313278785,27183.293048328298,4203.929847614846,6704.285367276252,517.9312577015648,8.26364354301415e-10,0.047449294,71.4586,458.22855,6018.267,-68.29376,-124.94923,-5528.153,-3678.5522,2385.9805,3423.7373,89942.95,291.2959,-1308.0273,0.00015612093557137996,0.00015612093557137996,0.00015612093557137996
11_1409_53,2023-12-01,0.0,0.0,8.243874193511289e-24,-51.11894989013672,7200.327040144795,35488.99049600297,72704.32870182762,8.229939425929148e-10,9326.776817590775,4425.189313278785,27183.293048328298,4203.929847614846,6704.285367276252,517.9312577015648,8.26364354301415e-10,-42.40109,-60.801357,474.83545,23154.57,-72.72193,-350.4995,-4959.0796,-3265.642,2167.9631,3623.0706,148597.7,540.02344,-1239.8809,0.00015612093557137996,0.00015612093557137996,0.00015612093557137996
11_1409_53,2024-01-01,0.0,0.0,8.243874193511289e-24,177.39874267578125,8084.8287822004895,36719.07428608308,63126.7974629588,8.229939425929148e-10,9326.776817590775,4425.189313278785,27183.293048328298,4203.929847614846,6704.285367276252,517.9312577015648,8.26364354301415e-10,-42.290264,-155.26222,467.24835,-17401.275,-72.438324,194.51337,-5626.5923,-3520.2334,2456.3508,3200.8926,170527.56,393.26953,-457.85352,0.00015612093557137996,0.00015612093557137996,0.00015612093557137996
11_1411_53,2023-10-01,0.0,0.0,0.3288849458255185,99.49983215332031,861.0649926181695,1033.7871295220048,5351.600698940764,0.32089119709721037,1768.8915374799044,833.1013645511697,5169.548831510447,791.4462963236111,1272.4858848505446,100.80438316475063,0.32048304762835317,6.932528,-5.7095094,64.33725,540.48846,-10.855519,-1.0998878,-956.2904,-680.06354,477.59473,571.66187,7309.8447,26.779053,141.16333,2.924060208897572e-05,2.924060208897572e-05,2.924060208897572e-05
11_1411_53,2023-11-01,0.0,0.0,0.3288849458255185,267.51397705078125,1328.1081126986257,2410.72056780035,7991.599977991833,0.32089119709721037,1768.8915374799044,833.1013645511697,5169.548831510447,791.4462963236111,1272.4858848505446,100.80438316475063,0.32048304762835317,6.4694114,13.461803,87.891106,1370.0353,-15.206126,-10.699882,-682.8806,-497.3857,449.66873,518.72876,18964.488,61.55298,104.32471,2.924060208897572e-05,2.924060208897572e-05,2.924060208897572e-05
11_1411_53,2023-12-01,0.0,0.0,0.3288849458255185,185.96815490722656,1581.4330973217257,5083.060299233131,11697.401456196912,0.32089119709721037,1768.8915374799044,833.1013645511697,5169.548831510447,791.4462963236111,1272.4858848505446,100.80438316475063,0.32048304762835317,-2.861903,-8.443212,91.00169,4292.619,-16.804993,45.311478,-844.2328,-542.925,511.85297,905.9356,31348.383,114.111084,219.72095,2.924060208897572e-05,2.924060208897572e-05,2.924060208897572e-05
11_1411_53,2024-01-01,0.0,0.0,0.3288849458255185,171.39987182617188,1718.837000891141,5745.132781299142,11127.215097701672,0.32089119709721037,1768.8915374799044,833.1013645511697,5169.548831510447,791.4462963236111,1272.4858848505446,100.80438316475063,0.32048304762835317,-6.5869956,-26.90559,89.555046,-3176.56,-17.08456,47.308743,-594.28766,-371.7646,578.3667,1108.8733,35972.344,83.10083,430.15234,2.924060208897572e-05,2.924060208897572e-05,2.924060208897572e-05
11_1504_53,2023-10-01,388.4147349509015,7735.839972477458,9100.352974427367,8626.7060546875,7431.389460238273,638.2076422915475,1337.8982327566493,9135.914922800734,1194.3696325901756,816.3713711717261,1158.5980307499076,775.5528026131398,2138.163943115366,6436.377491628673,9094.154199995364,9207.177,9581.494,7512.0156,4396.498,5533.123,7320.7,-12813.213,-6544.872,22651.068,28217.75,10708.675,11985.955,11967.853,1.511195114289876e-05,689.97607421875,1.511195114289876e-05
11_1504_53,2023-11-01,0.0,6305.866416805933,9100.352974427367,8693.671875,5926.404185033011,383.1863336795733,1280.6264042621863,9325.40839394898,1194.3696325901756,816.3713711717261,1158.5980307499076,775.5528026131398,2138.163943115366,6436.377491628673,9094.154199995364,6573.2695,8709.715,5364.393,5293.3594,4002.9783,4543.3965,-5221.8257,-2817.4272,11280.344,13407.416,11489.578,7090.3115,16533.352,1.511195114289876e-05,364.81494140625,1.511195114289876e-05
11_1504_53,2023-12-01,0.0,5140.22412667182,9100.352974427367,8703.177734375,4826.203315809518,788.1791233222734,1327.93863798107,9514.901865097227,1194.3696325901756,816.3713711717261,1158.5980307499076,775.5528026131398,2138.163943115366,6436.377491628673,9094.154199995364,5909.9106,8411.577,4245.763,2686.0925,3078.6565,3178.3596,-2923.9634,-1099.8375,8478.409,11208.7,10263.067,806.3323,100.972046,1.511195114289876e-05,1.511195114289876e-05,1.511195114289876e-05
11_1504_53,2024-01-01,0.0,4190.051346790562,9100.352974427367,8759.1416015625,4021.915079517612,339.54962847641127,2047.2327012248013,9704.395336245474,1194.3696325901756,816.3713711717261,1158.5980307499076,775.5528026131398,2138.163943115366,6436.377491628673,9094.154199995364,5426.2476,7791.086,3281.2468,3134.7476,2446.7102,2307.5522,-826.4728,321.95905,3795.0024,4877.092,2004.7891,275.18762,-40.586304,1.511195114289876e-05,1.511195114289876e-05,1.511195114289876e-05
11_1505_53,2023-10-01,0.0,0.0,6.086566280855496e-23,-20133.564453125,31198.82136979582,99582.13296144397,303442.7915370399,8.676964455257087e-05,76480.64525388982,39565.7834027016,215026.2371270924,37587.49423256652,54304.13061516543,3916.5606275396203,8.684776838536978e-05,-67.88383,-146.92755,2503.7139,26852.727,-910.7581,3648.362,-20105.555,-15851.452,18184.19,26616.195,256191.81,935.66406,-17509.297,0.001367812743410468,0.001367812743410468,0.001367812743410468
11_1505_53,2023-11-01,0.0,0.0,6.086566280855496e-23,746.2817993164062,51749.70721905397,173313.59040728572,385138.037877989,8.676964455257087e-05,76480.64525388982,39565.7834027016,215026.2371270924,37587.49423256652,54304.13061516543,3916.5606275396203,8.684776838536978e-05,94.45965,418.98,3413.9446,24168.02,-1257.2328,-2451.8906,-34155.074,-23328.857,13945.873,18141.1,664394.75,2150.6797,-25316.297,0.001367812743410468,0.001367812743410468,0.001367812743410468
11_1505_53,2023-12-01,0.0,0.0,6.086566280855496e-23,-14011.86328125,65286.72210122876,254628.72266688253,487918.82318007067,8.676964455257087e-05,76480.64525388982,39565.7834027016,215026.2371270924,37587.49423256652,54304.13061516543,3916.5606275396203,8.684776838536978e-05,-38.46652,-273.56195,3526.6135,170369.67,-1290.3839,-5716.3594,-34134.305,-24562.643,19700.29,34118.258,1097534.5,3987.0703,-26605.406,0.001367812743410468,0.001367812743410468,0.001367812743410468
11_1505_53,2024-01-01,0.0,0.0,6.086566280855496e-23,-2880.997802734375,74203.65022123176,238607.5889244526,420219.82323692064,8.676964455257087e-05,76480.64525388982,39565.7834027016,215026.2371270924,37587.49423256652,54304.13061516543,3916.5606275396203,8.684776838536978e-05,-119.778435,-706.046,3465.2258,-93971.96,-1162.721,1622.6715,-33247.2,-19933.15,22993.814,36227.94,1259526.5,2903.5625,-19451.172,0.001367812743410468,0.001367812743410468,0.001367812743410468
12_1100_53,2023-10-01,0.0,0.0,0.0,0.0,0.0,0.0,0.0,0.0,0.0,0.0,0.0,0.0,0.0,0.0,0.0,0.006189222,0.0004245494,0.023450598,0.086388715,0.02192087,-0.026455909,-0.6157821,-0.46307594,0.50631857,0.98530287,0.1764431,0.00044253256,-0.05168097,1.3969838619232178e-08,1.3969838619232178e-08,1.3969838619232178e-08
12_1100_53,2023-11-01,525.9782869126791,0.0,0.0,0.0,0.0,0.0,0.0,0.0,0.0,0.0,0.0,0.0,0.0,0.0,0.0,0.01310945,0.0067549273,0.030348174,0.014837996,0.05280773,0.051341914,-0.856943,-0.6156596,0.60841626,0.74750465,-0.11338091,7.758526e-05,0.04123892,1.3969838619232178e-08,1.3969838619232178e-08,1.3969838619232178e-08
12_1100_53,2023-12-01,4320.2148181460225,0.0,0.0,0.0,0.0,0.0,0.0,0.0,0.0,0.0,0.0,0.0,0.0,0.0,0.0,0.0042362628,0.022851367,0.031172208,0.20647871,0.0910797,0.09822256,-0.96266913,-0.5517314,0.77037233,1.0089041,0.0664444,-0.0010665987,0.092415184,1.3969838619232178e-08,1.3969838619232178e-08,1.3969838619232178e-08
12_1100_53,2024-01-01,0.0,0.0,0.0,0.0,0.0,0.0,0.0,0.0,0.0,0.0,0.0,0.0,0.0,0.0,0.0,0.008740532,0.019834008,0.03055612,-0.20175557,0.13655055,0.0885984,-1.4407992,-1.2354013,0.8028102,1.0796722,0.48626935,-0.0018739337,0.09647331,1.3969838619232178e-08,1.3969838619232178e-08,1.3969838619232178e-08
13_1000_19,2023-10-01,86301239.68390469,62477150.28187863,62481579.13291201,68892040.0,58530596.09236875,74594696.12421209,56258460.0178011,66450853.93477736,53620040.55829274,6226238.995934517,42771053.5561973,5914927.046137791,62974891.73040965,78862950.16297327,62920249.6924008,61818750.0,57218860.0,14736157.0,56840860.0,3381681.5,1980065.6,-20647318.0,-13577102.0,17331254.0,21906714.0,62136764.0,46515810.0,40113056.0,58406924.0,37643768.0,675224.875
13_1000_19,2023-11-01,73626312.02956669,62477150.28187863,62481579.13291201,66051076.0,54978832.87230925,76001957.88963999,54832681.53841084,69946421.91924274,53620040.55829274,6226238.995934517,42771053.5561973,5914927.046137791,62974891.73040965,78862950.16297327,62920249.6924008,60998148.0,57442510.0,14741468.0,38081424.0,2514538.2,1745983.2,-12777410.0,-8997795.0,11705650.0,18734562.0,69436220.0,20727028.0,19542894.0,37981380.0,14517328.0,0.3216577470302582
13_1000_19,2023-12-01,19959627.127070323,62477150.28187863,62481579.13291201,63344808.0,51782367.965049446,67765397.31235267,55748717.40033551,73441989.90370812,53620040.55829274,6226238.995934517,42771053.5561973,5914927.046137791,62974891.73040965,78862950.16297327,62920249.6924008,61015600.0,52568028.0,14744473.0,27430038.0,2281587.8,2746366.0,-7682693.0,-4016512.8,8032404.0,10681011.0,64365820.0,7589972.0,14353364.0,19581514.0,1350449.5,0.3216577470302582
13_1000_19,2024-01-01,518600.2051649775,62477150.28187863,62481579.13291201,60736108.0,48905659.336040035,83528186.59603134,84963581.58098055,76937557.8881735,53620040.55829274,6226238.995934517,42771053.5561973,5914927.046137791,62974891.73040965,78862950.16297327,62920249.6924008,61431284.0,43755610.0,14709754.0,52341524.0,2257168.0,1865829.2,-6424682.0,-5176590.5,7800792.0,9132221.0,31017600.0,5264528.0,12461662.0,5739409.0,0.3216577470302582,0.3216577470302582
13_1000_53,2023-10-01,1665406079.330485,1586714129.7608025,1586709396.2030656,1574514176.0,1466512289.5999267,1507438399.6735017,902710884.3617028,1667948339.3003356,888880925.0276148,165964584.58732474,1081525570.7419198,157666355.3579585,1081185311.893597,1500418855.5523505,1586235874.9314966,1616949600.0,1630171300.0,279829700.0,1015056830.0,62712850.0,62312850.0,-399745180.0,-214842200.0,327620030.0,469309200.0,1762403600.0,1501247500.0,1796988700.0,1556404352.0,1636631296.0,1633957120.0
13_1000_53,2023-11-01,1665453291.5011618,1586714129.7608025,1586709396.2030656,1574428800.0,1358134582.647194,1598583600.3373055,896679695.4404957,1746620543.7400155,888880925.0276148,165964584.58732474,1081525570.7419198,157666355.3579585,1081185311.893597,1500418855.5523505,1586235874.9314966,1448837500.0,1495214600.0,279948960.0,745162800.0,46895830.0,66764656.0,-185468080.0,-148792460.0,212750240.0,266417600.0,1849768000.0,886460900.0,1030106750.0,1583146624.0,1641979776.0,1684767488.0
13_1000_53,2023-12-01,31452034.212823953,1586714129.7608025,1586709396.2030656,1574431360.0,1260417880.9010959,1521918033.1543922,952707843.1566222,1825292748.1796954,888880925.0276148,165964584.58732474,1081525570.7419198,157666355.3579585,1081185311.893597,1500418855.5523505,1586235874.9314966,1365975200.0,1266834400.0,279560450.0,522095740.0,40414784.0,36104280.0,-169011730.0,-104242120.0,129194520.0,151990560.0,1400839400.0,454370600.0,516235520.0,1591169408.0,1564427008.0,1706161280.0
13_1000_53,2024-01-01,12040949.39162077,1586714129.7608025,1586709396.2030656,1574363520.0,1172313472.0829582,1599368734.017111,1343231802.6466532,1903964952.6193752,888880925.0276148,165964584.58732474,1081525570.7419198,157666355.3579585,1081185311.893597,1500418855.5523505,1586235874.9314966,1206854800.0,912109200.0,278518050.0,933694800.0,38214496.0,20544272.0,-132068220.0,-67894056.0,163429500.0,206336270.0,74502270.0,267911740.0,447995840.0,1612563200.0,1529661824.0,1730229632.0
13_1000_59,2023-10-01,148732544.43954456,104959364.55924189,104968936.31461757,100413752.0,97350716.31873375,130869544.72939754,111991853.65439579,111858542.54588947,97439628.34208527,11421880.188126465,76786122.92260537,10850786.17872014,113619216.44308199,139780981.02613056,105915323.62011845,104766584.0,96121420.0,52117984.0,98281240.0,12138524.0,14779124.0,-40763844.0,-19546186.0,68137890.0,94089500.0,101885176.0,97481784.0,51457176.0,94899744.0,62336108.0,72570392.0
13_1000_59,2023-11-01,139413023.78746545,104959364.55924189,104968936.31461757,93338584.0,90666001.98382597,134251587.81977516,113284719.9296437,117742695.94544934,97439628.34208527,11421880.188126465,76786122.92260537,10850786.17872014,113619216.44308199,139780981.02613056,105915323.62011845,103227980.0,97014104.0,52117544.0,66594676.0,8582014.0,6149876.0,-27719522.0,-23144238.0,29526866.0,39542892.0,119665580.0,74305250.0,18399316.0,66988056.0,9614027.0,36285196.0
13_1000_59,2023-12-01,25615413.204210483,104959364.55924189,104968936.31461757,77357912.0,84793026.3478361,117311957.92304663,107779051.1545485,123626849.3450092,97439628.34208527,11421880.188126465,76786122.92260537,10850786.17872014,113619216.44308199,139780981.02613056,105915323.62011845,104573350.0,90224216.0,51970670.0,53274330.0,7983858.0,5627137.5,-20835510.0,-15457407.0,31198122.0,43349700.0,115817540.0,50118050.0,18827456.0,35975068.0,3721559.25,0.5909481644630432
13_1000_59,2024-01-01,833453.5050354555,104959364.55924189,104968936.31461757,70026456.0,79633218.30027106,148824013.0877015,155135986.56062838,129511002.74456905,97439628.34208527,11421880.188126465,76786122.92260537,10850786.17872014,113619216.44308199,139780981.02613056,105915323.62011845,108260424.0,78871180.0,51613788.0,95683250.0,7839796.5,8612132.0,-13424844.0,-8269636.0,32475918.0,56859748.0,67701940.0,40057050.0,18994828.0,3101299.25,620260.375,0.5909481644630432
13_1000_76,2023-10-01,229851927.85963017,1040794080.6667578,948742055.5760672,857844416.0,840037405.2642344,1083787249.1248002,1418534536.6933856,974327238.5782583,567497701.7899214,593114263.7822759,609621796.8294852,563458550.5931621,570696031.7141273,644956576.3996596,944044639.0214633,1019456700.0,922997300.0,821259000.0,691668350.0,964199500.0,903640600.0,-1566662100.0,-883791170.0,3296908000.0,4104454700.0,1258664100.0,485706300.0,507756030.0,774573952.0,979608256.0,1135282432.0
13_1000_76,2023-11-01,229851927.85963017,908571351.8705231,948742055.5760672,815381184.0,758733471.6905144,1510376060.9268932,1804705622.2091932,1004304256.5205948,567497701.7899214,593114263.7822759,609621796.8294852,563458550.5931621,570696031.7141273,644956576.3996596,944044639.0214633,1026687400.0,911214140.0,512112260.0,670661600.0,894079500.0,1081232500.0,-1976585600.0,-1639733200.0,3204844800.0,4275070200.0,887384960.0,479275330.0,411204960.0,7.234999179840088,979608256.0,7.234999179840088
13_1000_76,2023-12-01,0.0,707743224.5527378,948742055.5760672,834164864.0,697949844.8543444,1684543276.5164466,1994119022.5544257,1034281274.4629314,567497701.7899214,593114263.7822759,609621796.8294852,563458550.5931621,570696031.7141273,644956576.3996596,944044639.0214633,902661500.0,914171600.0,352206800.0,837758300.0,848353900.0,599909400.0,-1453321300.0,-843740860.0,2384875300.0,3674015200.0,915619260.0,295037860.0,466318370.0,7.234999179840088,979608256.0,7.234999179840088
13_1000_76,2024-01-01,0.0,540805494.9798385,948742055.5760672,804702784.0,652507402.7859203,1749684875.9132047,2004354563.2767935,1064258292.405268,567497701.7899214,593114263.7822759,609621796.8294852,563458550.5931621,570696031.7141273,644956576.3996596,944044639.0214633,857390600.0,909779460.0,290795360.0,-95176770.0,830368800.0,838349950.0,-1232161000.0,-698708600.0,2574589700.0,3808092200.0,828087230.0,217800740.0,512734600.0,7.234999179840088,979608256.0,7.234999179840088
13_1000_79,2023-10-01,91580464.86837542,416792992.591364,382941213.1960212,347035520.0,337864804.60451543,431954021.61741376,555392162.8458357,393171523.818635,228759080.18270242,241038641.6072727,246291383.42359468,228986709.52690905,230166129.28561845,260239906.07677698,381046646.16571873,411686980.0,370250850.0,330794720.0,277497100.0,389064400.0,391202800.0,-918976400.0,-520918750.0,1309480400.0,1477413400.0,509782460.0,199967100.0,207792740.0,2.915065288543701,455888672.0,457418496.0
13_1000_79,2023-11-01,91580464.86837542,360938126.95588446,382941213.1960212,327626752.0,304437157.0614823,596905926.3736205,710448458.9944744,405174041.2073339,228759080.18270242,241038641.6072727,246291383.42359468,228986709.52690905,230166129.28561845,260239906.07677698,381046646.16571873,413460220.0,364811700.0,206065280.0,274364930.0,360401200.0,356979500.0,-717995840.0,-482341760.0,1247026800.0,2166710500.0,357844580.0,197622500.0,168769330.0,2.915065288543701,517081760.0,503313312.0
13_1000_79,2023-12-01,0.0,279928652.9767431,382941213.1960212,336194592.0,279658423.2296402,674241169.4742649,781124802.1270256,417176558.59603286,228759080.18270242,241038641.6072727,246291383.42359468,228986709.52690905,230166129.28561845,260239906.07677698,381046646.16571873,362731900.0,365905280.0,141953980.0,336428030.0,341178660.0,248202370.0,-897792000.0,-457884130.0,1259743400.0,1730442200.0,368843600.0,124488110.0,190360290.0,4589486.0,552267840.0,532380032.0
13_1000_79,2024-01-01,0.0,214690742.60802683,382941213.1960212,322770368.0,261290823.48996782,703329405.2121618,816679096.5277793,429179075.98473185,228759080.18270242,241038641.6072727,246291383.42359468,228986709.52690905,230166129.28561845,260239906.07677698,381046646.16571873,344202700.0,363941400.0,117409200.0,-42247120.0,333075260.0,323775740.0,-552543740.0,-322950300.0,1255697500.0,1527413400.0,332640540.0,92440820.0,210241010.0,2.915065288543701,541558976.0,572155584.0
13_1000_82,2023-10-01,32943425.415430743,-42891621.67624513,93986746.08141616,-36319444.0,30535090.575739942,6539046.205643132,77884006.0688871,13477504.74930256,44402003.40813302,45126615.10188511,53787071.370339274,42870284.34679085,75119373.2912439,66316192.03554397,13477797.105862329,11820368.0,9755565.0,13447868.0,27831986.0,13809536.0,14349332.0,-12828340.0,-2195856.5,28817550.0,32025782.0,33894950.0,12862504.0,148431220.0,708648576.0,63037168.0,32211300.0
13_1000_82,2023-11-01,52909137.70668196,0.0,93986746.08141616,30657.353515625,39096210.476634175,25665595.260873675,101330441.9382299,13477504.74930256,44402003.40813302,45126615.10188511,53787071.370339274,42870284.34679085,75119373.2912439,66316192.03554397,13477797.105862329,17681138.0,11635224.0,13153662.0,-21378872.0,13619739.0,14581114.0,-10094709.0,-978063.06,23335634.0,26993672.0,73253400.0,15121616.0,-192222270.0,63037168.0,12815249.0,0.6599804162979126
13_1000_82,2023-12-01,0.0,0.0,93986746.08141616,-9611.94921875,43270682.10029762,12253458.85993883,103903664.52802181,13477504.74930256,44402003.40813302,45126615.10188511,53787071.370339274,42870284.34679085,75119373.2912439,66316192.03554397,13477797.105862329,14427853.0,9346585.0,12387545.0,29195810.0,13026422.0,12492397.0,-12124391.0,-1518532.2,28596138.0,37704228.0,51870360.0,17154080.0,-232151710.0,31518584.0,12815249.0,32211300.0
13_1000_82,2024-01-01,0.0,0.0,93986746.08141616,-2843.65380859375,45306188.38201096,24853574.98219087,149364063.29433465,13477504.74930256,44402003.40813302,45126615.10188511,53787071.370339274,42870284.34679085,75119373.2912439,66316192.03554397,13477797.105862329,6199721.5,7116340.5,11623526.0,45576176.0,12081205.0,11406516.0,-5354548.0,356145.1,22961500.0,26297862.0,-126145170.0,17829080.0,-128722400.0,32211300.0,32211300.0,0.6599804162979126
13_1203_53,2023-10-01,1618.3947289620896,548.0451889613668,2120.965444945739,755.3593139648438,1437.96531465303,-485.73295226956316,3732.592743729448,962.7863725179243,1268.6801706910478,615.1391018066854,1203.00913120558,584.3821467163511,1456.591150746082,885.1228359452427,893.8863056504246,1103.1484,1046.809,1024.5151,418.91098,949.1499,937.4376,-113.92251,282.1423,1503.8754,1684.9601,5026.2007,1094.9827,511.7588,2.5386356355738826e-05,2.5386356355738826e-05,1079.1446533203125
13_1203_53,2023-11-01,2157.8596386161194,278.38096952063404,2120.965444945739,307.5198669433594,1597.490363066179,-570.6668766665211,3548.559312895834,1012.6037951052598,1268.6801706910478,615.1391018066854,1203.00913120558,584.3821467163511,1456.591150746082,885.1228359452427,893.8863056504246,1003.9213,1030.3839,904.1774,1877.9778,801.22205,787.25183,-2.570672,247.47037,1226.8824,1397.0619,-527.19385,1115.8704,254.89575,2.5386356355738826e-05,2.5386356355738826e-05,2158.289306640625
13_1203_53,2023-12-01,2697.3245482701495,141.4043326210297,2120.965444945739,265.6070861816406,1668.3698203932777,-153.26898833839732,3616.1645546426885,1062.4212176925953,1268.6801706910478,615.1391018066854,1203.00913120558,584.3821467163511,1456.591150746082,885.1228359452427,893.8863056504246,1026.0289,999.3464,803.27014,-1186.5917,630.9663,551.0736,-330.0623,-89.21755,1074.9948,1201.463,-98.47974,1201.2158,23.485107,2.5386356355738826e-05,2.5386356355738826e-05,2.5386356355738826e-05
13_1203_53,2024-01-01,0.0,71.82669605048822,2120.965444945739,208.81607055664062,1699.8626644385133,4461.798525223969,8249.57907820864,1112.238640279931,1268.6801706910478,615.1391018066854,1203.00913120558,584.3821467163511,1456.591150746082,885.1228359452427,893.8863056504246,1067.7834,1019.8544,708.0162,-5429.9995,471.08594,402.6989,-393.61984,-237.07582,991.03143,1165.7745,-1813.4868,1048.7393,-41.553467,2.5386356355738826e-05,2.5386356355738826e-05,2.5386356355738826e-05
13_1211_53,2023-10-01,0.0,0.0,0.010077397336019327,4.637790203094482,2537.876448139992,2966.244960018081,-11758.875571653203,18.33500631348584,1842.9614060262804,16470.642918829257,9882.501974805082,15647.110772887792,951.109357302186,0.21788995603244282,0.006391443424982771,-0.17489687,-0.12811905,1.7360114,-12.906985,0.08709033,0.13926764,-23.305075,-14.93614,13.142321,15.860162,0.1764431,0.00044253256,-0.05168097,7.614530477439985e-05,7.614530477439985e-05,7.614530477439985e-05
13_1211_53,2023-11-01,0.0,0.0,0.010077397336019327,3.229264736175537,4033.3784771213313,3518.3216938793876,-14455.44435055476,18.33500631348584,1842.9614060262804,16470.642918829257,9882.501974805082,15647.110772887792,951.109357302186,0.21788995603244282,0.006391443424982771,-0.26314738,-0.4936603,2.3103611,-26.224314,0.20402639,-0.23883712,-16.714796,-13.153487,13.416711,22.566717,-0.11338091,7.758526e-05,0.04123892,7.614530477439985e-05,7.614530477439985e-05,7.614530477439985e-05
13_1211_53,2023-12-01,0.0,0.0,0.010077397336019327,3.1866626739501953,4914.637421120142,2400.5241480138684,-15117.166352448105,18.33500631348584,1842.9614060262804,16470.642918829257,9882.501974805082,15647.110772887792,951.109357302186,0.21788995603244282,0.006391443424982771,-0.8331352,-0.29645947,2.39089,-8.737701,0.29916692,0.44471452,-21.056314,-16.172894,11.805739,18.177195,0.0664444,-0.0010665987,0.092415184,7.614530477439985e-05,7.614530477439985e-05,7.614530477439985e-05
13_1211_53,2024-01-01,0.0,0.0,0.010077397336019327,2.753800630569458,5433.9395092001505,5713.344162504351,-7533.406137755723,18.33500631348584,1842.9614060262804,16470.642918829257,9882.501974805082,15647.110772887792,951.109357302186,0.21788995603244282,0.006391443424982771,-0.3688301,-0.32728297,2.3524804,60.370747,0.3403532,2.4578404,-17.490236,-13.002538,15.666764,22.070839,0.48626935,-0.0018739337,0.09647331,7.614530477439985e-05,7.614530477439985e-05,7.614530477439985e-05
13_1303_53,2023-10-01,0.0,0.0,-917.5875648552133,233.44696044921875,1032.1833140262984,524.7139604577778,-2490.963076303012,-226.90509658854364,84.80857562331056,6261.489401950802,1465.7073403972058,5948.414931853262,52.34482571033523,0.2719028484200342,4.542132443512486e-08,-1.8689392,-2.5141673,12.520789,-184.53558,0.26737213,-10.155666,-144.06924,-121.49625,74.13911,118.79675,-15.982182,0.024504662,-0.124629736,1.382839855068596e-05,1.382839855068596e-05,1.382839855068596e-05
13_1303_53,2023-11-01,0.0,0.0,-936.6881703322376,243.2473907470703,858.1679573699428,1190.3536786765956,-3746.3907063654096,-272.902678549102,84.80857562331056,6261.489401950802,1465.7073403972058,5948.414931853262,52.34482571033523,0.2719028484200342,4.542132443512486e-08,1.5158155,-1.2574556,16.656973,319.98038,-0.283158,-6.272153,-136.69589,-101.592606,62.251705,75.10309,-9.565565,0.053467035,-0.28914905,1.382839855068596e-05,1.382839855068596e-05,1.382839855068596e-05
13_1303_53,2023-12-01,0.0,0.0,-951.9687111316464,232.9620361328125,887.5051341492481,877.7098117011849,-2842.0835755094377,-318.9002605096604,84.80857562331056,6261.489401950802,1465.7073403972058,5948.414931853262,52.34482571033523,0.2719028484200342,4.542132443512486e-08,0.042045888,-2.7874749,17.235922,82.23417,-1.6334077,-1.5456651,-120.163025,-77.25686,65.683365,153.64603,-12.228291,0.12650394,-0.34820485,1.382839855068596e-05,1.382839855068596e-05,1.382839855068596e-05
13_1303_53,2024-01-01,0.0,0.0,-964.1931889055714,224.9253692626953,882.5591916880901,7146.775047930032,5270.864076546823,-364.8978424702188,84.80857562331056,6261.489401950802,1465.7073403972058,5948.414931853262,52.34482571033523,0.2719028484200342,4.542132443512486e-08,-1.5541656,-3.504339,16.958258,323.28802,-3.7627892,2.3616426,-179.4355,-122.21369,85.7186,122.85323,-2.3243732,-0.009889841,-0.37664962,1.382839855068596e-05,1.382839855068596e-05,1.382839855068596e-05
13_1305_53,2023-10-01,0.0,5750.668913331824,3776.0277847636457,3224.73681640625,3614.9728746003307,2556.7144204138253,843.8845001218024,3846.381441348808,589.0867376201847,114.16088518093669,516.9178371041673,108.45284092188984,1036.4456907992878,2442.764544027154,3753.5079923010535,3972.0474,3962.2288,2561.148,1677.7197,1998.5891,1699.1234,-4696.164,-2554.6968,6788.0903,7938.948,4320.613,4709.8545,2568.1282,1511.081787109375,754.0907592773438,5934.1142578125
13_1305_53,2023-11-01,0.0,7471.2066115481675,3776.0277847636457,2793.403564453125,3464.043106278378,2530.22836545702,929.6002882299181,3938.580898625913,589.0867376201847,114.16088518093669,516.9178371041673,108.45284092188984,1036.4456907992878,2442.764544027154,3753.5079923010535,1846.3187,2051.075,1675.2247,1712.6694,1426.1263,1323.1909,-2166.7542,-755.3151,3935.4895,5298.289,4715.289,5593.0674,2559.076,1511.081787109375,754.0907592773438,3523.923828125
13_1305_53,2023-12-01,0.0,8970.511799179721,3776.0277847636457,2865.935302734375,3322.8006453790194,2528.7137150297,908.0827318348767,4030.7803559030185,589.0867376201847,114.16088518093669,516.9178371041673,108.45284092188984,1036.4456907992878,2442.764544027154,3753.5079923010535,1406.8029,1391.6558,1302.7533,1041.6005,1100.308,1117.6171,-2345.863,-463.5052,2265.2766,2536.046,4011.6882,4445.718,722.8784,1511.081787109375,1508.1815185546875,5.526574568648357e-06
13_1305_53,2024-01-01,0.0,10277.031294793953,3776.0277847636457,2571.82861328125,3190.6237197618525,2458.7793575400487,1396.1510941509537,4122.9798131801235,589.0867376201847,114.16088518093669,516.9178371041673,108.45284092188984,1036.4456907992878,2442.764544027154,3753.5079923010535,1262.9619,1064.5635,1026.648,889.4699,880.5379,779.05347,-479.80966,-334.49823,2050.0923,2302.795,283.43457,1568.8203,606.5271,1511.081787109375,754.0907592773438,5.526574568648357e-06
13_1404_53,2023-10-01,24529.469441968737,18511.738374778033,9124.557126978081,15498.6591796875,12367.343587572472,15906.269854365491,13985.112065396326,11247.927278501496,9297.832307867175,4296.486869646618,8370.385098650124,4081.662526164287,9297.832307867175,11410.122607981883,9342.766486561835,19566.633,17802.584,12891.083,7058.9893,14370.479,13699.166,-38631.305,-13555.675,40488.703,52823.2,20368.193,5988.5728,13779.642,8.301763591589406e-05,8.301763591589406e-05,8.301763591589406e-05
13_1404_53,2023-11-01,27599.02477790017,18511.738374778033,9124.557126978081,8411.900390625,9296.90658987042,18428.716325529327,16506.077933309454,11735.716747609593,9297.832307867175,4296.486869646618,8370.385098650124,4081.662526164287,9297.832307867175,11410.122607981883,9342.766486561835,12522.173,11883.176,9386.022,9010.866,12908.086,7282.1855,-23758.406,-13782.588,39378.65,55879.777,22490.969,-2860.8955,11175.686,1350.5986328125,8.301763591589406e-05,8.301763591589406e-05
13_1404_53,2023-12-01,0.0,18511.738374778033,9124.557126978081,10249.2578125,7762.567784608657,21805.808347580863,20325.02485190994,12223.506216717691,9297.832307867175,4296.486869646618,8370.385098650124,4081.662526164287,9297.832307867175,11410.122607981883,9342.766486561835,9581.1,9673.679,7932.3584,10596.276,11968.827,12677.422,-8237.402,-3706.2212,29751.697,34290.125,19767.578,-2814.1904,28608.648,8.301763591589406e-05,8.301763591589406e-05,8.301763591589406e-05
13_1404_53,2024-01-01,0.0,18511.738374778033,9124.557126978081,7667.80859375,6995.8379767363585,11787.280809395495,9967.373408826781,12711.29568582579,9297.832307867175,4296.486869646618,8370.385098650124,4081.662526164287,9297.832307867175,11410.122607981883,9342.766486561835,7504.3877,10217.182,7129.9224,4580.888,11206.387,11176.881,-7150.7837,-3215.1707,20964.824,25457.256,4560.375,-2909.6572,21889.777,8.301763591589406e-05,8.301763591589406e-05,8.301763591589406e-05
13_1408_53,2023-10-01,0.0,44.832015410951136,168.57607956833664,97.59397888183594,97.07785379439913,143.70102187237245,196.310354228991,273.85275280322935,115.4223230568131,29.499437846004042,55.43836072685123,28.02446595370384,102.63236487021075,95.4810744391566,169.0018694072584,91.711945,91.28681,82.27413,-101.77379,86.48781,83.7152,38.91615,46.68589,126.904724,143.79617,276.137,98.76813,28.227524,1.4659776752523612e-06,1.4659776752523612e-06,1.4659776752523612e-06
13_1408_53,2023-11-01,0.0,21.916157046812287,168.57607956833664,34.66571807861328,99.36197998387587,142.6140579628769,197.89999838133627,289.9911151309325,115.4223230568131,29.499437846004042,55.43836072685123,28.02446595370384,102.63236487021075,95.4810744391566,169.0018694072584,60.561417,85.634315,63.637558,-66.36287,80.81486,73.82921,15.488924,39.521095,118.6171,127.48604,588.50494,100.99072,22.89116,1.4659776752523612e-06,1.4659776752523612e-06,1.4659776752523612e-06
13_1408_53,2023-12-01,0.0,10.713726235542211,168.57607956833664,31.494115829467773,100.33374533870818,75.1952646243262,193.98014970259612,306.1294774586356,115.4223230568131,29.499437846004042,55.43836072685123,28.02446595370384,102.63236487021075,95.4810744391566,169.0018694072584,52.1143,79.18295,51.74262,38.414356,70.28646,66.504074,22.446823,26.077618,110.85303,118.263855,1015.6628,102.14905,10.5728,1.4659776752523612e-06,1.4659776752523612e-06,1.4659776752523612e-06
13_1408_53,2024-01-01,0.0,5.2374113584316015,168.57607956833664,24.916898727416992,100.74717604547168,211.3832179594308,324.1866598536354,322.26783978633864,115.4223230568131,29.499437846004042,55.43836072685123,28.02446595370384,102.63236487021075,95.4810744391566,169.0018694072584,49.50835,75.30364,41.150616,-35.02591,58.533978,64.246826,25.917707,31.29096,102.57953,122.63377,975.1757,91.852585,4.4527435,1.4659776752523612e-06,1.4659776752523612e-06,1.4659776752523612e-06
13_1501_53,2023-10-01,472.93090413003284,10685.386975959138,10825.123142160017,8636.33984375,7399.601314438637,20331.180930779232,17723.65041769289,21121.056225951754,12544.38484275232,10559.395273008618,20274.44066121509,10031.425509358187,13457.771415206318,7166.162335910176,14664.343611230403,-79.80967,-44.49888,259.5171,10464.104,-213.69269,-94.81974,-2998.704,-2459.3694,2300.7407,2945.4937,4422.132,282.20703,7304.6943,0.00014927312440704554,0.00014927312440704554,0.00014927312440704554
13_1501_53,2023-11-01,69080.27989756403,10685.386975959138,10825.123142160017,9027.7255859375,9482.629756657529,9838.550273534023,19803.96184883711,22090.89287543526,12544.38484275232,10559.395273008618,20274.44066121509,10031.425509358187,13457.771415206318,7166.162335910176,14664.343611230403,702.0776,4.9122295,365.3547,5074.8755,-144.1524,-152.68149,-4141.707,-2591.2688,2192.4297,3122.2637,5788.3916,451.72266,7458.8247,0.00014927312440704554,0.00014927312440704554,160280.796875
13_1501_53,2023-12-01,0.0,10685.386975959138,10825.123142160017,8138.9365234375,10069.013712591246,13732.729614513299,17815.887924284503,23060.72952491876,12544.38484275232,10559.395273008618,20274.44066121509,10031.425509358187,13457.771415206318,7166.162335910176,14664.343611230403,591.5546,562.0797,373.2263,3922.558,-142.29651,-93.33241,-2918.79,-2368.9387,1836.1991,2733.0713,12641.99,829.3633,10416.346,0.00014927312440704554,0.00014927312440704554,160280.796875
13_1501_53,2024-01-01,0.0,10685.386975959138,10825.123142160017,7539.8916015625,10234.08401926944,26262.198498949307,23319.350216701714,24030.566174402265,12544.38484275232,10559.395273008618,20274.44066121509,10031.425509358187,13457.771415206318,7166.162335910176,14664.343611230403,1033.0096,690.6685,362.3385,-5135.2583,-149.79846,-18.430645,-3078.2378,-2460.0332,2545.6206,3616.2507,4401.9355,29.66211,12610.524,0.00014927312440704554,0.00014927312440704554,160280.796875
13_1504_53,2023-10-01,95.30546737221194,-645.7640179882513,7530.082887389984,-1537.7010498046875,3135.7922830423054,-627.7317198040018,7815.919895561415,12209.116673923061,2646.9055872169693,1126.9208171795974,5297.499798037808,1070.5747763206175,6030.489495108243,4972.208736298198,7514.623079627396,1799.8663,1684.2623,1928.9384,165.23505,2080.784,2139.098,-1371.3634,-14.864394,3537.6084,4083.3315,7126.717,2065.4854,32339.969,5.868217704119161e-05,5.868217704119161e-05,5.868217704119161e-05
13_1504_53,2023-11-01,224.77704568917912,0.0,7530.082887389984,0.004107506945729256,3629.5117417163333,-2232.504763726949,9252.920246384863,12954.477516845069,2646.9055872169693,1126.9208171795974,5297.499798037808,1070.5747763206175,6030.489495108243,4972.208736298198,7514.623079627396,1824.5387,1834.9103,1817.0797,-3631.2473,2137.9136,1956.9911,36.111477,906.5712,3268.2976,3623.3904,12513.688,2224.7285,-32518.73,5.868217704119161e-05,5.868217704119161e-05,5.868217704119161e-05
13_1504_53,2023-12-01,354.24862400614626,0.0,7530.082887389984,-0.0009655295871198177,3839.0798353377177,-2014.1509598890489,8771.594130677186,13699.838359767078,2646.9055872169693,1126.9208171795974,5297.499798037808,1070.5747763206175,6030.489495108243,4972.208736298198,7514.623079627396,1598.1753,1605.5201,1683.4745,2228.9043,2024.5742,1714.7032,-255.05763,11.961567,3435.7244,3970.8704,12537.043,2130.3877,-40714.906,5.868217704119161e-05,5.868217704119161e-05,5.868217704119161e-05
13_1504_53,2024-01-01,483.7202023231134,0.0,7530.082887389984,-0.00024630199186503887,3928.0347774460415,-2887.5252256226327,14607.966244505544,14445.199202689086,2646.9055872169693,1126.9208171795974,5297.499798037808,1070.5747763206175,6030.489495108243,4972.208736298198,7514.623079627396,489.74542,1117.9995,1559.0292,2044.3749,1871.4084,1724.4027,-190.50122,-14.573764,3683.3315,4248.4033,-5302.4854,1913.334,-24808.172,5.868217704119161e-05,63009.5078125,5.868217704119161e-05
13_1505_53,2023-10-01,5612.233276767424,804.9518196585773,2.4263333285595582e-08,-3925.00634765625,1113.5558346132816,2040.544472777463,5860.489092454902,0.024261981023604,1894.6005377480985,916.5210012779274,6249.363921728206,870.694951214031,4025.5919251688465,2459.8195023688204,0.02430452323256962,-9.341874,-44.611717,101.45642,256.52664,87.076584,121.82203,-935.51404,-634.1947,816.00867,1001.78015,1173.3599,63.041504,2493.7468,4.236143286107108e-05,12138.2900390625,4.236143286107108e-05
13_1505_53,2023-11-01,5612.233276767424,-1626.1593764000763,2.4263333285595582e-08,647.4632568359375,1764.1641305614953,2137.449424287051,7499.232707840552,0.024261981023604,1894.6005377480985,916.5210012779274,6249.363921728206,870.694951214031,4025.5919251688465,2459.8195023688204,0.02430452323256962,25.966936,6.0460024,141.67429,-1731.9205,119.88897,21.81923,-1422.3301,-984.7726,780.83356,1204.1934,1927.5977,160.4917,-6868.8564,4.236143286107108e-05,12138.2900390625,4.236143286107108e-05
13_1505_53,2023-12-01,5612.233276767424,0.0,2.4263333285595582e-08,73.7894515991211,2144.2897979050103,2684.6704501323775,8261.660835712053,0.024261981023604,1894.6005377480985,916.5210012779274,6249.363921728206,870.694951214031,4025.5919251688465,2459.8195023688204,0.02430452323256962,-40.626595,-67.04265,145.01666,1757.2368,115.93544,68.32434,-1059.5437,-680.6981,1026.6395,1290.8761,3944.0845,169.21045,-8574.584,4.236143286107108e-05,12138.2900390625,4.236143286107108e-05
13_1505_53,2024-01-01,0.0,0.0,2.4263333285595582e-08,91.23809051513672,2366.382759020363,3894.4955955444048,11084.673450119937,0.024261981023604,1894.6005377480985,916.5210012779274,6249.363921728206,870.694951214031,4025.5919251688465,2459.8195023688204,0.02430452323256962,-120.51919,-38.115944,140.86974,229.8103,101.38159,224.30432,-962.6049,-647.6967,805.17664,1224.557,1320.1353,-43.926758,-5112.7725,4.236143286107108e-05,12138.2900390625,4.236143286107108e-05
13_1507_53,2023-10-01,0.0,2078.391157821744,1222.1056705777714,616.4459228515625,478.95970149580023,799.5664106816952,1411.3227117889783,2277.7641677747415,928.1839368856639,159.72868164382143,625.9821225753982,151.74224756163036,807.761638051653,450.9659721965934,1217.0635708836503,54.250767,3.0308557,42.611866,-1041.4547,18.541933,33.130085,-297.40414,-225.82074,389.59012,435.58456,2010.8015,75.08154,5.892456,1.2401895219227299e-05,1.2401895219227299e-05,1.2401895219227299e-05
13_1507_53,2023-11-01,8.091973644810448,0.0,1222.1056705777714,-4.628922397387214e-05,681.3261050986059,-702.4867046980404,1470.9510791448456,2407.8720655641673,928.1839368856639,159.72868164382143,625.9821225753982,151.74224756163036,807.761638051653,450.9659721965934,1217.0635708836503,28.513662,-11.644658,58.18613,-803.3397,20.004786,10.938036,-380.83478,-274.31104,287.26355,374.51303,5573.4893,91.92505,-13.007446,1.2401895219227299e-05,1.2401895219227299e-05,1.2401895219227299e-05
13_1507_53,2023-12-01,137.56355196177762,0.0,1222.1056705777714,0.00019251686171628535,766.8284160012545,-1403.273430212611,1583.9205889721175,2537.979963353593,928.1839368856639,159.72868164382143,625.9821225753982,151.74224756163036,807.761638051653,450.9659721965934,1217.0635708836503,52.295013,-9.722343,60.231358,700.7829,23.093382,28.223717,-633.2537,-542.9949,382.8586,502.82407,10390.316,157.76782,-190.55872,1.2401895219227299e-05,1.2401895219227299e-05,1.2401895219227299e-05
13_1507_53,2024-01-01,267.03513027874476,0.0,1222.1056705777714,4.8136273107957095e-05,802.9542009118868,10.16327870700681,2630.82769015898,2668.0878611430194,928.1839368856639,159.72868164382143,625.9821225753982,151.74224756163036,807.761638051653,450.9659721965934,1217.0635708836503,14.986699,-1.4775599,59.263176,-157.74933,27.445189,8.587065,-409.48514,-284.61697,388.08212,550.33,10761.354,48.934082,-139.32202,1.2401895219227299e-05,1.2401895219227299e-05,1.2401895219227299e-05
13_1608_53,2023-10-01,0.0,0.0,178.8879782161252,-20.38235092163086,106.072367607881,-117.51531864291812,319.909091793389,415.65891528754327,97.28193797912358,55.28931487471497,94.6935729373899,52.52484913097922,152.45375149863645,160.5470048834962,177.83766191226536,-0.49441406,1.1995727,7.8814397,200.18465,9.132629,10.573241,-54.91819,-39.91918,79.72461,111.38114,175.98337,3.2312012,190.9719,1.941478330991231e-06,1.941478330991231e-06,1.941478330991231e-06
13_1608_53,2023-11-01,0.0,0.0,178.8879782161252,-1.2800241708755493,129.0542852316375,-103.2660940735013,360.70349783842744,441.2821402534295,97.28193797912358,55.28931487471497,94.6935729373899,52.52484913097922,152.45375149863645,160.5470048834962,177.83766191226536,-6.333043,-0.34233963,10.79145,-41.365692,12.4733515,11.080552,-68.61587,-35.27081,89.066795,103.41411,460.58707,12.339996,116.006645,1.941478330991231e-06,1.941478330991231e-06,1.941478330991231e-06
13_1608_53,2023-12-01,0.0,0.0,178.8879782161252,-1.0626975297927856,134.0336078354057,-50.02182441280553,380.3993122474163,466.9053652193156,97.28193797912358,55.28931487471497,94.6935729373899,52.52484913097922,152.45375149863645,160.5470048834962,177.83766191226536,5.620547,3.7429261,11.1486025,94.41163,12.163918,10.46858,-50.652706,-38.286415,88.2778,125.837036,557.50604,18.227417,5.2308197,1.941478330991231e-06,1.941478330991231e-06,1.941478330991231e-06
13_1608_53,2024-01-01,0.0,0.0,178.8879782161252,-0.8956089615821838,135.1124409422987,-98.07375628792337,464.06086750954006,492.52859018520184,97.28193797912358,55.28931487471497,94.6935729373899,52.52484913097922,152.45375149863645,160.5470048834962,177.83766191226536,-1.3383219,-3.6905556,10.9535885,46.297867,12.069306,-2.4793077,-99.0736,-61.482025,57.847523,70.72027,50.366394,6.117035,21.064407,1.941478330991231e-06,1.941478330991231e-06,1.941478330991231e-06
14_1211_53,2023-10-01,0.0,9.147766754056184,3012.977349449121,69.02529907226562,1724.551511899908,20841.25049886498,20074.446602526958,2345.5283199584187,1269.43523273263,1225.3354030778032,3630.3440306840407,1164.068632923913,1685.5893246350415,24.10206993815612,277.0865363746105,12.404158,-26.834633,131.31024,2210.3994,4.4309487,-4.7385683,-2003.7848,-1441.9626,742.15607,1143.1396,0.1764431,0.00044253256,17.60205,4.1987608710769564e-05,4.1987608710769564e-05,4.1987608710769564e-05
14_1211_53,2023-11-01,0.0,0.0,3012.977349449121,66.84689331054688,2398.207605013256,37618.37773388681,36871.131276522574,2306.9951149687004,1269.43523273263,1225.3354030778032,3630.3440306840407,1164.068632923913,1685.5893246350415,24.10206993815612,277.0865363746105,8.763406,-2.8851697,181.07587,-7039.5386,10.918022,214.4006,-1641.1176,-1167.9484,1258.0245,1377.0881,-0.11338091,7.758526e-05,-1651.3193,4.1987608710769564e-05,4.1987608710769564e-05,4.1987608710769564e-05
14_1211_53,2023-12-01,0.0,0.0,3012.977349449121,51.099151611328125,2661.355750288883,-352.9075554779247,-1090.3430318007886,2268.461909978982,1269.43523273263,1225.3354030778032,3630.3440306840407,1164.068632923913,1685.5893246350415,24.10206993815612,277.0865363746105,2.2614448,5.7227426,189.08432,6857.844,12.8450365,177.52602,-1530.9647,-1036.1805,1237.7339,1785.7107,0.0664444,-0.0010665987,-1447.9766,4.1987608710769564e-05,4.1987608710769564e-05,4.1987608710769564e-05
14_1211_53,2024-01-01,0.0,0.0,3012.977349449121,39.45871353149414,2764.148476532883,-85.50623370978792,-1082.0724521571647,2229.9287049892637,1269.43523273263,1225.3354030778032,3630.3440306840407,1164.068632923913,1685.5893246350415,24.10206993815612,277.0865363746105,12.564863,-69.99441,187.06482,8003.967,7.642375,-148.91565,-1519.389,-1279.6548,930.2431,1231.6277,0.48626935,-0.0018739337,614.9263,4.1987608710769564e-05,4.1987608710769564e-05,4.1987608710769564e-05
14_1215_53,2023-10-01,0.0,0.0,0.06259493052210816,187.7599334716797,1198.5058269741,-862.9320414694748,3172.753546657529,5.488774044202614,1935.6091839631147,1494.1449790563847,3493.581148043496,1419.4377301035654,1437.4125639266292,71.07426793281755,0.047587711776709646,-6.9481435,-7.7010827,101.922134,2279.0576,-5.9581985,-83.19304,-1161.2772,-913.18146,818.324,1163.1786,0.1764431,0.00044253256,182.01147,3.433175152167678e-05,3.433175152167678e-05,3.433175152167678e-05
14_1215_53,2023-11-01,0.0,0.0,0.06259493052210816,172.35411071777344,1763.7609394213232,5958.97929465655,9844.191384708945,9.87512876611583,1935.6091839631147,1494.1449790563847,3493.581148043496,1419.4377301035654,1437.4125639266292,71.07426793281755,0.047587711776709646,-1.8842998,-0.26968345,138.70123,-1484.6805,-7.4080286,-42.101913,-1079.916,-874.347,776.1226,987.7068,-0.11338091,7.758526e-05,-27.157227,3.433175152167678e-05,3.433175152167678e-05,3.433175152167678e-05
14_1215_53,2023-12-01,0.0,0.0,0.06259493052210816,134.7561492919922,2030.354004683598,15372.654279467648,19868.653126839883,14.261483488029047,1935.6091839631147,1494.1449790563847,3493.581148043496,1419.4377301035654,1437.4125639266292,71.07426793281755,0.047587711776709646,4.4914494,-19.392431,144.3463,2507.4783,-8.787511,-23.696922,-905.6906,-781.6282,787.8397,1035.3029,0.0664444,-0.0010665987,174.80933,3.433175152167678e-05,3.433175152167678e-05,3.433175152167678e-05
14_1215_53,2024-01-01,0.0,0.0,0.06259493052210816,106.92193603515625,2156.08813937941,15129.79720509421,17678.252930185878,18.647838209942265,1935.6091839631147,1494.1449790563847,3493.581148043496,1419.4377301035654,1437.4125639266292,71.07426793281755,0.047587711776709646,17.168112,-29.04406,142.55495,-3339.9297,-11.68372,2.1351476,-1042.5796,-742.6283,745.3098,823.81165,0.48626935,-0.0018739337,313.08545,3.433175152167678e-05,3.433175152167678e-05,3.433175152167678e-05
16_1102_1,2023-10-01,0.0,28332.654240354266,28399.372012396256,-145.0700225830078,32012.29742416052,1505.375075405922,64009.599680861415,40734.116851614075,27600.314438004538,37793.83268376472,37793.9598221716,35904.14104957648,29717.95614301009,5720.182850819414,28461.66903412781,1479.6614,620.2558,820.8072,-2079.2607,462.81763,-571.2112,-8957.554,-7203.4,6366.195,9136.862,8104.965,791.0664,2544.3164,0.000395802577259019,0.000395802577259019,0.000395802577259019
16_1102_1,2023-11-01,0.0,28332.654240354266,28399.372012396256,23.56208038330078,28371.901825429275,-6105.347874249259,59224.770838350676,42037.51754392498,27600.314438004538,37793.83268376472,37793.9598221716,35904.14104957648,29717.95614301009,5720.182850819414,28461.66903412781,1891.3867,-199.9652,1141.306,-33888.027,573.43207,2193.3455,-9253.335,-7318.2925,10858.805,12181.139,12369.856,1986.1875,-868.4531,0.000395802577259019,0.000395802577259019,0.000395802577259019
16_1102_1,2023-12-01,56145.709580425915,28332.654240354266,28399.372012396256,-104.587646484375,28785.882738441156,-4309.926819301356,64270.12484726832,43340.918236235884,27600.314438004538,37793.83268376472,37793.9598221716,35904.14104957648,29717.95614301009,5720.182850819414,28461.66903412781,896.46045,-686.0992,1173.795,-49119.52,580.2572,322.49902,-8286.279,-5718.983,8437.346,11100.978,24572.422,450.3711,-3788.4102,0.000395802577259019,0.000395802577259019,0.000395802577259019
16_1102_1,2024-01-01,0.0,28332.654240354266,28399.372012396256,-22.623882293701172,28738.80538333231,144072.00493321323,188051.40187478924,44644.318928546796,27600.314438004538,37793.83268376472,37793.9598221716,35904.14104957648,29717.95614301009,5720.182850819414,28461.66903412781,-158.95515,-990.2374,1146.7201,-26846.994,506.39136,218.76672,-12315.151,-8817.011,5936.9517,7427.811,5658.1133,-1512.3633,-6170.582,0.000395802577259019,0.000395802577259019,0.000395802577259019
16_1104_1,2023-10-01,0.0,32823.05929536412,15764.583449800972,25305.197265625,3655.4503783683986,17959.988679519112,7699.156407398106,15224.91404185939,15100.79145941468,7102.165006941382,12683.976503548633,6747.056756594312,15100.79145941468,15503.990395810664,15754.211468018073,2922.434,1884.8867,1784.1499,12985.385,320.42566,171.14957,-959.8722,-654.78674,1007.8934,1230.6476,392.54077,1934.8545,1571.4795,2354.317138671875,78966.109375,1775.3865966796875
16_1104_1,2023-11-01,0.0,8931.02831649332,15764.583449800972,19995.935546875,4450.979815506527,14791.910183215927,8253.03489401871,16106.2058606571,15100.79145941468,7102.165006941382,12683.976503548633,6747.056756594312,15100.79145941468,15503.990395810664,15754.211468018073,3056.4883,1975.6583,1794.7482,7765.5073,305.2207,353.17242,-458.97974,-306.98193,790.36127,956.8693,4544.156,2153.4746,1207.7583,2431.5078125,78966.109375,2084.149658203125
16_1104_1,2023-12-01,104214.73035514825,27307.75929554203,15764.583449800972,24242.044921875,4784.947222028852,14378.941636605086,9678.108408530466,16987.497679454813,15100.79145941468,7102.165006941382,12683.976503548633,6747.056756594312,15100.79145941468,15503.990395810664,15754.211468018073,2739.3364,2239.4487,1792.5038,10482.449,810.15125,764.88416,-564.4244,-317.40103,2068.3997,2271.0315,5626.1274,2351.2383,1312.3457,1929.76806640625,1775.3865966796875,2778.8662109375
16_1104_1,2024-01-01,152507.629067377,13173.16178999797,15764.583449800972,24558.513671875,4925.148480979727,16164.776095067355,17640.98123685422,17868.789498252525,15100.79145941468,7102.165006941382,12683.976503548633,6747.056756594312,15100.79145941468,15503.990395810664,15754.211468018073,3222.0576,2764.81,1788.3358,16195.371,828.7382,785.6606,-727.26764,-292.3234,1950.9325,2278.0642,-1186.1729,1980.2324,1248.7476,2161.34033203125,1775.3865966796875,1389.43310546875
16_1110_2,2023-10-01,0.0,768.0370592110457,10323.426816669114,-386.7449035644531,42935.23433050112,373538.5887984622,396144.8713344063,10221.214669969422,64574.44881182696,91870.10434220443,110691.52507814724,87276.5991250942,48578.316414632274,6283.749584321618,10221.154358156324,10657.423,9549.352,11963.65,33215.027,8362.541,9006.152,-36494.367,-27093.637,39808.27,43710.754,11509.115,11779.094,-3687.25,0.0013079224154353142,1404371.0,0.0013079224154353142
16_1110_2,2023-11-01,0.0,-3206.542641634355,10323.426816669114,2846.289306640625,62779.39310798608,672536.5192080871,693324.6708099938,10221.214669969422,64574.44881182696,91870.10434220443,110691.52507814724,87276.5991250942,48578.316414632274,6283.749584321618,10221.154358156324,10624.576,9359.237,12775.549,-42353.383,7296.307,7421.711,-21655.902,-13454.306,37204.715,48902.52,12437.95,9770.0625,-18802.266,0.0013079224154353142,1404371.0,0.0013079224154353142
16_1110_2,2023-12-01,21724.251911767784,0.0,10323.426816669114,1704.6771240234375,74854.8692892801,667936.9026618579,690581.7400376808,10221.214669969422,64574.44881182696,91870.10434220443,110691.52507814724,87276.5991250942,48578.316414632274,6283.749584321618,10221.154358156324,10289.876,8683.541,12557.657,275942.1,5929.2485,3548.255,-28622.406,-19543.584,29741.95,38722.598,12258.043,6588.751,-1878.6875,0.0013079224154353142,1404371.0,0.0013079224154353142
16_1110_2,2024-01-01,45837.43426512016,0.0,10323.426816669114,1334.413330078125,82202.9824867235,7532.793741158006,41363.047534912184,10221.214669969422,64574.44881182696,91870.10434220443,110691.52507814724,87276.5991250942,48578.316414632274,6283.749584321618,10221.154358156324,10218.822,8461.459,12189.949,-34077.008,4520.8936,6641.9307,-35180.953,-17912.184,34799.66,48301.62,5082.66,3687.301,-3361.5156,0.0013079224154353142,1404371.0,0.0013079224154353142
16_1113_15,2023-10-01,0.0,-1295.143081170644,8594.290175213795,12219.849609375,41050.186237809416,-82047.73121430347,-90504.13980011773,-28536.345133459632,4625.90267656692,61017.43052360711,103001.07336850981,57966.55899742675,4625.90267656692,16.024764799665117,4625.940052180229,-1250.635,-480.7603,646.42065,-7170.392,-54.19579,-96.82036,-10783.547,-7518.6055,7693.6875,10838.535,0.1764431,0.00044253256,-0.05168097,0.0005370412254706025,0.0005370412254706025,0.0005370412254706025
16_1113_15,2023-11-01,0.0,91.68260394753975,8594.290175213795,12478.060546875,38639.915468491105,-73050.28359717745,-88378.19750905348,-34687.50009904118,4625.90267656692,61017.43052360711,103001.07336850981,57966.55899742675,4625.90267656692,16.024764799665117,4625.940052180229,-1898.0208,-641.1252,884.8749,23411.488,-108.60698,944.36755,-13099.527,-7301.518,9553.784,10193.093,-0.11338091,7.758526e-05,0.04123892,0.0005370412254706025,0.0005370412254706025,0.0005370412254706025
16_1113_15,2023-12-01,0.0,91.68260394753975,8594.290175213795,12211.283203125,38781.435050102154,-51508.24378475448,-86301.11665235383,-40838.65506462275,4625.90267656692,61017.43052360711,103001.07336850981,57966.55899742675,4625.90267656692,16.024764799665117,4625.940052180229,-3292.8843,-1127.9775,923.776,-12352.482,-168.25845,664.66425,-8459.715,-6089.524,7414.3047,11894.791,0.0664444,-0.0010665987,0.092415184,0.0005370412254706025,0.0005370412254706025,0.0005370412254706025
16_1113_15,2024-01-01,0.0,91.68260394753975,8594.290175213795,12011.041015625,38773.125696549716,-79290.19913832954,-127094.75371150157,-46989.8100302043,4625.90267656692,61017.43052360711,103001.07336850981,57966.55899742675,4625.90267656692,16.024764799665117,4625.940052180229,-4168.5586,-2841.5413,914.0795,11967.599,-231.22737,254.53583,-10197.352,-7769.3916,6497.685,11240.892,0.48626935,-0.0018739337,0.09647331,0.0005370412254706025,0.0005370412254706025,0.0005370412254706025
16_1151_53,2023-10-01,60660.13176604739,0.0,685034.4528772039,390789.25,11728.22612694784,-225854.96601612773,-2264541.645146586,36028.42094834134,17849.65611288313,4200731.371298087,1212977.4911887874,3990694.8027331824,167515.5407483129,47051.6509825149,58219.92130446517,64470.5,61570.676,61108.45,44752.52,51236.87,43028.984,-122494.54,-73195.96,133874.66,163892.14,73401.375,49933.984,14189.822,44995.4140625,59993.8828125,14998.478515625
16_1151_53,2023-11-01,64953.373338710706,0.0,685034.4528772039,392521.6875,12593.10636550241,290613.5460394851,-1787449.9175554118,36028.42094834134,17849.65611288313,4200731.371298087,1212977.4911887874,3990694.8027331824,167515.5407483129,47051.6509825149,58219.92130446517,28883.465,39113.402,44719.785,30592.5,43048.816,37546.44,-29086.354,-21032.121,103705.74,172410.1,85474.06,36100.027,12319.893,44995.4140625,14998.478515625,9998.98828125
16_1151_53,2023-12-01,67545.50222959832,0.0,685034.4528772039,389854.15625,12577.116054018235,164569.23779202325,-1829273.978291063,36028.42094834134,17849.65611288313,4200731.371298087,1212977.4911887874,3990694.8027331824,167515.5407483129,47051.6509825149,58219.92130446517,31516.498,40024.402,34967.184,21234.387,36538.83,27728.701,-32078.414,-6891.7153,78991.445,95229.8,63200.227,38674.703,9785.086,54994.39453125,4999.4990234375,54994.39453125
16_1151_53,2024-01-01,86421.37941839283,0.0,685034.4528772039,386746.78125,12577.411690396502,5175801.16446102,4693832.99124765,36028.42094834134,17849.65611288313,4200731.371298087,1212977.4911887874,3990694.8027331824,167515.5407483129,47051.6509825149,58219.92130446517,29318.15,32749.578,23058.893,17945.186,31061.049,30366.127,-338.70712,3053.9207,54500.395,66275.805,-36173.273,35592.35,9423.914,64993.375,0.009526457637548447,14998.478515625
16_1201_2,2023-10-01,0.0,1539.6585409578222,1534.4598251140324,931.8326416015625,1515.865236781188,-1153.1976876289723,-1344.1809455829741,579.7881718197502,1001.6284060711687,1290.378849014345,849.2619110383004,1225.8599065636276,1071.010086845603,920.5771979322263,1345.6321145182694,2047.9634,1763.6566,1176.9508,-698.9464,1360.511,1414.0009,1040.6183,1129.7767,1728.514,1805.2953,2097.1296,1800.7717,596.37115,2.150878390239086e-05,2.150878390239086e-05,2.150878390239086e-05
16_1201_2,2023-11-01,0.0,1539.6585409578222,1534.4598251140324,929.0938110351562,1542.7026301533724,-440.6762946832034,-1141.0636119980775,522.7213138844919,1001.6284060711687,1290.378849014345,849.2619110383004,1225.8599065636276,1071.010086845603,920.5771979322263,1345.6321145182694,1593.0378,1669.0338,180.45613,-840.5451,1046.1033,1014.1229,683.2447,735.6675,1321.334,1415.8287,2675.4355,1794.4031,432.18842,2.150878390239086e-05,2.150878390239086e-05,2.150878390239086e-05
16_1201_2,2023-12-01,0.0,1539.6585409578222,1534.4598251140324,927.2479248046875,1539.2797748426274,-358.51701685654234,-1230.8052971307814,465.6544559492337,1001.6284060711687,1290.378849014345,849.2619110383004,1225.8599065636276,1071.010086845603,920.5771979322263,1345.6321145182694,1589.8533,1666.9698,-255.45302,-1845.6265,739.4468,782.59656,468.63577,554.8854,1071.4124,1232.301,2122.9795,1772.2576,230.68805,2.150878390239086e-05,2.150878390239086e-05,654.693603515625
16_1201_2,2024-01-01,1526.6856943209045,1539.6585409578222,1534.4598251140324,925.6021118164062,1539.716327614941,68.97376981482478,-614.0306731153962,408.5875980139755,1001.6284060711687,1290.378849014345,849.2619110383004,1225.8599065636276,1071.010086845603,920.5771979322263,1345.6321145182694,1623.0913,1574.1678,-416.0507,-1231.0216,489.43658,484.55222,100.364395,216.2681,767.63074,854.6105,-963.1638,1659.2273,255.6416,2.150878390239086e-05,2.150878390239086e-05,2.150878390239086e-05
16_1212_2,2023-10-01,0.0,421242.4591436101,421968.1867664577,347216.28125,483042.23219075013,-273798.9493444994,339165.92424510384,510856.7383832894,411763.3526493931,285855.8455782629,374506.525121648,271563.05329934973,396975.0481750488,363103.3067452459,382187.3956546177,707427.8,653752.7,462685.2,116928.164,472204.38,396273.53,-1409700.1,-848338.94,1562649.9,1789583.5,1521651.0,736544.94,204904.97,0.005884688813239336,0.005884688813239336,108090.078125
16_1212_2,2023-11-01,0.0,421242.4591436101,421968.1867664577,271638.75,437115.56054167927,-275299.66934694827,423322.1769331468,518329.5008933271,411763.3526493931,285855.8455782629,374506.525121648,271563.05329934973,396975.0481750488,363103.3067452459,382187.3956546177,651442.56,648153.06,310114.8,448216.06,408524.0,299524.8,-1213835.5,-781005.06,1452578.4,1584638.5,2366337.0,737111.5,213950.19,611481.0,0.005884688813239336,0.005884688813239336
16_1212_2,2023-12-01,0.0,421242.4591436101,421968.1867664577,266476.53125,425319.4214943499,324468.3290220846,1178709.2699483975,525802.2634033649,411763.3526493931,285855.8455782629,374506.525121648,271563.05329934973,396975.0481750488,363103.3067452459,382187.3956546177,603675.75,643043.44,236797.1,426012.5,362020.62,450230.44,-214358.62,-32622.668,1335807.6,1887264.4,3720969.8,635854.94,222940.6,0.005884688813239336,0.005884688813239336,0.005884688813239336
16_1212_2,2024-01-01,0.0,421242.4591436101,421968.1867664577,250838.875,422289.6156881034,650803.8470260928,1260807.357177837,533275.0259134027,411763.3526493931,285855.8455782629,374506.525121648,271563.05329934973,396975.0481750488,363103.3067452459,382187.3956546177,582603.5,643100.1,194860.8,-203671.98,330515.97,349796.75,-557380.56,-266990.72,936067.9,1144613.8,3944465.2,487374.25,235445.78,0.005884688813239336,0.005884688813239336,0.005884688813239336
16_1302_2,2023-10-01,0.0,4962.049616608208,4985.0370223775,2639.960205078125,5595.516016574962,-1936.3244340314413,-7577.902274394772,-351.29668819748804,2128.503571083804,6311.515569093552,9252.869134581402,5995.939790638874,2409.5374580119515,22.922359154532,2475.9315904590762,24.053648,-14.699507,155.15015,762.1729,-22.279455,-133.98947,-2125.8787,-1665.0024,774.2113,1066.2664,0.1764431,0.00044253256,365.80298,6.931903772056103e-05,6.931903772056103e-05,6.931903772056103e-05
16_1302_2,2023-11-01,0.0,4962.049616608208,4985.0370223775,2523.614501953125,4940.058650511128,44177.19275231272,39124.82351328646,-766.0444561005202,2128.503571083804,6311.515569093552,9252.869134581402,5995.939790638874,2409.5374580119515,22.922359154532,2475.9315904590762,-12.117432,38.491882,212.16467,-6335.777,-36.800755,-98.93756,-2220.1501,-1149.3009,1066.3949,1512.417,-0.11338091,7.758526e-05,-709.40356,6.931903772056103e-05,6.931903772056103e-05,6.931903772056103e-05
16_1302_2,2023-12-01,0.0,4962.049616608208,4985.0370223775,2639.26123046875,5016.838764705191,-945.9714423095202,-7342.629823675562,-1180.7922240035512,2128.503571083804,6311.515569093552,9252.869134581402,5995.939790638874,2409.5374580119515,22.922359154532,2475.9315904590762,-11.787954,-39.641254,221.3763,10214.285,-48.605087,-175.88373,-1770.7534,-1087.42,1443.1736,2229.719,0.0664444,-0.0010665987,-437.78394,6.931903772056103e-05,6.931903772056103e-05,6.931903772056103e-05
16_1302_2,2024-01-01,0.0,4962.049616608208,4985.0370223775,2801.144775390625,5007.8447610660905,-3798.306172638823,-9527.002889420926,-1595.539991906583,2128.503571083804,6311.515569093552,9252.869134581402,5995.939790638874,2409.5374580119515,22.922359154532,2475.9315904590762,-2.665025,-51.546528,218.97908,6600.928,-58.396984,-169.81381,-2234.3967,-1625.4034,1035.6606,1598.974,0.48626935,-0.0018739337,-600.84546,6.931903772056103e-05,11750.3095703125,6.931903772056103e-05
16_1305_2,2023-10-01,4015.4171441914955,0.0,0.1958962861837574,149.69171142578125,95.76062405947799,-129.2245053930382,208.93983665635486,108.83580384123948,146.62379595724914,146.62379595724911,146.62379595724914,139.29260615938665,84.63290954107093,3.722869819227029,17.597966724402415,1.4445232,-2.2971597,6.888794,153.65146,-1.8601029,-2.1092758,-67.379745,-54.666405,75.14102,90.659645,0.1764431,0.00044253256,-1.2964478,1.2680019381150487e-06,1.2680019381150487e-06,1.2680019381150487e-06
16_1305_2,2023-11-01,18785.966370518832,0.0,0.1958962861837574,142.56863403320312,90.94857536097196,-198.6425725609462,197.88225892518167,110.63882209740609,146.62379595724914,146.62379595724911,146.62379595724914,139.29260615938665,84.63290954107093,3.722869819227029,17.597966724402415,0.25289732,-1.5313119,9.166622,-189.2997,-3.0742862,-3.3529868,-77.699036,-57.04785,41.08792,72.44409,-0.11338091,7.758526e-05,-16.570969,1.2680019381150487e-06,1.2680019381150487e-06,1.2680019381150487e-06
16_1305_2,2023-12-01,34295.58252307219,0.0,0.1958962861837574,149.3529510498047,91.1903846944451,-181.16334416959677,187.7779130287676,112.44184035357267,146.62379595724914,146.62379595724911,146.62379595724914,139.29260615938665,84.63290954107093,3.722869819227029,17.597966724402415,-1.4850851,0.96645755,9.480088,-206.07065,-4.0237327,-9.0668955,-103.44488,-68.07149,44.252995,75.23471,0.0664444,-0.0010665987,15.101501,1.2680019381150487e-06,1.2680019381150487e-06,1.2680019381150487e-06
16_1305_2,2024-01-01,0.0,0.0,0.1958962861837574,156.38807678222656,91.17823358014468,1045.357121147942,1273.593572059044,114.24485860973928,146.62379595724914,146.62379595724911,146.62379595724914,139.29260615938665,84.63290954107093,3.722869819227029,17.597966724402415,0.8722474,5.992392,9.324547,-13.295644,-4.9436445,-4.914876,-80.0906,-55.55573,50.24742,69.266205,0.48626935,-0.0018739337,41.048904,1.2680019381150487e-06,1.2680019381150487e-06,1.2680019381150487e-06
16_1309_2,2023-10-01,612.2926724573239,7698.1642607630065,4171.97582710306,3732.769287109375,6749.272655292683,1620.3590045101182,-8622.265226088102,3029.6929778494277,3166.06897898523,5211.594379697185,2504.264405432185,4951.014660712325,2561.0107904125343,3849.614552487422,4190.195139168347,8111.0347,7715.2373,6000.779,1711.9486,6581.0107,6540.9453,4414.0625,4903.7607,8472.67,8944.508,8577.205,8782.774,7113.6084,12664.54296875,439.0375671386719,6.435229443013668e-05
16_1309_2,2023-11-01,0.0,7698.1642607630065,4171.97582710306,2289.54345703125,6175.7304973293885,2570.661468058465,-8808.116711626357,2281.27796512328,3166.06897898523,5211.594379697185,2504.264405432185,4951.014660712325,2561.0107904125343,3849.614552487422,4190.195139168347,1690.9088,2776.5845,4005.9482,2128.8152,5382.5645,5642.2373,2241.499,2902.9631,8420.788,9223.035,9269.8955,7284.792,7615.828,12664.54296875,6.435229443013668e-05,6.435229443013668e-05
16_1309_2,2023-12-01,0.0,7698.1642607630065,4171.97582710306,2569.53125,5829.062231887051,4665.250201599182,-8851.554819103298,1532.8629523971317,3166.06897898523,5211.594379697185,2504.264405432185,4951.014660712325,2561.0107904125343,3849.614552487422,4190.195139168347,911.12646,2070.5454,3017.1729,532.5814,4254.7295,4132.819,1584.7722,2147.1204,6231.9253,6601.159,9130.523,4912.7305,6214.1426,12630.771484375,12664.54296875,6.435229443013668e-05
16_1309_2,2024-01-01,0.0,7698.1642607630065,4171.97582710306,2271.773681640625,5619.524215202164,3327.280345684717,-6580.764439760376,784.4479396709837,3166.06897898523,5211.594379697185,2504.264405432185,4951.014660712325,2561.0107904125343,3849.614552487422,4190.195139168347,-154.02272,1247.3998,2224.1873,256.15005,3275.92,3297.2686,1564.3888,2094.642,4592.8667,5165.685,3776.3755,2749.3398,7157.206,12664.54296875,4221.5146484375,8443.029296875
16_1311_2,2023-10-01,0.0,5778.354217200567,5748.2407614467775,-718.3280639648438,5643.925969050885,62483.32398976937,69715.34803034572,5701.929342657402,4571.876172825662,2323.914652804522,7467.946795407102,2207.718920164296,4653.773885606839,407.6622024005806,4419.426052067979,-6.578852,8.685279,199.34848,-1332.0159,58.72361,180.0892,-3960.3123,-2437.4868,1689.0791,2724.9534,3260.0623,27.03955,-2002.0127,8.072268246905878e-05,8.072268246905878e-05,8.072268246905878e-05
16_1311_2,2023-11-01,0.0,5778.354217200567,5748.2407614467775,-776.1317138671875,5770.73932047253,-3590.7869619041003,4057.0017459411292,5701.929342657402,4571.876172825662,2323.914652804522,7467.946795407102,2207.718920164296,4653.773885606839,407.6622024005806,4419.426052067979,9.466278,12.9288025,274.36456,-4236.018,67.62654,64.897285,-2565.7913,-1845.3524,2120.215,2834.083,-879.5103,73.12305,-3681.3193,8.072268246905878e-05,931.9927368164062,8.072268246905878e-05
16_1311_2,2023-12-01,0.0,5778.354217200567,5748.2407614467775,-707.0825805664062,5773.588689189799,-3108.1206978131604,4035.1970479794436,5701.929342657402,4571.876172825662,2323.914652804522,7467.946795407102,2207.718920164296,4653.773885606839,407.6622024005806,4419.426052067979,17.967838,-17.124424,282.35626,-6861.3657,57.959106,-383.3375,-2898.8298,-2064.7014,2305.1975,2830.3665,-1909.6779,158.10498,-3101.3535,8.072268246905878e-05,127.0899887084961,8.072268246905878e-05
16_1311_2,2024-01-01,0.0,5778.354217200567,5748.2407614467775,-607.6961669921875,5773.652711644815,694.5527022674332,6109.384782723408,5701.929342657402,4571.876172825662,2323.914652804522,7467.946795407102,2207.718920164296,4653.773885606839,407.6622024005806,4419.426052067979,17.702253,38.423645,276.2408,2106.0938,40.289433,-26.858196,-2302.4521,-1634.3557,1416.8947,2444.7698,-3230.062,196.39795,-3000.6758,8.072268246905878e-05,1270.899169921875,8.072268246905878e-05
16_1408_75,2023-10-01,0.0,-0.06574494228861386,193.12756504482923,1.5615503787994385,111.37661346836552,-489.747849142273,-368.91031614576985,6.185029390189072,88.46841576218434,117.15112559483555,334.09648414191656,111.29356931509376,67.53035508762721,0.19440251082859303,4.306337329618999,0.71917933,3.356123,8.442792,-198.47375,-0.1908649,4.556361,-138.07301,-78.77982,90.99328,105.98814,0.1764431,0.00044253256,-0.05168097,2.7094567940366687e-06,2.7094567940366687e-06,2.7094567940366687e-06
16_1408_75,2023-11-01,0.0,0.0,193.12756504482923,2.0888450145721436,154.8885796048621,-553.891738027239,-416.16533798617826,-12.170779608142382,88.46841576218434,117.15112559483555,334.09648414191656,111.29356931509376,67.53035508762721,0.19440251082859303,4.306337329618999,2.1630807,2.132594,11.66267,108.534584,-0.7325326,-3.3526974,-86.00695,-74.881004,72.78102,126.08695,-0.11338091,7.758526e-05,0.04123892,2.7094567940366687e-06,2.7094567940366687e-06,2.7094567940366687e-06
16_1408_75,2023-12-01,0.0,0.0,193.12756504482923,1.5845720767974854,171.88758090419122,-281.0329760896444,-493.57458131783574,-30.526588606473894,88.46841576218434,117.15112559483555,334.09648414191656,111.29356931509376,67.53035508762721,0.19440251082859303,4.306337329618999,-0.5208481,-0.3584234,12.190836,-264.4865,-1.5431669,8.748417,-94.803535,-72.45654,57.885822,78.75434,0.0664444,-0.0010665987,0.092415184,2.7094567940366687e-06,2.7094567940366687e-06,2.7094567940366687e-06
16_1408_75,2024-01-01,0.0,0.0,193.12756504482923,1.2326356172561646,178.52865164478038,-402.75134179854905,-663.9591125685789,-48.882397604805334,88.46841576218434,117.15112559483555,334.09648414191656,111.29356931509376,67.53035508762721,0.19440251082859303,4.306337329618999,-7.7927775,-15.496483,12.069622,47.998524,-2.5268965,-7.4628677,-128.81178,-86.304,60.929485,90.59208,0.48626935,-0.0018739337,0.09647331,2.7094567940366687e-06,2.7094567940366687e-06,2.7094567940366687e-06
16_1505_2,2023-10-01,41605.332048884295,5177.765697135459,11671.152512962275,23241.0,23625.477095477734,126007.8158168664,271735.44482523366,11565.462651439886,97102.91087266304,90791.41134960238,54162.61400577607,86251.84078212225,81171.88728544752,23989.94920151186,11565.415205240406,19598.7,36551.69,11918.501,-6143.463,10807.488,10648.495,5864.4053,7043.867,12841.592,14002.985,82249.03,12376.625,-2716.0156,5439.06201171875,3399.4140625,12237.8876953125
16_1505_2,2023-11-01,71537.54256103815,11524.72700120027,11671.152512962275,9103.3798828125,33334.93375729475,165492.24669043327,318104.40422214556,11565.462651439886,97102.91087266304,90791.41134960238,54162.61400577607,86251.84078212225,81171.88728544752,23989.94920151186,11565.415205240406,35630.72,87179.33,11991.727,5730.8525,10306.495,10518.137,7042.933,7305.8193,13683.981,14417.122,-5798.3945,12890.875,-11612.484,19036.712890625,5439.06201171875,35353.8984375
16_1505_2,2023-12-01,101470.65218137475,28366.674640811863,11671.152512962275,19388.73828125,41221.78560598166,189576.17260848428,353592.5739302748,11565.462651439886,97102.91087266304,90791.41134960238,54162.61400577607,86251.84078212225,81171.88728544752,23989.94920151186,11565.415205240406,10495.539,3861.1387,12000.849,43689.797,9344.563,9364.266,6328.821,7436.408,11252.976,11557.691,-12306.148,14410.906,-9852.422,4759.17919921875,0.0012955067213624716,14277.5361328125
16_1505_2,2024-01-01,131403.76180171134,52350.540814636115,11671.152512962275,10759.0673828125,47628.16180700544,251544.07797413983,370506.6812779951,11565.462651439886,97102.91087266304,90791.41134960238,54162.61400577607,86251.84078212225,81171.88728544752,23989.94920151186,11565.415205240406,6990.5913,-1740.1621,11997.072,-86579.06,8254.425,8211.426,5762.2554,6478.0215,9995.393,11003.591,-44921.54,13517.781,-6988.672,2039.6490478515625,4759.17919921875,19036.712890625
16_1600_86,2023-10-01,0.0,0.0,26.132300377051457,3.061537265777588,27.755185392455306,-25.5020404936625,-67.76907037353047,-7.916380668671472,10.081351917495564,72.9553091834716,42.33658375543264,69.30754372429801,11.450048379420831,0.21909725461768742,4.754122366016402,-0.32855576,-0.36692294,1.977216,-28.879377,0.025327427,-1.1278558,-19.01382,-16.160522,10.546571,14.698469,-13.5167675,0.004920095,0.017759174,3.672420803013665e-07,3.672420803013665e-07,3.672420803013665e-07
16_1600_86,2023-11-01,0.0,0.0,26.132300377051457,3.228285312652588,26.341326764921153,-21.033127469879112,-77.98786169188318,-11.447412850392066,10.081351917495564,72.9553091834716,42.33658375543264,69.30754372429801,11.450048379420831,0.21909725461768742,4.754122366016402,0.066434145,-0.19101334,2.6335897,50.29775,-0.0547573,0.3607525,-22.95331,-12.125045,12.975454,15.375731,-9.724447,0.009533912,0.018931717,3.672420803013665e-07,394.32318115234375,3.672420803013665e-07
16_1600_86,2023-12-01,0.0,0.0,26.132300377051457,3.021306276321411,26.413349206507732,-45.61149827291464,-73.65746315172292,-14.978445032112663,10.081351917495564,72.9553091834716,42.33658375543264,69.30754372429801,11.450048379420831,0.21909725461768742,4.754122366016402,-0.24783209,-0.47248232,2.724718,13.025223,-0.25736895,-1.6820352,-22.162474,-13.242199,10.042501,16.511532,-14.019214,0.015964597,0.010601252,3.672420803013665e-07,394.32318115234375,1.3491021394729614
16_1600_86,2024-01-01,0.0,0.0,26.132300377051457,2.7100813388824463,26.40968035872403,-27.102141944363723,-87.07747478195006,-18.509477213833257,10.081351917495564,72.9553091834716,42.33658375543264,69.30754372429801,11.450048379420831,0.21909725461768742,4.754122366016402,-0.37888956,-0.65921384,2.6802375,51.9453,-0.58823544,0.6420549,-18.691628,-15.227864,19.890875,29.110218,-5.24426,0.0030308664,0.0060990453,3.672420803013665e-07,394.32318115234375,1.5418310165405273
16_1603_1,2023-10-01,0.0,78198.99227240725,78265.50572997193,79909.1015625,77213.14605086956,5183.940415549849,-22249.48676762201,55423.81452902371,59871.25189484,124267.37929569089,73962.94314154626,118054.01033090634,52148.72637615177,20862.753006645926,29983.187086095346,503.45743,-284.09677,1158.3615,16145.095,487.41406,155.5824,-6105.641,-4162.7075,4934.893,7181.1436,24636.605,226.61719,189699.97,51597.578125,0.0010924272937700152,44717.8984375
16_1603_1,2023-11-01,0.0,78198.99227240725,78265.50572997193,78517.2734375,78221.29415472691,21897.493013202657,-28522.759988781378,55203.0031524089,59871.25189484,124267.37929569089,73962.94314154626,118054.01033090634,52148.72637615177,20862.753006645926,29983.187086095346,1189.6079,-1234.7722,1631.967,9243.66,835.5801,692.44574,-5720.742,-3596.806,4961.289,6365.902,13931.381,1044.0,115206.86,0.0010924272937700152,0.0010924272937700152,0.0010924272937700152
16_1603_1,2023-12-01,143241.4201358863,78198.99227240725,78265.50572997193,79977.6328125,78234.4572318879,76356.45644835627,20848.587793497474,54991.25372252392,59871.25189484,124267.37929569089,73962.94314154626,118054.01033090634,52148.72637615177,20862.753006645926,29983.187086095346,1766.9537,608.28973,1658.3367,-47983.984,733.9082,1248.8948,-3159.8987,-2376.848,5593.908,8414.076,33361.336,2607.6328,36210.992,0.0010924272937700152,0.0010924272937700152,0.0010924272937700152
16_1603_1,2024-01-01,203641.709637117,78198.99227240725,78265.50572997193,81805.828125,78234.62909810447,122281.6741230535,119859.05982200097,54787.81726532813,59871.25189484,124267.37929569089,73962.94314154626,118054.01033090634,52148.72637615177,20862.753006645926,29983.187086095346,-125.89972,-2671.4016,1600.7563,-85499.73,766.87695,509.17035,-6815.0894,-4465.3433,4727.586,6995.121,16325.82,1928.7344,61338.36,0.0010924272937700152,0.0010924272937700152,0.0010924272937700152
16_1607_2,2023-10-01,0.0,8809.898174172977,7471.276738591185,6911.875,27896.888194354335,7914.170532350168,-56606.23752498576,-4788.731728866202,12581.252490402698,23747.38610864207,23747.202493921668,22560.016803209965,12581.252490402698,967.320840070925,12581.336891883038,9.615234,292.14307,474.50342,-36.898438,-1361.9409,-1336.4097,-1887.0095,-1783.8029,-904.35754,-812.7841,536.4878,31.76416,2536.5742,0.0004709640343207866,0.0004709640343207866,7909.189453125
16_1607_2,2023-11-01,0.0,8809.898174172977,7471.276738591185,7318.0546875,32613.459744749463,-1031.832763921133,-57882.53363042591,-7130.883967765276,12581.252490402698,23747.38610864207,23747.202493921668,22560.016803209965,12581.252490402698,967.320840070925,12581.336891883038,34.572266,101.13281,612.9404,14097.313,-1678.061,-1683.1204,-2470.0068,-2241.9934,-1380.1407,-1122.486,603.1815,58.68091,-3869.6475,0.0004709640343207866,0.0004709640343207866,7909.189453125
16_1607_2,2023-12-01,0.0,8809.898174172977,7471.276738591185,6892.22119140625,33410.898048083196,104365.26400149649,44704.09227415965,-9473.03620666435,12581.252490402698,23747.38610864207,23747.202493921668,22560.016803209965,12581.252490402698,967.320840070925,12581.336891883038,67.700195,-4.6967773,715.66455,26344.842,-1782.9937,-1822.845,-2389.4941,-2191.5112,-1421.7976,-1277.4493,1180.164,68.02051,2228.7559,0.0004709640343207866,0.0004709640343207866,7909.189453125
16_1607_2,2024-01-01,0.0,8809.898174172977,7471.276738591185,6595.10791015625,33545.72221873963,-26649.090303625795,-84426.27755071095,-11815.188445563424,12581.252490402698,23747.38610864207,23747.202493921668,22560.016803209965,12581.252490402698,967.320840070925,12581.336891883038,58.85205,-40.569336,765.855,-17516.424,-1776.7007,-1782.5088,-2192.836,-2124.3699,-1378.191,-1272.8303,215.5503,-22.75,-2157.583,0.0004709640343207866,0.0004709640343207866,0.0004709640343207866
16_1611_1,2023-10-01,0.0,0.0,-1.5422693371805263,-0.2810053825378418,19.77721216010221,-9.809988796946648,-144.67894717282846,-5.442107882012949,0.9392204644259773,479.3223045579773,282.58618473446074,455.3561893300784,0.9392204644259773,0.0030302508524534567,1.7020484858671168e-30,0.006189222,0.0004245494,0.023450598,0.086388715,-0.05473254,-0.23673213,-7.094015,-4.1043706,3.781555,7.681198,0.1764431,0.00044253256,-0.05168097,8.76835315466451e-07,8.76835315466451e-07,8.76835315466451e-07
16_1611_1,2023-11-01,0.0,0.0,-7.237545100032028,-0.008431760594248772,37.27997265725497,16.472421634460684,-150.0525140245121,-9.353758055194922,0.9392204644259773,479.3223045579773,282.58618473446074,455.3561893300784,0.9392204644259773,0.0030302508524534567,1.7020484858671168e-30,0.01310945,0.0067549273,0.030348174,0.014837996,-0.14299327,0.66696477,-5.008374,-4.565777,4.9393387,6.696429,-0.11338091,7.758526e-05,0.04123892,8.76835315466451e-07,8.76835315466451e-07,8.76835315466451e-07
16_1611_1,2023-12-01,0.0,0.0,-11.793844171357751,-0.23596005141735077,52.769851743383384,20.737783140995326,-143.9951526082518,-12.995642655446025,0.9392204644259773,479.3223045579773,282.58618473446074,455.3561893300784,0.9392204644259773,0.0030302508524534567,1.7020484858671168e-30,0.0042362628,0.022851367,0.031172208,0.20647871,-0.2633802,-0.60785836,-8.366005,-6.103183,3.972349,5.228052,0.0664444,-0.0010665987,0.092415184,8.76835315466451e-07,8.76835315466451e-07,8.76835315466451e-07
16_1611_1,2024-01-01,0.0,0.0,-15.438946198334863,-0.05422155186533928,66.47833813568187,202.20047772556643,99.93023275807928,-16.403611365040746,0.9392204644259773,479.3223045579773,282.58618473446074,455.3561893300784,0.9392204644259773,0.0030302508524534567,1.7020484858671168e-30,0.008740532,0.019834008,0.03055612,-0.20175557,-0.4104769,-0.22535098,-6.7480464,-4.957065,4.3538313,5.820268,0.48626935,-0.0018739337,0.09647331,8.76835315466451e-07,8.76835315466451e-07,8.76835315466451e-07
17_1000_2,2023-10-01,304394.8734886519,1111129.709101152,1109037.4234659262,377202.6875,828987.6786882736,59606.12955371477,-1211476.4572379135,188894.0413683809,719707.7922416973,1120915.5221460373,1120909.4441322868,1064869.7460387354,718809.565758759,210132.38589194612,717911.2132184615,-52376.934,-7774.954,17372.262,-647575.0,-15579.742,-42882.113,-213105.8,-158261.84,79321.26,133045.47,1126095.6,17662.75,213549.22,0.015522301197052002,0.015522301197052002,0.015522301197052002
17_1000_2,2023-11-01,0.0,1111129.709101152,1109037.4234659262,399458.0,1039487.1954742799,3332303.02706661,1625271.7807028121,108099.43049760186,719707.7922416973,1120915.5221460373,1120909.4441322868,1064869.7460387354,718809.565758759,210132.38589194612,717911.2132184615,-52189.375,-14844.19,24510.201,-1112074.2,-23642.99,-43687.53,-227661.75,-180444.06,87450.93,133128.67,3595500.8,34795.625,165910.75,0.015522301197052002,0.015522301197052002,0.015522301197052002
17_1000_2,2023-12-01,0.0,1111129.709101152,1109037.4234659262,368662.71875,1092937.9857649812,359808.5980729074,-1258310.2448352932,27304.81962682295,719707.7922416973,1120915.5221460373,1120909.4441322868,1064869.7460387354,718809.565758759,210132.38589194612,717911.2132184615,-1816.0364,-17871.322,25197.877,560710.3,-26439.877,-28027.328,-263650.47,-182492.0,119060.98,164027.45,6880951.5,48012.062,-154330.44,594666.1875,0.015522301197052002,0.015522301197052002
17_1000_2,2024-01-01,304394.8734886519,1111129.709101152,1109037.4234659262,345705.0,1106510.4016371039,-596486.5401067145,-1568291.7773720308,-53489.79124395596,719707.7922416973,1120915.5221460373,1120909.4441322868,1064869.7460387354,718809.565758759,210132.38589194612,717911.2132184615,9743.156,-9179.694,24555.977,504567.62,-26187.137,-27027.707,-200668.58,-142397.92,126320.84,221418.56,7906278.0,27462.625,473738.84,0.015522301197052002,0.015522301197052002,0.015522301197052002
17_1000_4,2023-10-01,0.0,345210.2711814846,301369.33676598687,360704.15625,448433.090022269,14249.886158436653,79106.12167114689,328439.8936526693,321559.3701513146,305955.77882429725,305957.764292238,290657.9898830824,314633.53651097347,240060.43138346775,307707.7671235779,2601.4688,-30862.219,35844.406,416320.78,108810.69,124752.11,-552635.6,-506978.7,693546.4,813009.94,17674.25,5088.5312,184872.67,0.004201538860797882,0.004201538860797882,513757.96875
17_1000_4,2023-11-01,512682.2751060728,307089.71748826985,301369.33676598687,359806.0625,247434.880066971,496313.40632088087,598991.8141809134,331447.2459523361,321559.3701513146,305955.77882429725,305957.764292238,290657.9898830824,314633.53651097347,240060.43138346775,307707.7671235779,76019.625,-14395.969,40217.906,283312.47,16226.281,54633.797,-717178.44,-444020.12,545642.56,817284.6,-25711.582,6587.3438,181437.11,513757.96875,0.004201538860797882,0.004201538860797882
17_1000_4,2023-12-01,5672680.319894158,307089.71748826985,301369.33676598687,364746.0625,337526.98366982467,-35410.88218231057,78549.01754375576,334454.5982520029,321559.3701513146,305955.77882429725,305957.764292238,290657.9898830824,314633.53651097347,240060.43138346775,307707.7671235779,4027.1875,22337.0,42836.938,550034.5,-69496.03,-29305.67,-683759.06,-541951.4,409167.8,640517.6,64151.4,10624.719,171962.92,0.004201538860797882,0.004201538860797882,513757.96875
17_1000_4,2024-01-01,67820709.35415015,307089.71748826985,301369.33676598687,370841.125,297145.59354006953,353794.00189393014,375639.8349713469,337461.9505516697,321559.3701513146,305955.77882429725,305957.764292238,290657.9898830824,314633.53651097347,240060.43138346775,307707.7671235779,-33740.844,10727.281,43705.406,425094.06,-147727.84,-165938.06,-627443.5,-554087.25,318324.78,573562.5,119932.58,9035.906,198642.25,0.004201538860797882,0.004201538860797882,0.004201538860797882
17_1104_2,2023-10-01,1965.450487506182,2366.3242929895687,2371.6013416902906,2833.243408203125,2126.859734284891,27787.307289338336,23327.391126537394,5514.750185791265,3235.5868652678705,2147.0745065288825,3310.6155235623664,2039.7207812024383,3373.4677623734588,7134.111947139551,3372.8041980075004,12212.237,11449.34,10342.747,4185.1455,8759.293,9127.225,-10251.814,-6692.1313,21751.715,31490.938,13755.812,9994.905,3349.1123,3.305717109469697e-05,3.305717109469697e-05,1960.3714599609375
17_1104_2,2023-11-01,11722.572486782068,2366.3242929895687,2371.6013416902906,1675.2347412109375,2364.7608184354126,7687.715863039146,3285.779098481767,5795.895085202712,3235.5868652678705,2147.0745065288825,3310.6155235623664,2039.7207812024383,3373.4677623734588,7134.111947139551,3372.8041980075004,6490.5205,8632.418,7298.8823,2368.264,6558.915,6546.2705,-6916.97,-5263.015,16909.291,30668.826,15102.865,7265.991,3118.6875,3.305717109469697e-05,3.305717109469697e-05,1960.3714599609375
17_1104_2,2023-12-01,21479.694486057957,2366.3242929895687,2371.6013416902906,1307.7513427734375,2358.8626712836794,7807.890915983823,3289.7831381462297,6077.039984614159,3235.5868652678705,2147.0745065288825,3310.6155235623664,2039.7207812024383,3373.4677623734588,7134.111947139551,3372.8041980075004,5797.019,7861.9644,5312.9062,204.34444,5187.4155,5356.4062,-1426.0442,236.79218,10562.745,13347.84,12545.863,4341.1416,2662.273,3.305717109469697e-05,3.305717109469697e-05,3382.942138671875
17_1104_2,2024-01-01,655.4498652296463,2366.3242929895687,2371.6013416902906,1141.5106201171875,2359.008900713224,7720.2949836355165,4943.542421936143,6358.184884025607,3235.5868652678705,2147.0745065288825,3310.6155235623664,2039.7207812024383,3373.4677623734588,7134.111947139551,3372.8041980075004,4713.84,6719.418,3472.0767,4391.981,4082.3562,4260.5967,887.6919,1809.9316,6916.019,8200.472,-264.32617,3260.6887,2322.8628,3.305717109469697e-05,3.305717109469697e-05,6748.53515625
17_1105_14,2023-10-01,0.0,0.0,3.273271671543331e-34,33.12617492675781,356.8376142660336,-353.1681964851223,-4504.306862666538,-456.0288752271357,52.944546173009726,4123.065021673278,1311.9336781150016,3916.911770589614,52.944546173009726,1.2640827766574263,3.343267987707141e-16,-0.065392435,-0.38034916,5.3979383,-182.41621,-1.3806437,16.279358,-284.0924,-209.77068,192.01282,253.39912,0.1764431,0.00044253256,-19.56865,3.171799107803963e-05,3.171799107803963e-05,3.171799107803963e-05
17_1105_14,2023-11-01,0.0,0.0,3.273271671543331e-34,-1.4328324794769287,668.5830522286797,81.12549010454484,-4619.14246594076,-907.497461701963,52.944546173009726,4123.065021673278,1311.9336781150016,3916.911770589614,52.944546173009726,1.2640827766574263,3.343267987707141e-16,0.42243478,0.52206016,7.3117986,-163.96652,-2.3512805,-48.391495,-311.67783,-235.98486,203.62732,242.62323,-0.11338091,7.758526e-05,-54.602173,3.171799107803963e-05,3.171799107803963e-05,3.171799107803963e-05
17_1105_14,2023-12-01,0.0,0.0,3.273271671543331e-34,17.680599212646484,940.9344361779833,52.30853468802246,-4938.854953707579,-1358.96604817679,52.944546173009726,4123.065021673278,1311.9336781150016,3916.911770589614,52.944546173009726,1.2640827766574263,3.343267987707141e-16,0.24301897,0.05331645,7.5918627,-27.6067,-3.2658122,-14.580669,-307.11243,-200.77907,237.3465,322.38248,0.0664444,-0.0010665987,-43.778152,3.171799107803963e-05,3.171799107803963e-05,3.171799107803963e-05
17_1105_14,2024-01-01,0.0,0.0,3.273271671543331e-34,5.451326847076416,1178.8698389343465,-107.36842158681816,-4030.5648620778943,-1810.4346346516172,52.944546173009726,4123.065021673278,1311.9336781150016,3916.911770589614,52.944546173009726,1.2640827766574263,3.343267987707141e-16,0.27967378,0.018525977,7.4997196,369.0237,-4.199586,-18.117975,-350.41876,-259.70245,188.84637,265.89102,0.48626935,-0.0018739337,-35.53691,3.171799107803963e-05,3.171799107803963e-05,3.171799107803963e-05
17_1107_14,2023-10-01,0.0,0.0,0.12518763033381564,6.328758239746094,1109.3046941316413,-1343.4836320729592,-6569.831175677373,-1196.794236719736,47.22576620442271,6894.183980863133,6894.147385507278,6549.474781819976,47.22576620442271,0.347441325810453,0.11091612518661405,-0.02629381,0.1383884,8.584187,-381.75638,-7.7184343,-46.37075,-735.1928,-525.1212,351.92334,468.74152,0.1764431,0.00044253256,-0.051679973,3.8346886867657304e-05,3.8346886867657304e-05,5393.35693359375
17_1107_14,2023-11-01,0.0,0.0,0.12518763033381564,6.970108985900879,1789.6676933533947,-1216.1492514516594,-7000.984957894965,-1743.4658315628092,47.22576620442271,6894.183980863133,6894.147385507278,6549.474781819976,47.22576620442271,0.347441325810453,0.11091612518661405,-0.74833834,-0.19306464,11.658884,-28.319195,-15.5953455,-30.123627,-803.2667,-522.167,535.8645,653.28345,-0.11338091,7.758526e-05,0.041238226,3.8346886867657304e-05,3.8346886867657304e-05,3.8346886867657304e-05
17_1107_14,2023-12-01,0.0,0.0,0.12518763033381564,6.16268253326416,2206.95053111545,-49.20165405052967,-6603.643728849185,-2290.1374264058827,47.22576620442271,6894.183980863133,6894.147385507278,6549.474781819976,47.22576620442271,0.347441325810453,0.11091612518661405,-2.8171375,-0.63252085,12.141338,-240.94745,-23.820059,69.40944,-713.0324,-609.48334,633.66064,872.2171,0.0664444,-0.0010665987,0.09241466,3.8346886867657304e-05,3.8346886867657304e-05,905.6009521484375
17_1107_14,2024-01-01,0.0,0.0,0.12518763033381564,5.878364562988281,2462.8800377022712,-464.7168815190139,-5885.080624596472,-2836.809021248956,47.22576620442271,6894.183980863133,6894.147385507278,6549.474781819976,47.22576620442271,0.347441325810453,0.11091612518661405,-2.388136,-2.0350916,11.994839,128.46289,-31.92791,-80.42897,-842.1545,-581.85175,411.28336,709.0301,0.48626935,-0.0018739337,0.09647306,3.8346886867657304e-05,3.8346886867657304e-05,2696.678466796875
17_1108_16,2023-10-01,0.0,0.0,6.679705760495435e-18,30.467126846313477,146.28268568332038,-400.9471369760665,-554.6893875079102,-45.39649201555574,44.56440928024878,756.2073467727248,235.2933934417908,718.3969794340885,44.56440928024878,10.752908601703327,6.633502867799167e-08,0.82824296,0.18700986,3.7724648,-82.80268,-0.3229146,-4.489859,-37.35989,-31.051115,28.1583,44.676598,101.25372,2.8718033,30.14898,4.533705123321852e-06,4.533705123321852e-06,4.533705123321852e-06
17_1108_16,2023-11-01,0.0,0.0,6.679705760495435e-18,34.32318115234375,247.3713674042525,-376.78125316128103,-570.3294333624517,-71.03740761146346,44.56440928024878,756.2073467727248,235.2933934417908,718.3969794340885,44.56440928024878,10.752908601703327,6.633502867799167e-08,-5.7739773,0.9761706,5.1518106,112.1411,-0.6243884,-2.2636447,-28.105467,-18.60544,28.712057,50.537876,342.00443,3.0651321,-3.0289307,4.533705123321852e-06,4.533705123321852e-06,4.533705123321852e-06
17_1108_16,2023-12-01,0.0,0.0,6.679705760495435e-18,31.002168655395508,317.2287228687147,-146.1230224018736,-506.98897229445026,-96.6783232073712,44.56440928024878,756.2073467727248,235.2933934417908,718.3969794340885,44.56440928024878,10.752908601703327,6.633502867799167e-08,-9.923113,1.9243734,5.3482327,-33.47173,-0.9012843,-5.291006,-32.536987,-25.8664,28.006058,42.819386,668.0484,5.5984497,35.283154,4.533705123321852e-06,4.533705123321852e-06,4.533705123321852e-06
17_1108_16,2024-01-01,0.0,0.0,6.679705760495435e-18,29.663066864013672,365.50366353873176,494.32124892581504,322.50620041743105,-122.31923880327895,44.56440928024878,756.2073467727248,235.2933934417908,718.3969794340885,44.56440928024878,10.752908601703327,6.633502867799167e-08,-10.372351,-0.106360726,5.279543,65.53461,-1.0613699,-2.3636856,-48.56115,-25.832071,29.426947,46.332676,721.2025,4.287689,20.862164,4.533705123321852e-06,4.533705123321852e-06,4.533705123321852e-06
17_1111_14,2023-10-01,0.0,2199.3859259914448,140.9257763634048,2503.637939453125,5188.514478958941,544.1191889233622,-25595.601106402588,40.79084408126665,12199.95356559464,31134.014247801202,18889.030888259756,29577.31353541114,6808.571906870286,3.6616131353279697,3317.981333905707,0.92610294,-0.2495196,1.829877,32.027657,-0.25809938,-0.44803008,-26.027786,-16.870356,10.256058,15.517513,-4.6570816,0.1793251,-53.944843,0.00013534125173464417,0.00013534125173464417,0.00013534125173464417
17_1111_14,2023-11-01,0.0,0.0,140.9257763634048,98.00567626953125,7401.949619414787,-605.0814252540281,-30972.310651513013,40.79084408126665,12199.95356559464,31134.014247801202,18889.030888259756,29577.31353541114,6808.571906870286,3.6616131353279697,3317.981333905707,-0.47215918,-0.3232107,2.4654195,-40.237545,-0.36513305,-0.20203865,-19.168375,-14.599857,14.149795,22.183596,17.06657,0.8354912,-57.75636,0.00013534125173464417,0.00013534125173464417,0.00013534125173464417
17_1111_14,2023-12-01,0.0,0.0,140.9257763634048,-209.2972412109375,8346.207391243886,-1504.420650557372,-27176.07649224032,40.79084408126665,12199.95356559464,31134.014247801202,18889.030888259756,29577.31353541114,6808.571906870286,3.6616131353279697,3317.981333905707,-0.78735226,-0.92166793,2.5548298,-103.95102,-0.4021435,-1.4140327,-25.623861,-11.592549,10.717782,14.660637,16.5886,2.0634537,-60.01737,0.00013534125173464417,0.00013534125173464417,0.00013534125173464417
17_1111_14,2024-01-01,0.0,0.0,140.9257763634048,-118.77472686767578,8749.030461756822,-12895.046861022554,-34827.06033249059,40.79084408126665,12199.95356559464,31134.014247801202,18889.030888259756,29577.31353541114,6808.571906870286,3.6616131353279697,3317.981333905707,-0.58239955,-1.2691569,2.516017,-67.823746,-0.41731033,-0.1443207,-20.783487,-15.957695,13.406461,18.624489,-35.008125,1.7138977,-62.207317,0.00013534125173464417,0.00013534125173464417,0.00013534125173464417
17_1204_2,2023-10-01,0.0,9930.00765841739,9943.395164912286,3883.93505859375,10490.990044323882,13152.44692571583,9415.486675359974,1978.1433057264612,5786.011044914297,16845.620464308613,7267.736199138729,16003.339441093181,5786.011044914297,294.32192012158066,5947.929409905204,-0.0703125,2.0512695,1.421875,2788.1157,228.94287,219.56119,-93.38527,-10.550649,439.79642,519.51483,1006.3661,10.474121,1073.438,0.00013872061390429735,0.00013872061390429735,0.00013872061390429735
17_1204_2,2023-11-01,0.0,9930.00765841739,9943.395164912286,3931.072265625,9949.133254060524,26611.277719031033,16732.978120325763,1148.1076579500568,5786.011044914297,16845.620464308613,7267.736199138729,16003.339441093181,5786.011044914297,294.32192012158066,5947.929409905204,-5.5478516,0.2685547,103.17627,-2817.3257,212.64307,169.60928,-58.752026,-16.549305,456.2408,517.4145,-251.3417,17.856445,318.93262,0.00013872061390429735,0.00013872061390429735,0.00013872061390429735
17_1204_2,2023-12-01,0.0,9930.00765841739,9943.395164912286,3879.915771484375,9977.120010306982,12287.544296847089,4809.485708899632,318.0720101736533,5786.011044914297,16845.620464308613,7267.736199138729,16003.339441093181,5786.011044914297,294.32192012158066,5947.929409905204,-3.152832,10.766602,164.68799,5318.436,256.52344,262.95923,-46.800186,61.799248,514.14087,725.94885,-420.82816,40.7406,198.11865,0.00013872061390429735,0.00013872061390429735,0.00013872061390429735
17_1204_2,2024-01-01,5934.114006194329,9930.00765841739,9943.395164912286,3806.93896484375,9975.674501937847,2843.165575699237,-4305.6233591700375,-511.96363760275017,5786.011044914297,16845.620464308613,7267.736199138729,16003.339441093181,5786.011044914297,294.32192012158066,5947.929409905204,8.282227,1.5161133,191.95605,6030.0117,237.46045,221.56958,-93.32587,17.216644,459.2698,492.77536,-882.2666,30.101318,624.7202,0.00013872061390429735,0.00013872061390429735,0.00013872061390429735
17_1212_16,2023-10-01,0.0,1.3829580482701785e-28,2.697333261522548e-66,-371.7269592285156,3552.0445223636398,1193.8375506335713,-22849.60531177008,-20.796176990416757,99.95491755298397,70840.56288884697,42962.199323292174,67298.53474440462,99.95491755298397,0.1682415166270211,2.8018770079793296e-32,0.006189222,0.0004245494,0.023450598,0.086388715,0.02192087,0.05769715,-0.96129614,-0.61243933,0.5869395,0.808996,0.1764431,0.00044253256,-0.051679973,0.00011663823534036055,0.00011663823534036055,0.00011663823534036055
17_1212_16,2023-11-01,0.0,1.1867134316090036e-28,2.697333261522548e-66,19.84495735168457,6423.777860186088,2170.5442918245653,-22893.806727377,-39.626609156649224,99.95491755298397,70840.56288884697,42962.199323292174,67298.53474440462,99.95491755298397,0.1682415166270211,2.8018770079793296e-32,0.01310945,0.0067549273,0.030348174,0.014837996,0.05280773,0.110122226,-0.8835501,-0.560388,0.81312937,1.1718801,-0.11338091,7.758526e-05,0.041238226,0.00011663823534036055,0.00011663823534036055,0.00011663823534036055
17_1212_16,2023-12-01,0.0,1.018316333255895e-28,2.697333261522548e-66,-96.35084533691406,8745.497734933926,3461.6000309610918,-21924.01827466508,-56.9322054203405,99.95491755298397,70840.56288884697,42962.199323292174,67298.53474440462,99.95491755298397,0.1682415166270211,2.8018770079793296e-32,0.0042362628,0.022851367,0.031172208,0.20647871,0.0910797,0.17084786,-1.2164763,-0.59030116,1.0209813,1.3303701,0.0664444,-0.0010665987,0.09241466,0.00011663823534036055,125239.3515625,0.00011663823534036055
17_1212_16,2024-01-01,0.0,8.738151325798675e-29,2.697333261522548e-66,-40.19636154174805,10622.546382106191,27562.26570628748,14870.682091163879,-72.89227220217977,99.95491755298397,70840.56288884697,42962.199323292174,67298.53474440462,99.95491755298397,0.1682415166270211,2.8018770079793296e-32,0.008740532,0.019834008,0.03055612,-0.20175557,0.13655055,0.13926312,-1.4187025,-0.9409038,0.96499467,1.5723971,0.48626935,-0.0018739337,0.09647306,0.00011663823534036055,0.00011663823534036055,0.00011663823534036055
17_1310_2,2023-10-01,203298.2503113039,0.0,5563.006508306809,24057.55078125,-4915.843701950382,14020.077273049668,23094.8766525826,20971.34951301546,4791.915527194736,1763.7321738436458,4115.413937887741,1675.5455651514635,8045.276247111241,50827.29206041838,9235.092479425364,103789.09,102334.305,73007.98,35711.15,53278.57,58133.5,-142252.89,-93245.25,237091.73,291262.44,113460.5,115970.17,9833.3125,7.727932825218886e-05,7.727932825218886e-05,82978.046875
17_1310_2,2023-11-01,304946.9259128645,0.0,5563.006508306809,13461.279296875,6168.923803679349,3100.9804271823177,15156.562220332427,22266.296645591134,4791.915527194736,1763.7321738436458,4115.413937887741,1675.5455651514635,8045.276247111241,50827.29206041838,9235.092479425364,24213.969,29188.688,42992.29,40375.4,40494.086,35702.93,-104348.19,-61536.426,117843.21,156905.0,122600.8,96190.4,77251.79,7.727932825218886e-05,7.727932825218886e-05,82978.046875
17_1310_2,2023-12-01,0.0,0.0,5563.006508306809,8901.455078125,5015.893963569926,8064.606568537791,14130.172661001308,23561.24377816681,4791.915527194736,1763.7321738436458,4115.413937887741,1675.5455651514635,8045.276247111241,50827.29206041838,9235.092479425364,16171.522,18534.53,32114.93,16461.475,33419.32,29799.762,-63266.434,-34163.086,93969.9,107334.77,121011.36,64869.04,3697.872,82978.046875,7.727932825218886e-05,82978.046875
17_1310_2,2024-01-01,0.0,0.0,5563.006508306809,6704.30908203125,5135.831329103984,1824.7698826813512,17772.147131343725,24856.190910742484,4791.915527194736,1763.7321738436458,4115.413937887741,1675.5455651514635,8045.276247111241,50827.29206041838,9235.092479425364,3741.272,9040.938,24032.82,9447.38,27664.133,26598.96,-28369.553,-2426.263,59691.01,67661.664,50506.062,36303.04,4133.762,82978.046875,7.727932825218886e-05,82978.046875
17_1407_15,2023-10-01,0.0,0.0,3.8095213703421903e-29,797.646240234375,1099.9819289025518,-611.5421368234927,-8160.311272701645,-1045.8416293598395,269.8219253275461,8449.007747637956,4680.248648097299,8026.557360256057,269.8219253275461,15.139581708545027,3.822612615873441e-13,0.023334315,-4.067192,25.932663,-612.6711,4.4660645,-31.374842,-820.7486,-683.117,476.64056,735.0637,0.1764431,0.00044253256,-23.987549,8.45679605845362e-05,8.45679605845362e-05,8.45679605845362e-05
17_1407_15,2023-11-01,0.0,0.0,3.8095213703421903e-29,-49.03864669799805,1994.2081634936867,113.39425483806963,-8641.334478935478,-2081.2248424259988,269.8219253275461,8449.007747637956,4680.248648097299,8026.557360256057,269.8219253275461,15.139581708545027,3.822612615873441e-13,1.8228291,5.622905,34.93443,-847.31555,-5.2734375,0.60044813,-718.261,-459.7374,729.5366,1137.373,-0.11338091,7.758526e-05,-104.03369,3728.02978515625,8.45679605845362e-05,8.45679605845362e-05
17_1407_15,2023-12-01,0.0,0.0,3.8095213703421903e-29,470.4949951171875,2721.1660685465804,1466.2727770666277,-9745.946630105444,-3116.608055492158,269.8219253275461,8449.007747637956,4680.248648097299,8026.557360256057,269.8219253275461,15.139581708545027,3.822612615873441e-13,-0.6192819,-2.7602406,36.179375,-175.27283,-63.471924,-111.391495,-807.44934,-602.04156,503.9856,660.19727,0.0664444,-0.0010665987,-19.924438,3728.02978515625,8.45679605845362e-05,8.45679605845362e-05
17_1407_15,2024-01-01,0.0,0.0,3.8095213703421903e-29,98.32012176513672,3312.1438046901885,-1932.1658450855787,-10415.398858173845,-4151.991268558318,269.8219253275461,8449.007747637956,4680.248648097299,8026.557360256057,269.8219253275461,15.139581708545027,3.822612615873441e-13,-0.2712306,0.3466286,35.70508,1164.9761,-195.33691,-202.28818,-1240.4192,-986.64105,390.7352,735.20233,0.48626935,-0.0018739337,27.161133,3728.02978515625,8.45679605845362e-05,8.45679605845362e-05
17_1408_2,2023-10-01,0.0,0.0,4961.184488288437,4239.64990234375,4845.644310646544,2117.921386906765,-4553.4439823577595,0.3480455065033278,4973.349816063671,22584.902756779215,7208.369116390369,21455.65761894025,3238.6559216142286,1027.2955392189924,0.3482917004640808,-12.274701,-7.691786,47.555183,1227.6522,25.220648,48.228493,-399.53363,-327.1657,453.05786,954.7165,2060.078,24.791504,685.8174,6.902535096742213e-05,6.902535096742213e-05,6.902535096742213e-05
17_1408_2,2023-11-01,0.0,0.0,4961.184488288437,4199.5654296875,5022.214754677155,3643.9234874970675,-4533.381954499518,0.3480455065033278,4973.349816063671,22584.902756779215,7208.369116390369,21455.65761894025,3238.6559216142286,1027.2955392189924,0.3482917004640808,54.012012,-22.543629,66.4908,1331.5977,62.64388,0.66581535,-501.863,-391.1528,488.27237,604.0133,71.57254,34.598145,-111.096436,6.902535096742213e-05,6.902535096742213e-05,6.902535096742213e-05
17_1408_2,2023-12-01,0.0,0.0,4961.184488288437,4240.685546875,5028.648805487831,3047.4503508169228,-4142.828394001229,0.3480455065033278,4973.349816063671,22584.902756779215,7208.369116390369,21455.65761894025,3238.6559216142286,1027.2955392189924,0.3482917004640808,58.271645,72.130135,68.08439,-85.01436,72.96519,-0.8624115,-703.7234,-605.59656,366.1049,470.49698,483.56577,78.020996,-166.41577,6.902535096742213e-05,6.902535096742213e-05,6.902535096742213e-05
17_1408_2,2024-01-01,0.0,0.0,4961.184488288437,4289.69384765625,5028.88325587992,29555.544632776873,28229.53628237154,0.3480455065033278,4973.349816063671,22584.902756779215,7208.369116390369,21455.65761894025,3238.6559216142286,1027.2955392189924,0.3482917004640808,89.24559,72.78239,66.3057,-2775.1377,69.31513,68.268845,-543.5528,-345.6188,382.76407,516.764,-264.69507,-4.3291016,-219.92163,6.902535096742213e-05,6.902535096742213e-05,6.902535096742213e-05
17_1410_2,2023-10-01,52505.22054844397,-65528.92518133632,132884.91348162477,-34495.97265625,101579.45024770507,875554.26124213,879931.2064675448,144445.80530770868,122670.90917453701,110685.84394669527,125280.63088832462,105151.5517493605,123088.71757375024,116901.97753216473,123506.1371413552,56202.25,54262.965,53526.64,66674.48,38285.17,38441.234,1237.0217,15953.934,60543.887,77287.04,53899.418,53044.18,124305.22,53449.85546875,31098.099609375,54421.67578125
17_1410_2,2023-11-01,472517.31436596473,0.0,132884.91348162477,-5.900367736816406,120569.14320627745,-7606.503531362367,-32072.50432482356,144445.80530770868,122670.90917453701,110685.84394669527,125280.63088832462,105151.5517493605,123088.71757375024,116901.97753216473,123506.1371413552,54142.863,52767.01,53941.21,-73587.49,44202.562,43624.08,14983.168,26790.377,69287.11,75105.3,53191.836,52881.523,97464.69,78717.0625,0.001851780922152102,54421.67578125
17_1410_2,2023-12-01,52505.22054844397,0.0,132884.91348162477,0.004131725523620844,127917.36733268251,-74018.9447628312,-29180.57603524135,144445.80530770868,122670.90917453701,110685.84394669527,125280.63088832462,105151.5517493605,123088.71757375024,116901.97753216473,123506.1371413552,52283.285,50022.41,53960.914,-86764.42,50362.566,51843.473,8420.97,23781.584,81820.08,90746.234,64498.33,51672.09,111257.61,40816.25390625,0.001851780922152102,55393.48828125
17_1410_2,2024-01-01,0.0,0.0,132884.91348162477,0.0014047090662643313,130760.82551442768,10904.914715717023,-40096.22378485986,144445.80530770868,122670.90917453701,110685.84394669527,125280.63088832462,105151.5517493605,123088.71757375024,116901.97753216473,123506.1371413552,50694.508,50648.656,53904.113,363714.9,53200.844,54748.973,8036.2827,21186.264,82020.24,101033.98,72898.484,48928.656,100496.77,33041.73046875,0.001851780922152102,56365.3046875
17_1411_2,2023-10-01,344038.35148276103,0.0,0.17603732981339015,802.2185668945312,85.73435563832548,-63.21306238151829,296.53898518888974,249.92815881599182,94.805962826236,94.805962826236,94.805962826236,90.0656646849242,98.85707655120079,106.65670817951549,16.56760300837415,0.11420972,0.013389334,6.187045,237.0888,9.0667305,11.208693,-71.26708,-45.727543,70.278244,100.66728,113.967575,3.4868164,36.49346,1.1352206001902232e-06,1.1352206001902232e-06,1.1352206001902232e-06
17_1411_2,2023-11-01,38226.483498084555,0.0,0.17603732981339015,685.2987670898438,81.4261434726761,-77.24519695507868,324.7219670105406,265.4417406769237,94.805962826236,94.805962826236,94.805962826236,90.0656646849242,98.85707655120079,106.65670817951549,16.56760300837415,-12.050367,-4.8847733,8.280307,38.33129,12.270545,11.363322,-76.68864,-42.24427,86.01511,103.34037,317.64786,13.912323,32.76712,1.1352206001902232e-06,1.1352206001902232e-06,1.1352206001902232e-06
17_1411_2,2023-12-01,76452.96699616911,0.0,0.17603732981339015,862.5264892578125,81.64263418898297,-0.6864397137499338,380.3612497697012,280.9553225378555,94.805962826236,94.805962826236,94.805962826236,90.0656646849242,98.85707655120079,106.65670817951549,16.56760300837415,9.365223,4.7129774,8.530158,80.95495,11.134151,11.225334,-62.264133,-37.38006,58.521023,65.60629,403.56326,20.43512,41.74009,1.1352206001902232e-06,1.1352206001902232e-06,1.1352206001902232e-06
17_1411_2,2024-01-01,114679.45049425367,0.0,0.17603732981339015,1085.5860595703125,81.63175537697349,-58.1014858727796,352.67496590535626,296.4689043987874,94.805962826236,94.805962826236,94.805962826236,90.0656646849242,98.85707655120079,106.65670817951549,16.56760300837415,9.907506,-0.104663074,8.370038,6.267594,9.418761,-0.9862447,-88.90172,-59.214657,65.58318,96.58278,82.33798,9.236938,34.86219,1.1352206001902232e-06,1218.933837890625,1.1352206001902232e-06
17_1500_16,2023-10-01,0.0,0.0,0.46057686629944516,-1663.7357177734375,8554.979196153776,1392.9767177384929,30007.53750394698,9.002949289000005,21189.72362974698,32874.90805906354,56249.27610141046,31231.162656110362,17184.293727180833,2974.9248736570016,0.5142486240228132,218.08586,-237.31969,573.34656,10613.867,33.462708,419.17407,-9145.182,-4479.989,4109.3354,6591.7173,19287.355,72.65625,-13545.316,0.00032867147820070386,0.00032867147820070386,0.00032867147820070386
17_1500_16,2023-11-01,0.0,0.0,0.46057686629944516,1252.275390625,13767.439263330383,-8085.452872159283,31318.453595369316,16.78795737104041,21189.72362974698,32874.90805906354,56249.27610141046,31231.162656110362,17184.293727180833,2974.9248736570016,0.5142486240228132,1138.0281,-338.97052,791.6669,9948.335,-7.813497,539.7839,-5451.947,-4563.311,5711.9053,8616.751,-4656.403,394.03906,-16258.641,0.00032867147820070386,0.00032867147820070386,0.00032867147820070386
17_1500_16,2023-12-01,0.0,0.0,0.46057686629944516,-302.8526306152344,16943.337103517533,-6673.310087661583,30266.000508026977,24.572965453080812,21189.72362974698,32874.90805906354,56249.27610141046,31231.162656110362,17184.293727180833,2974.9248736570016,0.5142486240228132,-436.85065,-605.06604,818.05963,-5443.216,-42.010963,-156.59216,-7521.7495,-5149.766,5412.6714,8231.259,-11783.485,1012.9883,-17342.762,0.00032867147820070386,0.00032867147820070386,0.00032867147820070386
17_1500_16,2024-01-01,0.0,0.0,0.46057686629944516,465.108154296875,18878.378707926175,98903.59385670102,121769.78929361323,32.35797353512122,21189.72362974698,32874.90805906354,56249.27610141046,31231.162656110362,17184.293727180833,2974.9248736570016,0.5142486240228132,-164.73152,-291.05057,803.5496,-35960.91,-73.92611,392.54688,-5947.141,-4627.1504,4243.818,5713.9307,-19094.465,1399.543,-17781.445,0.00032867147820070386,0.00032867147820070386,0.00032867147820070386
17_1502_16,2023-10-01,0.0,0.0,4110.096480919808,-759.8489379882812,4284.082847939032,-5327.694811869694,-7335.651300583362,506.2808316273986,2260.6044210402542,4726.472328750198,4726.540062673529,4490.148712312688,2260.6044210402542,9.853490877192865,1208.8358120310806,-1565.1681,-1598.1788,-2.322876,472.12793,273.00717,271.33838,258.02933,262.64755,284.6145,286.52225,254.70767,1.0144958,-9.719421,5.7307701354147866e-05,5.7307701354147866e-05,5.7307701354147866e-05
17_1502_16,2023-11-01,0.0,0.0,4110.096480919808,-830.18896484375,4099.679119406094,-10952.422683219671,-9649.356151141232,165.45345063511786,2260.6044210402542,4726.472328750198,4726.540062673529,4490.148712312688,2260.6044210402542,9.853490877192865,1208.8358120310806,-1681.4054,-1778.0719,-2.2174072,10112.006,267.4834,266.9757,250.99069,254.133,283.65582,286.00095,668.26227,2.331871,-53.757477,5.7307701354147866e-05,5.7307701354147866e-05,5.7307701354147866e-05
17_1502_16,2023-12-01,0.0,0.0,4110.096480919808,-732.9757080078125,4107.616579138744,-2877.932554614364,-9249.55899770388,-175.37393035716286,2260.6044210402542,4726.472328750198,4726.540062673529,4490.148712312688,2260.6044210402542,9.853490877192865,1208.8358120310806,-1739.6256,-1896.9921,2.9143066,-4703.449,267.94574,267.37036,242.61613,256.80997,280.76953,286.56815,1124.8513,4.3229675,-48.62961,5.7307701354147866e-05,5.7307701354147866e-05,5.7307701354147866e-05
17_1502_16,2024-01-01,0.0,0.0,4110.096480919808,-577.6849975585938,4107.27491974005,-3641.2887621166537,-11766.088290787564,-516.2013113494431,2260.6044210402542,4726.472328750198,4726.540062673529,4490.148712312688,2260.6044210402542,9.853490877192865,1208.8358120310806,-2374.7764,-2382.6274,8.451477,5391.6304,272.49023,272.77698,257.7186,260.4157,285.7727,296.1444,1287.8435,3.1481857,-41.844635,5.7307701354147866e-05,5.7307701354147866e-05,5.7307701354147866e-05
17_1502_2,2023-10-01,48902.494060137804,122721.54986868476,104320.42992318982,73264.96875,98293.19609556162,66614.91926636912,15484.449708417118,105941.33798319055,13766.975967990438,9995.370777458871,22443.87866451609,9495.602238585927,25529.99267396149,66903.11462165731,103831.10755381662,106242.97,104404.04,73358.85,42820.5,58119.72,50638.914,-193666.42,-93312.3,191478.84,228641.66,115572.08,137704.4,145341.86,8721.9208984375,2163.03662109375,0.00013295598910190165
17_1502_2,2023-11-01,38049.359186081485,121513.3317898748,104320.42992318982,61257.5078125,92764.18373749944,69331.81228178,15910.734763928687,108030.17775484856,13766.975967990438,9995.370777458871,22443.87866451609,9495.602238585927,25529.99267396149,66903.11462165731,103831.10755381662,66322.67,84510.22,48246.758,52359.066,42286.914,52939.438,-41602.53,-30685.014,114613.375,127561.72,123785.07,142068.33,166695.98,0.00013295598910190165,0.00013295598910190165,0.00013295598910190165
17_1502_2,2023-12-01,86708.19492869222,108975.40862505409,104320.42992318982,55517.92578125,87696.32127531178,83523.83655776891,32990.02446344794,110119.01752650656,13766.975967990438,9995.370777458871,22443.87866451609,9495.602238585927,25529.99267396149,66903.11462165731,103831.10755381662,60283.613,80541.305,37139.848,37646.984,33041.117,30961.223,-6986.7144,189.5861,79786.07,94464.836,114436.305,43983.734,-6069.833,0.00013295598910190165,0.00013295598910190165,0.00013295598910190165
17_1502_2,2024-01-01,135610.68898883002,91042.77309568778,104320.42992318982,47279.03515625,83051.14628339838,65169.88245323822,29708.18736698685,112207.85729816457,13766.975967990438,9995.370777458871,22443.87866451609,9495.602238585927,25529.99267396149,66903.11462165731,103831.10755381662,53782.19,73979.75,28719.867,21753.053,26633.693,27276.586,-9676.491,2941.3157,58388.23,75476.76,36264.008,9678.11,-469.41504,0.00013295598910190165,0.00013295598910190165,0.00013295598910190165
17_1502_99,2023-10-01,0.0,0.0,9.962961730477394,27529.271484375,4971.935735009765,-1298.3577172901398,10096.383196727667,18201.57132644184,2987.5085352775586,590.3167957113399,2203.849948102116,560.8009559257729,6657.798915199242,24865.848290842594,986.4396539343875,242.76562,215.60106,369.06958,9856.977,341.57962,-730.11237,-10995.487,-9191.569,9112.299,11912.595,7321.133,592.4199,21602.54,6.624711386393756e-05,6.624711386393756e-05,6.624711386393756e-05
17_1502_99,2023-11-01,243.65831752707015,0.0,9.962961730477394,24083.265625,4733.180590041286,6085.739918411918,10103.711951704772,19365.237761797085,2987.5085352775586,590.3167957113399,2203.849948102116,560.8009559257729,6657.798915199242,24865.848290842594,986.4396539343875,1359.8508,498.98105,491.07547,9799.483,631.7251,1124.1111,-6275.195,-3905.8037,6037.001,8187.5728,23947.158,918.1074,48408.23,6.624711386393756e-05,6.624711386393756e-05,6.624711386393756e-05
17_1502_99,2023-12-01,243.65831752707015,0.0,9.962961730477394,27853.359375,4744.645746126778,-4392.899190258602,9892.488521580037,20528.904197152337,2987.5085352775586,590.3167957113399,2203.849948102116,560.8009559257729,6657.798915199242,24865.848290842594,986.4396539343875,-2558.7192,-1171.1628,501.49292,27981.283,1521.5929,1635.5754,-8203.744,-5347.1636,6740.2114,8144.4873,50274.406,1599.8066,16935.074,6.624711386393756e-05,6.624711386393756e-05,6.624711386393756e-05
17_1502_99,2024-01-01,0.0,0.0,9.962961730477394,30305.40625,4744.09518289564,-3582.719411429891,20213.162615945846,21692.570632507584,2987.5085352775586,590.3167957113399,2203.849948102116,560.8009559257729,6657.798915199242,24865.848290842594,986.4396539343875,-1876.1888,-1157.0452,489.81238,31587.807,1926.1604,2343.9658,-5181.51,-3271.1191,8364.981,10349.149,52283.6,1030.7002,13194.574,6.624711386393756e-05,6.624711386393756e-05,6.624711386393756e-05
17_1603_2,2023-10-01,2832.1907756836567,5553.577171511389,5538.445311807373,8317.6728515625,4445.778989854017,3574.0599324531527,1850.880972256301,5899.1980682338735,7376.963371921345,9152.630496686274,9005.536125272369,8694.99897185196,6502.239905882706,11717.867424686538,5088.667221108133,14534.303,14597.211,8796.448,10799.074,5782.145,8012.0977,-26755.791,-16216.824,30037.566,40031.52,16648.793,15710.431,1713.273,7.75825756136328e-05,10545.2822265625,10626.712890625
17_1603_2,2023-11-01,2832.1907756836567,5553.577171511389,5538.445311807373,9267.3349609375,5666.63221819934,31459.669613602473,30494.80816426622,5946.3352743061,7376.963371921345,9152.630496686274,9005.536125272369,8694.99897185196,6502.239905882706,11717.867424686538,5088.667221108133,14093.921,14207.296,3659.0986,5020.9146,3621.7925,3977.6162,-14769.795,-4436.037,16204.65,21393.922,18026.781,10420.988,37542.25,7.75825756136328e-05,11318.8740234375,83303.65625
17_1603_2,2023-12-01,0.0,5553.577171511389,5538.445311807373,9793.0390625,5517.439270250223,1956.423626732013,1583.83968850352,5993.4724803783265,7376.963371921345,9152.630496686274,9005.536125272369,8694.99897185196,6502.239905882706,11717.867424686538,5088.667221108133,14071.688,13883.947,2753.9001,11684.44,3058.3418,3306.1165,-6152.766,-4028.8855,11275.466,13270.636,14839.596,3354.4475,28811.074,7.75825756136328e-05,11563.166015625,83303.65625
17_1603_2,2024-01-01,0.0,5553.577171511389,5538.445311807373,10285.50390625,5535.67122082459,665.2296002890153,3167.080107767263,6040.609686450553,7376.963371921345,9152.630496686274,9005.536125272369,8694.99897185196,6502.239905882706,11717.867424686538,5088.667221108133,13875.156,13533.414,2108.7915,11074.651,2839.7988,3650.5176,-9044.752,-4829.3486,8039.356,9103.768,1925.3223,1291.4082,15615.121,7.75825756136328e-05,12581.05078125,83303.65625
17_1607_2,2023-10-01,0.0,0.0,54.51557976630933,46506.39453125,26661.47677284733,-49363.758783470264,52872.89419181789,43866.99361921345,20455.235738134397,37773.21970050333,35117.73232573604,35884.55871547816,14817.681301767623,2185.542336649278,5088.327384143926,-132.48604,-311.79395,1747.7589,-8955.8125,-616.80707,-1386.6312,-23717.434,-15769.85,13352.974,22532.629,223238.44,868.77344,3799.1133,0.0003628710692282766,389629.84375,0.0003628710692282766
17_1607_2,2023-11-01,0.0,0.0,54.51557976630933,44185.671875,25957.195773014795,-37817.139314271786,44297.57519607956,45804.29307582922,20455.235738134397,37773.21970050333,35117.73232573604,35884.55871547816,14817.681301767623,2185.542336649278,5088.327384143926,156.37729,23.966944,2381.1401,73631.78,-1002.1832,-249.34729,-19375.16,-13958.96,11246.109,13819.465,565438.56,1879.8359,4267.914,0.0003628710692282766,0.0003628710692282766,0.0003628710692282766
17_1607_2,2023-12-01,9710.368373772537,0.0,54.51557976630933,46390.65234375,25975.799833508183,-51295.20225320417,54248.95103155229,47741.59253244499,20455.235738134397,37773.21970050333,35117.73232573604,35884.55871547816,14817.681301767623,2185.542336649278,5088.327384143926,145.49606,-207.8125,2475.6096,107116.45,-1260.4044,-1194.5095,-19103.621,-13503.301,12056.406,14706.3,938026.6,3443.625,2072.9844,0.0003628710692282766,0.0003628710692282766,0.0003628710692282766
17_1607_2,2024-01-01,32367.89457924179,0.0,54.51557976630933,48682.15234375,25975.308394626652,-9282.895501893283,81242.77623574543,49678.89198906076,20455.235738134397,37773.21970050333,35117.73232573604,35884.55871547816,14817.681301767623,2185.542336649278,5088.327384143926,-214.07997,-5.026831,2442.0627,-78884.16,-1463.4039,-2246.2444,-25966.545,-22145.209,10931.316,16381.267,1070959.9,2285.0547,4906.133,0.0003628710692282766,0.0003628710692282766,0.0003628710692282766
17_1608_2,2023-10-01,3146.8786396485075,0.0,1957.7897931097323,-347.0240783691406,2092.9973046443038,-1394.9603919960778,-3853.498536301363,906.6682877069301,1122.9725805764565,1213.8199920515106,4700.026553088578,1153.128992448935,1168.659470773717,8.336684836458268,989.2122887730549,20.099884,-13.190901,84.58418,-332.39722,3.463065,-10.1101465,-1083.4637,-740.27295,797.92883,1132.2437,0.1764431,0.00044253256,79.1181,2.7604164642980322e-05,2.7604164642980322e-05,29639.74609375
17_1608_2,2023-11-01,0.0,0.0,1957.7897931097323,-378.3308410644531,1979.0893282149934,8801.07138241446,7161.201803937097,812.9310123905008,1122.9725805764565,1213.8199920515106,4700.026553088578,1153.128992448935,1168.659470773717,8.336684836458268,989.2122887730549,-21.042343,39.596706,116.857666,-2625.115,5.605091,94.664696,-1305.5905,-665.2126,739.7669,821.3826,-0.11338091,7.758526e-05,-153.42029,2.7604164642980322e-05,2.7604164642980322e-05,2.7604164642980322e-05
17_1608_2,2023-12-01,0.0,0.0,1957.7897931097323,-336.9573059082031,1985.288584690589,-2301.440263922486,-3799.8655739312862,719.1937370740711,1122.9725805764565,1213.8199920515106,4700.026553088578,1153.128992448935,1168.659470773717,8.336684836458268,989.2122887730549,-5.388611,94.66663,121.312454,1519.3888,3.8208542,-127.20195,-1201.5599,-841.6561,829.79,942.8874,0.0664444,-0.0010665987,-94.67566,2.7604164642980322e-05,2.7604164642980322e-05,2.7604164642980322e-05
17_1608_2,2024-01-01,0.0,0.0,1957.7897931097323,-272.4275207519531,1984.9512002329336,-638.5301296244334,-5154.929298350785,625.4564617576417,1122.9725805764565,1213.8199920515106,4700.026553088578,1153.128992448935,1168.659470773717,8.336684836458268,989.2122887730549,63.337852,6.8986697,119.258644,5116.2466,-2.5707781,-126.150955,-1275.8148,-792.12744,745.95685,1200.8711,0.48626935,-0.0018739337,-129.9419,2.7604164642980322e-05,2.7604164642980322e-05,2.7604164642980322e-05
17_1700_14,2023-10-01,0.0,0.0,3528.4728992060654,28001.0390625,412904.8323589694,578217.7721468273,-1508107.6291092988,-289079.62793154095,109418.54149035162,1568404.4662603457,651007.1036099306,1489984.2429473284,109418.54149035162,18621.289959453938,2615.32736568068,-384.0,-175.4375,22676.125,111039.5,7101.0625,15473.354,-50004.562,-27309.203,59805.418,68355.63,123748.11,661.15625,-112719.25,0.017849644646048546,0.017849644646048546,0.017849644646048546
17_1700_14,2023-11-01,0.0,0.0,3528.4728992060654,36177.81640625,692377.1285552352,-209632.63425314304,-2298802.784254568,-386032.0525931949,109418.54149035162,1568404.4662603457,651007.1036099306,1489984.2429473284,109418.54149035162,18621.289959453938,2615.32736568068,2772.3125,2069.6875,24124.5,264058.7,12799.9375,8269.952,-59098.81,-36436.746,49279.566,72907.31,-31238.926,2580.4688,-144855.1,0.017849644646048546,84307.5390625,0.017849644646048546
17_1700_14,2023-12-01,0.0,0.0,3528.4728992060654,30187.572265625,881536.3687002161,427228.5358066833,-1840982.2642744065,-482984.477254849,109418.54149035162,1568404.4662603457,651007.1036099306,1489984.2429473284,109418.54149035162,18621.289959453938,2615.32736568068,755.65625,5612.3438,24747.938,119302.28,12554.0625,13815.748,-49190.84,-37913.676,54271.324,85436.875,-73911.016,6261.375,-131373.44,0.017849644646048546,421537.625,0.017849644646048546
17_1700_14,2024-01-01,0.0,0.0,3528.4728992060654,29571.240234375,1009567.7285853417,584912.666367512,-1239288.8900866313,-579936.9019165029,109418.54149035162,1568404.4662603457,651007.1036099306,1489984.2429473284,109418.54149035162,18621.289959453938,2615.32736568068,6512.5938,1521.5625,25014.594,9240.125,-388.3125,-4818.9565,-71161.28,-46126.125,40654.74,58890.47,-122243.81,8370.844,-131332.62,0.017849644646048546,880545.25,252922.59375
17_1706_2,2023-10-01,0.0,126429.75025886911,164790.836108233,134941.3125,243676.79860817405,-993474.5710031727,200866.75970598962,164573.73478711728,299177.97952200315,193504.1739372285,203723.72759098024,183828.96524036708,236490.85668766958,157377.91501614318,164573.60750641086,167049.88,173625.47,163355.0,-261180.22,154116.98,142569.94,-64510.617,8919.207,346599.38,461238.16,53418.25,159239.0,129937.484,0.006203583441674709,126970.1171875,156270.90625
17_1706_2,2023-11-01,0.0,74345.95218970947,164790.836108233,86584.96875,300279.2648206641,-1890281.7115978547,-741889.7802722192,164573.73478711728,299177.97952200315,193504.1739372285,203723.72759098024,183828.96524036708,236490.85668766958,157377.91501614318,164573.60750641086,161420.86,164634.02,160737.94,-53313.906,147793.9,139444.47,-34409.652,23041.605,230961.66,350548.84,151850.44,150000.36,105963.71,0.006203583441674709,0.006203583441674709,156270.90625
17_1706_2,2023-12-01,0.0,31624.51730314638,164790.836108233,82857.0,340893.9537115247,-1770885.7706385255,-711747.5009181772,164573.73478711728,299177.97952200315,193504.1739372285,203723.72759098024,183828.96524036708,236490.85668766958,157377.91501614318,164573.60750641086,148274.14,150369.88,159202.42,-485640.25,141281.08,140818.14,65593.8,82140.37,209447.45,228379.7,62288.234,148925.19,110936.37,0.006203583441674709,0.006203583441674709,156270.90625
17_1706_2,2024-01-01,0.0,5027.542835368812,164790.836108233,66592.2265625,370036.7290017187,-1722492.2996076765,-1016537.0648905612,164573.73478711728,299177.97952200315,193504.1739372285,203723.72759098024,183828.96524036708,236490.85668766958,157377.91501614318,164573.60750641086,146010.23,150980.67,158167.28,745388.0,136049.08,140522.25,100569.03,105873.88,193225.48,207158.84,161800.55,148206.19,110775.68,0.006203583441674709,0.006203583441674709,156270.90625
17_1708_2,2023-10-01,0.0,0.0,-4759.862564866751,381.39239501953125,4188.969800200483,2506.812774672745,-14517.270729652802,-144.82769875582053,81.98254407031791,45210.0861268427,12086.675097232059,42949.58182050056,81.98254407031791,0.2392166111547468,2.682598376961117e-25,-0.3313695,-1.2379519,12.741132,-572.7956,-0.8359927,-1.1849433,-98.92234,-68.945496,142.37642,180.32472,0.1764431,0.00044253256,-0.051679973,6.567772652488202e-05,6.567772652488202e-05,6.567772652488202e-05
17_1708_2,2023-11-01,0.0,0.0,-4856.352125444743,401.72686767578125,5747.225497308653,5833.034965369877,-13782.708456751436,-201.51794085696008,81.98254407031791,45210.0861268427,12086.675097232059,42949.58182050056,81.98254407031791,0.2392166111547468,2.682598376961117e-25,-2.2733185,-3.2140443,17.153803,-212.56544,-1.7111789,10.6325035,-147.43022,-97.24087,116.00638,171.26169,-0.11338091,7.758526e-05,0.041238226,6.567772652488202e-05,6.567772652488202e-05,6.567772652488202e-05
17_1708_2,2023-12-01,0.0,0.0,-4933.640819929854,379.91864013671875,6326.8813395288225,5164.959194097968,-14555.997940485184,-254.01477474822372,81.98254407031791,45210.0861268427,12086.675097232059,42949.58182050056,81.98254407031791,0.2392166111547468,2.682598376961117e-25,-3.0036132,-4.046541,17.814274,-270.44232,-2.6835604,6.36117,-146.15295,-120.177055,96.70885,146.8008,0.0664444,-0.0010665987,0.09241466,6.567772652488202e-05,2654.012939453125,6.567772652488202e-05
17_1708_2,2024-01-01,0.0,0.0,-4995.54950994181,365.5306396484375,6542.507629901788,33761.72222744843,25329.44835388481,-302.78487362067995,81.98254407031791,45210.0861268427,12086.675097232059,42949.58182050056,81.98254407031791,0.2392166111547468,2.682598376961117e-25,-1.4364738,-6.831516,17.566416,107.51241,-3.7180665,7.3226404,-123.20174,-111.908775,129.43465,215.72081,0.48626935,-0.0018739337,0.09647306,6.567772652488202e-05,2654.012939453125,6.567772652488202e-05
18_1100_74,2023-10-01,0.0,0.0,37359.06417460558,5806.31787109375,31511.72331271437,3498.2596759572007,-95842.70104915522,-24907.720846097593,28157.537989802153,47179.29488880399,118794.38655024579,44820.33014436379,21077.264773207986,5.0904441513139185,10804.144541938456,0.006189222,0.0004245494,0.023450598,0.086388715,-189.96265,-2336.516,-21800.777,-16565.404,10724.415,16340.037,0.1764431,0.00044253256,-0.051679973,0.0005193664110265672,0.0005193664110265672,0.0005193664110265672
18_1100_74,2023-11-01,0.0,0.0,37359.06417460558,5916.94482421875,36314.18720279723,-13465.37597921201,-113417.82975669613,-31329.011352166217,28157.537989802153,47179.29488880399,118794.38655024579,44820.33014436379,21077.264773207986,5.0904441513139185,10804.144541938456,0.01310945,0.0067549273,0.030348174,0.014837996,-496.2931,511.2613,-19076.582,-12714.221,16531.12,20357.518,-0.11338091,7.758526e-05,0.041238226,0.0005193664110265672,0.0005193664110265672,0.0005193664110265672
18_1100_74,2023-12-01,0.0,0.0,37359.06417460558,5795.64501953125,37046.09447383639,23596.688987636688,-102236.68875821857,-37750.30185823483,28157.537989802153,47179.29488880399,118794.38655024579,44820.33014436379,21077.264773207986,5.0904441513139185,10804.144541938456,0.0042362628,0.022851367,0.031172208,0.20647871,-914.12537,25.909515,-24194.2,-20027.664,13410.347,16163.735,0.0664444,-0.0010665987,0.09241466,0.0005193664110265672,0.0005193664110265672,0.0005193664110265672
18_1100_74,2024-01-01,0.0,0.0,37359.06417460558,5620.60302734375,37157.63893635826,-17578.003385081654,-135853.09762159115,-44171.59236430346,28157.537989802153,47179.29488880399,118794.38655024579,44820.33014436379,21077.264773207986,5.0904441513139185,10804.144541938456,0.008740532,0.019834008,0.03055612,-0.20175557,-1424.6604,477.0171,-28052.875,-17299.646,9070.116,14530.188,0.48626935,-0.0018739337,0.09647306,0.0005193664110265672,0.0005193664110265672,0.0005193664110265672
18_1104_14,2023-10-01,2277.441026922763,2277.441026922763,2287.4677243756632,-58219.33203125,251091.94792818418,-4761776.793944128,-5747466.566812206,-354177.3499947963,638335.7641491956,2588204.4915039325,1567157.130546384,2458794.2669287357,351906.77672755584,5723.756825052895,2405.552103772136,3652.5796,-547.6074,36914.402,-1318008.9,1294.1969,8676.303,-489513.22,-288759.62,270802.9,377429.34,3360.4517,2364.6262,2719.7349,0.03384101390838623,0.03384101390838623,0.03384101390838623
18_1104_14,2023-11-01,2277.441026922763,2277.441026922763,2287.4677243756632,6999.62158203125,474326.02377023967,-4765692.044029741,-5738362.101794383,-707194.3772916158,638335.7641491956,2588204.4915039325,1567157.130546384,2458794.2669287357,351906.77672755584,5723.756825052895,2405.552103772136,-570.50385,-616.08636,49352.64,311014.7,-1136.9785,-42402.004,-592797.6,-315147.53,284920.34,442915.78,5343.947,2363.3748,7122.8037,0.03384101390838623,124318.4921875,0.03384101390838623
18_1104_14,2023-12-01,5.394649096540299,2277.441026922763,2287.4677243756632,-34267.0078125,674609.5733015067,-4370911.988900509,-5795208.8213806525,-1060211.4045884353,638335.7641491956,2588204.4915039325,1567157.130546384,2458794.2669287357,351906.77672755584,5723.756825052895,2405.552103772136,-20034.127,-15390.6045,51216.22,-1020514.6,-3401.1406,-14596.418,-321785.34,-262519.97,271476.2,470389.72,8135.2188,2428.3264,2743.81,0.03384101390838623,0.03384101390838623,0.03384101390838623
18_1104_14,2024-01-01,5.394649096540299,2277.441026922763,2287.4677243756632,-5944.357421875,854302.1227545075,-4700920.3353956295,-5330065.018655248,-1413228.4318852546,638335.7641491956,2588204.4915039325,1567157.130546384,2458794.2669287357,351906.77672755584,5723.756825052895,2405.552103772136,-31329.951,-18017.229,50542.97,623845.2,-5610.0835,-7943.3335,-310308.06,-247800.34,249364.92,318485.44,6439.6772,2374.4727,1699.9677,0.03384101390838623,0.03384101390838623,0.03384101390838623
18_1108_2,2023-10-01,83754.6245483364,58251.021424339444,54027.135331691235,45757.0078125,50907.03814197234,29653.08736307451,5995.771494916091,54603.29147228625,2203.0090863400565,5793.019224003326,9886.28197345437,5503.368262803159,7719.428829811185,33091.46082229584,53730.25582147131,53234.39,54481.723,42783.82,21330.547,29672.656,21738.838,-139109.3,-78520.25,99708.336,146701.86,60790.883,92081.94,79554.33,5.834244439029135e-05,62644.72265625,62644.72265625
18_1108_2,2023-11-01,113479.14107027346,53458.304315149304,54027.135331691235,42295.390625,48055.04139243039,27635.533990625237,7447.479467637771,55467.42206610541,2203.0090863400565,5793.019224003326,9886.28197345437,5503.368262803159,7719.428829811185,33091.46082229584,53730.25582147131,29804.494,35049.42,30382.963,24533.203,22420.99,23413.303,-39704.297,-23165.98,76359.05,99992.52,65218.72,112968.44,92589.984,5.834244439029135e-05,62644.72265625,62644.72265625
18_1108_2,2023-12-01,29724.516521937046,49059.917412143775,54027.135331691235,42543.30078125,45450.589439575604,24673.16243637457,5486.966995702963,56331.552659924564,2203.0090863400565,5793.019224003326,9886.28197345437,5503.368262803159,7719.428829811185,33091.46082229584,53730.25582147131,26719.287,29129.436,25435.668,15749.943,18591.068,19054.676,-37840.836,-12861.767,40626.16,52203.79,60146.688,65645.52,-1048.2666,5.834244439029135e-05,62644.72265625,62644.72265625
18_1108_2,2024-01-01,29724.516521937046,45023.41642370977,54027.135331691235,40014.33984375,43072.19613466792,21997.226625583884,16308.099040564535,57195.683253743715,2203.0090863400565,5793.019224003326,9886.28197345437,5503.368262803159,7719.428829811185,33091.46082229584,53730.25582147131,23861.777,28561.383,20199.238,12324.638,15705.083,15592.182,-8698.719,-3988.3506,35533.04,41005.543,16381.254,21938.21,-1447.5981,5.834244439029135e-05,62644.72265625,5.834244439029135e-05
18_1113_14,2023-10-01,0.0,-19.896027336558735,8.541100659793763e-34,5.027394771575928,225.9172362163779,-16.146103339001343,-2258.6640649686615,-126.11575699083576,32.338621284113984,2940.216911280168,801.3313822314695,2793.2060657161596,32.338621284113984,1.2729728844215003,8.531440204500695e-16,0.33630145,-1.0431004,3.5364637,-103.34546,-1.1660954,-0.46208537,-27.560343,-20.106377,33.041317,37.41347,0.1764431,0.00044253256,18.297272,1.606653859198559e-05,1.606653859198559e-05,1.606653859198559e-05
18_1113_14,2023-11-01,0.0,-19.896027336558735,8.541100659793763e-34,-0.3853989839553833,428.5220550143167,122.71108395811669,-2180.2890356554517,-250.97035640569894,32.338621284113984,2940.216911280168,801.3313822314695,2793.2060657161596,32.338621284113984,1.2729728844215003,8.531440204500695e-16,0.32978708,-0.5421723,4.7866244,-0.13898784,-1.4473244,-4.750716,-36.603546,-29.536661,19.831148,37.214645,-0.11338091,7.758526e-05,-9.189133,1.606653859198559e-05,1.606653859198559e-05,1.606653859198559e-05
18_1113_14,2023-12-01,0.0,-19.896027336558735,8.541100659793763e-34,2.7125325202941895,610.2200665853779,585.2005388293771,-2187.3983951725772,-375.8249558205621,32.338621284113984,2940.216911280168,801.3313822314695,2793.2060657161596,32.338621284113984,1.2729728844215003,8.531440204500695e-16,0.22654557,-0.7892958,4.969561,134.6576,-1.433245,-0.021258771,-36.81882,-25.49156,27.476536,39.009087,0.0664444,-0.0010665987,39.603226,438.4498596191406,1.606653859198559e-05,1.606653859198559e-05
18_1113_14,2024-01-01,0.0,-19.896027336558735,8.541100659793763e-34,0.4704572260379791,773.1686460157769,1300.2366758367964,-198.36289677863488,-500.67955523542525,32.338621284113984,2940.216911280168,801.3313822314695,2793.2060657161596,32.338621284113984,1.2729728844215003,8.531440204500695e-16,0.3108191,-0.5986883,4.909162,6.1386814,-1.2775086,-1.902444,-41.459652,-31.60779,24.217316,41.067074,0.48626935,-0.0018739337,23.50563,1.606653859198559e-05,1.606653859198559e-05,1.606653859198559e-05
18_1114_14,2023-10-01,0.0,0.0,5995.050099001311,1087.7618408203125,6295.229940960898,-5172.87627159107,-14032.698286018374,-1942.408654652712,2716.0247651772934,7010.773901019875,7010.873727876156,6660.235205968881,2716.0247651772934,3.3760458620113036,1750.0642650588195,-39.562374,-63.68593,418.3139,-6389.388,-8.345469,-343.30212,-5576.254,-3567.6323,3798.3467,5720.568,0.1764431,0.00044253256,11.863159,8.404698746744543e-05,8.404698746744543e-05,8.404698746744543e-05
18_1114_14,2023-11-01,0.0,0.0,5995.050099001311,1145.0673828125,6019.947662572193,-4132.144811166329,-14804.30849282558,-2756.440181998501,2716.0247651772934,7010.773901019875,7010.873727876156,6660.235205968881,2716.0247651772934,3.3760458620113036,1750.0642650588195,132.8267,-23.163897,556.7912,10580.578,-43.144234,163.4834,-3615.87,-2647.8533,2840.6362,4250.602,-0.11338091,7.758526e-05,3.4713593,8.404698746744543e-05,8.404698746744543e-05,8.404698746744543e-05
18_1114_14,2023-12-01,0.0,0.0,5995.050099001311,1077.243408203125,6031.985401225995,-9276.809999542565,-17950.526713082283,-3570.4717093442896,2716.0247651772934,7010.773901019875,7010.873727876156,6660.235205968881,2716.0247651772934,3.3760458620113036,1750.0642650588195,80.93637,-71.59663,576.47046,2809.6511,-102.008736,-553.8544,-5534.0,-3175.3447,2315.0837,4147.497,0.0664444,-0.0010665987,40.308258,8.404698746744543e-05,8.404698746744543e-05,8.404698746744543e-05
18_1114_14,2024-01-01,28444.18646969148,0.0,5995.050099001311,975.5220947265625,6031.459006454978,-6135.179560827284,-19465.63726408845,-4384.50323669008,2716.0247651772934,7010.773901019875,7010.873727876156,6660.235205968881,2716.0247651772934,3.3760458620113036,1750.0642650588195,48.959362,-81.56544,567.42004,11279.733,-181.2713,-447.12186,-4109.857,-3704.2354,3672.4084,5103.521,0.48626935,-0.0018739337,37.07242,8.404698746744543e-05,8.404698746744543e-05,8.404698746744543e-05
18_1115_14,2023-10-01,0.0,-3703.9170274200515,1582.5077782437606,-1329.3106689453125,3297.8641365993444,-563.0350170393535,-9025.30215391672,-2982.8825053561127,3609.860103020427,6591.863746292173,4656.427904538957,6262.270558977564,2701.9841495736314,156.0123502394111,2361.019784810825,-89.284645,16.024374,46.295204,1263.6019,5.0963044,11.57285,-653.20386,-388.40308,333.9157,545.7862,1780.0286,41.55786,329.97473,7.256320532178506e-05,7.256320532178506e-05,7.256320532178506e-05
18_1115_14,2023-11-01,0.0,0.0,1582.5077782437606,160.2793731689453,4477.167076240655,12158.654916409954,1370.0983712615853,-3694.635558812885,3609.860103020427,6591.863746292173,4656.427904538957,6262.270558977564,2701.9841495736314,156.0123502394111,2361.019784810825,15.099357,21.784698,62.439823,-503.37167,3.9342775,-44.27578,-556.73,-355.95828,350.4771,471.8464,5453.453,44.355713,454.76367,7.256320532178506e-05,7.256320532178506e-05,7.256320532178506e-05
18_1115_14,2023-12-01,0.0,0.0,1582.5077782437606,-187.761962890625,4898.881060152903,1051.5429586577666,-10667.674085192597,-4406.388612269659,3609.860103020427,6591.863746292173,4656.427904538957,6262.270558977564,2701.9841495736314,156.0123502394111,2361.019784810825,49.292885,-10.084205,64.690956,3253.411,1.7247354,5.5850143,-516.9482,-339.5533,377.35452,514.8266,10516.313,81.01538,684.2782,7.256320532178506e-05,7.256320532178506e-05,7.256320532178506e-05
18_1115_14,2024-01-01,0.0,0.0,1582.5077782437606,-64.77935791015625,5049.684283183307,-1648.580349574349,-9729.825399393114,-5118.141665726432,3609.860103020427,6591.863746292173,4656.427904538957,6262.270558977564,2701.9841495736314,156.0123502394111,2361.019784810825,58.78838,5.96801,63.69755,730.40814,-1.069076,16.43881,-368.90247,-290.02267,437.07913,625.5417,11351.658,62.047363,660.7077,7.256320532178506e-05,7.256320532178506e-05,7.256320532178506e-05
18_1115_2,2023-10-01,0.0,-17.671994337556445,-395.57585515402303,1335.6558837890625,2207.6768607182275,26.35301404709753,-25691.394932320298,-3785.6773367008127,1016.1804351127041,38809.34360520779,17626.355241093595,36868.8764249474,1016.1804351127041,59.84874223544088,1.5274468584189099e-12,0.0679834,-16.256248,103.39908,-2439.379,51.65918,376.56604,-3547.9023,-1834.6608,2690.1772,3863.5093,0.1764431,0.00044253256,-95.706055,0.00029352749697864056,34813.80078125,0.00029352749697864056
18_1115_2,2023-11-01,0.0,-35.34398867511288,-613.3484322781762,-69.83793640136719,4251.952966706358,-1017.7213197560986,-25305.923241017477,-7533.497899737983,1016.1804351127041,38809.34360520779,17626.355241093595,36868.8764249474,1016.1804351127041,59.84874223544088,1.5274468584189099e-12,7.2671204,22.323114,139.2908,-3387.855,-41.771484,-318.10632,-2801.8892,-2530.656,3473.5698,5158.4907,-0.11338091,7.758526e-05,-415.07812,0.00029352749697864056,34813.80078125,0.00029352749697864056
18_1115_2,2023-12-01,0.0,-53.015983012669324,-787.5664939774988,750.4692993164062,6144.922391658529,-2152.4351343485514,-30890.56373877537,-11281.318462775153,1016.1804351127041,38809.34360520779,17626.355241093595,36868.8764249474,1016.1804351127041,59.84874223544088,1.5274468584189099e-12,-2.5673084,-11.212118,144.25514,-699.2118,-383.72852,-211.60443,-3019.3516,-2595.5596,3087.2185,4045.261,0.0664444,-0.0010665987,-79.49463,0.00029352749697864056,34813.80078125,0.00029352749697864056
18_1115_2,2024-01-01,4725.712608569302,-70.68797735022576,-926.9409433369567,192.20184326171875,7897.784068859266,282.1344609321768,-14314.083171514669,-15029.139025812321,1016.1804351127041,38809.34360520779,17626.355241093595,36868.8764249474,1016.1804351127041,59.84874223544088,1.5274468584189099e-12,-1.2457851,1.1711082,142.36409,4638.5596,-1049.0322,-1043.4619,-4451.0776,-3185.059,1576.2393,2707.0059,0.48626935,-0.0018739337,108.35791,0.00029352749697864056,34813.80078125,15250.2939453125
18_1116_16,2023-10-01,5924.223816184005,5858.067919759419,5101.450260253993,4927.7177734375,4974.7204325732255,4454.185052946766,1896.5730260070654,5278.16463755085,2111.6601221619476,274.7160118657916,2227.944882837192,260.980211272502,2664.237901982952,4142.790218058473,5092.404229631313,5698.988,5766.6694,103.34817,2657.726,22.669422,40.46613,-117.40026,-102.80207,145.08984,171.7914,5984.426,4931.526,5071.627,5201.7275390625,5249.06982421875,4870.33154296875
18_1116_16,2023-11-01,6921.334790861203,6614.596010557229,5101.450260253993,5002.1416015625,4853.103693895494,5085.297541697698,2054.1394408386595,5462.240106693893,2111.6601221619476,274.7160118657916,2227.944882837192,260.980211272502,2664.237901982952,4142.790218058473,5092.404229631313,4205.642,4881.069,103.47354,2403.978,18.144787,11.11433,-54.73294,-38.210613,106.06024,149.65314,6637.933,1484.4668,5602.943,5101.12548828125,5349.671875,4763.81201171875
18_1116_16,2023-12-01,7756.606292642193,7371.12410135504,5101.450260253993,5043.431640625,4736.476178327517,5315.482208439744,1945.0518675871062,5646.315575836936,2111.6601221619476,274.7160118657916,2227.944882837192,260.980211272502,2664.237901982952,4142.790218058473,5092.404229631313,3952.6519,4433.834,103.597046,1613.5067,15.064821,12.597736,-45.140133,-29.19807,59.30189,85.32138,5396.8257,143.67322,1401.9143,5107.04296875,5290.494140625,4716.4697265625
18_1116_16,2024-01-01,8229.537196772226,8127.65219215285,5101.450260253993,5112.75146484375,4624.633207241095,5784.458363578243,2884.9368866332175,5830.391044979979,2111.6601221619476,274.7160118657916,2227.944882837192,260.980211272502,2664.237901982952,4142.790218058473,5092.404229631313,3695.603,3400.3706,103.50222,2383.682,13.157162,16.129126,-21.417671,-14.112392,42.23747,47.257893,182.93164,104.894775,1245.6117,5124.79638671875,5331.91845703125,4704.63427734375
18_1307_74,2023-10-01,0.0,0.0,0.12010447097663518,35.36664581298828,421.592169743059,797.6907393145495,1832.4615833078442,-73.7985676254312,110.56861677369385,1482.2040227030634,657.8497023956951,1408.0938215679103,110.56861677369385,13.005906970153525,0.01564972890644622,3.8747864,11.85202,36.01883,-258.73865,-4.879669,-9.634714,-85.10234,-61.060993,34.48097,59.296017,54.22682,0.26887512,22.858093,1.4986943824624177e-05,1.4986943824624177e-05,1.4986943824624177e-05
18_1307_74,2023-11-01,0.0,0.0,0.12010447097663518,40.54774475097656,684.5365930188674,-2328.891820790157,-1288.327525752954,-146.8591496113699,110.56861677369385,1482.2040227030634,657.8497023956951,1408.0938215679103,110.56861677369385,13.005906970153525,0.01564972890644622,-7.548584,0.8978882,34.877594,-6.5186462,-6.487915,6.375545,-92.662704,-45.777737,77.2826,83.096924,-22.834581,1.4581146,-54.76825,1.4986943824624177e-05,1.4986943824624177e-05,1.4986943824624177e-05
18_1307_74,2023-12-01,0.0,0.0,0.12010447097663518,35.86713790893555,848.5334001084891,-2136.8257832006034,-1335.8154088761291,-219.9197315973086,110.56861677369385,1482.2040227030634,657.8497023956951,1408.0938215679103,110.56861677369385,13.005906970153525,0.01564972890644622,-7.640045,0.08258057,33.376556,-615.9584,-6.1003723,-10.765034,-106.18148,-74.74889,37.50703,54.437233,-49.865143,3.7484436,-16.476654,369.6623229980469,1.4986943824624177e-05,1.4986943824624177e-05
18_1307_74,2024-01-01,0.0,0.0,0.12010447097663518,34.71818161010742,950.8171922518192,-1323.6783611577691,-906.5677092532734,-292.9803135832473,110.56861677369385,1482.2040227030634,657.8497023956951,1408.0938215679103,110.56861677369385,13.005906970153525,0.01564972890644622,-13.766022,-7.9154053,31.794708,1271.4114,-4.2612915,-6.635479,-94.69125,-66.30631,49.37324,80.19909,-69.88196,5.1788483,-3.8531494,1.4986943824624177e-05,1.4986943824624177e-05,70.78641510009766
18_1408_2,2023-10-01,0.0,0.0,4098.124490217461,1424.4241943359375,13518.187597107906,889.6285222795595,-47017.89784779574,-16207.86974165118,10730.931883822434,27475.67249746515,8578.588308504035,26101.88887259189,6641.314392526729,598.021226749577,112.0822490656222,-24.691471,-52.98294,249.12451,-816.9835,-93.24195,-504.59665,-2337.4165,-1855.6309,1666.2386,2382.467,30747.086,126.38574,942.1997,0.00035356380976736546,0.00035356380976736546,0.00035356380976736546
18_1408_2,2023-11-01,0.0,0.0,4098.124490217461,1642.256591796875,19341.10361702127,17213.79390021319,-50179.278467710705,-20006.21601740845,10730.931883822434,27475.67249746515,8578.588308504035,26101.88887259189,6641.314392526729,598.021226749577,112.0822490656222,4.69366,10.520065,341.68094,10248.951,-125.90238,-116.323204,-2754.5579,-1821.5284,1755.4545,2352.0288,77776.64,280.89746,1038.9468,556.6517944335938,0.00035356380976736546,0.00035356380976736546
18_1408_2,2023-12-01,0.0,0.0,4098.124490217461,1379.3443603515625,21849.306046629332,12776.523036496435,-47560.19712577821,-23804.56229316571,10730.931883822434,27475.67249746515,8578.588308504035,26101.88887259189,6641.314392526729,598.021226749577,112.0822490656222,6.0560813,-41.138508,353.23923,15066.521,-133.49577,169.12619,-2750.9067,-2391.5767,2286.953,2840.782,129227.16,504.02148,652.4717,371.1012878417969,0.00035356380976736546,0.00035356380976736546
18_1408_2,2024-01-01,0.0,0.0,4098.124490217461,1210.1688232421875,22929.7062114913,-21264.24086921575,-63583.503207447975,-27602.90856892297,10730.931883822434,27475.67249746515,8578.588308504035,26101.88887259189,6641.314392526729,598.021226749577,112.0822490656222,-35.36262,-7.298618,346.21835,-10494.22,-134.84575,-56.449127,-2388.3103,-1452.3612,2322.7495,3546.7634,147522.12,361.16992,1022.42236,371.1012878417969,0.00035356380976736546,0.00035356380976736546
18_1500_16,2023-10-01,0.0,90230.8998290913,3621.949505260679,4998.9638671875,90230.8998290913,-420617.96040001675,4422.81519031827,331.8283000523443,21253.241265406043,202164.5853296357,258058.34086565644,192056.35606315391,21253.241265406043,1863.562665330504,2799.9247061963447,1058.2656,792.9531,7444.297,46454.17,2323.6562,3343.2378,-21185.928,-14523.907,20498.244,34979.57,96622.56,352.93945,-9172.328,0.0022306826431304216,0.0022306826431304216,0.0022306826431304216
18_1500_16,2023-11-01,0.0,128705.04439148113,3621.949505260679,5913.8564453125,128705.04439148113,-384986.7143323953,47222.95965107378,-9517.253782567215,21253.241265406043,202164.5853296357,258058.34086565644,192056.35606315391,21253.241265406043,1863.562665330504,2799.9247061963447,5786.875,9774.0,9013.0625,73651.54,4431.0312,4631.336,-22758.61,-16389.41,18348.648,22100.053,250580.89,811.24805,-22978.32,0.0022306826431304216,0.0022306826431304216,0.0022306826431304216
18_1500_16,2023-12-01,0.0,145110.28697037007,3621.949505260679,5108.36572265625,145110.28697037007,-371520.28546320694,37067.88785282138,-19366.33586518676,21253.241265406043,202164.5853296357,258058.34086565644,192056.35606315391,21253.241265406043,1863.562665330504,2799.9247061963447,2599.2344,7749.203,9648.141,153122.75,6065.5938,7558.5264,-21976.088,-8591.903,25450.066,36172.496,413955.44,1503.9453,-23130.594,0.0022306826431304216,1170.6656494140625,0.0022306826431304216
18_1500_16,2024-01-01,0.0,152105.42583916974,3621.949505260679,4947.783203125,152105.42583916974,-444339.563311573,-192532.95147333745,-29215.417947806316,21253.241265406043,202164.5853296357,258058.34086565644,192056.35606315391,21253.241265406043,1863.562665330504,2799.9247061963447,2879.9375,10874.609,9903.375,203458.67,4659.9688,4770.8184,-29435.873,-15527.294,30504.74,38529.883,475051.94,1095.2422,-21094.703,0.0022306826431304216,0.0022306826431304216,0.0022306826431304216
18_1500_72,2023-10-01,0.0,0.0,0.0,0.0,0.0,0.0,0.0,0.0,0.0,0.0,0.0,0.0,0.0,0.0,0.0,0.006189222,0.0004245494,0.023450598,0.086388715,0.02192087,-0.006835116,-0.549776,-0.4113495,0.54292995,0.65938383,0.1764431,0.00044253256,-0.051679973,1.3969838619232178e-08,1.3969838619232178e-08,1.3969838619232178e-08
18_1500_72,2023-11-01,539.4649096540298,0.0,0.0,0.0,0.0,0.0,0.0,0.0,0.0,0.0,0.0,0.0,0.0,0.0,0.0,0.01310945,0.0067549273,0.030348174,0.014837996,0.05280773,0.00037788786,-1.6215048,-0.6462178,0.49817204,0.6428696,-0.11338091,7.758526e-05,0.041238226,1.3969838619232178e-08,1.3969838619232178e-08,1.3969838619232178e-08
18_1500_72,2023-12-01,23556.63438822597,0.0,0.0,0.0,0.0,0.0,0.0,0.0,0.0,0.0,0.0,0.0,0.0,0.0,0.0,0.0042362628,0.022851367,0.031172208,0.20647871,0.0910797,0.11826916,-1.00412,-0.7025852,1.3498857,1.8362882,0.0664444,-0.0010665987,0.09241466,1.3969838619232178e-08,1.3969838619232178e-08,1.3969838619232178e-08
18_1500_72,2024-01-01,23556.63438822597,0.0,0.0,0.0,0.0,0.0,0.0,0.0,0.0,0.0,0.0,0.0,0.0,0.0,0.0,0.008740532,0.019834008,0.03055612,-0.20175557,0.13655055,0.06758941,-0.82716644,-0.6105736,0.9217284,0.999118,0.48626935,-0.0018739337,0.09647306,1.3969838619232178e-08,1.3969838619232178e-08,1.3969838619232178e-08
18_1605_16,2023-10-01,8675.494855419556,8675.494855419556,8675.494855419556,8665.94921875,8123.496146178644,8508.926936744565,6790.801374635597,9153.757864858359,6158.460926852749,3351.180899767487,5811.426230895268,3183.6218547791127,7060.237699836519,8607.726716355397,8675.494855419469,8506.17,8658.301,2892.9644,5993.8394,668.25415,905.2019,-3083.4316,-2354.7256,3059.9531,3719.5017,9866.004,4564.046,8384.049,8670.357421875,8670.357421875,8670.357421875
18_1605_16,2023-11-01,8675.494855419556,8675.494855419556,8675.494855419556,8598.787109375,7631.353499277964,8372.545270842733,6626.324851260744,9627.238244202857,6158.460926852749,3351.180899767487,5811.426230895268,3183.6218547791127,7060.237699836519,8607.726716355397,8675.494855419469,6938.823,7083.6963,2894.0862,4700.8564,474.1419,774.25134,-1187.6744,-633.53314,2164.1758,2352.7249,8184.198,-590.5542,212.229,8670.357421875,8670.357421875,8670.357421875
18_1605_16,2023-12-01,8675.494855419556,8675.494855419556,8675.494855419556,8591.7041015625,7192.5764136730395,8243.818754129723,6614.720906000899,10100.718623547355,6158.460926852749,3351.180899767487,5811.426230895268,3183.6218547791127,7060.237699836519,8607.726716355397,8675.494855419469,6169.9546,5206.6206,2889.6575,1800.9788,450.58188,204.92865,-2426.0269,-1695.38,1317.7294,1516.7108,9530.173,-1343.8442,76.33594,8670.357421875,8670.357421875,8670.357421875
18_1605_16,2024-01-01,8675.494855419556,8675.494855419556,8675.494855419556,8537.0283203125,6801.378186767895,10382.712367711669,10144.4812147962,10574.199002891854,6158.460926852749,3351.180899767487,5811.426230895268,3183.6218547791127,7060.237699836519,8607.726716355397,8675.494855419469,5833.4443,3455.9182,2877.2078,3378.7412,451.53293,429.75476,-986.40924,-574.89655,1652.7391,1951.8362,8423.314,-792.81494,374.44775,8670.357421875,8648.7900390625,8670.357421875
19_1212_74,2023-10-01,0.0,0.0,7621.108303252701,1920.8621826171875,7695.20368485904,8068.965108133153,-18200.582733117422,7.873088463254774e-13,3212.729267721439,8204.689919668115,5882.770287720762,7794.455423684709,3155.780348795053,15.677106537390129,6636.9138636857315,6.035634,-9.62329,28.738785,640.6359,-7.7361894,31.241035,-264.94916,-153.87045,237.7129,294.952,0.1764431,0.00044253256,-5.4090576,0.00010613114864099771,0.00010613114864099771,113957.453125
19_1212_74,2023-11-01,0.0,0.0,7621.108303252701,1846.7672119140625,7595.899273178193,4720.853752451623,-16117.49429167915,7.873088463254774e-13,3212.729267721439,8204.689919668115,5882.770287720762,7794.455423684709,3155.780348795053,15.677106537390129,6636.9138636857315,1.1073253,-6.4164968,38.24135,-789.9402,-12.776027,4.124599,-262.99252,-193.66182,285.01392,406.2152,-0.11338091,7.758526e-05,-69.134705,0.00010613114864099771,0.00010613114864099771,113957.453125
19_1212_74,2023-12-01,0.0,0.0,7621.108303252701,1919.7174072265625,7597.1807683254465,8624.624776626513,-22298.12688115984,7.873088463254774e-13,3212.729267721439,8204.689919668115,5882.770287720762,7794.455423684709,3155.780348795053,15.677106537390129,6636.9138636857315,-6.1563034,3.994391,39.549255,-860.0348,-16.711496,-32.101593,-388.03778,-300.57388,238.0537,277.99518,0.0664444,-0.0010665987,63.00403,0.00010613114864099771,0.00010613114864099771,113957.453125
19_1212_74,2024-01-01,11623.67058667883,0.0,7621.108303252701,2016.2218017578125,7597.164230995588,4799.797618038168,-16371.267554754297,7.873088463254774e-13,3212.729267721439,8204.689919668115,5882.770287720762,7794.455423684709,3155.780348795053,15.677106537390129,6636.9138636857315,3.6560087,24.954391,38.90037,-55.310436,-20.517769,-54.819504,-387.61484,-314.2705,132.90166,199.02513,0.48626935,-0.0018739337,171.25406,0.00010613114864099771,0.00010613114864099771,113957.453125
1_1500_72,2023-10-01,0.0,0.0,613.3426120131983,44.95054626464844,490.1294829376492,2685.0830531659403,2647.7743633873615,516.5093088039885,261.55251591603235,194.16169085654067,749.841119260798,184.45360631371364,349.21684418912344,5.56520746031031,252.40171292524124,5.0781183,-5.824975,32.679867,682.22736,0.64260054,-25.025211,-530.6064,-349.372,209.31339,299.2633,0.1764431,0.00044253256,374.98212,8.609255019109696e-06,8.609255019109696e-06,8.609255019109696e-06
1_1500_72,2023-11-01,0.0,0.0,613.3426120131983,50.407657623291016,581.9365674297376,9974.023439009445,9945.147709673056,512.329041212529,261.55251591603235,194.16169085654067,749.841119260798,184.45360631371364,349.21684418912344,5.56520746031031,252.40171292524124,0.5932721,-1.806065,44.667767,-1489.4576,2.3944232,0.39660692,-372.58237,-263.05453,366.73874,479.4566,-0.11338091,7.758526e-05,166.8269,8.609255019109696e-06,8.609255019109696e-06,8.609255019109696e-06
1_1500_72,2023-12-01,334.46824398549853,0.0,613.3426120131983,44.28257751464844,599.1331268213905,-20.511219087980407,-35.32249248878588,508.14877362106967,261.55251591603235,194.16169085654067,749.841119260798,184.45360631371364,349.21684418912344,5.56520746031031,252.40171292524124,2.8579168,6.3555255,46.531075,2219.4434,3.5161705,-42.633064,-317.99194,-251.95088,227.77519,343.23325,0.0664444,-0.0010665987,224.33435,8.609255019109696e-06,8.609255019109696e-06,8.609255019109696e-06
1_1500_72,2024-01-01,1445.7659578728,0.0,613.3426120131983,39.10169982910156,602.3542470273821,-5.632258294535632,-79.56136616486299,503.9685060296103,261.55251591603235,194.16169085654067,749.841119260798,184.45360631371364,349.21684418912344,5.56520746031031,252.40171292524124,0.34661785,-7.968288,45.9606,1625.1106,3.0466533,20.650024,-330.85983,-243.13724,228.06458,333.8268,0.48626935,-0.0018739337,676.92566,8.609255019109696e-06,8.609255019109696e-06,8.609255019109696e-06
3_1000_2,2023-10-01,0.0,0.0,9.59168609387135e-40,-7824.69482421875,5045.679326105415,14420.903683030629,65405.03551984375,9.591685997731883e-18,6988.512162916934,17848.318000834857,31365.44269978947,16955.902100793115,4214.913800478172,43.90725445700981,9.653500670269608e-18,85.55368,70.738686,575.5838,-19656.686,-4.123902,137.41776,-5507.5913,-3768.8984,4384.966,6082.0317,0.1764431,0.00044253256,-8.498535,0.0002552272635512054,0.0002552272635512054,0.0002552272635512054
3_1000_2,2023-11-01,0.0,0.0,9.59168609387135e-40,569.3447875976562,8405.647792378517,-79348.00209425714,-30090.498117698004,9.591685997731883e-18,6988.512162916934,17848.318000834857,31365.44269978947,16955.902100793115,4214.913800478172,43.90725445700981,9.653500670269608e-18,-9.152961,124.7587,782.42346,-20162.336,-6.643695,-320.12817,-5774.6685,-4196.584,4099.824,6901.136,-0.11338091,7.758526e-05,-2375.7534,0.0002552272635512054,0.0002552272635512054,0.0002552272635512054
3_1000_2,2023-12-01,0.0,0.0,9.59168609387135e-40,-2177.074951171875,10643.08449112796,-72002.4604848803,-32271.34084222016,9.591685997731883e-18,6988.512162916934,17848.318000834857,31365.44269978947,16955.902100793115,4214.913800478172,43.90725445700981,9.653500670269608e-18,11.814161,-221.20546,814.79694,-32008.232,-19.253292,-606.8086,-4772.5015,-3766.5474,5121.711,8593.08,0.0664444,-0.0010665987,-1120.6147,0.0002552272635512054,0.0002552272635512054,0.0002552272635512054
3_1000_2,2024-01-01,517918.6811624479,0.0,9.59168609387135e-40,-615.8255615234375,12133.016028034206,-74537.24988475353,-47364.667580177906,9.591685997731883e-18,6988.512162916934,17848.318000834857,31365.44269978947,16955.902100793115,4214.913800478172,43.90725445700981,9.653500670269608e-18,-130.69319,-199.36494,805.1458,24509.262,-41.754772,115.02317,-5869.6714,-4124.486,5639.04,10182.132,0.48626935,-0.0018739337,-1283.0688,0.0002552272635512054,0.0002552272635512054,0.0002552272635512054
3_1000_50,2023-10-01,0.0,10067071.675016006,10688017.76978679,8395737.0,44408637.636384085,7941963.449694062,-14896117.605179967,-15979628.54297553,9996306.416868346,92458317.71222481,92458358.77457091,87835401.82661356,9996306.416868346,285113.90207042266,9996286.933954244,-101748.15,-22163.334,625970.8,-15924149.0,-331852.0,-123448.5,-10988949.0,-9247574.0,12340632.0,19776680.0,0.1764431,0.00044253256,590416.0,0.8962900638580322,0.8962900638580322,0.8962900638580322
3_1000_50,2023-11-01,0.0,10067071.675016006,10688017.76978679,9020770.0,58079128.06737089,-18904049.324191343,-12767610.212029409,-23759289.683957215,9996306.416868346,92458317.71222481,92458358.77457091,87835401.82661356,9996306.416868346,285113.90207042266,9996286.933954244,-46499.87,37210.285,843602.8,-9693672.0,-456812.0,-499712.7,-13163313.0,-10432206.0,14491881.0,22583054.0,-0.11338091,7.758526e-05,-682090.0,0.8962900638580322,0.8962900638580322,3292615.25
3_1000_50,2023-12-01,0.0,10067071.675016006,10688017.76978679,8336120.5,62287370.395223536,6775257.916166604,-30945020.23859223,-31538950.82493892,9996306.416868346,92458317.71222481,92458358.77457091,87835401.82661356,9996306.416868346,285113.90207042266,9996286.933954244,3653.8218,-190665.08,873476.5,-2691765.2,-809956.0,-972518.44,-17102906.0,-12549370.0,10039840.0,13641767.0,0.0664444,-0.0010665987,1759668.0,0.8962900638580322,0.8962900638580322,4703735.5
3_1000_50,2024-01-01,0.0,10067071.675016006,10688017.76978679,7902289.0,63582810.64144829,-17087205.73903639,-85934057.60924825,-39318611.9659206,9996306.416868346,92458317.71222481,92458358.77457091,87835401.82661356,9996306.416868346,285113.90207042266,9996286.933954244,21864.0,-9334.079,861921.3,34839890.0,-1892688.0,-3682772.5,-17526450.0,-12301303.0,8993354.0,13020075.0,0.48626935,-0.0018739337,3075482.0,0.8962900638580322,0.8962900638580322,19285312.0
3_1000_91,2023-10-01,539226984.9493842,1744860531.0811775,738493255.0228143,555418112.0,953469425.097512,626211465.7509818,313279228.14929426,555982428.0261884,281761076.50493103,45776257.90515304,256569970.84899342,43487445.00989539,437316022.7179759,951217166.4976023,731228311.667335,1812784000.0,1756993500.0,1029159230.0,626759550.0,905231900.0,625475840.0,-2049342000.0,-1423389000.0,2835293000.0,3567902000.0,1981591900.0,1898546400.0,597273540.0,142728960.0,2.1584763526916504,107613104.0
3_1000_91,2023-11-01,250233005.6536104,1744860531.0811775,738493255.0228143,1551146880.0,555890735.6947994,595976127.1870575,328392213.25280476,590062664.6410944,281761076.50493103,45776257.90515304,256569970.84899342,43487445.00989539,437316022.7179759,951217166.4976023,731228311.667335,453425180.0,509427040.0,604900500.0,724549250.0,648644740.0,572828300.0,-1300276000.0,-615116100.0,2037749800.0,2689073000.0,2124190000.0,1529712300.0,303955000.0,143861728.0,2317646336.0,105347568.0
3_1000_91,2023-12-01,242875129.5640999,1744860531.0811775,738493255.0228143,1899688320.0,356155341.8142911,646598449.7694399,327446080.21833605,624142901.2560004,281761076.50493103,45776257.90515304,256569970.84899342,43487445.00989539,437316022.7179759,951217166.4976023,731228311.667335,224715170.0,213819790.0,455715500.0,353061500.0,508983700.0,605247600.0,-578268600.0,-335186340.0,1298087700.0,1733560200.0,1903779300.0,1030697600.0,-29852480.0,2.1584763526916504,2.1584763526916504,122339112.0
3_1000_91,2024-01-01,147486028.0478361,1744860531.0811775,738493255.0228143,2621416448.0,255812369.13500747,619106399.72014,537991110.0010645,658223137.8709064,281761076.50493103,45776257.90515304,256569970.84899342,43487445.00989539,437316022.7179759,951217166.4976023,731228311.667335,64637650.0,38018896.0,347301900.0,161438510.0,403625630.0,453404100.0,-170378700.0,-99871330.0,775975550.0,932662140.0,359640830.0,683409800.0,-12937760.0,2.1584763526916504,2.1584763526916504,104214800.0
3_1201_16,2023-10-01,0.0,0.0,2849.4217497937316,5567.97607421875,4806.174591336909,2381.635142750851,-8523.736448659496,-742.2186011833257,7636.4786119793725,19605.75290500895,9950.009943366118,18625.4652597585,7636.4786119793725,6677.558014020106,151.75083627698226,-319.90674,230.65527,536.83594,6330.009,-533.65576,-494.34772,-2408.149,-1857.5184,701.987,1261.9763,-471.14038,-13.861816,3478.2566,0.00017990075866691768,8025.0205078125,0.00017990075866691768
3_1201_16,2023-11-01,0.0,0.0,2748.9730102698936,6497.138671875,8370.04478504587,6311.075624885416,-8817.022836699425,-1627.1924755994987,7636.4786119793725,19605.75290500895,9950.009943366118,18625.4652597585,7636.4786119793725,6677.558014020106,151.75083627698226,979.3423,644.4175,547.86475,5037.637,-601.1509,-649.59534,-2742.5422,-1663.8673,558.4165,885.97314,614.4983,60.22705,3749.0154,0.00017990075866691768,13500.9169921875,0.00017990075866691768
3_1201_16,2023-12-01,0.0,0.0,2668.6140186508233,5916.7451171875,11012.722556365476,5416.633667359606,-10841.319160589761,-2512.1663500156715,7636.4786119793725,19605.75290500895,9950.009943366118,18625.4652597585,7636.4786119793725,6677.558014020106,151.75083627698226,20.899414,646.60547,547.70703,8310.062,-792.6011,-841.0375,-2643.4253,-2120.8533,279.8342,471.17264,1336.0481,220.03467,3893.8525,0.00017990075866691768,15577.9814453125,14445.037109375
3_1201_16,2024-01-01,0.0,0.0,2604.3268253555666,5806.5849609375,12972.318563917788,22867.68077391297,16132.880792698388,-3397.1402244318438,7636.4786119793725,19605.75290500895,9950.009943366118,18625.4652597585,7636.4786119793725,6677.558014020106,151.75083627698226,-542.9678,185.7793,543.9888,12091.965,-921.8081,-977.4629,-2658.214,-2210.2017,257.15802,784.8538,418.24634,318.32227,5790.843,0.00017990075866691768,16050.041015625,14445.037109375
3_1212_73,2023-10-01,0.0,0.0,-23.135986161490376,-289.3547668457031,1426.9221728199664,587.7989837803427,-14773.159981057743,-182.10334357601337,65.4203434524009,42660.74209723963,28118.69494775422,40527.70499237764,65.4203434524009,0.1336337196106448,6.9852099176339705e-31,0.006189222,0.0004245494,0.023450598,0.086388715,0.02192087,-0.017394943,-0.8333841,-0.5479244,0.47643074,0.7213207,0.1764431,0.00044253256,-0.051679973,7.484140951419249e-05,7.484140951419249e-05,7.484140951419249e-05
3_1212_73,2023-11-01,0.0,0.0,-28.201939703226945,17.295251846313477,2713.661220268905,1991.8733365760704,-13972.414577537278,-337.2547529163858,65.4203434524009,42660.74209723963,28118.69494775422,40527.70499237764,65.4203434524009,0.1336337196106448,6.9852099176339705e-31,0.01310945,0.0067549273,0.030348174,0.014837996,0.05280773,0.0048151314,-1.1267596,-0.7617042,0.7075245,1.3026785,-0.11338091,7.758526e-05,0.041238226,7.484140951419249e-05,7.484140951419249e-05,7.484140951419249e-05
3_1212_73,2023-12-01,0.0,0.0,-32.2547025366162,-100.37027740478516,3873.9889576659025,2553.297591894936,-16047.592969100318,-480.44579333026576,65.4203434524009,42660.74209723963,28118.69494775422,40527.70499237764,65.4203434524009,0.1336337196106448,6.9852099176339705e-31,0.0042362628,0.022851367,0.031172208,0.20647871,0.0910797,0.17335227,-0.8711472,-0.5820305,1.0717663,1.2815413,0.0664444,-0.0010665987,0.09241466,7.484140951419249e-05,7.484140951419249e-05,7.484140951419249e-05
3_1212_73,2024-01-01,0.0,0.0,-35.496912803327604,-36.29010009765625,4920.324235080623,16092.722906478339,7398.235023377922,-613.1735197931273,65.4203434524009,42660.74209723963,28118.69494775422,40527.70499237764,65.4203434524009,0.1336337196106448,6.9852099176339705e-31,0.008740532,0.019834008,0.03055612,-0.20175557,0.13655055,0.09532124,-1.0533805,-0.61793697,0.8136086,1.0116198,0.48626935,-0.0018739337,0.09647306,7.484140951419249e-05,7.484140951419249e-05,7.484140951419249e-05
3_1310_73,2023-10-01,0.0,0.0,-147.2086549766807,-7.324597358703613,109.11735703609111,-150.1198832794166,-1336.431959796013,-292.67528409300866,20.872020814141887,1903.3485020626163,738.8463142748262,1808.1810769594854,20.872020814141887,0.5146547522359768,5.072906345765152e-18,-0.06012512,-0.39213622,3.3319302,-104.62583,-0.5170573,-4.3224373,-29.817888,-21.365768,22.983105,34.68487,0.1764431,0.00044253256,-0.52238464,1.121105105994502e-05,1.121105105994502e-05,1.121105105994502e-05
3_1310_73,2023-11-01,0.0,0.0,-156.8392605724942,0.49127867817878723,208.90968873635575,12.371380137069025,-1203.673119867809,-339.67045123291666,20.872020814141887,1903.3485020626163,738.8463142748262,1808.1810769594854,20.872020814141887,0.5146547522359768,5.072906345765152e-18,0.38892764,0.44895917,4.5221577,-121.31236,-0.62610316,-0.047688782,-32.831593,-24.027077,26.315563,39.545746,-0.11338091,7.758526e-05,-19.101135,1.121105105994502e-05,829.5827026367188,1.121105105994502e-05
3_1310_73,2023-12-01,0.0,0.0,-164.54399216015565,-3.541767120361328,300.17389946024457,-652.2570327614,-1815.4507831416004,-385.37035815060307,20.872020814141887,1903.3485020626163,738.8463142748262,1808.1810769594854,20.872020814141887,0.5146547522359768,5.072906345765152e-18,-0.23491424,0.10155455,4.703674,-55.702488,-0.62885755,1.9097459,-44.787655,-25.741314,32.144478,43.67656,0.0664444,-0.0010665987,-15.838043,1.121105105994502e-05,829.5827026367188,1.121105105994502e-05
3_1310_73,2024-01-01,0.0,0.0,-170.7079751254339,-1.003470778465271,383.6387911722827,-369.6595394075234,-894.7509780989292,-429.8737613945043,20.872020814141887,1903.3485020626163,738.8463142748262,1808.1810769594854,20.872020814141887,0.5146547522359768,5.072906345765152e-18,-0.4102661,0.12401446,4.64916,268.9088,-0.5912209,-2.7561097,-51.314537,-37.297344,23.387922,47.963245,0.48626935,-0.0018739337,-0.5641098,1.121105105994502e-05,829.5827026367188,1.121105105994502e-05
3_1408_73,2023-10-01,0.0,0.0,-17439.850036445572,40278.3671875,4553.747355694213,-283478.8351406571,-443188.8758643379,-24854.432710143643,10689.003193819099,574705.403300718,185408.18240270801,545970.1331356821,10689.003193819099,471.0293505512386,1.0207547951119717e-11,-231.95871,-25.9522,1959.9186,-81970.99,-357.15625,-780.9152,-21860.986,-16431.207,18848.879,32261.828,0.1764431,0.00044253256,-506.89453,0.0037510921247303486,0.0037510921247303486,0.0037510921247303486
3_1408_73,2023-11-01,0.0,0.0,-20343.606790060763,-3441.37353515625,8882.97254860567,-287199.78987337346,-430922.26555251796,-49460.32109311837,10689.003193819099,574705.403300718,185408.18240270801,545970.1331356821,10689.003193819099,471.0293505512386,1.0207547951119717e-11,-107.51146,-255.52824,2647.0037,-24091.691,-311.10938,-1037.7393,-16305.1045,-13353.135,17777.355,22992.396,-0.11338091,7.758526e-05,-2457.832,0.0037510921247303486,0.0037510921247303486,0.0037510921247303486
3_1408_73,2023-12-01,0.0,0.0,-22666.612192952914,23804.69140625,12998.745626684584,-298427.1841217174,-416563.79477739474,-74066.2094760931,10689.003193819099,574705.403300718,185408.18240270801,545970.1331356821,10689.003193819099,471.0293505512386,1.0207547951119717e-11,-363.36813,43.613102,2736.46,-57593.24,-373.14062,-126.991135,-22345.697,-14838.404,11431.032,13474.526,0.0664444,-0.0010665987,-332.16797,0.0037510921247303486,0.0037510921247303486,0.0037510921247303486
3_1408_73,2024-01-01,0.0,0.0,-24525.016515266634,2982.244140625,16911.59083001924,-108563.73354368476,-102356.72657251626,-98672.09785906784,10689.003193819099,574705.403300718,185408.18240270801,545970.1331356821,10689.003193819099,471.0293505512386,1.0207547951119717e-11,-47.21238,-300.4378,2696.273,96400.35,-1275.7812,-1319.4083,-33669.242,-20370.916,16279.419,26870.635,0.48626935,-0.0018739337,862.8203,0.0037510921247303486,0.0037510921247303486,0.0037510921247303486
3_1409_99,2023-10-01,8444.42405245108,10125.103097721483,9042.414101984512,12932.787109375,7229.561980713239,7619.398892599812,6329.488332649816,9870.075395501233,4669.722803108213,867.2138565412436,3938.370279453288,823.8531637141814,6211.406810837088,8884.670969281371,9042.78948186365,7888.912,7780.8916,7571.1396,5452.8,5663.7783,7760.127,-10986.815,-4621.27,21815.188,25986.693,8487.568,8385.912,5703.1084,8059.53076171875,5535.83935546875,3.878111601807177e-05
3_1409_99,2023-11-01,152748.5900603558,9370.425801460917,9042.414101984512,10268.3623046875,6479.365246091864,7753.4544665264,6296.366801476667,10397.747913532896,4669.722803108213,867.2138565412436,3938.370279453288,823.8531637141814,6211.406810837088,8884.670969281371,9042.78948186365,7606.4507,7636.628,5341.6543,5422.821,4303.408,5137.4844,-4680.5776,-2663.3823,11657.078,12959.911,8648.467,8530.653,3360.6572,6614.51416015625,3989.060791015625,3.878111601807177e-05
3_1409_99,2023-12-01,156725.34555268876,9658.713767120198,9042.414101984512,14269.09375,5867.601200231355,6550.744104576264,6281.585127937202,10925.420431564558,4669.722803108213,867.2138565412436,3938.370279453288,823.8531637141814,6211.406810837088,8884.670969281371,9042.78948186365,7261.051,7316.1914,3837.5198,4723.9043,3448.8232,3650.8179,-2574.3245,-261.93658,7336.672,10264.218,9723.174,8155.3867,2696.839,6655.21875,3.878111601807177e-05,3.878111601807177e-05
3_1409_99,2024-01-01,3079.4455259417537,9548.587291134001,9042.414101984512,12552.607421875,5368.725064764694,8201.178118057876,9762.947258821016,11453.092949596221,4669.722803108213,867.2138565412436,3938.370279453288,823.8531637141814,6211.406810837088,8884.670969281371,9042.78948186365,7366.675,6843.8887,2465.4873,3993.0156,2909.2751,2659.3115,-4025.3826,-569.7794,6158.005,7366.7036,10469.74,7781.4907,2573.476,6695.92333984375,3.878111601807177e-05,3.878111601807177e-05
3_1504_73,2023-10-01,0.0,0.0,4.661268093016744,834.6166381835938,11079.386233389248,-56909.75425944332,-43588.34533960583,-4902.331081635288,987.9780381513556,25389.104823937047,17137.16508320994,24119.649582740192,987.9780381513556,29.289429811909272,4.608474502383286,-25.04354,-29.044134,621.2809,-35947.78,17.26587,3.4093122,-952.39545,-760.59155,655.1466,834.1523,0.1764431,0.00044253256,125.906006,0.0002977089025080204,0.0002977089025080204,0.0002977089025080204
3_1504_73,2023-11-01,0.0,0.0,4.661268093016744,948.331787109375,16070.49027614795,-42566.709724153465,-43463.28167139932,-7499.929320473189,987.9780381513556,25389.104823937047,17137.16508320994,24119.649582740192,987.9780381513556,29.289429811909272,4.608474502383286,97.87091,110.89734,850.23486,-22182.793,18.461182,22.41833,-754.6272,-505.47644,588.9822,777.6536,-0.11338091,7.758526e-05,24.69104,0.0002977089025080204,0.0002977089025080204,0.0002977089025080204
3_1504_73,2023-12-01,0.0,0.0,4.661268093016744,815.7837524414062,18318.910815055526,-39223.154302566094,-47716.1546257551,-10097.527559311093,987.9780381513556,25389.104823937047,17137.16508320994,24119.649582740192,987.9780381513556,29.289429811909272,4.608474502383286,106.15665,224.37198,881.39136,-20466.846,-78.09009,-20.122833,-576.15796,-492.64206,647.16626,852.3141,0.0664444,-0.0010665987,209.53967,0.0002977089025080204,0.0002977089025080204,781.189208984375
3_1504_73,2024-01-01,0.0,0.0,4.661268093016744,738.5516967773438,19331.79190839118,-51818.803638554644,-66122.29623357572,-12695.125798148998,987.9780381513556,25389.104823937047,17137.16508320994,24119.649582740192,987.9780381513556,29.289429811909272,4.608474502383286,123.88095,-38.690002,866.6547,7367.162,-256.5664,-268.24164,-1130.7441,-802.2652,247.00447,423.30933,0.48626935,-0.0018739337,228.97144,0.0002977089025080204,0.0002977089025080204,3437.2314453125
3_1600_73,2023-10-01,0.0,0.0,0.3383075667292349,11.31347370147705,841.8099614269686,6176.688287861828,8952.723169122122,-82.92552853162988,398.96976509089967,4264.328717062287,6920.407603761729,4051.1122812091726,398.96976509089967,27.97179116711563,0.3453243481260927,-4.313923,-15.687469,52.03056,-1180.7599,9.537415,0.8570652,-76.25733,-66.36905,80.83868,106.4701,0.1764431,0.00044253256,5401.528,3.873267269227654e-05,3.873267269227654e-05,3.873267269227654e-05
3_1600_73,2023-11-01,0.0,0.0,0.3383075667292349,0.23879753053188324,1387.4060072191426,85.42945522996678,2910.0701622108077,-141.20664210611187,398.96976509089967,4264.328717062287,6920.407603761729,4051.1122812091726,398.96976509089967,27.97179116711563,0.3453243481260927,-0.7790234,5.4385405,70.12279,-1238.908,9.211426,13.298422,-107.326195,-61.732323,87.5862,110.87367,-0.11338091,7.758526e-05,6495.0996,3.873267269227654e-05,3.873267269227654e-05,3.873267269227654e-05
3_1600_73,2023-12-01,0.0,0.0,0.3383075667292349,8.596510887145996,1741.019125172108,5742.465110488503,8400.146928068287,-199.48775568059386,398.96976509089967,4264.328717062287,6920.407603761729,4051.1122812091726,398.96976509089967,27.97179116711563,0.3453243481260927,-4.360775,-13.235801,72.60746,-51.44124,5.0784607,2.352818,-92.96057,-63.11601,80.78298,112.43586,0.0664444,-0.0010665987,10184.417,447.1924133300781,3.873267269227654e-05,3.873267269227654e-05
3_1600_73,2024-01-01,0.0,0.0,0.3383075667292349,2.4284844398498535,1970.2037722251562,-1080.418224239479,-450.26565423940747,-257.76886925507586,398.96976509089967,4264.328717062287,6920.407603761729,4051.1122812091726,398.96976509089967,27.97179116711563,0.3453243481260927,-2.1136904,-1.000617,71.64761,1090.4286,1.6488037,8.684072,-131.03923,-69.60588,65.3953,89.9205,0.48626935,-0.0018739337,14963.727,447.1924133300781,3.873267269227654e-05,3.873267269227654e-05
3_1609_2,2023-10-01,334.46824398549853,0.0,2073.921382137177,2914.650634765625,1795.5484641337348,-3561.07308987762,4368.170703073127,2971.4863828260795,1171.5411136538708,572.6758289188797,1709.6025514095368,544.0420374729357,1602.9641553087956,186.3100981661152,1421.091501637183,1.2923021,30.935345,98.2234,-276.27518,-3.2610552,10.598936,-1192.3671,-851.60803,788.1522,1125.2866,13329.645,68.18945,239.33643,2.9056383937131613e-05,2.9056383937131613e-05,2.9056383937131613e-05
3_1609_2,2023-11-01,927.8796446049314,0.0,2073.921382137177,2825.802001953125,2019.6943672982227,276.79156638170116,7033.854019937659,3052.9788628633296,1171.5411136538708,572.6758289188797,1709.6025514095368,544.0420374729357,1602.9641553087956,186.3100981661152,1421.091501637183,42.59803,42.15029,135.4217,3999.658,-4.1847196,12.8520775,-768.0335,-596.15784,910.5549,2189.413,29177.736,120.7832,72.555176,2.9056383937131613e-05,2.9056383937131613e-05,2.9056383937131613e-05
3_1609_2,2023-12-01,679.7257861640776,0.0,2073.921382137177,2911.951904296875,2047.6754476806243,-3885.931720214562,3785.4559506465494,3134.4713429005797,1171.5411136538708,572.6758289188797,1709.6025514095368,544.0420374729357,1602.9641553087956,186.3100981661152,1421.091501637183,34.255074,73.279175,139.92108,6278.842,-5.6215987,-43.91127,-942.8963,-812.4888,1025.9651,1822.4413,49650.46,210.0874,-1.5656738,2.9056383937131613e-05,2.9056383937131613e-05,2.9056383937131613e-05
3_1609_2,2024-01-01,0.0,0.0,2073.921382137177,2998.88818359375,2051.168444199021,-284.67712245018674,6749.132427205186,3215.9638229378306,1171.5411136538708,572.6758289188797,1709.6025514095368,544.0420374729357,1602.9641553087956,186.3100981661152,1421.091501637183,30.71272,72.51221,137.17712,-5124.497,-8.957571,26.82315,-1295.3962,-664.9969,940.77155,1239.8253,54742.6,93.75342,177.40234,2.9056383937131613e-05,31199.0546875,2.9056383937131613e-05
3_1610_73,2023-10-01,0.0,0.0,5.145872331137689e-28,-21570.923828125,16939.510363014015,84224.0082222437,102368.09242792483,-4123.853331598811,7934.242030704887,100018.40712779551,137624.9372351961,95017.48677140573,7934.242030704887,527.9031041405616,5.384867671877327e-12,-72.734535,-280.1027,1081.9193,-5847.8325,-27.882812,100.85744,-7589.2383,-6193.2427,8695.685,10450.917,0.1764431,0.00044253256,1821.9961,0.0008514166111126542,0.0008514166111126542,0.0008514166111126542
3_1610_73,2023-11-01,0.0,0.0,5.145872331137689e-28,1634.8258056640625,28595.95579496401,144473.86256226577,158186.28372429468,-8194.957966738846,7934.242030704887,100018.40712779551,137624.9372351961,95017.48677140573,7934.242030704887,527.9031041405616,5.384867671877327e-12,-41.985714,-109.09623,1461.7537,-21720.055,191.8789,-707.93243,-13163.3125,-8270.228,9645.712,14596.296,-0.11338091,7.758526e-05,-2044.3516,0.0008514166111126542,0.0008514166111126542,0.0008514166111126542
3_1610_73,2023-12-01,0.0,0.0,5.145872331137689e-28,-11871.2861328125,36617.00936713186,194742.65254439073,208971.30157213466,-12266.062601878883,7934.242030704887,100018.40712779551,137624.9372351961,95017.48677140573,7934.242030704887,527.9031041405616,5.384867671877327e-12,-126.3959,-410.95825,1510.4258,68465.03,334.48828,721.5931,-11235.379,-9378.326,7694.488,12723.704,0.0664444,-0.0010665987,5405.1445,0.0008514166111126542,0.0008514166111126542,0.0008514166111126542
3_1610_73,2024-01-01,0.0,0.0,5.145872331137689e-28,-2235.205810546875,42136.47074866417,-32947.7896551835,-33057.858326073474,-16337.167237018919,7934.242030704887,100018.40712779551,137624.9372351961,95017.48677140573,7934.242030704887,527.9031041405616,5.384867671877327e-12,-28.78729,-343.39566,1487.5286,3580.892,13.5,-353.53125,-18184.914,-10873.13,8997.958,11700.238,0.48626935,-0.0018739337,5323.0156,0.0008514166111126542,0.0008514166111126542,1787.296142578125
3_1701_73,2023-10-01,0.0,0.0,2460.110242511393,-337.06103515625,9812.952518907594,-1962.0324732555955,-50441.60268817465,-3752.1894070509907,2603.364873068483,113382.35377402653,45157.17139328729,107713.2360853252,2603.364873068483,151.19539180099758,3.7841699682566165e-12,-0.5228236,-41.482483,298.9902,-8954.501,-28.679688,-700.00476,-10901.12,-7984.957,5520.2515,8216.314,0.1764431,0.00044253256,231.45605,0.0006288440199568868,0.0006288440199568868,15840.84765625
3_1701_73,2023-11-01,0.0,0.0,2025.6131922547233,-7.348043918609619,18498.184560260255,3289.671316933768,-59385.9674687734,-5992.028605837554,2603.364873068483,113382.35377402653,45157.17139328729,107713.2360853252,2603.364873068483,151.19539180099758,3.7841699682566165e-12,4.7037206,72.66491,402.7931,-9132.272,-59.95703,386.26117,-9511.202,-6945.0386,5160.648,6903.4067,-0.11338091,7.758526e-05,-428.69922,0.0006288440199568868,990.0535888671875,22771.216796875
3_1701_73,2023-12-01,0.0,0.0,1678.0144313958242,-279.6224365234375,26185.29559710611,8398.396718210084,-56191.07746677783,-8123.48846559815,2603.364873068483,113382.35377402653,45157.17139328729,107713.2360853252,2603.364873068483,151.19539180099758,3.7841699682566165e-12,11.630177,-58.11641,417.1363,-5195.2036,-446.5664,561.37976,-7252.6616,-5176.6543,6051.6987,11775.599,0.0664444,-0.0010665987,797.28516,0.0006288440199568868,6930.37109375,33991.81640625
3_1701_73,2024-01-01,0.0,0.0,1399.9345261829642,-62.00899887084961,32988.99132008121,69673.14416833282,35230.08498139137,-10157.041295362618,2603.364873068483,113382.35377402653,45157.17139328729,107713.2360853252,2603.364873068483,151.19539180099758,3.7841699682566165e-12,2.0930753,5.5360456,411.6613,14512.1,-1472.4023,-467.3217,-10820.692,-6792.558,4843.6978,5908.087,0.48626935,-0.0018739337,1500.2129,0.0006288440199568868,10560.5654296875,47522.54296875
3_1704_73,2023-10-01,0.0,0.0,206.4632734354425,1291.5325927734375,4713.3397024833275,6534.163141968238,-11145.11477508968,-2913.586943969367,477.4801653413882,12362.744885987266,8282.225010512011,11744.607641687902,477.4801653413882,26.874938966011356,7.105488794104079e-13,4.277675,-7.675778,57.444523,-1081.8765,-14.280273,-53.704742,-1086.8625,-604.7742,847.415,1095.8523,0.1764431,0.00044253256,923.0751,0.00015293418255168945,0.00015293418255168945,0.00015293418255168945
3_1704_73,2023-11-01,0.0,0.0,206.4632734354425,-58.66331100463867,7278.44385967378,566.4234551855116,-16102.16820406044,-3737.9588347765257,477.4801653413882,12362.744885987266,8282.225010512011,11744.607641687902,477.4801653413882,26.874938966011356,7.105488794104079e-13,3.899714,11.106543,77.43529,-1732.2196,-9.279785,10.706417,-1269.643,-692.25165,985.7525,1618.2512,-0.11338091,7.758526e-05,1407.3469,0.00015293418255168945,0.00015293418255168945,240.77996826171875
3_1704_73,2023-12-01,0.0,0.0,206.4632734354425,337.1698303222656,8674.430517238277,166.46792130560516,-16435.62692987002,-4562.330725583683,477.4801653413882,12362.744885987266,8282.225010512011,11744.607641687902,477.4801653413882,26.874938966011356,7.105488794104079e-13,3.1450436,-8.888234,80.172745,-1857.7776,-23.106445,33.193596,-1100.823,-842.43677,836.8578,1243.8022,0.0664444,-0.0010665987,1758.3252,642.0796508789062,0.00015293418255168945,80.26008605957031
3_1704_73,2024-01-01,0.0,0.0,206.4632734354425,134.8673858642578,9434.157463465906,-6864.255675846825,-23208.663347737427,-5386.702616390839,477.4801653413882,12362.744885987266,8282.225010512011,11744.607641687902,477.4801653413882,26.874938966011356,7.105488794104079e-13,-4.7783046,5.5190296,79.10852,3525.889,-97.13818,-155.35452,-1335.1261,-1054.0116,803.3443,1096.3676,0.48626935,-0.0018739337,2607.0288,4494.556640625,0.00015293418255168945,240.77996826171875
3_1704_99,2023-10-01,25934.775531617484,2076.939902168015,2473.1072466839782,1874.0162353515625,1887.9735588291524,2242.264635394484,3278.530686428842,2770.1716406720157,2082.6349848814893,496.7242235397124,1731.4679598226571,471.8880123627268,2559.1175765371863,2811.960841571631,2471.888231431316,1973.947,1911.2311,1850.4775,1566.9763,1679.8423,1759.0422,-2488.7708,-1295.3403,3996.793,5361.8433,2680.583,2079.538,4778.591,1.8920742149930447e-05,19.859249114990234,59.57770919799805
3_1704_99,2023-11-01,35109.27542846702,2076.939902168015,2473.1072466839782,2277.895263671875,1743.839680943113,2308.2081829739873,3258.726082223742,2915.2321565020147,2082.6349848814893,496.7242235397124,1731.4679598226571,471.8880123627268,2559.1175765371863,2811.960841571631,2471.888231431316,1913.7538,1865.0374,732.8222,1527.4059,1412.9736,1438.5078,-1806.9667,-360.3705,3308.0168,4196.664,2692.666,2096.6582,66.98657,1.8920742149930447e-05,1.8920742149930447e-05,59.57770919799805
3_1704_99,2023-12-01,1305.5050813627522,2076.939902168015,2473.1072466839782,1842.688720703125,1633.9017185134026,1884.630339408644,3251.8981807208775,3060.2926723320134,2082.6349848814893,496.7242235397124,1731.4679598226571,471.8880123627268,2559.1175765371863,2811.960841571631,2471.888231431316,1804.3905,1772.6448,86.77797,1411.9236,1249.4099,1250.9702,-25.075216,338.33398,2561.6558,3234.312,2937.6345,2104.036,30.436768,1.8920742149930447e-05,1.8920742149930447e-05,59.57770919799805
3_1704_99,2024-01-01,2169.548044991957,2076.939902168015,2473.1072466839782,1955.9385986328125,1550.046654315708,2789.627797906811,4797.393414008586,3205.353188162012,2082.6349848814893,496.7242235397124,1731.4679598226571,471.8880123627268,2559.1175765371863,2811.960841571631,2471.888231431316,1783.0428,1592.2145,-192.59387,656.9374,1133.5903,1194.5972,-10.697974,320.6137,1764.0232,1996.4625,2971.852,2102.8909,956.1554,1.8920742149930447e-05,1.8920742149930447e-05,59.57770919799805
4_1107_86,2023-10-01,24105.090379707566,0.0,1538.6557382647943,2307.292724609375,15.364527799925327,-17.576541756685074,471.4823685349377,1557.6861268044179,366.2367331095692,366.2367331095691,366.2367331095692,347.92489645409063,584.1720428834572,3845.485697650476,7614.01675343283,7777.5103,7691.346,6251.6655,2736.49,3849.8472,4342.401,-12879.309,-6407.0493,16413.943,20467.377,8569.176,8774.567,7106.942,5.116267857374623e-06,5.116267857374623e-06,5.116267857374623e-06
4_1107_86,2023-11-01,0.0,0.0,1538.6557382647943,2307.292724609375,367.1278730096327,-116.02027148276551,458.035138848962,1657.568866587234,366.2367331095692,366.2367331095691,366.2367331095692,347.92489645409063,584.1720428834572,3845.485697650476,7614.01675343283,1689.3947,2073.7725,4012.2607,3158.5881,2949.5625,3821.8074,-9798.021,-4065.709,12929.677,16211.534,9261.219,7277.986,7608.72,5.116267857374623e-06,5493.55078125,5.116267857374623e-06
4_1107_86,2023-12-01,0.0,0.0,1538.6557382647943,2307.292724609375,351.00700424067117,278.0429637439934,250.50503168710588,1757.4516063700498,366.2367331095692,366.2367331095691,366.2367331095692,347.92489645409063,584.1720428834572,3845.485697650476,7614.01675343283,1035.8759,1175.5483,3308.86,1365.5935,2575.0771,2807.6572,-4777.215,-2401.961,9353.544,11314.461,9121.957,4908.14,6208.324,5.116267857374623e-06,5.116267857374623e-06,5.116267857374623e-06
4_1107_86,2024-01-01,0.0,0.0,1538.6557382647943,2307.292724609375,351.74580324689265,-217.41163636546125,1357.1618816234936,1857.3343461528657,366.2367331095692,366.2367331095691,366.2367331095692,347.92489645409063,584.1720428834572,3845.485697650476,7614.01675343283,183.19402,508.69592,2604.584,558.2546,2258.3857,2340.127,-1481.5734,-538.7949,6461.547,8089.138,3772.7983,2746.771,7150.525,5.116267857374623e-06,5.116267857374623e-06,5.116267857374623e-06
4_1211_86,2023-10-01,0.0,0.0,1747.9939898761425,321.0554504394531,1781.3284374386342,937.1378494815369,-4538.133854422331,-358.541479304721,516.1907093455903,13500.993569929282,11027.092572911091,12825.943891432817,516.1907093455903,0.05333550184615447,359.51709974504263,0.006189222,0.0004245494,0.023450598,0.086388715,0.02192087,0.0990642,-0.5105165,-0.40816376,0.69166046,0.8508534,0.1764431,0.00044253256,-0.051679973,2.4387503799516708e-05,2.4387503799516708e-05,2.4387503799516708e-05
4_1211_86,2023-11-01,0.0,0.0,1747.9939898761425,309.2313232421875,1747.9743110575955,223.4226061672657,-5292.008989341819,-656.0575460655294,516.1907093455903,13500.993569929282,11027.092572911091,12825.943891432817,516.1907093455903,0.05333550184615447,359.51709974504263,0.01310945,0.0067549273,0.030348174,0.014837996,0.05280773,0.0049041733,-0.7397247,-0.5218441,0.57173645,0.69370615,-0.11338091,7.758526e-05,0.041238226,2.4387503799516708e-05,2.4387503799516708e-05,2.4387503799516708e-05
4_1211_86,2023-12-01,0.0,0.0,1747.9939898761425,320.95660400390625,1748.5988436947334,1296.303609889857,-4209.75912472243,-953.5736128263379,516.1907093455903,13500.993569929282,11027.092572911091,12825.943891432817,516.1907093455903,0.05333550184615447,359.51709974504263,0.0042362628,0.022851367,0.031172208,0.20647871,0.0910797,0.024194065,-0.9304423,-0.53517914,0.90959144,1.0137551,0.0664444,-0.0010665987,0.09241466,2.4387503799516708e-05,2.4387503799516708e-05,2.4387503799516708e-05
4_1211_86,2024-01-01,0.0,0.0,1747.9939898761425,336.7732849121094,1748.587149758865,-1986.504172105834,-5904.900700652173,-1251.0896795871463,516.1907093455903,13500.993569929282,11027.092572911091,12825.943891432817,516.1907093455903,0.05333550184615447,359.51709974504263,0.008740532,0.019834008,0.03055612,-0.20175557,0.13655055,0.09692719,-1.0736415,-0.7399722,1.3467222,1.526751,0.48626935,-0.0018739337,0.09647306,2.4387503799516708e-05,2.4387503799516708e-05,2.4387503799516708e-05
4_1407_87,2023-10-01,0.0,93.12191892837419,76.80507616213245,40.2302360534668,63.857167221520434,78.92793722340542,294.1715065674967,135.0223266892514,99.32397173349277,51.16904595863943,148.10124257196424,48.61059366070746,84.200244692089,17.481957900384117,69.07644622368018,0.36264038,-14.14798,10.907852,97.293274,2.4972687,5.7086363,-31.04884,-21.916338,28.571459,43.828316,129.27304,2.357788,76.49719,1.3008981341045e-06,1.3008981341045e-06,1.3008981341045e-06
4_1407_87,2023-11-01,0.0,93.12191892837419,76.80507616213245,45.43229293823242,82.23932947237121,8.826273946375718,279.07716288266835,138.8217913452685,99.32397173349277,51.16904595863943,148.10124257196424,48.61059366070746,84.200244692089,17.481957900384117,69.07644622368018,-22.239502,-22.153198,11.138733,106.125015,5.647827,4.8150225,-34.263687,-18.226559,29.275494,40.60094,310.49356,2.3068085,68.74962,1.3008981341045e-06,1.3008981341045e-06,1.3008981341045e-06
4_1407_87,2023-12-01,0.0,93.12191892837419,76.80507616213245,40.18925094604492,87.53088723666124,-1.116902078203207,306.9039745256993,142.62125600128564,99.32397173349277,51.16904595863943,148.10124257196424,48.61059366070746,84.200244692089,17.481957900384117,69.07644622368018,-9.514404,-28.365173,10.934998,172.1514,10.115997,11.091106,-20.202328,-10.738381,30.690014,33.843693,614.5689,5.02359,84.86119,1.3008981341045e-06,1.3008981341045e-06,1.3008981341045e-06
4_1407_87,2024-01-01,0.0,93.12191892837419,76.80507616213245,37.522979736328125,89.05413478451281,60.81356571290857,255.00730212148778,146.42072065730275,99.32397173349277,51.16904595863943,148.10124257196424,48.61059366070746,84.200244692089,17.481957900384117,69.07644622368018,-1.315979,-23.456451,10.577698,7.93602,15.313812,17.017044,-9.818317,0.04991465,33.863186,43.507053,616.0117,2.6548004,93.03616,1.3008981341045e-06,1.3008981341045e-06,1.3008981341045e-06
5_1100_73,2023-10-01,0.0,372.70174909034347,371.83581066949534,147.29400634765625,336.5064401653354,828.9706191726148,178.3799869119613,-25.664036410464913,193.2781313116533,433.86818450222745,473.2602575186669,412.17477527711605,193.2781313116533,2.493344249659467,201.5195296543689,-0.33593372,-0.6146374,4.031772,44.701073,-2.1524675,-4.4067764,-31.581316,-28.73274,23.999819,34.00482,0.1764431,0.00044253256,-4.11586,5.20658295499743e-06,5.20658295499743e-06,5.20658295499743e-06
5_1100_73,2023-11-01,0.0,372.70174909034347,371.83581066949534,152.72215270996094,366.7938828036372,721.5652572531992,83.46864759631791,-51.07143244761218,193.2781313116533,433.86818450222745,473.2602575186669,412.17477527711605,193.2781313116533,2.493344249659467,201.5195296543689,-0.07767293,-0.20893799,5.4762516,-143.07008,-2.7447023,-2.789383,-46.610653,-38.43547,33.86333,44.48295,-0.11338091,7.758526e-05,-17.850739,5.20658295499743e-06,5.20658295499743e-06,5.20658295499743e-06
5_1100_73,2023-12-01,0.0,372.70174909034347,371.83581066949534,147.0669708251953,369.5199203235067,799.1895879310686,110.33227019059336,-76.47882848475945,193.2781313116533,433.86818450222745,473.2602575186669,412.17477527711605,193.2781313116533,2.493344249659467,201.5195296543689,-0.059230775,-1.9495872,5.6879525,89.88948,-2.607061,1.4262922,-33.92928,-25.88041,32.181347,48.0607,0.0664444,-0.0010665987,-3.4191284,5.20658295499743e-06,5.20658295499743e-06,5.20658295499743e-06
5_1100_73,2024-01-01,0.0,372.70174909034347,371.83581066949534,142.43016052246094,369.7652787926413,342.8791358983797,-461.15875136501984,-101.8862245219067,193.2781313116533,433.86818450222745,473.2602575186669,412.17477527711605,193.2781313116533,2.493344249659467,201.5195296543689,-0.036180336,-1.3069736,5.6167517,121.67301,-2.1558964,-0.6991192,-46.596638,-34.667908,27.300085,42.586224,0.48626935,-0.0018739337,4.6592255,5.20658295499743e-06,5.20658295499743e-06,5.20658295499743e-06
5_1110_16,2023-10-01,0.0,0.0,64.2939433498807,57300.45703125,32162.467263855822,-58353.4475284677,48171.98495670662,51501.04503105368,8271.809213636478,5469.8541623352885,20506.065290405633,5196.361454218524,16509.647137701937,2512.513914946908,5999.535661444522,-223.9846,-553.8017,2325.143,-10594.985,-885.1539,-1337.5354,-28101.18,-24805.953,17510.602,26997.932,270674.0,988.5547,5529.7188,0.0004279661807231605,0.0004279661807231605,0.0004279661807231605
5_1110_16,2023-11-01,0.0,0.0,64.2939433498807,54248.8203125,30558.85499871547,-44210.422336203774,55537.43154918425,53767.02460205761,8271.809213636478,5469.8541623352885,20506.065290405633,5196.361454218524,16509.647137701937,2512.513914946908,5999.535661444522,-78.96241,-157.7625,3094.657,88943.79,-1496.5065,-2529.537,-33353.934,-25541.67,16725.266,28907.252,701952.0,2272.2422,6980.746,0.0004279661807231605,0.0004279661807231605,0.0004279661807231605
5_1110_16,2023-12-01,0.0,0.0,64.2939433498807,57138.0078125,30638.81068979513,-61115.34367976241,60619.02992786157,56033.004173061534,8271.809213636478,5469.8541623352885,20506.065290405633,5196.361454218524,16509.647137701937,2512.513914946908,5999.535661444522,-76.24472,-585.7115,3199.4082,132765.23,-1959.9003,-4554.997,-27861.775,-19593.824,11055.886,18310.768,1159575.1,4212.4375,4349.2188,0.0004279661807231605,0.0004279661807231605,0.0004279661807231605
5_1110_16,2024-01-01,0.0,0.0,64.2939433498807,60153.77734375,30634.8241198025,-10756.639096824205,95155.84382736684,58298.98374406547,8271.809213636478,5469.8541623352885,20506.065290405633,5196.361454218524,16509.647137701937,2512.513914946908,5999.535661444522,-302.41852,-285.38617,3146.3066,-92231.984,-2364.4565,-1880.2719,-26159.258,-19315.908,21960.322,27550.572,1330724.6,3067.6875,8085.6133,0.0004279661807231605,0.0004279661807231605,0.0004279661807231605
5_1151_73,2023-10-01,0.0,0.0,-97551.52977955904,21110.625,93946.19877378589,75432.08064355094,-191051.62119089218,-1281.8948857618516,2712.455738975382,520556.4410526213,47049.42821067055,494528.6189999902,2712.455738975382,90.14158894146797,2.2712182676531655e-12,0.13871168,-24.177568,154.15765,-3642.0454,-584.39844,-785.5293,-2457.2058,-2058.9543,361.0636,724.45447,0.1764431,0.00044253256,-142.59521,0.0013686124002560973,0.0013686124002560973,0.0013686124002560973
5_1151_73,2023-11-01,0.0,0.0,-99537.42388424052,22072.49609375,97853.6213865576,141263.6517727006,-222861.55574074772,-2550.970822666087,2712.455738975382,520556.4410526213,47049.42821067055,494528.6189999902,2712.455738975382,90.14158894146797,2.2712182676531655e-12,10.835874,33.42556,207.66898,-5036.898,-1420.9453,-1265.4758,-3514.2207,-2846.9434,32.425896,504.19104,-0.11338091,7.758526e-05,-618.43066,0.0013686124002560973,0.0013686124002560973,0.0013686124002560973
5_1151_73,2023-12-01,0.0,0.0,-101127.16881820407,21058.833984375,98016.1394200074,126913.49822013831,-334396.0946935618,-3820.0467595703226,2712.455738975382,520556.4410526213,47049.42821067055,494528.6189999902,2712.455738975382,90.14158894146797,2.2712182676531655e-12,-3.6813433,-16.40835,215.06958,-1041.9156,-2690.4883,-3040.3596,-5038.6724,-4497.811,-1027.8093,168.51756,0.0664444,-0.0010665987,-118.44678,0.0013686124002560973,1469536.375,0.0013686124002560973
5_1151_73,2024-01-01,0.0,0.0,-102399.78901940463,20279.564453125,98022.89889135561,748919.0740970578,609319.7434691028,-5089.122696474558,2712.455738975382,520556.4410526213,47049.42821067055,494528.6189999902,2712.455738975382,90.14158894146797,2.2712182676531655e-12,-1.6123401,2.0605462,212.2501,6925.242,-4203.9727,-4538.6455,-7529.277,-6679.3774,-2281.338,-1188.1306,0.48626935,-0.0018739337,161.45361,0.0013686124002560973,0.0013686124002560973,0.0013686124002560973
5_1311_2,2023-10-01,0.0,-31.989478739187557,-249.77678255947984,66.14613342285156,528.6271662534548,134.78807957315786,-1922.866730260797,-150.048492706658,535.9636306023989,1260.7934925334444,862.0380662810509,1197.7538179067722,304.3341706674108,118.61519187913649,118.86226249222659,1.4042033,2.1909883,1.4831265,85.703865,-13.108811,-12.188325,-160.81407,-105.70515,77.74238,109.709496,5.2565727,3.0359879,15.62455,1.0911993740592152e-05,1.0911993740592152e-05,1.0911993740592152e-05
5_1311_2,2023-11-01,0.0,-57.975699677028935,-260.15537684935794,92.32207489013672,716.9893248691649,34.07160998117109,-1787.8498313819841,-312.2648096244455,535.9636306023989,1260.7934925334444,862.0380662810509,1197.7538179067722,304.3341706674108,118.61519187913649,118.86226249222659,1.3662504,1.3993717,2.01834,50.334198,-17.282173,-18.336397,-147.60855,-106.11736,78.672455,106.32963,39.419655,4.475548,11.232414,1.0911993740592152e-05,1.0911993740592152e-05,1.0911993740592152e-05
5_1311_2,2023-12-01,0.0,-57.975699677028935,-268.4582527194288,79.9496078491211,784.107144503426,443.5856595578374,-1987.4397013585453,-474.48112654223297,535.9636306023989,1260.7934925334444,862.0380662810509,1197.7538179067722,304.3341706674108,118.61519187913649,118.86226249222659,-2.2408524,0.7128978,2.0609412,94.527145,-18.140608,-17.206722,-103.04413,-84.51194,72.31994,164.22943,33.81528,6.843872,2.1669235,1.0911993740592152e-05,1.0911993740592152e-05,377.9569396972656
5_1311_2,2024-01-01,0.0,-57.975699677028935,-275.10055376602014,77.73157501220703,808.0227852327708,527.8530867583414,-968.0624509348495,-636.6974434600204,535.9636306023989,1260.7934925334444,862.0380662810509,1197.7538179067722,304.3341706674108,118.61519187913649,118.86226249222659,2.3651998,4.1635427,2.0099273,131.18709,-16.448744,-21.095348,-141.77313,-100.44399,76.72667,122.9868,-135.30515,3.4515457,12.50589,395.13677978515625,1.0911993740592152e-05,377.9569396972656
5_1400_73,2023-10-01,0.0,43.892826740032376,29.808533264992526,37.552490234375,237.6238729459864,489.4680306936852,-299.35687446716634,-61.25794072072749,18.783746196655024,1000.8681832767842,363.3742932425646,950.824774112945,18.783746196655024,1.0938099458624757,0.10833768368838878,0.004330017,-0.6002944,2.1925933,-53.114246,-0.7285614,0.525347,-62.461475,-34.38076,35.595917,43.789307,0.1764431,0.00044253256,163.14049,269.7779846191406,6.193471563165076e-06,6.193471563165076e-06
5_1400_73,2023-11-01,0.0,0.0,29.808533264992526,4.499627590179443,338.88335758558696,116.91840132993931,-742.8681589082994,-84.32480468441128,18.783746196655024,1000.8681832767842,363.3742932425646,950.824774112945,18.783746196655024,1.0938099458624757,0.10833768368838878,0.090712324,0.32356855,2.954818,-81.91751,-0.66719055,4.1386385,-50.379692,-40.774467,31.964134,45.528637,-0.11338091,7.758526e-05,212.09558,269.7779846191406,6.193471563165076e-06,6.193471563165076e-06
5_1400_73,2023-12-01,0.0,0.0,29.808533264992526,-8.017097473144531,382.0334127646311,188.76710554442235,-688.9650400469092,-107.39166864809496,18.783746196655024,1000.8681832767842,363.3742932425646,950.824774112945,18.783746196655024,1.0938099458624757,0.10833768368838878,-0.09437275,-0.51587075,3.0595412,-61.117455,-1.3072052,-6.4211235,-54.900978,-44.723244,29.66223,46.402767,0.0664444,-0.0010665987,270.39978,269.7779846191406,6.193471563165076e-06,6.193471563165076e-06
5_1400_73,2024-01-01,0.0,0.0,29.808533264992526,-5.9706597328186035,400.42109534647983,-320.59997282599414,-1156.007389924219,-130.45853261177874,18.783746196655024,1000.8681832767842,363.3742932425646,950.824774112945,18.783746196655024,1.0938099458624757,0.10833768368838878,-0.057546537,-0.027845334,3.019131,103.87237,-4.3012085,-4.567418,-61.809795,-48.43511,22.69113,29.691309,0.48626935,-0.0018739337,392.34845,539.5559692382812,6.193471563165076e-06,6.193471563165076e-06
5_1402_16,2023-10-01,0.0,-2340.5383359414614,5.124404150048334e-17,1256.97802734375,14343.640021711155,-232652.05825666193,-99907.29338378267,5.073667475302876e-07,18598.854062896728,31417.389727108708,43344.246305671855,29846.52024075327,14561.614337624414,145.78679188912918,5.088474052717764e-07,-178.09233,916.4528,1580.7561,-35264.254,7.353364,-427.01688,-28547.947,-18057.678,10543.217,14469.803,932.6739,22.03125,-156.78998,0.0005641819443553686,0.0005641819443553686,0.0005641819443553686
5_1402_16,2023-11-01,0.0,460.44286213750684,5.124404150048334e-17,118.6095199584961,23108.421597935412,-242820.50013830652,-107344.97764855588,5.073667475302876e-07,18598.854062896728,31417.389727108708,43344.246305671855,29846.52024075327,14561.614337624414,145.78679188912918,5.088474052717764e-07,884.43164,1419.9133,2145.398,-4379.033,-28.123474,352.9614,-16475.16,-10220.995,13043.776,17105.076,2873.4697,23.514465,-290.4491,0.0005641819443553686,0.0005641819443553686,0.0005641819443553686
5_1402_16,2023-12-01,0.0,0.0,5.124404150048334e-17,134.27786254882812,28464.20269413136,-218777.30058412146,-95760.43686964634,5.073667475302876e-07,18598.854062896728,31417.389727108708,43344.246305671855,29846.52024075327,14561.614337624414,145.78679188912918,5.088474052717764e-07,319.5162,660.997,2232.628,-49127.582,-101.412384,-833.54333,-16707.312,-11424.716,14092.877,20275.076,5545.442,42.949036,-260.2492,0.0005641819443553686,0.0005641819443553686,4441.2451171875
5_1402_16,2024-01-01,0.0,0.0,5.124404150048334e-17,89.70724487304688,31736.890199337467,-215682.299791036,-146838.66484288799,5.073667475302876e-07,18598.854062896728,31417.389727108708,43344.246305671855,29846.52024075327,14561.614337624414,145.78679188912918,5.088474052717764e-07,-727.3006,-725.93805,2204.3845,49304.51,-201.56975,-782.3928,-14700.352,-11406.104,9528.021,13880.188,5985.979,32.893433,-226.91974,0.0005641819443553686,0.0005641819443553686,0.0005641819443553686
5_1404_63,2023-10-01,0.0,-385.7057960083027,1500.26474644131,-540.989501953125,228.85710260147158,1137.3109037840775,755.8305240573227,1472.3075681532546,200.8546129439586,225.08429564949043,524.0603608098435,213.8300808670159,776.4694530384866,1561.6392726275367,1499.0293988707135,-19.744343,14.86112,17.760532,1418.158,0.39941415,13.889596,-329.30014,-224.54301,248.04018,361.4851,183.21298,41.79895,203.54297,5.8603222896636e-06,5.8603222896636e-06,5.8603222896636e-06
5_1404_63,2023-11-01,0.0,0.0,1500.26474644131,-0.14542247354984283,324.3260961876666,1127.8178959892734,819.4318182071866,1564.4998236252013,200.8546129439586,225.08429564949043,524.0603608098435,213.8300808670159,776.4694530384866,1561.6392726275367,1499.0293988707135,-35.319195,3.8060849,24.941158,647.26886,17.201115,18.220089,-278.7245,-188.82295,229.23596,288.88113,486.37955,58.344116,145.81635,5.8603222896636e-06,5.8603222896636e-06,5.8603222896636e-06
5_1404_63,2023-12-01,0.0,0.0,1500.26474644131,0.0037637208588421345,364.15150965640436,575.0647877114643,836.0009450564347,1656.6920790971476,200.8546129439586,225.08429564949043,524.0603608098435,213.8300808670159,776.4694530384866,1561.6392726275367,1499.0293988707135,-15.749487,-8.70305,25.475452,914.55524,39.5362,44.678482,-191.87473,-114.21893,170.9358,305.82816,361.60266,85.02313,74.799194,5.8603222896636e-06,5.8603222896636e-06,5.8603222896636e-06
5_1404_63,2024-01-01,0.0,0.0,1500.26474644131,0.0011496286606416106,380.7648989713753,941.3871734882987,1424.7290943452153,1748.8843345690943,200.8546129439586,225.08429564949043,524.0603608098435,213.8300808670159,776.4694530384866,1561.6392726275367,1499.0293988707135,63.1794,53.81783,24.76258,1539.9819,48.449444,42.677704,-172.32921,-94.9409,199.5341,307.46237,-1628.8284,42.58545,294.002,5.8603222896636e-06,5.8603222896636e-06,5.8603222896636e-06
5_1408_73,2023-10-01,0.0,-325869.48801350966,7.483056186392467e-27,112873.6484375,85606.61543814186,-1394910.998484158,-3920424.1904677874,-359936.7594707762,83178.97255888053,3625303.812373331,1442797.0351046913,3444038.621754664,83178.97255888053,3848.4508264056626,7.568547523158771e-11,-3546.6846,-708.1412,18544.34,-891516.8,-1434.375,7821.5767,-164549.52,-120685.52,126990.53,163170.33,0.1764431,0.00044253256,30977.5,0.030250536277890205,0.030250536277890205,365136.46875
5_1408_73,2023-11-01,0.0,-651738.9760270184,7.483056186392467e-27,-5565.9775390625,167828.89880866394,-1024592.8180956063,-3901412.653983294,-716274.1513074085,83178.97255888053,3625303.812373331,1442797.0351046913,3444038.621754664,83178.97255888053,3848.4508264056626,7.568547523158771e-11,-3498.4265,-957.15314,25076.893,-241905.58,156.0,503.45703,-144101.02,-114696.37,106085.21,140272.4,-0.11338091,7.758526e-05,6694.6875,0.030250536277890205,0.030250536277890205,365136.46875
5_1408_73,2023-12-01,0.0,-977608.4640405271,7.483056186392467e-27,80494.8828125,246800.64471943956,-609920.7685106748,-3681271.2246546876,-1072611.543144041,83178.97255888053,3625303.812373331,1442797.0351046913,3444038.621754664,83178.97255888053,3848.4508264056626,7.568547523158771e-11,-4111.762,-5004.6904,25869.787,-236966.33,-517.125,2192.475,-208494.81,-142514.55,138973.02,145002.45,0.0664444,-0.0010665987,53550.438,0.030250536277890205,15875.52734375,365136.46875
5_1408_73,2024-01-01,0.0,-1303477.9520540358,7.483056186392467e-27,12074.75,322650.3584046229,-1313532.3089241493,-3299208.8427210427,-1428948.9349806732,83178.97255888053,3625303.812373331,1442797.0351046913,3444038.621754664,83178.97255888053,3848.4508264056626,7.568547523158771e-11,-10509.171,-7647.771,25431.955,449721.25,-9044.875,2415.0312,-146660.28,-108269.28,103418.625,132639.92,0.48626935,-0.0018739337,56027.547,0.030250536277890205,15875.52734375,365136.46875
5_1504_15,2023-10-01,349.7530830923627,0.0,136.16472874312637,50.604068756103516,124.04669116509396,-204.81575815531386,-191.40224871817784,117.22086999749945,186.7188440921208,247.3900998770066,188.60516927101375,235.02059488315626,126.0222122700462,175.18385391333453,27.593534914258537,335.38477,351.05133,251.82755,51.974213,392.83228,389.016,72.275276,150.09584,528.1331,600.6328,374.52625,399.03052,323.19388,2048.0400390625,1.9073859220952727e-06,1.9073859220952727e-06
5_1504_15,2023-11-01,0.0,0.0,136.16472874312637,-36.108734130859375,137.0432537854596,-177.7348849897529,-326.62861471784555,115.22417220696471,186.7188440921208,247.3900998770066,188.60516927101375,235.02059488315626,126.0222122700462,175.18385391333453,27.593534914258537,303.7761,294.94952,69.62311,5.5456567,424.21204,397.83722,-22.511637,87.8174,703.3347,826.5203,408.09027,330.97226,346.01263,1.9073859220952727e-06,1.9073859220952727e-06,1.9073859220952727e-06
5_1504_15,2023-12-01,2515.7046953532927,0.0,136.16472874312637,-67.17262268066406,136.2948893350655,-287.6123472625886,-253.99754593598283,113.22747441642996,186.7188440921208,247.3900998770066,188.60516927101375,235.02059488315626,126.0222122700462,175.18385391333453,27.593534914258537,285.906,291.48694,-28.037624,4.613775,441.48645,420.93335,-19.383064,67.3126,683.4589,772.5381,383.90228,223.2016,282.32852,1.9073859220952727e-06,1.9073859220952727e-06,1.9073859220952727e-06
5_1504_15,2024-01-01,2515.7046953532927,0.0,136.16472874312637,-68.8980712890625,136.3379814484937,-148.48151377743244,-386.971755163535,111.23077662589522,186.7188440921208,247.3900998770066,188.60516927101375,235.02059488315626,126.0222122700462,175.18385391333453,27.593534914258537,275.05908,256.6041,-75.95543,352.83487,442.65988,459.87756,-25.951118,132.20871,730.7167,822.805,123.2518,124.91162,325.17584,1.9073859220952727e-06,1.9073859220952727e-06,1.9073859220952727e-06
5_1706_16,2023-10-01,163365.25948234712,6996.937023911852,14656.897604573998,12055.65234375,7662.624785632424,7236.008720164909,4592.4653000437265,13615.529228507849,1914.7229854843004,409.6188280121916,1312.1598725083916,389.137886611582,4551.961469210102,14686.52475693565,14675.603204048643,14823.487,14730.005,15651.473,7927.353,11820.472,14242.863,-28029.799,-15032.505,53908.27,72561.16,17196.535,15279.117,3746.5752,2.9918264772277325e-05,2.9918264772277325e-05,32124.4921875
5_1706_16,2023-11-01,5394.649096540299,3320.1685533250975,14656.897604573998,12691.919921875,4669.996913008856,6485.498085487583,4933.839379270703,14152.645915914716,1914.7229854843004,409.6188280121916,1312.1598725083916,389.137886611582,4551.961469210102,14686.52475693565,14675.603204048643,15639.432,14989.709,11820.061,9040.108,10413.492,10679.395,-19562.244,-12381.245,29049.5,38620.258,19612.182,16930.746,12628.766,2.9918264772277325e-05,2.9918264772277325e-05,2.9918264772277325e-05
5_1706_16,2023-12-01,0.0,1575.4778390624751,14656.897604573998,11961.626953125,3405.5413938902557,2355.0028316676276,5158.646249599255,14689.762603321584,1914.7229854843004,409.6188280121916,1312.1598725083916,389.137886611582,4551.961469210102,14686.52475693565,14675.603204048643,14478.632,14541.31,9745.968,10618.874,9072.221,8240.057,-6627.0015,-4943.0283,25399.588,30687.422,19348.42,15387.551,5075.2393,2.9918264772277325e-05,2.9918264772277325e-05,2.9918264772277325e-05
5_1706_16,2024-01-01,0.0,747.5916904553388,14656.897604573998,11836.451171875,2871.2792577738082,571.3968102727824,7986.961866550202,15226.879290728451,1914.7229854843004,409.6188280121916,1312.1598725083916,389.137886611582,4551.961469210102,14686.52475693565,14675.603204048643,14348.12,14362.576,7223.734,10655.887,7917.6953,6976.3115,-10959.03,-4372.6006,18411.82,20301.693,3513.2793,12623.403,2937.2507,2.9918264772277325e-05,2.9918264772277325e-05,2.9918264772277325e-05
6_1105_14,2023-10-01,253.54850753739404,-12423.91773788608,102644.99070098305,-6076.810546875,62490.07668543779,470181.214750426,552513.6486025788,-2411.739068289775,90371.30240440379,89681.41265331482,89680.4102836792,85197.34202064908,78314.87275475706,388.87734981788395,105122.55222673297,3102.3875,1582.7262,86.70177,-71837.82,86.33965,16.325623,-310.3112,-233.70555,294.05112,401.0995,193.5405,241.73633,-2.0351562,0.0014302763156592846,0.0014302763156592846,0.0014302763156592846
6_1105_14,2023-11-01,279.62264483733884,0.0,102644.99070098305,483.0652770996094,86811.2611488001,-207180.297237155,-168590.1914876203,-11925.708338578304,90371.30240440379,89681.41265331482,89680.4102836792,85197.34202064908,78314.87275475706,388.87734981788395,105122.55222673297,1846.8689,488.46457,86.71137,-127998.91,55.751453,69.343346,-134.67056,-106.49959,200.34395,245.04857,219.19365,169.17474,-17312.848,0.0014302763156592846,0.0014302763156592846,0.0014302763156592846
6_1105_14,2023-12-01,23.376812751674628,0.0,102644.99070098305,-824.6072387695312,96304.81273876783,-239580.64039903125,-160730.42330052087,-21439.677608866834,90371.30240440379,89681.41265331482,89680.4102836792,85197.34202064908,78314.87275475706,388.87734981788395,105122.55222673297,80.22299,-259.62277,86.50678,-147864.7,47.642765,39.209118,-80.018974,-53.40968,128.76085,164.30861,182.08492,32.915195,-8123.4414,0.0014302763156592846,0.0014302763156592846,0.0014302763156592846
6_1105_14,2024-01-01,57.54292369642985,0.0,102644.99070098305,-325.02215576171875,100010.533647515,-191795.00098365312,-183910.36215765693,-30953.646879155327,90371.30240440379,89681.41265331482,89680.4102836792,85197.34202064908,78314.87275475706,388.87734981788395,105122.55222673297,-788.3586,350.49,85.94169,213723.1,44.031494,45.901657,-98.1091,-59.60306,151.07172,173.16878,9.710587,8.600563,-9326.832,0.0014302763156592846,0.0014302763156592846,0.0014302763156592846
6_1112_14,2023-10-01,394.70849223019854,161.83947289620895,161.82328901185062,83.28207397460938,237.88296047109628,-484.35680124153896,-92.15538392027557,122.40399049367934,220.7681564366249,470.23003133903745,260.4233143038519,446.71852977208556,154.5164981207556,83.45413056457502,160.2211269089512,163.86397,162.98657,121.43687,-179.6173,150.15317,149.73926,102.63937,110.8071,178.786,184.34673,165.3132,183.81305,40.790665,835.7493896484375,823.5783081054688,162.2814483642578
6_1112_14,2023-11-01,57.54292369642985,161.83947289620895,161.82328901185062,83.1795654296875,298.4791506934308,-559.6288974296947,-135.30897823256564,92.14432945205735,220.7681564366249,470.23003133903745,260.4233143038519,446.71852977208556,154.5164981207556,83.45413056457502,160.2211269089512,160.67139,164.16034,121.39132,25.02715,157.73341,162.90144,83.61992,104.42599,215.41054,248.72523,182.63977,151.36331,43.602173,1634.9854736328125,819.521240234375,819.521240234375
6_1112_14,2023-12-01,547354.5839577201,161.83947289620895,161.82328901185062,72.17493438720703,346.76597165025873,-530.4524761071134,-127.78690895648259,61.88466841043536,220.7681564366249,470.23003133903745,260.4233143038519,446.71852977208556,154.5164981207556,83.45413056457502,160.2211269089512,158.43074,159.82439,121.05832,-47.815723,162.19022,160.18488,21.795277,60.126095,257.38086,277.1597,163.05511,99.49927,84.356125,3274.028076171875,819.521240234375,815.4642333984375
6_1112_14,2024-01-01,547534.4055942714,161.83947289620895,161.82328901185062,68.80403137207031,385.24392000908745,-1335.167074531629,-1056.0726698206554,31.62500736881337,220.7681564366249,470.23003133903745,260.4233143038519,446.71852977208556,154.5164981207556,83.45413056457502,160.2211269089512,158.41608,159.41194,119.14724,485.71805,169.25916,171.37747,-3.7705762,62.379997,278.05283,330.0564,30.992737,57.054592,83.15907,819.521240234375,819.521240234375,819.521240234375
6_1113_14,2023-10-01,106.99387374804925,56.75181453726742,55.10052304616151,61.43611526489258,38.96102606380198,65.35448019260627,35.45576579718933,52.58279674170059,13.524938036970838,7.663279830705193,11.832967724644753,7.280115839169933,27.005893967633902,60.07166546043312,55.01875401002245,86.37444,79.91737,81.3781,73.70589,66.872894,69.10276,-91.988335,-54.503216,214.48584,234.27881,67.29297,33.36193,25.801678,2.0993805094349227e-07,2.0993805094349227e-07,2.0993805094349227e-07
6_1113_14,2023-11-01,0.0,56.75181453726742,55.10052304616151,1.3430607396003325e-05,25.104183325636942,53.05944872320838,33.01284576648377,55.90248103366726,13.524938036970838,7.663279830705193,11.832967724644753,7.280115839169933,27.005893967633902,60.07166546043312,55.01875401002245,16.25722,30.844757,60.298557,41.617462,54.431465,47.240845,-61.070686,-43.64787,124.93322,153.01495,73.422905,-12.807873,16.437836,2.0993805094349227e-07,2.0993805094349227e-07,2.0993805094349227e-07
6_1113_14,2023-12-01,48.55184186886269,56.75181453726742,55.10052304616151,1.8186481611337513e-05,19.720408107850695,59.345785925555276,38.5812398495476,59.22216532563391,13.524938036970838,7.663279830705193,11.832967724644753,7.280115839169933,27.005893967633902,60.07166546043312,55.01875401002245,12.435324,24.974342,47.957752,9.429377,45.812122,36.65258,-32.13257,-20.324633,101.94171,144.0149,48.536655,11.934542,12.056434,2.0993805094349227e-07,2.0993805094349227e-07,2.0993805094349227e-07
6_1113_14,2024-01-01,237039.08308561522,56.75181453726742,55.10052304616151,5.185498139326228e-06,17.62865920491932,60.855114035178275,56.79310837354085,62.541849617600576,13.524938036970838,7.663279830705193,11.832967724644753,7.280115839169933,27.005893967633902,60.07166546043312,55.01875401002245,9.10488,13.497725,33.219738,14.050523,38.37191,39.178722,-14.1408615,5.760841,66.726845,86.223274,-20.38646,15.655785,11.295554,2.0993805094349227e-07,2.0993805094349227e-07,2.0993805094349227e-07
6_1212_16,2023-10-01,0.0,0.0,4.918121759850814e-17,-48.981346130371094,297.09787115255176,86.57869145706331,2117.913384099996,4.918121759196575e-07,691.1372181814819,2091.533542868303,4112.056626572983,1986.9568657248876,691.1372181814819,148.99908416121457,4.930166784562935e-07,22.160912,0.3451538,14.967186,303.4688,-3.6898956,-1.5075359,-33.676914,-20.470469,22.210413,30.285126,928.90796,3.5610352,359.66504,1.7321981431450695e-05,1.7321981431450695e-05,1.7321981431450695e-05
6_1212_16,2023-11-01,0.0,0.0,4.918121759850814e-17,2.217064142227173,507.61167956173983,-434.3768799846273,2046.7963162185763,4.918121759196575e-07,691.1372181814819,2091.533542868303,4112.056626572983,1986.9568657248876,691.1372181814819,148.99908416121457,4.930166784562935e-07,262.01135,55.78704,14.209602,1157.0544,-5.930771,-5.8991013,-21.970074,-17.875532,14.052124,29.729618,-233.55885,19.312012,289.78235,1.7321981431450695e-05,1.7321981431450695e-05,1.7321981431450695e-05
6_1212_16,2023-12-01,0.0,0.0,4.918121759850814e-17,-38.291629791259766,656.7748605667805,4478.216795652566,6897.3579225191315,4.918121759196575e-07,691.1372181814819,2091.533542868303,4112.056626572983,1986.9568657248876,691.1372181814819,148.99908416121457,4.930166784562935e-07,-22.596115,-4.988739,13.39769,649.25543,-3.539566,0.14727545,-34.089428,-23.981737,22.628403,38.601166,-583.4844,49.646484,270.31433,1.7321981431450695e-05,1.7321981431450695e-05,1.7321981431450695e-05
6_1212_16,2024-01-01,0.0,0.0,4.918121759850814e-17,-5.905043601989746,762.4669989385047,3924.9589201853087,5505.114696941566,4.918121759196575e-07,691.1372181814819,2091.533542868303,4112.056626572983,1986.9568657248876,691.1372181814819,148.99908416121457,4.930166784562935e-07,-51.554184,10.031715,12.622513,-2666.3552,2.573532,3.334155,-28.657024,-17.307224,29.32237,46.74908,-935.0786,68.59155,247.46228,1.7321981431450695e-05,1.7321981431450695e-05,1.7321981431450695e-05
6_1212_2,2023-10-01,0.0,0.0,0.328411374739062,-4960.728515625,3848.6272218615486,702.4271703500817,31677.0272632051,32.51598231714636,15949.069141494869,8566.734542201753,12059.116522827897,8138.3978150916655,13951.84278967668,2448.0529508481927,32.534785029007246,362.62253,-27.51672,450.7974,6931.227,346.6187,186.10687,-5035.4756,-3668.6252,4711.668,6760.958,13212.0,84.7168,3846.875,0.00022977210755925626,0.00022977210755925626,0.00022977210755925626
6_1212_2,2023-11-01,0.0,0.0,0.328411374739062,2001.3441162109375,6583.1179041602445,-5155.340714628666,31972.019900752857,32.51598231714636,15949.069141494869,8566.734542201753,12059.116522827897,8138.3978150916655,13951.84278967668,2448.0529508481927,32.534785029007246,631.02075,-21.084385,625.8799,12398.953,287.3316,100.27844,-5274.71,-3869.4492,3324.5347,4626.197,-7743.1445,266.67578,3445.2266,0.00022977210755925626,0.00022977210755925626,0.00022977210755925626
6_1212_2,2023-12-01,1454.7570397003672,0.0,0.328411374739062,-839.0421752929688,8526.002694119612,74499.70657377789,108794.0001059483,32.51598231714636,15949.069141494869,8566.734542201753,12059.116522827897,8138.3978150916655,13951.84278967668,2448.0529508481927,32.534785029007246,-209.2043,-11.926555,644.2647,13463.279,265.25363,583.0958,-7297.846,-2925.0957,3869.9036,5744.593,-11051.519,593.35547,3459.6426,0.00022977210755925626,0.00022977210755925626,0.00022977210755925626
6_1212_2,2024-01-01,0.0,0.0,0.328411374739062,324.10565185546875,9906.44305600896,73527.41564962175,95737.75095090007,32.51598231714636,15949.069141494869,8566.734542201753,12059.116522827897,8138.3978150916655,13951.84278967668,2448.0529508481927,32.534785029007246,-296.00946,-69.66823,630.3421,-38702.04,238.00441,282.5576,-5122.3545,-2824.0417,4056.174,5800.155,-17053.34,868.77344,3522.248,0.00022977210755925626,0.00022977210755925626,0.00022977210755925626
6_1306_16,2023-10-01,7.192865462053732,-2.1660333493685955,16.811413894984007,-7.060130596160889,2.4279732718850955,4.4387560542994215,6.6166827048030585,16.535708715195895,2.8591179553938355,2.7705077724480214,3.503855061840595,2.63198238382562,6.985494623891891,17.86977513228974,16.847793276299765,-0.18229692,0.20415999,0.23548955,16.956747,-0.10796396,-0.4689319,-4.121323,-2.5704134,2.8120248,4.295183,-14.696798,0.47346687,2.0137281,6.340009406358149e-08,47.646080017089844,6.340009406358149e-08
6_1306_16,2023-11-01,1.798216365513433,0.0,16.811413894984007,2.08440196729498e-05,3.464804146273571,1.640691434408423,7.306607143076118,17.58777034486163,2.8591179553938355,2.7705077724480214,3.503855061840595,2.63198238382562,6.985494623891891,17.86977513228974,16.847793276299765,-0.33465627,0.04234995,0.31953079,7.972445,0.16555758,0.20128767,-1.8631214,-1.3011787,2.0047493,2.7843578,-5.0592074,0.6953459,1.2688012,6.340009406358149e-08,47.646080017089844,6.340009406358149e-08
6_1306_16,2023-12-01,1.798216365513433,0.0,16.811413894984007,-2.4179676074709278e-06,3.9075677773783397,-4.47456440914906,9.265060973778809,18.639831974527375,2.8591179553938355,2.7705077724480214,3.503855061840595,2.63198238382562,6.985494623891891,17.86977513228974,16.847793276299765,-0.09935894,-0.058000203,0.32602483,10.619216,0.45040178,0.58315414,-1.8323091,-1.1562213,2.8280542,3.0556908,-11.558376,1.0117464,0.4213977,6.340009406358149e-08,47.646080017089844,6.340009406358149e-08
6_1306_16,2024-01-01,0.0,0.0,16.811413894984007,-6.780385888305318e-07,4.096643583154961,-0.11892913718557718,15.281650144983056,19.691893604193115,2.8591179553938355,2.7705077724480214,3.503855061840595,2.63198238382562,6.985494623891891,17.86977513228974,16.847793276299765,0.79418504,0.66484904,0.31786034,17.508207,0.55716354,0.5764749,-1.9709105,-1.3998471,1.9400815,2.6179752,-29.236252,0.49806595,2.564929,6.340009406358149e-08,47.646080017089844,6.340009406358149e-08
6_1504_16,2023-10-01,0.0,0.0,-48.17131265649533,-2.287389039993286,482.58307075057314,426.4367838918282,-1192.1875149208597,-16.291160750066883,98.5043140666065,5641.620786386978,2136.781124324872,5359.539747067629,60.17861174717579,0.4025586220175011,1.0585163194175722e-19,-0.62674075,-0.68715185,5.0204506,-50.12281,0.5702166,-2.6254003,-53.134056,-37.681797,41.796402,64.489235,0.176445,0.00044253256,-0.11154938,1.1638105206657201e-05,1.1638105206657201e-05,1.1638105206657201e-05
6_1504_16,2023-11-01,0.0,0.0,-96.33584556075972,-0.03361749276518822,856.2779457236711,-129.33205891109176,-1933.8343832267421,-31.127508100930743,98.5043140666065,5641.620786386978,2136.781124324872,5359.539747067629,60.17861174717579,0.4025586220175011,1.0585163194175722e-19,1.1935661,4.5145526,6.7588134,-175.13174,0.9752745,-0.79050773,-51.051186,-34.545773,40.489147,51.50967,-0.113381386,7.758526e-05,-26.048988,1.1638105206657201e-05,1.1638105206657201e-05,1.1638105206657201e-05
6_1504_16,2023-12-01,0.0,0.0,-134.86814099811278,-1.876451849937439,1145.6537403696823,-275.4993065971574,-1673.9206242283624,-44.844108535545224,98.5043140666065,5641.620786386978,2136.781124324872,5359.539747067629,60.17861174717579,0.4025586220175011,1.0585163194175722e-19,2.350171,6.581847,7.0178437,-149.61623,1.0848964,3.5347035,-33.29274,-28.24993,36.138794,48.653473,0.0664444,-0.0010665987,-12.291023,1.1638105206657201e-05,1.1638105206657201e-05,1.1638105206657201e-05
6_1504_16,2024-01-01,0.0,0.0,-165.694512648444,-0.402769535779953,1369.7358890291698,3913.681253701993,3631.45172143496,-57.57256196849079,98.5043140666065,5641.620786386978,2136.781124324872,5359.539747067629,60.17861174717579,0.4025586220175011,1.0585163194175722e-19,2.4053,5.4261875,6.9187846,259.10956,0.8465314,3.1255379,-36.484642,-28.998713,33.91729,50.147762,0.4862697,-0.0018739337,-14.073921,1.1638105206657201e-05,1.1638105206657201e-05,1.1638105206657201e-05
6_1505_16,2023-10-01,134.86622741350746,0.0,187444.85815962445,-61470.39453125,198769.02778134565,-316793.9488926511,-537648.9605937243,70027.2549769464,104631.02466226641,122305.15339512829,123060.88165217155,116189.89572537187,109626.9103064569,659.547406616993,57839.920480455796,-12260.71,-23807.19,137.5994,-157567.88,90.76907,83.54169,-150.29262,-74.1444,242.44058,354.3917,123.98813,125.507965,1303.1421,0.002633024239912629,0.002633024239912629,0.002633024239912629
6_1505_16,2023-11-01,134.86622741350746,0.0,187444.85815962445,-68075.640625,187917.07398137622,-228616.22815885211,-547460.1135160741,59465.5365226756,104631.02466226641,122305.15339512829,123060.88165217155,116189.89572537187,109626.9103064569,659.547406616993,57839.920480455796,-46743.9,-91093.21,138.6569,-209616.23,48.3564,50.61313,-33.985157,-21.936134,137.54994,167.43425,129.74446,90.527824,-237.82324,29018.064453125,0.002633024239912629,0.002633024239912629
6_1505_16,2023-12-01,134.86622741350746,0.0,187444.85815962445,-58803.4921875,188509.9473338519,-423977.90334262035,-423585.93963638716,48903.81806840477,104631.02466226641,122305.15339512829,123060.88165217155,116189.89572537187,109626.9103064569,659.547406616993,57839.920480455796,-45349.098,-90600.62,138.78574,-180010.08,17.261353,16.67038,-61.551804,-48.145287,66.49344,91.7019,118.73409,57.67002,-123.53467,0.002633024239912629,2827188.25,0.002633024239912629
6_1505_16,2024-01-01,134.86622741350746,0.0,187444.85815962445,-44054.11328125,188477.5569626289,-207826.49775673685,-694388.1720250455,38342.099614133986,104631.02466226641,122305.15339512829,123060.88165217155,116189.89572537187,109626.9103064569,659.547406616993,57839.920480455796,-55529.215,-83252.914,138.71497,604551.1,-3.4317474,-3.9761374,-52.625015,-30.659916,40.096466,63.291523,80.77638,45.897705,-185.76465,0.002633024239912629,0.002633024239912629,0.002633024239912629
6_1507_16,2023-10-01,208416.8731957379,208416.8731957379,208416.8731957379,205786.296875,193590.69798963243,214817.53201431752,141993.37597409674,220008.04206596848,137016.2699500589,59679.00576627443,111604.60551519242,56695.055477960705,160458.04140941793,205160.3739436024,208416.87319552904,208756.53,195839.23,204980.58,151068.8,148161.72,133621.25,-278916.5,-192253.39,435410.72,624040.6,219374.0,201353.23,282845.0,208512.984375,208512.984375,208512.984375
6_1507_16,2023-11-01,0.0,208416.8731957379,208416.8731957379,206011.84375,180425.94497294253,213088.05469353183,135425.34192365318,231483.29924770287,137016.2699500589,59679.00576627443,111604.60551519242,56695.055477960705,160458.04140941793,205160.3739436024,208416.87319552904,167249.08,156633.39,151482.62,110626.08,113044.07,112150.42,-67094.07,-46882.547,296046.5,331312.28,210808.2,157147.06,53281.523,208512.984375,208512.984375,208512.984375
6_1507_16,2023-12-01,0.0,208416.8731957379,208416.8731957379,203946.75,168736.4350635307,202151.8106157428,140419.76584830458,242958.5564294373,137016.2699500589,59679.00576627443,111604.60551519242,56695.055477960705,160458.04140941793,205160.3739436024,208416.87319552904,150036.67,123370.62,120071.49,93254.72,90713.92,90995.055,-39614.285,681.545,168268.6,194622.86,205296.66,109231.59,43541.895,207196.0625,208512.984375,208512.984375
6_1507_16,2024-01-01,0.0,208416.8731957379,208416.8731957379,203712.109375,158356.85241970874,245170.73147364528,215842.8399120178,254433.81361117173,137016.2699500589,59679.00576627443,111604.60551519242,56695.055477960705,160458.04140941793,205160.3739436024,208416.87319552904,138584.66,93135.8,83089.6,106409.234,75871.63,76941.28,-21581.73,9566.736,154854.98,191035.16,157169.31,88430.836,49050.727,207635.03125,208512.984375,208512.984375
6_1607_2,2023-10-01,0.0,4024.151337966845,4030.067228081312,6626.5986328125,4334.653542140622,1071.963892089273,910.1335207099837,3769.8631472892994,3580.904583148882,11653.83205836836,7077.794669307853,11071.140455449942,3795.9490548908843,2397.3534053970798,2412.6800368053914,622.1136,12.109392,116.961006,4502.1284,-34.53358,-147.88483,-1672.0167,-1153.1454,833.95264,1633.4889,2941.46,72.34717,1327.6108,5.6216740631498396e-05,5.6216740631498396e-05,5.6216740631498396e-05
6_1607_2,2023-11-01,0.0,4024.151337966845,4030.067228081312,6361.31689453125,3891.8860645037967,1778.5329491553275,1296.9660044781408,3769.8631472892994,3580.904583148882,11653.83205836836,7077.794669307853,11071.140455449942,3795.9490548908843,2397.3534053970798,2412.6800368053914,-1469.4326,-279.97482,163.81818,2069.7522,-35.106495,-22.121807,-1797.0858,-1018.2332,844.1625,975.06555,7555.7017,282.44727,2059.9258,5.6216740631498396e-05,5.6216740631498396e-05,5.6216740631498396e-05
6_1607_2,2023-12-01,0.0,4024.151337966845,4030.067228081312,6638.3662109375,3937.1129868741746,16237.805882625165,15262.888991148258,3769.8631472892994,3580.904583148882,11653.83205836836,7077.794669307853,11071.140455449942,3795.9490548908843,2397.3534053970798,2412.6800368053914,-1012.71844,-180.46408,169.37926,4401.132,-69.12626,-98.688675,-2243.6345,-1360.434,955.51416,1280.0204,10350.053,408.6089,2710.746,5.6216740631498396e-05,5.6216740631498396e-05,5.6216740631498396e-05
6_1607_2,2024-01-01,0.0,4024.151337966845,4030.067228081312,6978.318359375,3932.493238111204,12187.33551856213,16618.076722395734,3769.8631472892994,3580.904583148882,11653.83205836836,7077.794669307853,11071.140455449942,3795.9490548908843,2397.3534053970798,2412.6800368053914,-1325.6101,-93.13197,166.19402,-3020.3496,-99.44877,-26.721104,-1442.5795,-983.851,1078.3191,1436.0352,4074.3496,174.4541,2432.108,5.6216740631498396e-05,5.6216740631498396e-05,5.6216740631498396e-05
6_1611_2,2023-10-01,0.0,0.0,293.8019546791596,584.2591552734375,15856.986920247264,16472.185141436537,-63943.562214201724,1358.021214868881,22781.537135014074,59013.01084359548,59011.45359420103,56062.360301415705,11280.547810515322,246.6001037471811,302.88623693498886,-17.406284,-20.60634,44.41484,527.18427,1.2264041,75.50545,-443.27484,-319.81458,414.2606,620.96173,1845.3292,21.187988,117.145874,0.0003787886234931648,7355.17333984375,0.0003787886234931648
6_1611_2,2023-11-01,0.0,0.0,293.8019546791596,693.0337524414062,23455.38981821235,20119.503731445075,-62103.08486511352,1358.021214868881,22781.537135014074,59013.01084359548,59011.45359420103,56062.360301415705,11280.547810515322,246.6001037471811,302.88623693498886,2.3767643,14.2823,60.5844,1303.4545,0.3895843,-7.0252943,-377.74518,-242.59772,275.65372,482.49268,-499.70236,30.224854,-25.570435,0.0003787886234931648,22065.51953125,0.0003787886234931648
6_1611_2,2023-12-01,0.0,0.0,293.8019546791596,602.3059692382812,27096.417391116716,12778.54705263839,-64071.80110631694,1358.021214868881,22781.537135014074,59013.01084359548,59011.45359420103,56062.360301415705,11280.547810515322,246.6001037471811,302.88623693498886,19.520618,1.7496431,62.817234,414.27814,-0.16468745,29.216404,-433.43793,-325.40085,341.75717,560.33124,187.1961,73.694824,-138.41248,0.0003787886234931648,31209.787109375,0.0003787886234931648
6_1611_2,2024-01-01,0.0,0.0,293.8019546791596,570.9293212890625,28841.136901870777,38711.5557513292,-24048.72492644592,1358.021214868881,22781.537135014074,59013.01084359548,59011.45359420103,56062.360301415705,11280.547810515322,246.6001037471811,302.88623693498886,32.921448,5.43744,61.899666,-2650.4436,-1.0092832,3.0832946,-401.0194,-334.67078,273.9306,438.6338,-1034.0076,69.81348,-253.72449,0.0003787886234931648,406721.1875,0.0003787886234931648
6_1706_16,2023-10-01,2.6973245482701493,2.3957773366858466,2.6977740575265994,2.552992343902588,34.7317729940261,43.96985397433491,-141.94181894499243,2.741950915017124,72.13420241841732,198.36668833670697,43.02578187644877,188.4483539198716,55.89972045134353,18.56188391251628,2.741980627644547,2.5363472,2.3879285,2.7556732,1.8349674,3.984549,3.7373438,-8.257552,-5.091882,10.461148,13.273336,17.456339,2.8830643,39.949043,0.8927064538002014,1.7854112386703491,2.6781160831451416
6_1706_16,2023-11-01,13.486622741350747,2.1279415747943826,2.6977740575265994,4.554472923278809,61.03758190044958,55.764309142607445,-120.93925301556844,2.741950915017124,72.13420241841732,198.36668833670697,43.02578187644877,188.4483539198716,55.89972045134353,18.56188391251628,2.741980627644547,2.5000982,2.4467654,2.7758815,11.914397,3.8405728,3.9472365,-7.7202263,-3.7755122,12.723203,15.528952,4.652548,3.2533112,-5.992092,1.7854112386703491,1.7010364672387368e-06,11.60516357421875
6_1706_16,2023-12-01,2.6973245482701493,1.8900484934056134,2.6977740575265994,2.9067959785461426,82.6391894134688,29.721245894151416,-121.74308395781637,2.741950915017124,72.13420241841732,198.36668833670697,43.02578187644877,188.4483539198716,55.89972045134353,18.56188391251628,2.741980627644547,3.0287392,2.2604482,2.7772918,4.6511602,3.776217,4.6956377,-7.0547147,-4.493086,13.549352,15.824493,0.09376812,3.8881912,-7.8124886,7.1416401863098145,1.7010364672387368e-06,3.5708205699920654
6_1706_16,2024-01-01,2.6973245482701493,1.6787506526207185,2.6977740575265994,4.141996383666992,100.37783599173785,217.91616612802102,121.53432198477788,2.741950915017124,72.13420241841732,198.36668833670697,43.02578187644877,188.4483539198716,55.89972045134353,18.56188391251628,2.741980627644547,2.9051826,2.0303643,2.775617,-27.622002,3.4218795,3.6376379,-6.2611265,-2.8920145,10.531121,13.820904,-4.536846,2.8039627,7.7297516,1.7010364672387368e-06,1.7010364672387368e-06,1.7010364672387368e-06
7_1000_93,2023-10-01,77670125.70749418,30751061.040369306,29870387.211816553,28174166.0,27620861.32016614,22843873.77154664,13192957.39114711,20481871.812019415,8683584.540242363,1972441.362303953,6224932.056673976,1873819.294188755,14423967.480785284,33174583.263310164,29149112.424939893,58423524.0,59188384.0,38916164.0,22895230.0,29753282.0,29166312.0,-104191930.0,-58784108.0,91137700.0,111967440.0,59956228.0,35369104.0,38528970.0,0.08113449066877365,1575438.625,0.08113449066877365
7_1000_93,2023-11-01,98723819.14012928,30751061.040369306,39870367.8692188,64763740.0,15859655.811947757,23846661.422275115,14017799.516998565,21761201.58239893,8683584.540242363,1972441.362303953,6224932.056673976,1873819.294188755,14423967.480785284,33174583.263310164,29149112.424939893,21874404.0,32514300.0,26325904.0,25299894.0,21643246.0,20194152.0,-28384614.0,-7560644.5,65415340.0,88173944.0,66168812.0,25387278.0,-2141739.0,0.08113449066877365,0.08113449066877365,0.08113449066877365
7_1000_93,2023-12-01,55493882.22206459,30751061.040369306,49870348.52662104,80162024.0,10439887.724473586,25266173.803752545,14630982.446911946,23040531.352778442,8683584.540242363,1972441.362303953,6224932.056673976,1873819.294188755,14423967.480785284,33174583.263310164,29149112.424939893,17056102.0,26574556.0,20385458.0,16871616.0,16836942.0,16711814.0,-16863758.0,-6142246.5,38780316.0,44710636.0,56866788.0,16386251.0,-11475428.0,0.08113449066877365,0.08113449066877365,0.08113449066877365
7_1000_93,2024-01-01,0.0,30751061.040369306,59870329.18402329,112442152.0,7942364.31146309,22319611.68254455,21093069.338270996,24319861.123157956,8683584.540242363,1972441.362303953,6224932.056673976,1873819.294188755,14423967.480785284,33174583.263310164,29149112.424939893,14397602.0,19005688.0,15839037.0,9759257.0,13402865.0,13908667.0,-343730.62,1800178.0,23230942.0,31774916.0,13718640.0,12687197.0,-7093426.0,0.08113449066877365,0.08113449066877365,0.08113449066877365
7_1109_75,2023-10-01,0.0,0.0,25.73820441957347,265.6474304199219,12972.43169345996,-62752.94944200237,-48766.9941935309,-12791.952069409244,2429.1208288189027,41157.69397213571,20874.44912491019,39099.809273528925,2429.1208288189027,124.50644798599356,1.9730683818468453,28.859863,110.63745,248.69507,-15565.604,-55.07422,-145.0845,-3436.556,-2234.7405,2237.8293,3134.1768,543.2287,5.9017944,511.74707,0.0005893302150070667,0.0005893302150070667,0.0005893302150070667
7_1109_75,2023-11-01,0.0,0.0,25.73820441957347,203.41525268554688,21330.688297717665,-71014.03999372138,-60141.02503603247,-18202.178494064043,2429.1208288189027,41157.69397213571,20874.44912491019,39099.809273528925,2429.1208288189027,124.50644798599356,1.9730683818468453,-155.1189,76.68286,233.3125,-3863.5623,-49.554688,8.995266,-3105.2617,-2062.0693,2448.765,3333.6836,-255.04001,11.404541,-214.01465,0.0005893302150070667,0.0005893302150070667,1546.4044189453125
7_1109_75,2023-12-01,0.0,0.0,25.73820441957347,212.22633361816406,26715.989613109265,-78809.2706308038,-72007.58074909796,-23612.40491871884,2429.1208288189027,41157.69397213571,20874.44912491019,39099.809273528925,2429.1208288189027,124.50644798599356,1.9730683818468453,-262.43726,-253.20044,219.16504,-16743.816,-87.728516,40.664295,-3255.1726,-2718.7815,1612.5121,3079.2087,-381.73376,24.904053,14.62207,0.0005893302150070667,0.0005893302150070667,2783.527587890625
7_1109_75,2024-01-01,0.0,0.0,25.73820441957347,191.4907989501953,30185.788595206213,-105816.31227840282,-119937.53670380331,-29022.631343373636,2429.1208288189027,41157.69397213571,20874.44912491019,39099.809273528925,2429.1208288189027,124.50644798599356,1.9730683818468453,-184.7356,-132.57959,206.78174,39753.027,-258.7881,-431.197,-2622.393,-2306.1975,2285.0615,3076.7205,-626.0379,-2.5928955,136.76074,4329.931640625,66186.0859375,15464.0390625
8_1203_87,2023-10-01,0.0,0.0,1.426398315577213,202.79898071289062,1272.0617295942436,12684.231391539626,18729.06269490738,1.3784669354524162,1610.8105856915108,1374.1853537803643,2476.8387680707165,1305.476086091346,1357.3893380199809,59.4872780679663,1.3780892002340395,7.923201,-21.46795,111.11788,1257.0114,-6.4629765,33.580673,-1328.8282,-765.0009,851.91534,1287.8005,11.958008,3.0779266,-95.55762,4.515222826739773e-05,284.3509826660156,4.515222826739773e-05
8_1203_87,2023-11-01,0.0,0.0,1.426398315577213,117.29647827148438,1982.7146002476816,20094.743024109106,26329.851156139674,1.3784669354524162,1610.8105856915108,1374.1853537803643,2476.8387680707165,1305.476086091346,1357.3893380199809,59.4872780679663,1.3780892002340395,14.008612,7.328142,152.40108,-5584.612,-6.645764,-101.90599,-1238.2097,-974.6805,888.0567,1274.4243,15.550844,4.551407,-1326.8804,4.515222826739773e-05,284.3509826660156,4.515222826739773e-05
8_1203_87,2023-12-01,0.0,0.0,1.426398315577213,105.33140563964844,2379.729533421611,-7862.885817891591,-1643.0155387372956,1.3784669354524162,1610.8105856915108,1374.1853537803643,2476.8387680707165,1305.476086091346,1357.3893380199809,59.4872780679663,1.3780892002340395,-3.799481,12.47808,158.54877,3600.7651,-6.262336,159.49423,-1135.6807,-867.683,870.5398,1199.6776,45.993576,6.9845734,-1011.39746,876.748779296875,284.3509826660156,4.515222826739773e-05
8_1203_87,2024-01-01,0.0,0.0,1.426398315577213,84.43775939941406,2601.5267901021743,-6861.923717305763,-2960.2505270379015,1.3784669354524162,1610.8105856915108,1374.1853537803643,2476.8387680707165,1305.476086091346,1357.3893380199809,59.4872780679663,1.3780892002340395,-12.403041,-33.028206,156.45387,8271.833,-8.221078,-56.67955,-909.623,-675.9771,890.31274,1127.4108,32.880005,0.80070496,-10.130371,4.515222826739773e-05,4.515222826739773e-05,4.515222826739773e-05
8_1205_87,2023-10-01,0.0,0.0,5.725374817749407e-18,-101.61132049560547,440.5177072282704,-2605.160244527376,-3377.734586337173,-82.18489419689159,85.30122194965816,1656.6146108116131,2760.8510791451913,1573.7838802710323,85.30122194965816,1.9543780366369552,2.40207864093294e-16,-2.799565,-1.5381681,41.544067,-1678.9424,-2.0428507,-65.25544,-662.8304,-453.27322,274.01367,357.91104,0.176445,0.00044253256,-1.080246,2.5922865461325273e-05,2.5922865461325273e-05,2.5922865461325273e-05
8_1205_87,2023-11-01,0.0,0.0,5.725374817749407e-18,2.682560920715332,752.40657145148,-2559.292038470785,-3914.6847786688077,-163.54793945181424,85.30122194965816,1656.6146108116131,2760.8510791451913,1573.7838802710323,85.30122194965816,1.9543780366369552,2.40207864093294e-16,5.796111,-5.1515884,57.10061,187.55367,-3.2032676,25.996067,-404.67224,-365.3706,366.93008,482.7999,-0.113381386,7.758526e-05,-39.459213,2.5922865461325273e-05,2.5922865461325273e-05,2.5922865461325273e-05
8_1205_87,2023-12-01,0.0,0.0,5.725374817749407e-18,-77.0163345336914,973.2255352077705,-2377.6018514341386,-4274.57287558507,-244.91098470673688,85.30122194965816,1656.6146108116131,2760.8510791451913,1573.7838802710323,85.30122194965816,1.9543780366369552,2.40207864093294e-16,-2.275875,-20.35984,59.1728,-1463.9048,-4.2825255,4.081502,-450.37137,-383.58325,424.8266,562.01135,0.0664444,-0.0010665987,-32.718323,2.5922865461325273e-05,2.5922865461325273e-05,2.5922865461325273e-05
8_1205_87,2024-01-01,0.0,0.0,5.725374817749407e-18,-13.355850219726562,1129.5665282594016,-3542.3254954097697,-6063.689840238614,-326.27402996165955,85.30122194965816,1656.6146108116131,2760.8510791451913,1573.7838802710323,85.30122194965816,1.9543780366369552,2.40207864093294e-16,-16.516172,-7.101134,58.183945,1199.6768,-5.4570656,4.167779,-534.7748,-386.66345,386.74454,442.857,0.4862697,-0.0018739337,-1.1647339,2.5922865461325273e-05,2.5922865461325273e-05,2.5922865461325273e-05
9_1504_53,2023-10-01,0.0,-106.95300519428757,77.1182259052346,-224.05569458007812,13.421708093457017,84.5621822612692,34.1850567373329,76.53920621587288,26.595191547342658,4.8977398916197155,18.599005567385955,4.65285289703873,47.38066533161572,85.41527736188806,76.99125843894394,0.95119596,1.3646364,0.9255318,57.580505,0.7991584,0.30824968,-19.511606,-13.01572,16.095633,23.229345,0.43870544,2.162407,13.182451,2.948702331195818e-07,2.948702331195818e-07,2.948702331195818e-07
9_1504_53,2023-11-01,0.0,0.0,77.1182259052346,-118.37528228759766,17.90167231332,94.23714912117438,42.0412949799984,81.40068603669272,26.595191547342658,4.8977398916197155,18.599005567385955,4.65285289703873,47.38066533161572,85.41527736188806,76.99125843894394,0.56782013,0.98940104,1.3088635,31.868507,1.2302264,-0.3604806,-14.130236,-9.170132,8.556449,11.798842,24.521626,3.0037613,10.8750725,2.948702331195818e-07,2.948702331195818e-07,2.948702331195818e-07
9_1504_53,2023-12-01,0.0,0.0,77.1182259052346,61.75335693359375,19.39701696479819,61.27352726697534,40.71674237724622,86.26216585751254,26.595191547342658,4.8977398916197155,18.599005567385955,4.65285289703873,47.38066533161572,85.41527736188806,76.99125843894394,-2.1167252,0.2856405,1.3382353,65.77335,2.3572326,2.8578308,-9.274078,-6.463153,10.787538,14.251771,11.214813,4.635063,4.987837,2.948702331195818e-07,2.948702331195818e-07,2.948702331195818e-07
9_1504_53,2024-01-01,0.0,0.0,77.1182259052346,107.89421081542969,19.896140510649374,75.76721387489893,79.05164953173544,91.12364567833237,26.595191547342658,4.8977398916197155,18.599005567385955,4.65285289703873,47.38066533161572,85.41527736188806,76.99125843894394,1.0984672,2.7174475,1.2967589,94.640976,2.8496623,3.105563,-6.970161,-6.0938063,9.020223,11.960282,-133.49603,2.4083786,13.440931,2.948702331195818e-07,2.948702331195818e-07,2.948702331195818e-07
