unique_id,ds,y,AutoARIMA,AutoETS,CES,AutoRegressive,MSTL,HoltWinters,AutoTheta,ADIDA,CrostonClassic,CrostonOptimized,CrostonSBA,IMAPA,SES,SESOpt,NHITS,NBEATS,TFT,TiDE,DeepAR,DeepAR-median,DeepAR-lo-90,DeepAR-lo-80,DeepAR-hi-80,DeepAR-hi-90,AutoNHITS,AutoPatchTST,AutoTimesNet,Chronos_tiny,Chronos_mini,Chronos_small
10_1101_14,2023-10-01,154934.32205263738,154934.32205263738,154934.3220526501,148765.3125,152995.9097045786,5379.386546988011,-281511.54096476815,127000.44079295297,155099.2801580025,240579.93452052466,155099.2801580025,228550.93779449843,155099.2801580025,155345.17531669006,154934.3346796779,155116.39,155004.22,154740.22,167901.42,148157.16,146736.34,113761.414,120774.29,165936.12,175540.83,215447.66,155271.05,158634.38,155213.953125,155213.953125,159466.375
10_1101_14,2023-11-01,154913.64256443398,154934.32205263738,154934.3220526501,129117.265625,151110.042651952,56375.02240633682,-279134.22581763705,99345.88586739337,155099.2801580025,240579.93452052466,155099.2801580025,228550.93779449843,155099.2801580025,155345.17531669006,154934.3346796779,154628.03,154527.97,154694.58,152095.7,144761.77,144962.03,119414.836,130082.81,159977.62,166083.81,215110.34,155080.36,160966.61,155213.953125,159466.375,157340.171875
10_1101_14,2023-12-01,93257.29893189215,154934.32205263738,154934.3220526501,126329.21875,149275.29652905185,117988.67100655183,-286315.28428984457,71691.33094183376,155099.2801580025,240579.93452052466,155099.2801580025,228550.93779449843,155099.2801580025,155345.17531669006,154934.3346796779,154333.94,154600.78,154562.27,83292.586,142208.47,142959.4,118053.33,127977.805,155183.69,160661.39,215664.8,154848.8,162455.12,312554.125,157340.171875,178602.34375
10_1101_14,2024-01-01,93257.29893189215,154934.32205263738,154934.3220526501,112497.3984375,147490.2855810062,149948.34128547309,-229072.95830952816,44036.77601627415,155099.2801580025,240579.93452052466,155099.2801580025,228550.93779449843,155099.2801580025,155345.17531669006,154934.3346796779,154415.42,154782.53,154456.38,158573.83,141128.05,141605.62,122354.77,129866.88,154989.42,163268.34,215577.72,154953.88,164059.6,416738.8125,146709.0625,357204.6875
10_1102_14,2023-10-01,3081.2437423072674,6587.765655058462,6587.4533048791955,5513.39697265625,23848.155437432004,6246.12776607366,-11132.221604562219,-545.8991905176299,7701.895187814491,34790.20558509849,7701.895187814491,33050.69530584356,7701.895187814491,5436.215049198316,5474.571507289596,6484.698,6229.3677,6089.693,-26734.86,5152.4805,3762.3984,-18810.734,-11405.194,24821.91,30482.635,7216.2285,6942.8076,6080.1963,3364.898681640625,3364.898681640625,34770.6171875
10_1102_14,2023-11-01,6137.3124554973465,6587.765655058462,6587.4533048791955,4879.07763671875,32495.30515084793,4324.515693759797,-1755.2944205937401,-3442.5127326628754,7701.895187814491,34790.20558509849,7701.895187814491,33050.69530584356,7701.895187814491,5436.215049198316,5474.571507289596,6910.27,6628.165,6093.821,15150.248,4789.142,4356.752,-26099.389,-12563.166,18112.262,23771.648,7141.908,6741.8135,6218.3564,3364.898681640625,3364.898681640625,38696.328125
10_1102_14,2023-12-01,6151.698186421454,6587.765655058462,6587.4533048791955,4630.84765625,36827.37407333473,97658.61499527722,83198.50390889042,-6339.12627480811,7701.895187814491,34790.20558509849,7701.895187814491,33050.69530584356,7701.895187814491,5436.215049198316,5474.571507289596,7430.104,7486.137,6093.5884,31567.465,4126.093,2383.3994,-10407.565,-7565.872,18463.947,27594.64,8139.3594,6498.29,6235.8325,3364.898681640625,3364.898681640625,41780.8203125
10_1102_14,2024-01-01,9206.867791428776,6587.765655058462,6587.4533048791955,4294.22119140625,38997.6639111595,-14476.390132601666,-14506.187077597173,-9235.739816953354,7701.895187814491,34790.20558509849,7701.895187814491,33050.69530584356,7701.895187814491,5436.215049198316,5474.571507289596,7281.943,7337.094,6104.3735,-5345.0713,3585.833,3512.993,-15426.489,-11316.553,15528.351,19706.05,7100.998,6608.8984,6369.661,3364.898681640625,3364.898681640625,47108.57421875
10_1104_14,2023-10-01,995.3127583116851,0.0,828.0739580880318,1232.83740234375,1809.5774727991363,-578.4569494082704,-3836.3654212769407,827.5822199993569,583.7392093335413,4610.72920881849,583.7392093335413,4380.192748377565,583.7392093335413,704.1130666736957,827.5820280149269,829.6593,830.6951,899.10614,523.0305,942.85986,928.6462,640.97485,707.9376,1172.4784,1228.5236,925.9039,830.72156,892.47314,832.5257568359375,969.00537109375,777.9338989257812
10_1104_14,2023-11-01,1139.1700675527597,0.0,828.0739580880318,1229.1961669921875,1717.3794129735802,736.2683272284918,-5572.302376501672,827.5822199993569,583.7392093335413,4610.72920881849,583.7392093335413,4380.192748377565,583.7392093335413,704.1130666736957,827.5820280149269,829.61926,831.3168,894.1141,331.04715,974.7305,984.01587,472.75906,619.13306,1296.366,1351.5441,1085.9772,829.2241,915.5069,600.5103759765625,1037.2451171875,586.8624267578125
10_1104_14,2023-12-01,1362.1488968764254,0.0,828.0739580880318,1220.4072265625,1726.0401285237697,347.9506007111907,-5963.77357620542,827.5822199993569,583.7392093335413,4610.72920881849,583.7392093335413,4380.192748377565,583.7392093335413,704.1130666736957,827.5820280149269,827.83124,832.48553,895.84503,491.6219,968.2311,1038.009,483.19116,559.2804,1311.5167,1575.4813,1221.0752,827.40955,868.069,423.08685302734375,1119.1329345703125,27923.73046875
10_1104_14,2024-01-01,1802.7119064272165,0.0,828.0739580880318,1211.1556396484375,1725.2265756791305,13111.075584550821,12762.684517393325,827.5822199993569,583.7392093335413,4610.72920881849,583.7392093335413,4380.192748377565,583.7392093335413,704.1130666736957,827.5820280149269,826.22485,828.2092,896.4036,292.7147,943.5149,944.58777,489.8225,597.40155,1243.2947,1354.1814,1319.8813,828.2352,815.2123,109.18372344970703,1201.020751953125,27.295949935913086
10_1105_16,2023-10-01,117288.66244061365,113529.49112850873,133251.0148834782,52883.3125,179044.8031242957,221558.85563966428,422237.83035547554,123869.22920380926,167678.11238573698,226710.5263343673,167678.11238573698,215375.00001764894,167678.11238573698,122961.9524630309,117288.9178157061,124025.97,111389.234,117296.72,-170105.88,116794.56,116960.89,104541.64,107692.02,127155.64,130463.12,147975.3,123293.72,117122.07,30693.115234375,119362.1015625,117656.9375
10_1105_16,2023-11-01,117321.92944337566,0.0,134354.68558522378,17955.56640625,207722.6899539315,153963.3710233948,409154.9478079354,130383.7377731512,167678.11238573698,226710.5263343673,167678.11238573698,215375.00001764894,167678.11238573698,122961.9524630309,117288.9178157061,141049.89,124896.99,117287.914,408885.53,116571.1,117303.83,101111.13,104960.92,131279.23,136076.2,148571.02,119890.72,117092.51,0.0032491832971572876,119362.1015625,117656.9375
10_1105_16,2023-12-01,117321.92944337566,0.0,135417.34483920774,13415.732421875,221039.9274611436,1892229.1331561033,2155352.893139354,136898.24634249313,167678.11238573698,226710.5263343673,167678.11238573698,215375.00001764894,167678.11238573698,122961.9524630309,117288.9178157061,147669.25,161473.47,117265.52,328044.53,116468.336,118662.34,97014.37,100365.61,131071.41,137527.36,152789.83,115778.69,117097.57,0.0032491832971572876,119362.1015625,117656.9375
10_1105_16,2024-01-01,117321.92944337566,0.0,136440.51659532284,8051.44482421875,227224.09353575917,1265401.2706115462,1378024.710690239,143412.75491183507,167678.11238573698,226710.5263343673,167678.11238573698,215375.00001764894,167678.11238573698,122961.9524630309,117288.9178157061,114087.2,120027.91,117253.836,-94475.46,116423.67,116041.984,98816.43,105508.91,131871.0,136690.27,119848.45,117654.0,117076.74,0.0032491832971572876,117656.9375,117656.9375
10_1108_2,2023-10-01,160130.26824078843,149251.05922943217,146768.70723593206,176464.6875,223915.30690166441,-46635.37705195823,-627100.2827379507,86666.81119103794,177597.03789651915,334826.6551490679,177597.03789651915,318085.3223916145,177597.03789651915,158615.35577157116,149058.63924299687,149659.19,150640.58,152911.05,220336.52,147096.06,160076.94,-240816.39,-167316.52,485432.7,601770.7,261711.9,150074.62,123744.62,183538.0625,183538.0625,244717.421875
10_1108_2,2023-11-01,145316.56182168878,149251.05922943217,146768.70723593206,127153.6875,280845.4799289969,209905.27742222673,-486014.20705524995,27451.744785006114,177597.03789651915,334826.6551490679,177597.03789651915,318085.3223916145,177597.03789651915,158615.35577157116,149058.63924299687,148984.81,150320.56,154677.2,117369.05,157644.62,146745.22,-316382.4,-141817.75,493137.78,540938.1,261389.02,149608.17,124582.2,254913.96875,183538.0625,135954.125
10_1108_2,2023-12-01,7550.710518790905,149251.05922943217,146768.70723593206,148558.015625,324253.7335706842,63583.303351204726,-699311.5096185935,-31763.32162102571,177597.03789651915,334826.6551490679,177597.03789651915,318085.3223916145,177597.03789651915,158615.35577157116,149058.63924299687,149374.69,150090.08,154343.61,127595.375,167355.5,156565.5,-122356.805,-48181.707,461921.8,650617.1,261919.77,149042.2,126435.914,329688.75,278705.9375,254913.96875
10_1108_2,2024-01-01,0.0,149251.05922943217,146768.70723593206,120535.1328125,357351.761980266,-55011.20399623021,-626711.8609628245,-90978.38802705753,177597.03789651915,334826.6551490679,177597.03789651915,318085.3223916145,177597.03789651915,158615.35577157116,149058.63924299687,150965.81,150439.83,152989.56,151551.77,178230.12,169398.34,-240824.94,-109026.266,460253.1,546760.06,261836.4,149299.28,127520.484,401064.65625,329688.75,244717.421875
10_1115_14,2023-10-01,17.083055472377612,0.0,46422.16646111013,-10071.7236328125,48109.545010366775,-60669.48163435196,-105044.90511241925,11977.650315956147,28356.9909247293,33043.36727679452,33043.04605789535,31391.19891295479,28356.9909247293,146.5788895154665,20573.031159708953,-10510.355,-9944.291,28.425503,-59903.984,24.496492,24.608109,19.849085,20.193588,28.147165,30.800564,5431.3906,84.684326,24.821083,0.0006509886588901281,0.0006509886588901281,0.0006509886588901281
10_1115_14,2023-11-01,284.1181857511224,0.0,46422.16646111013,-11058.9677734375,46550.62438470827,-49389.6783668976,-89142.59577997323,8862.684186574443,28356.9909247293,33043.36727679452,33043.04605789535,31391.19891295479,28356.9909247293,146.5788895154665,20573.031159708953,-3895.4944,-5399.382,28.875301,18936.107,25.071602,24.808292,18.694023,20.95357,28.288712,28.873375,37041.805,51.017822,26.005638,0.0006509886588901281,0.0006509886588901281,0.0006509886588901281
10_1115_14,2023-12-01,284.1181857511224,0.0,46422.16646111013,-9707.6484375,46601.16541328057,-88857.3661110971,-128247.39076587539,5747.718057192738,28356.9909247293,33043.36727679452,33043.04605789535,31391.19891295479,28356.9909247293,146.5788895154665,20573.031159708953,-16535.434,-13091.006,28.196566,2890.3252,25.320791,25.744694,17.919592,20.181839,30.62539,32.510044,48872.617,10.1484375,25.205473,0.0006509886588901281,0.0006509886588901281,0.0006509886588901281
10_1115_14,2024-01-01,345.2575421785791,0.0,46422.16646111013,-7559.841796875,46599.5268464882,-50889.8654930297,-141223.91529053845,2632.7519278110376,28356.9909247293,33043.36727679452,33043.04605789535,31391.19891295479,28356.9909247293,146.5788895154665,20573.031159708953,-8834.478,-4299.561,27.361752,46332.6,25.61448,25.569637,18.113258,20.769167,29.082716,30.495392,-2682.7617,28.656738,24.408916,0.0006509886588901281,0.0006509886588901281,0.0006509886588901281
10_1115_16,2023-10-01,26.973245482701493,26.366029201644942,27.338655386451016,32.46287155151367,35.745191616420506,48.36496767125768,6.066073798682717,26.97378494759499,28.440788901803288,62.27064769906326,28.440788901803288,59.157115314110094,28.440788901803288,28.099854850071623,26.9737856609319,27.073391,26.801561,26.933708,32.708103,26.573435,26.419294,17.901836,19.713905,32.63897,35.617065,25.753777,27.042315,25.898434,27.004323959350586,16.09348487854004,28.36817741394043
10_1115_16,2023-11-01,44.95540913783582,27.119456154840357,27.338655386451016,32.657222747802734,31.97370665260582,55.12261483687736,1.652817101795753,26.97378494759499,28.440788901803288,62.27064769906326,28.440788901803288,59.157115314110094,28.440788901803288,28.099854850071623,26.9737856609319,26.99189,26.751991,26.902653,24.946867,26.735928,26.420788,20.571537,21.374464,31.065939,32.671494,25.808872,27.003157,25.91201,21.54890251159668,18.82119369506836,27.004323959350586
10_1115_16,2023-12-01,44.95540913783582,27.119456154840357,27.338655386451016,32.92130661010742,33.5952509046394,34.498293342712614,-10.48164440707487,26.97378494759499,28.440788901803288,62.27064769906326,28.440788901803288,59.157115314110094,28.440788901803288,28.099854850071623,26.9737856609319,27.012224,26.736588,26.839851,28.16573,27.039186,27.19891,23.797848,24.264675,31.382105,32.863712,33.37146,26.955854,25.814974,8.183128356933594,18.82119369506836,21.54890251159668
10_1115_16,2024-01-01,74.62597916880746,27.119456154840357,27.338655386451016,33.19524383544922,32.89807040769169,148.50210061811285,137.14069189585283,26.97378494759499,28.440788901803288,62.27064769906326,28.440788901803288,59.157115314110094,28.440788901803288,28.099854850071623,26.9737856609319,26.988537,26.68772,26.782358,28.603762,27.348354,27.276337,24.368528,25.432684,29.450813,31.02862,29.786982,26.977453,25.732386,18.82119369506836,18.82119369506836,18.82119369506836
10_1116_14,2023-10-01,3422326.725193307,3028288.5920657553,3407812.0482186326,3371103.0,2894399.4620315484,2523355.90583813,796833.2215103374,3508647.424293632,2239577.2384022423,1029610.0837650083,2239577.2384022423,978129.5795767579,2239577.2384022423,2967105.2210026453,3406635.6749693295,3410833.0,3410309.5,1083400.2,2254413.8,301450.38,371235.7,-857791.5,-413985.3,1370664.9,2220271.8,2867091.5,3421113.5,3614576.0,3487862.75,3473607.25,3345307.0
10_1116_14,2023-11-01,3363390.183813604,2691029.7290992644,3407812.0482186326,3377730.5,2476501.169821902,2214834.899940838,729711.0597006306,3605635.462286471,2239577.2384022423,1029610.0837650083,2239577.2384022423,978129.5795767579,2239577.2384022423,2967105.2210026453,3406635.6749693295,3404700.8,3407817.5,1083152.2,1300175.5,303679.75,393433.94,-976575.94,-297814.75,1281099.5,1399785.0,2644985.8,3413574.0,3548931.0,3402329.5,3525877.75,3340555.25
10_1116_14,2023-12-01,3360253.195363966,2391331.2033303124,3407812.0482186326,3376192.75,2136349.909883947,1622656.1686158194,751724.354070312,3702623.500279309,2239577.2384022423,1029610.0837650083,2239577.2384022423,978129.5795767579,2239577.2384022423,2967105.2210026453,3406635.6749693295,3405103.5,3405659.2,1083023.5,2165261.8,306646.62,387066.06,-867641.56,-491451.53,1302282.5,1831651.2,2719047.2,3404463.5,3245033.8,3340555.25,3568644.25,3364314.5
10_1116_14,2024-01-01,9753298.092174623,2125009.9403157732,3407812.0482186326,3381194.5,1859481.3947588988,1347043.6335833026,1647981.989698827,3799611.5382721475,2239577.2384022423,1029610.0837650083,2239577.2384022423,978129.5795767579,2239577.2384022423,2967105.2210026453,3406635.6749693295,3405297.8,3405716.0,1082996.6,1375273.9,305913.72,356401.06,-328294.22,-205545.03,1166232.2,1540179.9,2714688.8,3408622.2,3003930.5,3373818.0,3573396.25,3359562.5
10_1116_16,2023-10-01,6421.430641248468,6145.404429142157,6145.376823760408,5570.7822265625,10129.046308032179,12788.534295434703,-21750.68106820438,6041.975186467174,5664.213832630163,18527.17191200694,5664.213832630163,17600.81331640659,5664.213832630163,5869.801419777705,6133.852361854335,6163.1104,6169.768,6294.7812,5644.129,6451.8237,6390.8164,5256.399,5837.4175,7189.669,7575.3945,6435.4414,6154.1543,6359.0557,5409.66552734375,5924.8720703125,7341.689453125
10_1116_16,2023-11-01,6698.355961537537,6145.404429142157,6145.376823760408,5141.421875,13388.49726715276,15149.739759865894,-32057.18827959341,6041.975186467174,5664.213832630163,18527.17191200694,5664.213832630163,17600.81331640659,5664.213832630163,5869.801419777705,6133.852361854335,6141.0913,6162.9663,6304.074,4905.283,6709.878,6699.868,6010.334,6238.5996,7309.992,7622.9224,6906.0522,6149.1963,6444.307,5023.26123046875,5152.06298828125,7985.697265625
10_1116_16,2023-12-01,6974.3821736438495,6145.404429142157,6145.376823760408,4965.9755859375,16055.40882142939,13237.095065248264,-32081.42732256328,6041.975186467174,5664.213832630163,18527.17191200694,5664.213832630163,17600.81331640659,5664.213832630163,5869.801419777705,6133.852361854335,6119.6416,6068.5996,6311.8,5324.033,6930.186,6929.3105,6322.5396,6494.704,7331.08,7580.3135,7404.528,6143.1895,6352.7495,4636.8564453125,4765.658203125,8243.2998046875
10_1116_16,2024-01-01,7250.408385750161,6145.404429142157,6145.376823760408,4668.87646484375,18237.499402799316,35904.079008581146,8197.966002538742,6041.975186467174,5664.213832630163,18527.17191200694,5664.213832630163,17600.81331640659,5664.213832630163,5869.801419777705,6133.852361854335,6108.201,6076.828,6341.2446,4477.244,7113.0264,7173.2036,6435.4893,6595.4536,7516.2915,7682.088,6933.2617,6145.923,6239.574,4379.25341796875,4121.650390625,8629.705078125
10_1302_16,2023-10-01,416.2870886163597,289.0924623717544,319.15150329740163,290.8713073730469,5989.45745654382,21413.43719802129,83259.16287697027,-289.41556273700377,12891.822391140953,35161.383618870146,14135.226172777871,33403.31443792664,12891.822391140953,2561.3478342416142,316.157515826307,298.86328,164.72266,-10864.227,-2771.8906,482.66016,-545.5215,-8765.178,-6223.3613,7127.596,11180.528,416.9453,747.39453,-4782.5234,0.0006074231350794435,1593.8804931640625,1593.8804931640625
10_1302_16,2023-11-01,605.0998069952701,261.83833658877853,319.15150329740163,338.0179138183594,10698.84483745975,29057.589464704586,94447.07422017807,-888.93442716441,12891.822391140953,35161.383618870146,14135.226172777871,33403.31443792664,12891.822391140953,2561.3478342416142,316.157515826307,113.21875,-645.6172,-12328.02,29500.27,-13.6171875,1076.4655,-11200.005,-7723.531,8506.04,10859.982,308.47656,504.90234,-4540.7695,1593.8804931640625,2550.20849609375,11157.16015625
10_1302_16,2023-12-01,828.9777445016925,237.15358728175897,319.15150329740163,300.1107482910156,14610.177746848334,42834.158970421544,106506.78825621936,-1488.4532915918162,12891.822391140953,35161.383618870146,14135.226172777871,33403.31443792664,12891.822391140953,2561.3478342416142,316.157515826307,279.02344,1918.4883,-11754.84,46403.605,-1045.4141,-408.33054,-8872.625,-6638.3516,6094.3896,10567.783,486.76172,211.3711,-4717.953,1593.8804931640625,3506.536376953125,10838.3837890625
10_1302_16,2024-01-01,943.1644837117956,214.79598707096736,319.15150329740163,330.2157897949219,17858.69478115753,34827.12521550636,74115.04830582548,-2087.9721560192224,12891.822391140953,35161.383618870146,14135.226172777871,33403.31443792664,12891.822391140953,2561.3478342416142,316.157515826307,-403.77344,2654.5508,-11567.031,9647.922,-2458.7266,-3282.9927,-11091.935,-9323.901,3755.5137,5676.408,458.76172,344.8672,-6644.5938,1912.656494140625,7969.400390625,12751.0400390625
10_1303_16,2023-10-01,2396867.768621972,341495.67354192503,336604.1002099743,281288.03125,334539.3581912933,330483.1927712755,271761.5696754413,321851.83112797013,245952.09185913176,277555.46049465705,245952.09185913176,263677.68746992416,245952.09185913176,286487.84455956414,337136.412960029,342983.06,341803.6,352765.94,215251.94,366818.3,381783.8,-41110.348,75343.78,697392.06,774859.75,492905.06,342694.66,348332.12,363102.03125,342153.875,328188.375
10_1303_16,2023-11-01,2276365.6935361857,341495.67354192503,336604.1002099743,257833.84375,329598.1180234231,-106894.78307636554,-188202.72536946987,305247.2799034795,245952.09185913176,277555.46049465705,245952.09185913176,263677.68746992416,245952.09185913176,286487.84455956414,337136.412960029,342394.72,340758.53,353923.5,199363.31,370331.88,400595.56,27092.238,110387.97,721337.9,776802.6,615858.44,341987.25,364829.62,430601.78125,395688.125,332843.53125
10_1303_16,2023-12-01,2110076.534243514,341495.67354192503,336604.1002099743,251147.078125,326088.23482148396,-55316.50944916083,-119802.51449930001,288642.7286789889,245952.09185913176,277555.46049465705,245952.09185913176,263677.68746992416,245952.09185913176,286487.84455956414,337136.412960029,342797.94,343434.5,354690.56,174832.62,368173.78,336358.62,11773.472,82045.75,611308.25,674723.06,154000.16,341208.97,354880.38,386377.8125,400343.28125,342153.875
10_1303_16,2024-01-01,2087522.4054790614,341495.67354192503,336604.1002099743,236290.0625,323595.0793235263,-139913.14430511478,-174305.65718013473,272038.17745449825,245952.09185913176,277555.46049465705,245952.09185913176,263677.68746992416,245952.09185913176,286487.84455956414,337136.412960029,341252.53,339634.94,357318.62,222663.77,373396.47,375025.0,72232.84,138043.9,549272.94,666687.44,214372.66,341603.0,338883.75,449222.375,391032.96875,332843.53125
10_1304_16,2023-10-01,18834.518212387695,17254.374313154116,18834.51821249967,17176.919921875,28274.848459543042,51712.913506532415,161326.12711231428,18834.63018821976,56819.341288270545,79458.59830788993,56819.341288270545,75485.66839249543,56819.341288270545,32825.245034462496,18834.63039168537,18356.867,18939.133,112300.42,55213.938,129844.79,129738.766,116522.4,118864.69,140699.08,146477.2,19174.922,19284.531,13663.258,18655.333984375,18655.333984375,18655.333984375
10_1304_16,2023-11-01,18834.518212387695,15806.798431542718,18834.51821249967,19534.154296875,35891.41154609949,61439.1253647108,159153.79828300327,18834.63018821976,56819.341288270545,79458.59830788993,56819.341288270545,75485.66839249543,56819.341288270545,32825.245034462496,18834.63039168537,18603.969,19478.93,112304.37,86455.64,129713.57,129450.31,113289.1,116812.04,138453.73,146708.92,19057.773,19029.523,12800.844,18655.333984375,18655.333984375,18655.333984375
10_1304_16,2023-12-01,18834.518212387695,14480.668618910218,18834.51821249967,17374.462890625,42036.5390715878,76877.80488650168,163229.96208638354,18834.63018821976,56819.341288270545,79458.59830788993,56819.341288270545,75485.66839249543,56819.341288270545,32825.245034462496,18834.63039168537,17880.75,18777.305,112307.14,57121.617,129808.78,127008.83,112240.375,116705.664,140918.02,142490.62,19250.336,18721.117,11602.883,18655.333984375,18655.333984375,18655.333984375
10_1304_16,2024-01-01,18834.518212387695,13265.796015482294,18834.51821249967,18790.72265625,46994.49607599662,75067.60069696221,116861.15004647401,18834.63018821976,56819.341288270545,79458.59830788993,56819.341288270545,75485.66839249543,56819.341288270545,32825.245034462496,18834.63039168537,17401.312,17861.14,112308.78,85710.36,130070.15,130789.09,116520.68,121743.68,139849.77,144591.86,19220.094,18861.664,10672.234,18655.333984375,18655.333984375,18655.333984375
10_1304_2,2023-10-01,178.92252836858657,146.5546337893448,146.5514885920051,152.54441833496094,138.05313030589704,173.19530768377197,184.1986190807956,152.51722684645833,172.28825593098435,121.30702859895482,172.28825593098435,115.24167716900708,172.28825593098435,164.829183210942,145.0661261540383,146.63507,146.73096,162.39996,232.54135,141.461,138.64368,7.0552073,41.37703,208.23822,233.20694,88.54236,147.29953,140.9751,142.47242736816406,147.1767120361328,85.34904479980469
10_1304_2,2023-11-01,211.29042294782838,146.5546337893448,146.5514885920051,142.74542236328125,130.82847062541532,159.58898934180098,180.69260377607173,159.08380740232178,172.28825593098435,121.30702859895482,172.28825593098435,115.24167716900708,172.28825593098435,164.829183210942,145.0661261540383,145.32364,145.15373,169.40125,156.94063,151.38593,158.63245,12.522885,85.496994,243.1614,262.36993,98.25038,146.87718,140.57869,109.54248046875,149.1928253173828,26.881591796875
10_1304_2,2023-12-01,242.75920934431343,146.5546337893448,146.5514885920051,147.01820373535156,124.68888512734398,190.77251203083438,213.44594059285993,165.65038795818523,172.28825593098435,121.30702859895482,172.28825593098435,115.24167716900708,172.28825593098435,164.829183210942,145.0661261540383,144.53821,142.96194,171.52515,134.60046,165.17067,169.0159,100.12637,123.75263,221.97705,251.80202,136.55595,146.36697,139.96576,106.85431671142578,146.50466918945312,26.881591796875
10_1304_2,2024-01-01,275.12710392355524,146.5546337893448,146.5514885920051,140.26266479492188,119.47140613799259,256.31861868767203,286.22080413318895,172.2169685140487,172.28825593098435,121.30702859895482,172.28825593098435,115.24167716900708,172.28825593098435,164.829183210942,145.0661261540383,143.55017,143.74475,172.24823,92.39762,180.77856,180.56137,129.01073,135.25208,222.68945,232.64586,110.752495,146.59998,138.24106,104.83819580078125,149.1928253173828,26.881591796875
10_1306_16,2023-10-01,11187.603118041823,15023.44085444404,20449.191093459944,17740.619140625,16412.19929916309,24210.240511482734,34663.58618759316,18795.513793281705,18236.725170230417,17226.856199709422,18236.725170230417,16365.51338972395,18236.725170230417,17713.479164632823,17611.843419196484,16732.896,16715.29,16569.895,12796.898,17434.836,17543.07,14028.606,15508.149,19853.168,21607.002,16767.545,16883.438,14272.888,16935.640625,11792.2236328125,11164.978515625
10_1306_16,2023-11-01,12258.440963705072,13445.673310259755,22233.48449826629,17665.166015625,16132.606442437944,29933.86056912847,42775.963700964305,19681.33618245728,18236.725170230417,17226.856199709422,18236.725170230417,16365.51338972395,18236.725170230417,17713.479164632823,17611.843419196484,16846.531,16778.303,16482.02,19547.223,16395.648,16089.949,14386.173,14590.06,18264.438,18758.998,16740.059,16828.418,14433.484,15430.2509765625,10537.732421875,8154.19775390625
10_1306_16,2023-12-01,12823.980010659046,12033.603521176956,24017.77790307264,17779.236328125,15923.674017670923,35303.455910580255,48238.69933913339,20567.15857163285,18236.725170230417,17226.856199709422,18236.725170230417,16365.51338972395,18236.725170230417,17713.479164632823,17611.843419196484,16801.477,17141.637,16370.867,30415.387,15735.598,15709.299,14146.252,14694.473,17502.158,18269.225,16785.238,16761.908,14460.706,16935.640625,6774.25634765625,4767.0693359375
10_1306_16,2024-01-01,6665.088958775539,10769.829845143317,25802.07130787899,17741.458984375,15767.544284492726,25786.0299174976,36342.654333677696,21452.98096080843,18236.725170230417,17226.856199709422,18236.725170230417,16365.51338972395,18236.725170230417,17713.479164632823,17611.843419196484,16599.146,16801.752,16274.717,14125.207,15344.073,15229.672,13259.83,13619.612,16418.25,17096.258,16778.145,16792.23,14366.822,16308.39453125,3512.57763671875,3638.02685546875
10_1309_16,2023-10-01,3.596432731026866,23783.209650280663,23783.209650280663,27518.529296875,30264.206803451867,81652.40756167995,118148.80613203027,18383.71481708772,31492.629699694633,72521.37682725198,31492.629699694633,68895.30798588938,31492.629699694633,24337.349685817404,23783.209666492738,23834.803,23832.527,23450.523,22586.754,24502.68,23098.23,-5564.3237,4828.731,45224.34,49201.54,23773.39,24480.469,23672.36,23482.705078125,23482.705078125,24905.900390625
10_1309_16,2023-11-01,8.091973644810448,23783.209650280663,23783.209650280663,21939.421875,35967.20965485501,85563.26222599359,126769.66045338352,13038.214916806352,31492.629699694633,72521.37682725198,31492.629699694633,68895.30798588938,31492.629699694633,24337.349685817404,23783.209666492738,23887.3,23894.873,23377.188,23902.982,23738.43,24717.668,3269.1008,10052.336,42210.04,46227.367,23575.305,24086.105,23674.484,23482.705078125,23482.705078125,22059.509765625
10_1309_16,2023-12-01,31.468786396485076,23783.209650280663,23783.209650280663,24893.892578125,40985.610489547245,3604.178275797931,41241.14686724988,7692.715016524984,31492.629699694633,72521.37682725198,31492.629699694633,68895.30798588938,31492.629699694633,24337.349685817404,23783.209666492738,23946.758,23833.828,23399.135,56568.41,22094.234,21552.262,-952.62665,4428.3013,36151.19,37978.004,23900.898,23607.012,23657.234,24194.302734375,23482.705078125,32733.466796875
10_1309_16,2024-01-01,33.267002761998505,23783.209650280663,23783.209650280663,21327.3984375,45401.59056072036,-54703.60009647329,-40024.60611448748,2347.2151162436157,31492.629699694633,72521.37682725198,31492.629699694633,68895.30798588938,31492.629699694633,24337.349685817404,23783.209666492738,24121.291,23970.572,23405.4,27223.152,19764.594,20046.951,-4238.9614,4295.4155,32271.154,37139.508,23849.758,23823.723,23663.518,46253.8125,23482.705078125,27752.2890625
10_1404_14,2023-10-01,366860.41448567476,642313.8946795707,662891.5856373573,599446.125,773123.381431897,1016077.6690422053,1631485.0731934702,631715.1920364137,587168.661182376,1040508.1109062935,587168.661182376,988482.7053609787,587168.661182376,538905.618201476,640345.0902769043,643981.5,643838.44,647460.4,264217.66,702684.75,665402.7,289171.53,394228.84,937065.25,1139504.0,643166.94,650419.44,704589.2,497744.625,724975.875,486924.09375
10_1404_14,2023-11-01,315825.235816038,642313.8946795707,685661.9115128262,592475.1875,883406.2617706448,138152.82366576983,724343.4679746735,631715.1920364137,587168.661182376,1040508.1109062935,587168.661182376,988482.7053609787,587168.661182376,538905.618201476,640345.0902769043,642939.3,643336.56,645865.06,596496.44,741813.25,718179.25,332799.62,457197.06,1019234.3,1182578.4,640205.3,645164.8,747211.25,562667.875,735796.375,476103.59375
10_1404_14,2023-12-01,482462.3499754368,642313.8946795707,708432.237388295,592338.6875,976383.5679108225,549819.226720026,936845.0473912207,631715.1920364137,587168.661182376,1040508.1109062935,587168.661182376,988482.7053609787,587168.661182376,538905.618201476,640345.0902769043,641839.5,643889.2,640809.75,687249.6,722715.6,687156.1,351839.56,451276.22,972496.8,1094513.6,645073.3,640421.6,720604.75,573488.375,757437.4375,476103.59375
10_1404_14,2024-01-01,674934.4386581671,642313.8946795707,731202.5632637638,586806.5,1054770.8881415853,-720507.1501440236,-938216.423002159,631715.1920364137,587168.661182376,1040508.1109062935,587168.661182376,988482.7053609787,587168.661182376,538905.618201476,640345.0902769043,637887.44,641547.8,635844.75,482186.34,668945.1,657756.25,337011.5,413307.5,873625.7,1004063.75,644308.7,643236.5,669989.1,595129.4375,833181.1875,486924.09375
10_1410_2,2023-10-01,13427.281601288803,10159.913302548193,13427.281601288803,13272.0849609375,16587.689244630415,13754.055105605166,36595.231641807324,13779.696257097436,19759.234111683185,23329.602591715873,19759.234111683185,22163.12246213008,19759.234111683185,14762.784759862378,13450.0209656915,14097.165,13334.635,13513.233,16018.175,12749.496,12619.683,11609.776,11930.035,13760.589,13961.635,18276.338,13693.949,12829.316,13487.3525390625,13487.3525390625,13487.3525390625
10_1410_2,2023-11-01,13427.281601288803,7687.6199800105405,13427.281601288803,10762.5869140625,18436.049032251038,7397.145936877911,36947.03890719147,14035.847177505733,19759.234111683185,23329.602591715873,19759.234111683185,22163.12246213008,19759.234111683185,14762.784759862378,13450.0209656915,14067.021,13051.058,13482.867,28725.2,12204.571,12246.338,11285.047,11398.707,12809.297,13138.548,15246.527,13542.83,12778.621,13487.3525390625,13487.3525390625,13487.3525390625
10_1410_2,2023-12-01,13427.281601288803,5816.929652562547,13427.281601288803,10590.6533203125,19517.059550527294,34741.9771478583,62572.45208773235,14291.998097914033,19759.234111683185,23329.602591715873,19759.234111683185,22163.12246213008,19759.234111683185,14762.784759862378,13450.0209656915,14799.039,12281.456,13428.431,18572.898,11772.762,11755.302,10876.198,11077.087,12580.761,12913.716,31332.076,13360.051,12316.658,13487.3525390625,13487.3525390625,13487.3525390625
10_1410_2,2024-01-01,0.0,4401.449430492666,13427.281601288803,9243.29296875,20149.28697099515,81813.82836484347,99486.8695601242,14548.149018322332,19759.234111683185,23329.602591715873,19759.234111683185,22163.12246213008,19759.234111683185,14762.784759862378,13450.0209656915,14601.934,13735.859,13398.837,6014.041,11477.747,11455.072,10445.833,10729.483,12438.563,12758.481,53158.004,13443.354,12265.691,13487.3525390625,13487.3525390625,13487.3525390625
10_1501_16,2023-10-01,32.36789457924179,32.36789457924179,-1282.612281189704,-3451.791748046875,1514.777136970496,-8611.659242217245,-14262.699748044772,-904.6327100200955,773.0495963375483,3410.4944690527827,773.0495963375483,3239.9697456001436,773.0495963375483,203.98607100704345,32.367895652325394,32.81196,21.413055,561.12915,571.8243,230.9475,226.7074,-1486.3142,-903.68176,1072.0698,1282.4197,158.92969,60.19995,-393.30322,52.40287780761719,52.40287780761719,52.40287780761719
10_1501_16,2023-11-01,32.36789457924179,32.36789457924179,-1921.2058869282923,294.67425537109375,2607.423866381353,-7552.68165433829,-14288.22665502326,-1832.263309628784,773.0495963375483,3410.4944690527827,773.0495963375483,3239.9697456001436,773.0495963375483,203.98607100704345,32.367895652325394,54.10285,32.769028,518.7531,515.9926,406.19318,347.8542,-1195.1299,-1012.2761,1417.8419,2061.3262,135.97656,44.437683,-275.19617,52.40287780761719,52.40287780761719,52.40287780761719
10_1501_16,2023-12-01,32.36789457924179,32.36789457924179,-2545.814767329637,-2239.6796875,3412.7864080816566,-5658.4095709620515,-14307.517868266406,-2759.8939092374726,773.0495963375483,3410.4944690527827,773.0495963375483,3239.9697456001436,773.0495963375483,203.98607100704345,32.367895652325394,61.718662,31.58564,439.02182,-2120.3154,630.80865,622.557,-472.1305,-316.11978,1634.5251,1740.0435,173.7041,25.31134,-332.0282,52.40287780761719,52.40287780761719,52.40287780761719
10_1501_16,2024-01-01,32.36789457924179,32.36789457924179,-3156.7451774846136,-251.70657348632812,4006.3989693197213,-10196.715192456772,-21406.944504570638,-3687.5245088461616,773.0495963375483,3410.4944690527827,773.0495963375483,3239.9697456001436,773.0495963375483,203.98607100704345,32.367895652325394,57.97284,22.060436,394.4299,-1366.4249,911.72437,918.65186,-279.20602,-125.6218,1729.4492,2030.9933,167.77832,33.99646,-248.89587,52.40287780761719,52.40287780761719,52.40287780761719
10_1502_2,2023-10-01,21542.632058850926,21541.732950668174,21447.40788700151,22549.279296875,19918.19200071047,20838.83486681645,15314.404021752891,21004.609056620415,16461.49451534051,8868.123806739652,16443.975413904514,8424.717616402668,16461.49451534051,18465.097865778,19987.8139277031,20085.531,20186.695,20888.715,17245.408,21746.918,21883.215,14693.906,18032.277,27241.922,29423.512,21544.39,20052.832,21194.969,22531.568359375,20004.662109375,19530.869140625
10_1502_2,2023-11-01,2051.7648730508267,23080.10705136492,22891.46871592789,24898.875,19833.736781984262,23365.211105788378,17093.512780541496,22011.798216554518,16461.49451534051,8868.123806739652,16443.975413904514,8424.717616402668,16461.49451534051,18465.097865778,19987.8139277031,20013.785,20193.637,20971.691,12983.496,23209.898,23389.975,19141.947,20251.24,26260.145,27954.584,23315.348,20024.8,21670.258,23005.36328125,21531.333984375,19952.01953125
10_1502_2,2023-12-01,2051.7648730508267,24618.481152061668,24335.52954485427,28063.251953125,19749.987247605735,25490.220089785318,18318.47641987155,23018.987376488625,16461.49451534051,8868.123806739652,16443.975413904514,8424.717616402668,16461.49451534051,18465.097865778,19987.8139277031,19915.824,20065.771,21067.578,15129.164,24442.297,24525.496,21556.23,21754.162,27384.451,29716.48,27319.379,19990.836,21159.941,24584.677734375,20583.74609375,20004.662109375
10_1502_2,2024-01-01,2051.7648730508267,26156.855252758414,25779.59037378065,31101.384765625,19666.937501072505,28630.951484847836,22821.18141319888,24026.17653642273,16461.49451534051,8868.123806739652,16443.975413904514,8424.717616402668,16461.49451534051,18465.097865778,19987.8139277031,19830.244,19965.555,21365.383,10556.075,25441.555,25019.82,21471.3,22190.648,27237.746,28315.03,28844.428,20006.293,20528.85,24584.677734375,18477.990234375,20004.662109375
10_1504_16,2023-10-01,5334.408848295599,0.0,5445.230621182182,14298.1982421875,32553.58998444474,36398.378496063146,-39966.74097353384,5112.869848537634,12729.189347999865,12729.593042340417,12729.189347999865,12093.113390223396,12729.189347999865,5298.806328992814,10224.167147507458,5450.3545,5445.7705,5466.3984,5427.2314,5436.034,5438.6357,4872.5225,5016.39,5828.756,6018.01,5460.1895,5450.5137,5579.39,5045.99267578125,5963.44580078125,5734.0830078125
10_1504_16,2023-11-01,5035.005823437612,0.0,5445.230621182182,14270.78515625,31231.16781130748,24312.157381016463,-64467.2040093548,4785.320991844889,12729.189347999865,12729.593042340417,12729.189347999865,12093.113390223396,12729.189347999865,5298.806328992814,10224.167147507458,5446.2026,5445.1177,5463.3496,5168.1665,5468.149,5486.7524,4997.2275,5171.5415,5965.81,6281.3945,5459.0723,5448.2344,5774.9663,5045.99267578125,5734.0830078125,5504.71923828125
10_1504_16,2023-12-01,5349.693687402463,0.0,5445.230621182182,14875.0068359375,31295.68302079585,37722.03687181468,-72722.28509864674,4457.772135152144,12729.189347999865,12729.593042340417,12729.189347999865,12093.113390223396,12729.189347999865,5298.806328992814,10224.167147507458,5444.972,5445.2817,5452.727,5380.7856,5433.2827,5417.466,4732.123,4986.816,5745.2637,5814.7363,5460.908,5445.9272,5887.742,5045.99267578125,5504.71923828125,5963.44580078125
10_1504_16,2024-01-01,33828.945376221454,0.0,5445.230621182182,15596.7724609375,31292.53560513701,-4389.983842901358,-83113.64800586583,4130.2232784594,12729.189347999865,12729.593042340417,12729.189347999865,12093.113390223396,12729.189347999865,5298.806328992814,10224.167147507458,5449.567,5446.446,5444.2793,5262.809,5384.8433,5393.755,5028.7617,5124.3027,5650.6333,5764.812,5460.62,5447.1816,5964.531,5045.99267578125,5963.44580078125,6192.8095703125
10_1507_16,2023-10-01,786.7196599121269,786.7196599121269,786.7196599121272,723.1743774414062,7096.677607209729,-1584.9594719673842,-48520.425381250345,-3566.2469872457186,1112.9460310792144,7762.6304078176545,1112.9460310792144,7374.498887426771,1112.9460310792144,793.9855000569901,786.7196599121345,793.4966,783.51984,826.34344,649.9,691.34644,685.6229,271.46942,377.2529,991.61273,1199.8958,787.0013,793.1899,786.6757,792.4217529296875,792.4217529296875,792.4217529296875
10_1507_16,2023-11-01,786.7196599121269,786.7196599121269,786.7196599121272,642.8287963867188,11159.752549052639,282.19293528124945,-50086.09609893904,-7869.529379301472,1112.9460310792144,7762.6304078176545,1112.9460310792144,7374.498887426771,1112.9460310792144,793.9855000569901,786.7196599121345,791.33704,785.6936,823.1536,860.79626,615.2976,611.1677,217.14981,352.08978,794.1769,870.009,785.2878,789.5311,786.6949,792.4217529296875,792.4217529296875,792.4217529296875
10_1507_16,2023-12-01,786.7196599121269,786.7196599121269,786.7196599121272,574.7210083007812,13776.02640078282,5436.120146232492,-49941.93804939374,-12172.811771357225,1112.9460310792144,7762.6304078176545,1112.9460310792144,7374.498887426771,1112.9460310792144,793.9855000569901,786.7196599121345,791.0276,784.39276,817.139,1056.6709,545.0158,527.33466,234.02803,341.7913,687.6416,780.3877,788.10425,785.0835,786.6921,792.4217529296875,792.4217529296875,792.4217529296875
10_1507_16,2024-01-01,786.7196599121269,786.7196599121269,786.7196599121272,513.09814453125,15460.683702265524,-25177.882683268333,-70017.85409865194,-16476.094163412978,1112.9460310792144,7762.6304078176545,1112.9460310792144,7374.498887426771,1112.9460310792144,793.9855000569901,786.7196599121345,787.1536,780.06793,813.73895,620.63416,492.0337,507.5211,169.64578,291.90967,638.74475,681.99615,787.6619,787.09344,786.70105,792.4217529296875,792.4217529296875,792.4217529296875
10_1605_14,2023-10-01,1729583.8414908818,1199252.880196929,1357098.2094213036,1142098.75,1232785.4702673075,1271401.8710226312,1110538.9889616028,1269477.9400843284,1050934.6408080172,730148.4363872253,1050934.6408080172,693641.014567864,1050934.6408080172,1128202.3387643262,1218730.8555534258,1299539.2,1316337.2,1353597.0,1073334.9,1308605.9,1317477.8,448648.9,699930.3,1752874.1,1839083.0,1151712.2,1304745.4,1168227.5,1159425.5,972558.4375,1227377.25
10_1605_14,2023-11-01,1391760.125767335,1325339.1404518916,1412219.329270836,1399320.5,1170601.1051550806,1584739.4920050495,1402049.86197014,1333786.7449663356,1050934.6408080172,730148.4363872253,1050934.6408080172,693641.014567864,1050934.6408080172,1128202.3387643262,1218730.8555534258,1287256.8,1287279.0,1380751.5,923136.5,1432103.6,1434767.1,1036677.7,1147016.2,1706777.6,1747755.4,1361541.8,1303197.0,1137178.9,1176413.375,624306.0625,1159425.5
10_1605_14,2023-12-01,1347779.3498996075,1353424.4723648282,1467340.4491203683,1313552.75,1114744.744260602,1705118.529944779,1509507.205555423,1398095.549848343,1050934.6408080172,730148.4363872253,1050934.6408080172,693641.014567864,1050934.6408080172,1128202.3387643262,1218730.8555534258,1237193.5,1051425.2,1427142.9,934683.4,1532998.8,1557800.8,1202595.1,1322788.2,1744219.8,1902671.2,1611051.8,1301327.6,1107954.6,1167919.5,437438.9375,1032016.125
10_1605_14,2024-01-01,312079.5511266735,1423477.297001269,1522461.5689699007,1529205.0,1064572.4373351624,2097782.8776481235,1887999.075094188,1462404.3547303502,1050934.6408080172,730148.4363872253,1050934.6408080172,693641.014567864,1050934.6408080172,1128202.3387643262,1218730.8555534258,1246878.1,1104913.6,1461459.0,706778.56,1617118.5,1636818.2,1440382.5,1508499.1,1799696.0,1961910.4,1749306.1,1302182.0,1098038.5,1176413.375,84939.6015625,1019275.1875
10_1606_16,2023-10-01,22567.615387193582,22538.555911472286,22508.26831215443,23225.0703125,22187.911030607247,22227.93666812333,20789.61197588779,23767.06304714609,21247.912480214178,13206.777567660545,21247.912480214178,12546.438689277516,21247.912480214178,22371.052503007246,22507.671843487075,22414.992,22688.998,24999.695,22692.836,25902.26,27436.754,10141.922,15531.386,40596.035,45383.727,17928.227,22591.541,22154.135,22333.517578125,22533.51953125,22400.185546875
10_1606_16,2023-11-01,22626.956527255526,22548.15598576676,22508.26831215443,23833.34765625,21876.35585997993,22236.013753938943,20885.62179563323,25013.860040877116,21247.912480214178,13206.777567660545,21247.912480214178,12546.438689277516,21247.912480214178,22371.052503007246,22507.671843487075,22215.977,22618.32,26630.85,16924.877,28778.035,29411.04,17978.863,20797.148,37292.746,39791.055,21925.418,22544.387,22220.3,23133.5234375,22533.51953125,20200.166015625
10_1606_16,2023-12-01,22686.29766731747,22546.81090205138,22508.26831215443,24484.72265625,21573.36656739605,25635.633196559684,24447.277891963327,26260.657034608143,21247.912480214178,13206.777567660545,21247.912480214178,12546.438689277516,21247.912480214178,22371.052503007246,22507.671843487075,22076.832,21582.82,27164.59,17501.785,31715.602,31875.895,22060.49,24997.51,40397.3,44791.57,21871.318,22487.125,22233.79,22800.1875,22400.185546875,11266.759765625
10_1606_16,2024-01-01,22745.63880737941,22541.702440366476,22508.26831215443,25131.423828125,21278.707643149566,36053.042018369444,36221.74474200575,27507.45402833917,21247.912480214178,13206.777567660545,21247.912480214178,12546.438689277516,21247.912480214178,22371.052503007246,22507.671843487075,21929.496,21786.645,27320.373,13213.043,34303.844,33998.953,27130.957,29647.33,37257.945,39630.258,21504.934,22513.113,22291.527,22866.85546875,11200.0927734375,266.6689758300781
10_1609_14,2023-10-01,8323278.215906441,6259122.732989044,6258936.033288641,6149400.5,5922747.9325950015,7614672.384362918,7964700.884718584,6511443.562331906,5495583.869849607,4484198.560018642,5495583.869849607,4259988.632017709,5495583.869849607,5600422.107498838,6240614.293516572,6239576.0,6289852.0,6633202.0,5538828.0,6169745.0,6275333.0,5725188.0,5823742.0,6611979.5,6807299.5,9254350.0,6276484.5,5129011.0,5483466.0,3875748.25,4737026.0
10_1609_14,2023-11-01,7475732.988322639,6259122.732989044,6258936.033288641,5225515.0,5634661.324053223,8186312.534639373,8776502.73379739,6779553.940556252,5495583.869849607,4484198.560018642,5495583.869849607,4259988.632017709,5495583.869849607,5600422.107498838,6240614.293516572,6202074.0,6199446.5,6913833.0,5759631.0,6512596.5,6490744.5,5910906.5,6108898.5,6790682.0,6867399.5,12043692.0,6266577.0,5077410.5,5339920.0,4019294.5,4564770.0
10_1609_14,2023-12-01,8509820.68612389,6259122.732989044,6258936.033288641,5467068.0,5387930.909278154,10593839.753686512,10841946.815574752,7047664.318780599,5495583.869849607,4484198.560018642,5495583.869849607,4259988.632017709,5495583.869849607,5600422.107498838,6240614.293516572,6152991.0,5294403.0,7007816.0,6056183.5,6718497.0,6645168.0,6174512.0,6333762.5,7066173.5,7304614.0,13625338.0,6254822.0,5007846.0,4937990.5,4162841.0,3904457.5
10_1609_14,2024-01-01,14443311.610347569,6259122.732989044,6258936.033288641,4851023.0,5176619.811260734,12865997.283258215,12454543.099040052,7315774.697004945,5495583.869849607,4484198.560018642,5495583.869849607,4259988.632017709,5495583.869849607,5600422.107498838,6240614.293516572,6190226.0,5612535.0,7034343.0,3299592.0,6830451.5,6874947.5,6318346.5,6530949.5,7215948.5,7426942.0,20303428.0,6260314.0,4950208.0,4507351.5,3473818.75,3186726.5
10_1609_16,2023-10-01,11665.928671268395,-4996.640431291344,92633.95859140178,-23566.13671875,21464.70997789557,6604.146516639212,47451.30652972587,49650.24277307002,34082.388485837284,32393.66126969786,34082.388485837284,30773.978206212963,34082.388485837284,24267.349162493665,34082.33085304161,11560.21,11694.454,15030.715,9262.624,15375.45,14770.045,7408.6387,9310.21,21426.297,27426.715,-9293.074,12191.443,18164.898,11642.52734375,12073.732421875,11642.52734375
10_1609_16,2023-11-01,12351.049106529013,27333.301568114963,94359.90560203382,4828.2744140625,25499.631732696565,11074.630162169531,46377.95944118041,51652.76851180616,34082.388485837284,32393.66126969786,34082.388485837284,30773.978206212963,34082.388485837284,24267.349162493665,34082.33085304161,11347.334,11873.041,14683.426,16631.566,11777.295,11763.61,3311.9749,5549.7363,16950.838,18257.467,-9429.496,11893.891,16667.078,11642.52734375,12073.732421875,18973.0078125
10_1609_16,2023-12-01,2189.3284250126044,27333.301568114963,96085.85261266585,132.5606689453125,27161.12340782512,8074.215265975643,44563.19654145789,53655.29425054231,34082.388485837284,32393.66126969786,34082.388485837284,30773.978206212963,34082.388485837284,24267.349162493665,34082.33085304161,11278.731,11623.8955,14170.558,49139.203,10502.259,10555.293,2706.5835,5743.2134,15529.377,17308.084,-9205.258,11532.633,14219.305,11642.52734375,12073.732421875,11642.52734375
10_1609_16,2024-01-01,2187.530208647091,27333.301568114963,97811.79962329789,525.6100463867188,27845.288988790053,27401.216603607918,70157.64899586547,55657.81998927846,34082.388485837284,32393.66126969786,34082.388485837284,30773.978206212963,34082.388485837284,24267.349162493665,34082.33085304161,12257.504,13803.678,13881.939,8811.81,10067.211,9770.73,376.03183,1653.4316,14183.972,15829.127,-9240.48,11696.518,11644.109,11642.52734375,12073.732421875,18973.0078125
13_1000_26,2023-10-01,1565594329.3990302,348767166.3926895,222459757.8915655,468760512.0,317938724.1472819,763582291.9522436,1281492537.7741375,240139270.04024866,1148228494.8821363,906128560.3917073,1129400937.6335194,860822132.3721219,1148228494.8821363,830564723.4861258,227390030.82300743,222092480.0,228771340.0,275312480.0,1692735400.0,370542460.0,346501950.0,-40679588.0,80169320.0,608780860.0,687232640.0,218353280.0,230855800.0,194569860.0,263143952.0,263143952.0,59073140.0
13_1000_26,2023-11-01,2528024782.77044,348767166.3926895,222459757.8915655,343463616.0,395576333.2526935,1053595282.5983413,1669889294.9063246,252763974.86601126,1148228494.8821363,906128560.3917073,1129400937.6335194,860822132.3721219,1148228494.8821363,830564723.4861258,227390030.82300743,221428200.0,210397800.0,248897920.0,972552600.0,289264000.0,271546940.0,-62520310.0,24900020.0,500614600.0,662790340.0,154135040.0,226073800.0,210993920.0,209441120.0,64443424.0,10.233001708984375
13_1000_26,2023-12-01,1567501096.8936644,348767166.3926895,222459757.8915655,340011552.0,458674475.8872443,950359396.2663398,1686013745.1092236,265388679.69177386,1148228494.8821363,906128560.3917073,1129400937.6335194,860822132.3721219,1148228494.8821363,830564723.4861258,227390030.82300743,216061090.0,218159170.0,241643820.0,833036160.0,211740480.0,222059950.0,-9619453.0,71665520.0,339523870.0,398599040.0,-49398784.0,220267580.0,200656000.0,263143952.0,10.233001708984375,10.233001708984375
13_1000_26,2024-01-01,143945750.0174715,348767166.3926895,222459757.8915655,266807104.0,509956008.7655231,1109970323.9859524,1996983201.6643,278013384.51753646,1148228494.8821363,906128560.3917073,1129400937.6335194,860822132.3721219,1148228494.8821363,830564723.4861258,227390030.82300743,215763940.0,215643800.0,233042740.0,617290400.0,145904600.0,138965090.0,-7799503.5,14376496.0,244036050.0,267631920.0,-104704960.0,222902600.0,183266300.0,220181680.0,26851432.0,85924568.0
13_1105_53,2023-10-01,1054.6538983736284,155.54571561691193,155.54571561691193,155.54571561691193,155.54571561691193,155.54571561691202,155.54571561691193,155.54571561691193,155.54571561691193,155.54571561691196,155.54571561691193,147.76842983606636,155.54571561691193,155.54571561691193,155.54571561691193,155.54468,155.5435,155.63657,155.49304,155.54648,155.54623,155.27605,155.38364,155.70193,155.78508,155.54439,155.54575,155.50175,155.08956909179688,155.08956909179688,155.08956909179688
13_1105_53,2023-11-01,1054.6538983736284,155.54571561691193,155.54571561691193,155.54571561691193,155.54571561691193,155.545715616912,155.54571561691193,155.54571561691193,155.54571561691193,155.54571561691196,155.54571561691193,147.76842983606636,155.54571561691193,155.54571561691193,155.54571561691193,155.5465,155.54422,155.62941,155.36938,155.55254,155.57124,155.33392,155.3687,155.70831,155.7579,155.54205,155.54573,155.5209,155.08956909179688,155.08956909179688,155.08956909179688
13_1105_53,2023-12-01,1054.6538983736284,155.54571561691193,155.54571561691193,155.54571561691193,155.54571561691193,155.545715616912,155.54571561691193,155.54571561691196,155.54571561691193,155.54571561691196,155.54571561691193,147.76842983606636,155.54571561691193,155.54571561691193,155.54571561691193,155.54593,155.54387,155.61575,155.51347,155.57013,155.56421,155.28374,155.37114,155.69275,155.7237,155.54556,155.54572,155.51816,155.08956909179688,155.08956909179688,155.08956909179688
13_1105_53,2024-01-01,1054.6538983736284,155.54571561691193,155.54571561691193,155.54571561691193,155.54571561691193,155.54571561691205,155.54571561691193,155.54571561691193,155.54571561691193,155.54571561691196,155.54571561691193,147.76842983606636,155.54571561691193,155.54571561691193,155.54571561691193,155.54578,155.54007,155.60826,155.31981,155.60161,155.57187,155.31659,155.42357,155.8109,155.88298,155.54626,155.54572,155.52711,155.08956909179688,155.08956909179688,155.08956909179688
13_1407_53,2023-10-01,11914.981637892006,9456.824855063809,11739.42146276898,5287.09326171875,9497.521754934956,-7999.156024866096,-7323.295117685189,7979.199748534666,7487.40410938099,7384.580154801024,7487.40410938099,7015.351147060973,7487.40410938099,9870.344422460326,7487.36852476162,10826.607,10826.035,11525.938,7845.797,11012.458,11103.725,9183.93,9917.272,12948.034,13845.069,10876.632,10922.387,11691.1455,10545.9326171875,10087.4140625,11069.9541015625
13_1407_53,2023-11-01,12939.964966234664,8812.537165839243,12588.864654141898,2820.314453125,9032.776566687606,-288.57743987426966,-4951.690659019649,7808.9930593222,7487.40410938099,7384.580154801024,7487.40410938099,7015.351147060973,7487.40410938099,9870.344422460326,7487.36852476162,10851.031,10767.6,11925.242,1777.3999,11735.202,11603.861,9776.741,10022.212,12865.92,13406.477,10827.379,10904.035,12008.391,9366.8837890625,9301.380859375,11135.45703125
13_1407_53,2023-12-01,13964.94829457732,8812.537165839243,13438.307845514817,2570.778076171875,8877.66581147717,813.3955899040602,-4523.194947995108,7638.786370109735,7487.40410938099,7384.580154801024,7487.40410938099,7015.351147060973,7487.40410938099,9870.344422460326,7487.36852476162,10820.683,10793.056,12495.9,2242.8757,12645.332,12507.156,10957.337,11271.194,14004.837,14718.669,10908.336,10881.799,11668.269,9104.873046875,7532.80908203125,11200.958984375
13_1407_53,2024-01-01,14989.931622919976,8812.537165839243,14287.751036887734,2145.351318359375,8825.896913185432,-3228.7243864255315,-8276.92744897566,7468.57968089727,7487.40410938099,7384.580154801024,7487.40410938099,7015.351147060973,7487.40410938099,9870.344422460326,7487.36852476162,10835.09,10784.604,12826.649,6071.739,13597.09,13639.583,12427.344,12710.871,14950.807,16290.918,10895.62,10891.92,11245.691,7794.81982421875,5960.74462890625,11921.4892578125
13_1607_53,2023-10-01,2155.1623140678494,2256.8479278809577,2154.2631159652815,2158.972900390625,2035.9703945265405,2054.498347977379,1689.9122753954994,2271.437212643699,1874.500919694034,783.6520578072452,1862.3078709445128,744.4694549168829,1874.500919694034,2101.8293845908397,2154.254119757026,2154.8997,2154.8066,581.23395,2159.5347,518.2863,516.4462,441.38818,462.13892,589.16125,613.6741,2224.8618,2161.844,1907.4912,2155.423095703125,2155.423095703125,2149.40234375
13_1607_53,2023-11-01,2156.061422250606,2359.432649876823,2154.2631159652815,2191.931884765625,1929.211911627931,2164.272942682376,1676.9915579384779,2374.9614231298347,1874.500919694034,783.6520578072452,1862.3078709445128,744.4694549168829,1874.500919694034,2101.8293845908397,2154.254119757026,2152.221,2152.2102,581.21295,1402.0103,518.3874,524.32294,427.34277,438.02362,591.6572,625.54266,1726.0375,2157.5476,1885.7229,2155.423095703125,2155.423095703125,2149.40234375
13_1607_53,2023-12-01,2157.8596386161194,2462.017371872688,2154.2631159652815,2196.665283203125,1832.8630841724184,2108.1882281927865,1647.9433145865116,2478.48563361597,1874.500919694034,783.6520578072452,1862.3078709445128,744.4694549168829,1874.500919694034,2101.8293845908397,2154.254119757026,2156.8225,2164.529,581.20276,1631.8859,518.5506,509.8329,437.79462,459.19003,572.44586,617.6674,3048.0913,2152.3472,1859.8859,2161.44384765625,2149.40234375,2149.40234375
13_1607_53,2024-01-01,2158.758746798876,2564.602093868553,2154.2631159652815,2224.453857421875,1745.9089021720195,2138.3811791587914,1981.151419900411,2582.009844102106,1874.500919694034,783.6520578072452,1862.3078709445128,744.4694549168829,1874.500919694034,2101.8293845908397,2154.254119757026,2151.449,2157.3892,581.2006,1217.9283,518.3917,518.6463,452.62073,469.62177,573.9926,613.32916,1808.355,2154.7168,1882.3306,2161.44384765625,1077.7115478515625,2155.423095703125
14_1000_19,2023-10-01,367186356.4867632,212393262.5826888,272404932.996743,267669712.0,212393262.5826888,244799942.22126877,173732187.8276041,270786670.6348308,171219812.50721633,91743901.43756577,131881945.22120634,87156706.36568747,171219812.50721633,227293991.8220592,274180489.7643484,295228350.0,293242240.0,305932960.0,135499260.0,368395550.0,369269500.0,-168554030.0,-4968607.0,745771400.0,815301400.0,390143500.0,295881180.0,366929600.0,290512416.0,288188320.0,151066464.0
14_1000_19,2023-11-01,439426767.8785895,165845742.10498324,272404932.996743,264830528.0,165845742.10498324,106578346.06367907,22147649.622243583,272312095.15577745,171219812.50721633,91743901.43756577,131881945.22120634,87156706.36568747,171219812.50721633,227293991.8220592,274180489.7643484,294945250.0,293233060.0,308835800.0,110963930.0,423672930.0,422289820.0,-11815208.0,83204856.0,781238900.0,1151771100.0,457300350.0,295351520.0,389911230.0,215366528.0,144094160.0,72047080.0
14_1000_19,2023-12-01,511667178.37130773,139599815.58765858,272404932.996743,263093936.0,139599815.58765858,170986325.901483,103363922.24052855,273837519.6767241,171219812.50721633,91743901.43756577,131881945.22120634,87156706.36568747,171219812.50721633,227293991.8220592,274180489.7643484,295350050.0,293654080.0,316914900.0,162947100.0,460958660.0,423507460.0,-36749376.0,139334420.0,830936800.0,1019929540.0,177878370.0,294710500.0,366449000.0,143319456.0,72047080.0,215366528.0
14_1000_19,2024-01-01,22875610.289845992,124800989.53455576,272404932.996743,260567648.0,124800989.53455576,-21428301.855006054,-51644198.64557482,275362944.19767076,171219812.50721633,91743901.43756577,131881945.22120634,87156706.36568747,171219812.50721633,227293991.8220592,274180489.7643484,295185700.0,292334700.0,326847360.0,120924560.0,481115780.0,477373540.0,125316150.0,217761950.0,852188200.0,961398900.0,188149620.0,295002180.0,328974880.0,64300084.0,1.476179599761963,215366528.0
14_1504_53,2023-10-01,13772.539143467382,24886.072873120193,24872.319507336626,16998.0546875,25508.596329348708,25454.17778004676,-17648.93061711146,13020.732759316705,15294.505590028688,15374.943692798608,17945.17917579517,14606.196508158677,15294.505590028688,12345.582504837672,13832.46650492536,11728.79,11643.766,11405.102,11981.963,12061.857,12234.332,3549.1018,6948.4443,16858.725,17883.678,11869.961,11717.326,11357.0205,14595.9375,16967.77734375,8757.5625
14_1504_53,2023-11-01,13051.454380896495,24886.072873120193,24872.319507336626,17194.322265625,25035.62893642147,29306.842161211884,-22421.065183199345,13020.732759316705,15294.505590028688,15374.943692798608,17945.17917579517,14606.196508158677,15294.505590028688,12345.582504837672,13832.46650492536,11714.279,11567.493,11330.88,12580.112,12078.902,12396.128,4242.8574,7261.4478,15285.968,16491.605,11860.232,11696.356,11326.477,14413.4873046875,15508.1826171875,6385.72314453125
14_1504_53,2023-12-01,12240.458800049937,24886.072873120193,24872.319507336626,17531.23828125,25051.805794540996,20244.582686800866,-24097.627103461607,13020.732759316705,15294.505590028688,15374.943692798608,17945.17917579517,14606.196508158677,15294.505590028688,12345.582504837672,13832.46650492536,11622.305,11411.748,11328.633,13771.676,12137.99,11972.293,4329.2266,7622.2217,16971.352,19798.875,11876.224,11670.955,11318.873,13501.2421875,12041.6484375,8757.5625
14_1504_53,2024-01-01,9585.392336369354,24886.072873120193,24872.319507336626,17901.67578125,25051.252499023096,-3791.2625363588013,-41993.97298791277,13020.732759316705,15294.505590028688,15374.943692798608,17945.17917579517,14606.196508158677,15294.505590028688,12345.582504837672,13832.46650492536,11749.964,11407.068,11319.922,13201.749,12174.251,11978.963,7130.278,8783.136,15324.068,16287.116,11873.712,11682.515,11276.932,12224.09765625,16785.328125,8392.6640625
16_1105_15,2023-10-01,1478274.1133285519,1222125.8987027295,658266.5622435244,1100817.875,1361446.3169593026,1353122.8322883248,226101.42735516944,956624.8484901122,1008301.2254958748,1008301.4372900951,1008301.2254958748,957886.3654255903,1008301.2254958748,684534.1924491555,939226.2560010833,513429.38,514109.44,473209.12,816607.94,503879.3,492429.7,-535585.3,-148507.02,1046128.3,1223045.1,900208.0,503337.03,770253.25,394234.21875,546552.0,492792.75
16_1105_15,2023-11-01,342721.1579950224,1222125.8987027295,658266.5622435244,1103946.125,1195357.7857612341,1001594.7512726316,125653.88713622809,956624.8484901122,1008301.2254958748,1008301.4372900951,1008301.2254958748,957886.3654255903,1008301.2254958748,684534.1924491555,939226.2560010833,491864.7,492267.1,467933.7,393755.66,499750.78,485413.72,-325881.03,-68773.21,936994.6,1111119.0,898558.94,499747.72,789866.1,779508.5,501752.65625,627190.75
16_1105_15,2023-12-01,612736.8318996057,1222125.8987027295,658266.5622435244,1119720.125,1227268.9486550544,612359.002213111,21659.811656530714,956624.8484901122,1008301.2254958748,1008301.4372900951,1008301.2254958748,957886.3654255903,1008301.2254958748,684534.1924491555,939226.2560010833,638450.0,684887.56,469637.06,332269.38,497523.5,418620.62,-451894.38,-213621.6,936101.94,1061726.6,901269.5,495401.7,787039.5,528632.25,636150.6875,707829.5625
16_1105_15,2024-01-01,2067127.934569591,1222125.8987027295,658266.5622435244,1138297.25,1221137.7467599546,755529.0352903821,-73080.24334064464,956624.8484901122,1008301.2254958748,1008301.4372900951,1008301.2254958748,957886.3654255903,1008301.2254958748,684534.1924491555,939226.2560010833,505198.25,524479.56,470107.5,645975.2,488529.2,425641.3,-306425.12,-162255.02,966892.6,1126968.4,900843.75,497380.7,780327.2,734709.1875,394234.21875,483832.875
16_1106_15,2023-10-01,0.0,316457.22323916515,316866.58863217215,38295.671875,304872.2461178439,2284159.9426636435,2246165.1300783046,216631.27263719385,259961.03120704283,288848.2332434566,288847.14244744723,274405.82158128376,259961.03120704283,73552.10360127431,238910.64569246612,3169.2188,2177.6719,-25130.406,193716.25,59103.797,59922.633,-308196.66,-176692.69,264019.6,306650.72,20450.062,5645.625,25357.094,67281.96875,92802.7109375,18560.544921875
16_1106_15,2023-11-01,86462.73839479964,316457.22323916515,316866.58863217215,37389.546875,316033.1163296688,482408.294282022,412656.8637851516,208378.6629833934,259961.03120704283,288848.2332434566,288847.14244744723,274405.82158128376,259961.03120704283,73552.10360127431,238910.64569246612,1883.9062,-4471.6875,-35105.28,-133067.77,61513.07,55557.86,-165998.78,-118111.68,239257.56,362240.97,19010.375,2446.6875,23695.266,109043.1796875,2320.072021484375,18560.544921875
16_1106_15,2023-12-01,359966.952048479,316457.22323916515,316866.58863217215,33951.19921875,316441.69738442654,78795.2322481355,40914.02107138571,200126.053329593,259961.03120704283,288848.2332434566,288847.14244744723,274405.82158128376,259961.03120704283,73552.10360127431,238910.64569246612,17338.703,53638.82,-37083.344,35132.89,66630.04,68072.7,-145059.56,-96638.84,180700.23,243850.19,21376.75,-1419.7188,21478.281,113683.3203125,53361.55859375,71922.09375
16_1106_15,2024-01-01,275601.8330440508,316457.22323916515,316866.58863217215,29963.21875,316456.65486311226,183082.1095172577,113038.29050234184,191873.44367579254,259961.03120704283,288848.2332434566,288847.14244744723,274405.82158128376,259961.03120704283,73552.10360127431,238910.64569246612,6010.2656,-4018.9375,-39151.266,212072.66,67899.02,82702.14,-56752.1,-25376.896,175043.4,219855.08,21005.094,342.875,19118.766,109043.1796875,37121.0859375,146164.265625
16_1106_16,2023-10-01,542714.2866265127,268383.7925528798,268462.32531494147,416529.46875,494735.74666395446,-253200.94682992762,-1550762.9093156392,145818.25021959838,702756.7705373478,1140226.821570323,702756.7705373478,1083215.480491807,702756.7705373478,623668.5159484695,276237.74839012383,268213.88,268819.0,294208.44,767835.9,367588.38,293599.88,-657726.44,-497163.72,892080.2,1209110.6,282194.75,271339.8,223595.25,233724.859375,265596.4375,244348.71875
16_1106_16,2023-11-01,875378.0204892184,268383.7925528798,268462.32531494147,446236.65625,677694.1536333521,168140.45334435022,-1526633.6165326256,-959.8493040185713,702756.7705373478,1140226.821570323,702756.7705373478,1083215.480491807,702756.7705373478,623668.5159484695,276237.74839012383,267282.3,265382.22,282867.44,400197.34,314084.34,256855.81,-989275.75,-653985.25,911972.2,1034985.06,279525.44,269667.03,215686.81,456825.875,265596.4375,254972.5625
16_1106_16,2023-12-01,237100.22244204266,268383.7925528798,268462.32531494147,402358.6875,825577.9163878526,532006.5880114983,-1182311.6092734404,-147737.94882763553,702756.7705373478,1140226.821570323,702756.7705373478,1083215.480491807,702756.7705373478,623668.5159484695,276237.74839012383,265822.4,264790.88,279387.7,520350.8,327985.94,328761.1,-720393.4,-340833.75,923235.7,1701842.4,283912.94,267630.28,212501.66,690550.6875,297468.0,265596.4375
16_1106_16,2024-01-01,220280.60566721277,268383.7925528798,268462.32531494147,412934.78125,945111.1351597421,428262.89622073976,-1060531.1283423959,-294516.04835125245,702756.7705373478,1140226.821570323,702756.7705373478,1083215.480491807,702756.7705373478,623668.5159484695,276237.74839012383,265121.06,264463.38,275551.12,589010.7,339972.7,382280.62,-874138.1,-478353.72,958029.8,1214689.6,283223.8,268551.0,193636.78,435578.125,350587.28125,254972.5625
16_1108_15,2023-10-01,413765.9892719099,314403.95985247643,366547.0166798992,358245.6875,312977.0549442154,382731.1074857657,-3904.9781694169505,247355.61648948828,280250.3394611749,280248.393755129,280250.3394611749,266235.97406737256,280250.3394611749,366182.26015038916,213219.06894848135,419120.56,424827.06,394728.75,582590.2,265819.25,255073.86,25612.693,102441.46,437660.22,478963.75,400423.78,374487.25,354257.78,152130.953125,122165.7734375,135995.859375
16_1108_15,2023-11-01,1319908.794450515,314403.95985247643,366547.0166798992,370496.65625,314425.5973320224,289244.98486240656,30890.030275850688,247355.61648948828,280250.3394611749,280248.393755129,280250.3394611749,266235.97406737256,280250.3394611749,366182.26015038916,213219.06894848135,409092.25,407738.25,369993.9,335595.5,280465.12,274823.75,83507.586,160907.55,417995.3,492762.03,410092.7,124339.28,316623.88,66845.421875,99115.6328125,78370.4921875
16_1108_15,2023-12-01,1238979.1678124,314403.95985247643,366547.0166798992,382083.8125,314403.6317433513,207976.80586018984,-45645.01203858218,247355.61648948828,280250.3394611749,280248.393755129,280250.3394611749,266235.97406737256,280250.3394611749,366182.26015038916,213219.06894848135,410760.7,410541.12,356345.62,239533.02,284073.2,285620.1,-24174.8,144225.3,388192.22,412392.7,347337.34,193239.3,288128.7,96810.609375,99115.6328125,96810.609375
16_1108_15,2024-01-01,103070.16563849895,314403.95985247643,366547.0166798992,393849.75,314403.9648278987,276141.59357314237,50983.538712801485,247355.61648948828,280250.3394611749,280248.393755129,280250.3394611749,266235.97406737256,280250.3394611749,366182.26015038916,213219.06894848135,411133.3,403860.88,349435.1,118836.38,284764.0,271080.1,101330.23,120849.03,442518.44,476618.16,426509.8,167521.38,282357.06,89895.5703125,76065.4765625,108335.6796875
16_1108_53,2023-10-01,165115.82311417445,145806.19309744594,269.600953286822,-5486.9169921875,145584.3409739385,103076.24525600426,28615.95973531672,182424.02728800537,93618.85154611217,35172.58163561492,93618.85154611217,33413.95255383418,93618.85154611217,136841.79286806966,178283.26245064655,178300.77,178467.6,191846.73,51625.277,243914.61,241036.94,17565.043,124291.39,355272.25,406804.62,197440.23,178923.55,128632.89,260.7101745605469,177804.15625,260.7101745605469
16_1108_53,2023-11-01,166090.4563842827,119245.32708983189,411.03243225664437,-8169.08642578125,120360.76640458262,98520.00056012608,37087.847151751215,186960.7866627268,93618.85154611217,35172.58163561492,93618.85154611217,33413.95255383418,93618.85154611217,136841.79286806966,178283.26245064655,178646.3,178890.3,193201.67,43647.49,272058.0,229863.0,-2935.9028,71912.59,470330.56,594276.3,281981.1,178560.95,133032.55,260.7101745605469,521.4200439453125,260.7101745605469
16_1108_53,2023-12-01,160198.60046267795,97522.93596512586,552.4639112264666,-4247.4462890625,100903.58906284522,73671.51160953616,36279.488081770396,191497.54603744825,93618.85154611217,35172.58163561492,93618.85154611217,33413.95255383418,93618.85154611217,136841.79286806966,178283.26245064655,178255.5,179076.95,194651.06,96604.35,269223.78,277555.7,32085.584,84874.76,477732.72,530684.1,279749.8,178120.72,127360.08,260.7101745605469,521.4200439453125,260.7101745605469
16_1108_53,2024-01-01,310413.50366402534,79757.61626359799,693.895390196289,-2021.3709716796875,85894.5446838713,51968.70028031951,62202.37460655312,196034.3054121697,93618.85154611217,35172.58163561492,93618.85154611217,33413.95255383418,93618.85154611217,136841.79286806966,178283.26245064655,177582.48,178338.83,195093.47,62536.664,255287.39,254841.56,-21436.55,37556.203,402295.16,468968.34,186208.08,178320.55,123642.11,260.7101745605469,521.4200439453125,260.7101745605469
16_1109_2,2023-10-01,121777.90959711795,562912.9929616353,-222201.71711971177,161167.046875,562912.9929616353,599750.6845025793,1912201.4992170096,173279.02803058908,677944.2013113961,1179485.1794692827,677944.2013113961,1120510.9204958186,677944.2013113961,346218.4276824603,184738.66121097835,127186.125,127725.375,-81663.5,342826.38,54347.5,44429.484,-115282.94,-87858.97,198545.06,259386.31,132115.5,130508.625,288979.75,0.018683014437556267,0.018683014437556267,117658.28125
16_1109_2,2023-11-01,121777.90959711795,843962.980846222,-556490.9182465078,177908.859375,843962.980846222,805326.418907716,2175482.4247957123,165010.43120084231,677944.2013113961,1179485.1794692827,677944.2013113961,1120510.9204958186,677944.2013113961,346218.4276824603,184738.66121097835,120320.125,113853.0,-129548.625,699493.0,14947.375,-8909.163,-208070.33,-125994.55,144313.72,173843.94,129876.25,125562.625,311753.8,0.018683014437556267,117658.28125,117658.28125
16_1109_2,2023-12-01,121777.90959711795,1023021.7287641615,-890780.1193733037,166431.703125,1023021.7287641615,1279513.2781214134,2551775.264758784,156741.83437109555,677944.2013113961,1179485.1794692827,677944.2013113961,1120510.9204958186,677944.2013113961,346218.4276824603,184738.66121097835,119530.125,130174.125,-121502.0,834186.2,-8914.625,-21629.78,-168697.11,-157495.64,126765.75,151914.25,133556.88,119581.375,302200.88,127463.1328125,0.018683014437556267,588291.375
16_1109_2,2024-01-01,2638732.3653244423,1137101.204259839,-1225069.3205000996,175937.734375,1137101.204259839,1046953.1639529148,1986932.1667437511,148473.2375413488,677944.2013113961,1179485.1794692827,677944.2013113961,1120510.9204958186,677944.2013113961,346218.4276824603,184738.66121097835,115338.125,141435.31,-118386.75,454972.25,-30914.5,-11864.893,-139603.0,-121528.9,116161.63,182616.81,132978.88,122305.625,294269.44,98048.5703125,117658.28125,588291.375
16_1111_53,2023-10-01,128963.58219370962,131744.52380297615,141403.104346931,211999.96875,271054.5827609074,-1461898.6100297833,-690671.5530446908,88320.23535517155,227253.28984785947,480579.99730617076,227253.28984785947,456550.9974408622,227253.28984785947,177594.1594417502,131844.78579001033,131425.98,130843.26,124772.375,138457.62,106820.84,109396.25,46452.56,58167.426,161299.0,175274.06,131419.62,123349.86,132726.66,383712.0,131408.21875,262816.4375
16_1111_53,2023-11-01,129571.37932525316,131744.52380297615,141403.104346931,129163.15625,377202.17702679674,-1815793.1847618588,-946100.9503861397,45230.98974185883,227253.28984785947,480579.99730617076,227253.28984785947,456550.9974408622,227253.28984785947,177594.1594417502,131844.78579001033,131119.28,130378.58,120996.58,342469.75,100191.81,100023.86,21438.527,51988.93,146222.02,164599.2,129527.94,76834.45,132544.44,268072.75,136664.546875,131408.21875
16_1111_53,2023-12-01,123940.26477664785,131744.52380297615,141403.104346931,170179.125,458081.5611338579,-1694219.3815516145,-698662.5237757727,2141.7441285461173,227253.28984785947,480579.99730617076,227253.28984785947,456550.9974408622,227253.28984785947,177594.1594417502,131844.78579001033,130058.24,130036.19,121548.17,85985.164,100479.81,101346.06,51368.52,61069.168,135486.25,151359.33,132637.25,93444.56,132793.05,278585.40625,141920.875,378455.65625
16_1111_53,2024-01-01,126089.1333334364,131744.52380297615,141403.104346931,127480.3203125,519707.77903147484,-2169332.3314972566,-1298416.2813720407,-40947.501484766595,227253.28984785947,480579.99730617076,227253.28984785947,456550.9974408622,227253.28984785947,177594.1594417502,131844.78579001033,129524.99,130533.03,121444.23,206491.08,100172.06,102321.25,52231.043,62353.87,144286.14,161799.23,132148.88,88909.75,130574.53,399480.96875,173458.84375,672810.0
16_1112_2,2023-10-01,4331.004116339103,3239.4867824724492,3239.3775299130284,3095.07958984375,4487.297349580648,-14658.68005283717,-22936.518848570406,1311.1906312044246,2226.6429488833733,7268.012541225144,2226.6429488833733,6904.6119141638865,2226.6429488833733,2419.6552885349574,3168.517169311635,3241.1453,3244.0847,4433.5293,1104.908,3603.1262,3645.085,1157.24,2105.6257,4644.976,5041.3,3273.033,3245.6553,4229.974,3199.370849609375,4113.4765625,4022.066162109375
16_1112_2,2023-11-01,4331.004116339103,3239.4867824724492,3239.3775299130284,3251.38916015625,5542.4504177311965,-11591.6261416017,-22657.240983108135,-580.3669371820595,2226.6429488833733,7268.012541225144,2226.6429488833733,6904.6119141638865,2226.6429488833733,2419.6552885349574,3168.517169311635,3248.4917,3265.9827,4628.8564,1558.2448,4087.1816,3951.6992,2530.536,3168.3008,4919.826,5197.5557,3247.3325,3242.1577,5062.2837,2925.138916015625,5027.58251953125,3839.244873046875
16_1112_2,2023-12-01,4331.004116339103,3239.4867824724492,3239.3775299130284,3295.008544921875,6434.691617297009,-9443.024176092014,-22974.044877939774,-2471.9245055685437,2226.6429488833733,7268.012541225144,2226.6429488833733,6904.6119141638865,2226.6429488833733,2419.6552885349574,3168.517169311635,3229.322,3244.8767,4471.5166,-892.81335,4492.414,4254.176,2735.0225,2948.2473,5561.6646,5994.507,3289.5764,3237.936,4985.3013,3290.781494140625,6581.56298828125,4022.066162109375
16_1112_2,2024-01-01,4331.004116339103,3239.4867824724492,3239.3775299130284,3437.29833984375,7189.173959463741,-15087.43301626153,-28547.400128752328,-4363.482073955028,2226.6429488833733,7268.012541225144,2226.6429488833733,6904.6119141638865,2226.6429488833733,2419.6552885349574,3168.517169311635,3219.5308,3264.38,4202.401,359.1718,4872.6924,4756.961,3260.2866,3389.175,6298.1914,6728.2905,3282.9417,3239.865,4497.56,4022.066162109375,7769.89990234375,3107.960205078125
16_1114_53,2023-10-01,221146.4468472075,247282.6226117625,247297.2034684809,275178.71875,543646.5965243772,74876.90663987776,-1254042.8996251817,101182.68556247302,432326.3723672993,873606.0668919933,432326.3723672993,829925.7635473936,432326.3723672993,350383.56982909836,253595.69090846195,249693.31,249133.6,204068.06,448994.16,343519.03,344353.38,318922.62,326854.6,360842.62,365784.12,241031.44,248271.72,201484.5,241481.421875,204330.4375,167179.453125
16_1114_53,2023-11-01,222023.07732539528,247282.6226117625,247297.2034684809,277761.15625,753864.5092228109,180857.06505721435,-1244602.5754291918,-38124.96438993074,432326.3723672993,873606.0668919933,432326.3723672993,829925.7635473936,432326.3723672993,350383.56982909836,253595.69090846195,246849.62,246663.34,221577.28,451986.9,323003.62,321122.5,293481.9,301769.34,335644.16,343583.97,238326.38,247711.6,199056.94,232193.6875,157891.703125,139316.21875
16_1114_53,2023-12-01,227680.26601130055,247282.6226117625,247297.2034684809,246290.90625,902977.0016619778,168352.64398396452,-1324203.6914987192,-177432.6143423345,432326.3723672993,873606.0668919933,432326.3723672993,829925.7635473936,432326.3723672993,350383.56982909836,253595.69090846195,245786.28,247935.6,235683.1,443977.38,319089.78,318390.3,301954.53,307620.0,332479.2,336182.4,242772.69,247032.5,205061.12,260056.921875,287920.15625,436524.09375
16_1114_53,2024-01-01,225555.67337544644,247282.6226117625,247297.2034684809,232471.21875,1008745.9873588199,-91377.34035642887,-1641726.305891214,-316740.2642947383,432326.3723672993,873606.0668919933,432326.3723672993,829925.7635473936,432326.3723672993,350383.56982909836,253595.69090846195,244777.56,246827.69,244082.1,506671.88,320918.9,322483.22,307386.78,311233.4,329937.38,335200.47,242074.31,247341.0,207351.75,315783.40625,278632.40625,1114529.625
16_1115_15,2023-10-01,92680.07147856233,60012.81036665026,-12539.214954113442,183522.78125,674247.6417066893,7680563.749746007,7353118.513747068,83000.18490440385,397697.55196191184,1114118.222850479,397697.55196191184,1058412.3117079549,397697.55196191184,152567.32844671296,90501.78073088828,85512.984,29230.625,58212.22,-679339.2,95379.16,111972.74,-264008.03,-182583.61,517384.75,569839.4,84117.5,122201.75,58580.156,350635.46875,525953.1875,98616.2421875
16_1115_15,2023-11-01,155596.06567514632,40027.15479833262,-95519.15489190073,159770.21875,1015480.62350709,8549030.973822843,8459047.69496562,76009.8406413337,397697.55196191184,1114118.222850479,397697.55196191184,1058412.3117079549,397697.55196191184,152567.32844671296,90501.78073088828,70085.484,59166.438,48381.5,14361.656,90932.17,79537.2,-413030.22,-279147.97,426887.53,536562.0,75768.125,103964.75,56357.594,328720.75,186275.109375,197232.453125
16_1115_15,2023-12-01,178677.97094287674,26697.1853419487,-178499.09482968802,138679.25,1214771.8590461875,8007108.600928782,7705143.725581477,69019.49637826356,397697.55196191184,1114118.222850479,397697.55196191184,1058412.3117079549,397697.55196191184,152567.32844671296,90501.78073088828,58034.97,43700.36,50084.86,2907080.0,92589.766,98955.22,-721642.0,-610580.3,538979.94,688396.9,89492.0,81849.5,55315.11,43829.453125,65744.171875,197232.453125
16_1115_15,2024-01-01,190797.05013825453,17806.40439654858,-261479.03476747533,120473.375,1331164.46668085,257687.84574321867,-333750.0614766381,62029.152115193414,397697.55196191184,1114118.222850479,397697.55196191184,1058412.3117079549,397697.55196191184,152567.32844671296,90501.78073088828,99070.81,93520.14,50409.234,-214585.38,90929.47,68976.67,-418267.28,-272758.7,510855.34,700074.4,87336.375,91880.5,48124.25,87658.8828125,65744.171875,131488.3125
16_1115_2,2023-10-01,330073.40318818367,937811.7311520933,682563.7485521558,624248.25,751647.8374944236,814630.7854556673,1643033.1698616496,693502.1000758641,747935.3792119822,1029905.7146199332,747935.3792119822,978410.4288889364,747935.3792119822,589270.966964182,679486.0035889064,686297.4,684459.8,561021.8,392496.88,641786.75,644262.8,531323.75,557163.8,763775.5,817354.9,684940.06,689780.6,538799.0,629277.8125,416683.9375,348653.90625
16_1115_2,2023-11-01,321262.1429971679,1109957.198219743,682563.7485521558,498785.53125,810711.0069035441,1136831.7828404012,1736890.066354738,707376.9128052358,747935.3792119822,1029905.7146199332,747935.3792119822,978410.4288889364,747935.3792119822,589270.966964182,679486.0035889064,683280.94,666354.75,541047.4,974007.0,690706.06,688325.9,552726.4,609271.25,821425.0,844931.9,683082.56,685710.06,549749.6,697307.8125,416683.9375,348653.90625
16_1115_2,2023-12-01,321262.1429971679,1204094.8644400467,682563.7485521558,521211.0,861229.5669398336,1509687.9126435034,2023018.5995419035,721251.7255346077,747935.3792119822,1029905.7146199332,747935.3792119822,978410.4288889364,747935.3792119822,589270.966964182,679486.0035889064,682854.5,703419.56,548372.7,1033992.94,696648.44,693791.56,590433.7,611443.56,824881.94,887307.1,686135.7,680786.9,543394.25,663292.75,365661.4375,391172.6875
16_1115_2,2024-01-01,321262.1429971679,1239838.2394996514,682563.7485521558,440991.40625,904439.657655793,1360808.5061520678,1515751.281799312,735126.5382639794,747935.3792119822,1029905.7146199332,747935.3792119822,978410.4288889364,747935.3792119822,589270.966964182,679486.0035889064,677385.8,707061.75,550152.56,530850.2,685403.44,661068.1,499628.6,563489.25,761800.94,782926.9,685656.25,683028.8,548020.2,629277.8125,442195.21875,391172.6875
16_1116_1,2023-10-01,1976.2397856992627,24043.892242144142,2858.1274611201243,3137.990234375,24043.892242144142,1631.5274641153155,667.0642469671293,-40.05097853893858,20451.14353649841,43213.57695475587,20451.14353649841,41052.898107018074,20451.14353649841,7520.268202003354,2835.3646776498535,1556.4125,926.4574,4781.9023,-23341.428,-1466.8105,-1578.6453,-25966.264,-19114.21,8214.67,12423.324,1750.2852,2406.2734,156.5,2113.217529296875,2113.217529296875,2113.217529296875
16_1116_1,2023-11-01,71084.39203692875,35342.73007775724,2858.1274611201243,2218.8203125,35342.73007775724,1977.5256990803464,202.35216245392076,-2075.203783840306,20451.14353649841,43213.57695475587,20451.14353649841,41052.898107018074,20451.14353649841,7520.268202003354,2835.3646776498535,2332.8628,2049.0298,4542.0264,28720.39,-2515.3164,-681.90485,-17399.756,-13136.65,8720.341,9793.545,1632.3594,2162.586,-3.46875,2113.217529296875,2113.217529296875,2113.217529296875
16_1116_1,2023-12-01,71084.39203692875,41127.837337691344,2858.1274611201243,3052.518798828125,41127.837337691344,138641.3649776421,139026.36163932458,-4110.356589141674,20451.14353649841,43213.57695475587,20451.14353649841,41052.898107018074,20451.14353649841,7520.268202003354,2835.3646776498535,1642.781,1833.9011,4110.138,43801.926,-3351.3926,-2315.186,-13066.148,-9951.939,4356.1743,7804.068,1826.1914,1867.75,-1020.0781,2113.217529296875,2113.217529296875,2113.217529296875
16_1116_1,2024-01-01,71084.39203692875,44089.864627210925,2858.1274611201243,2455.110595703125,44089.864627210925,70887.6683865221,69103.49795719475,-6145.509394443041,20451.14353649841,43213.57695475587,20451.14353649841,41052.898107018074,20451.14353649841,7520.268202003354,2835.3646776498535,1169.8151,1648.745,3864.7012,-25215.916,-4014.957,-4734.0566,-11030.106,-9928.297,222.77945,1608.0457,1795.7461,2002.0781,-1494.9961,2113.217529296875,2113.217529296875,2113.217529296875
16_1116_2,2023-10-01,694165.4635791505,692735.3447853569,656518.9719323914,674656.9375,692735.3447853569,1253242.8130273544,1806605.4030265827,654656.3432219969,551491.2952683549,665157.6868378575,551491.2952683549,631899.8024959646,551491.2952683549,561081.1068264353,654655.2441384293,659602.0,658224.75,652337.2,670532.6,588261.25,543361.6,-83849.75,60911.02,1067672.5,1268044.1,654497.6,662429.44,676553.6,438722.65625,678025.9375,632444.375
16_1116_2,2023-11-01,506024.3790127593,718070.8907808912,656518.9719323914,553873.3125,718070.8907808912,1135736.2596907485,1781978.5505051087,654656.3432219969,551491.2952683549,665157.6868378575,551491.2952683549,631899.8024959646,551491.2952683549,561081.1068264353,654655.2441384293,660214.9,658541.56,637380.56,337705.88,607682.1,586691.4,-41541.598,82894.8,1082115.6,1210058.6,652860.9,659095.2,678784.1,438722.65625,655235.1875,455815.78125
16_1116_2,2023-12-01,553368.7185921797,735803.8516420708,656518.9719323914,605682.3125,735803.8516420708,-648454.844693916,91008.46130139218,654656.3432219969,551491.2952683549,665157.6868378575,551491.2952683549,631899.8024959646,551491.2952683549,561081.1068264353,654655.2441384293,662641.9,663247.94,631023.0,681928.1,618360.4,609978.9,114248.28,183733.31,1066727.9,1205887.5,655551.25,655051.7,650531.75,438722.65625,660932.875,444420.375
16_1116_2,2024-01-01,553368.7185921797,748215.5794556162,656518.9719323914,527440.9375,748215.5794556162,-737357.2927900928,-93023.06791251787,654656.3432219969,551491.2952683549,665157.6868378575,551491.2952683549,631899.8024959646,551491.2952683549,561081.1068264353,654655.2441384293,668691.2,659824.7,628252.44,610085.3,614300.1,620314.9,165426.61,296091.72,943712.8,978406.94,655128.7,656885.7,616705.06,438722.65625,655235.1875,444420.375
16_1204_15,2023-10-01,86443.85712296175,92256.64097682663,76341.07705922365,83409.3046875,135233.19642710077,114453.58694434458,45937.862185213744,64206.97390928309,92009.59397208081,118580.07491260473,92009.59397208081,112651.07116697449,92009.59397208081,68217.50629778534,92009.96719547009,79624.83,79452.875,73768.125,84256.234,59052.215,57486.906,44786.383,47443.395,67977.47,72182.9,96168.06,71569.0,66884.81,103893.2109375,102843.78125,109140.3359375
16_1204_15,2023-11-01,67920.43034180788,92256.64097682663,75544.02543083024,80852.671875,140940.62737698347,69170.21928406855,3796.528538616316,59038.887112459866,92009.59397208081,118580.07491260473,92009.59397208081,112651.07116697449,92009.59397208081,68217.50629778534,92009.96719547009,79621.69,79171.695,72876.16,90456.99,61229.117,62914.906,51011.207,53026.07,71911.914,73288.2,92769.95,7914.336,67269.07,76608.125,102843.78125,118585.171875
16_1204_15,2023-12-01,81687.57483617871,92256.64097682663,74906.22419104389,79134.375,141525.9735422511,71946.34095624929,2866.195688206193,53870.80031563665,92009.59397208081,118580.07491260473,92009.59397208081,112651.07116697449,92009.59397208081,68217.50629778534,92009.96719547009,79749.14,80366.41,73175.4,66556.11,62565.49,62382.758,56285.027,58101.527,68118.33,70016.23,92473.164,24268.86,67308.1,69262.140625,76608.125,108090.9140625
16_1204_15,2024-01-01,85304.68705540898,92256.64097682663,74395.85521746443,77333.484375,141586.00582931723,68530.58163045961,-15593.899006367203,48702.7135188134,92009.59397208081,118580.07491260473,92009.59397208081,112651.07116697449,92009.59397208081,68217.50629778534,92009.96719547009,79469.25,79755.33,73304.055,68682.33,64061.527,63904.33,57062.004,58968.004,67026.484,67846.46,90841.92,17642.742,66314.62,90250.6640625,95497.796875,98646.0703125
16_1212_15,2023-10-01,515856.126991204,812658.4172085535,813772.0099512362,635348.25,866323.9142003896,2041713.2408063957,2102150.020476015,698943.9335171861,730183.2234749695,730186.0323444417,730183.2234749695,693676.7307272196,730183.2234749695,403016.4248392702,671259.852870341,425668.12,420886.88,372373.75,263324.44,371785.6,341265.56,110023.56,172401.31,512321.34,557884.9,1447441.9,405339.5,410103.94,333642.75,399179.71875,297895.3125
16_1212_15,2023-11-01,293289.0892152409,812658.4172085535,813772.0099512362,633593.375,805740.8430709471,379291.3040435083,486307.18899922684,695892.8124378759,730183.2234749695,730186.0323444417,730183.2234749695,693676.7307272196,730183.2234749695,403016.4248392702,671259.852870341,410583.0,410351.1,370945.75,195333.97,376007.25,386402.56,210338.25,243291.56,481180.88,517271.84,1445139.4,400232.5,427351.1,309811.125,339600.65625,369390.1875
16_1212_15,2023-12-01,401608.24842467357,812658.4172085535,813772.0099512362,629379.9375,813550.104319111,476242.100843083,530530.2027421365,692841.6913585657,730183.2234749695,730186.0323444417,730183.2234749695,693676.7307272196,730183.2234749695,403016.4248392702,671259.852870341,444952.0,451603.88,372299.75,-102838.16,373920.4,369133.56,228572.5,254683.95,506931.4,528373.25,1448924.0,394061.44,399537.2,375348.09375,399179.71875,405137.59375
16_1212_15,2024-01-01,492387.6052048882,812658.4172085535,813772.0099512362,624603.125,812543.4772184186,639825.2097179729,659329.4224726246,689790.5702792555,730183.2234749695,730186.0323444417,730183.2234749695,693676.7307272196,730183.2234749695,403016.4248392702,671259.852870341,395983.7,396846.62,372825.78,539792.0,368464.66,365232.06,251707.2,284364.97,452667.06,477219.2,1448329.5,396877.2,408735.3,423011.34375,387263.90625,434927.15625
16_1215_15,2023-10-01,201379.55344930108,331707.51090300624,177613.33970018616,191261.015625,350271.6085346756,1117706.6650190793,1134914.8456686228,247331.08596623124,264728.5770617479,282431.9832787102,264728.5770617479,268310.3841147747,264728.5770617479,229555.91813507804,264728.5495683802,236986.67,237840.17,233308.58,295936.28,222624.8,224131.44,117563.89,139588.39,296328.62,305499.44,244037.5,238383.98,233262.22,214004.890625,199413.640625,221300.5
16_1215_15,2023-11-01,188135.68991729466,331707.51090300624,161259.510193652,178769.90625,335195.9971867503,2585.5620955724735,122684.55994014314,239753.10332297135,264728.5770617479,282431.9832787102,264728.5770617479,268310.3841147747,264728.5770617479,229555.91813507804,264728.5495683802,237412.17,234836.31,233258.95,209296.17,222527.4,222775.45,165246.06,181500.55,281681.53,304807.47,236856.88,236920.5,233159.22,172663.046875,214004.890625,269937.96875
16_1215_15,2023-12-01,202119.51948370985,331707.51090300624,144905.68068711789,168638.890625,337181.4644852751,65830.7226551476,87708.15894158123,232175.1206797115,264728.5770617479,282431.9832787102,264728.5770617479,268310.3841147747,264728.5770617479,229555.91813507804,264728.5495683802,267331.97,281126.53,233149.7,155271.14,220508.03,216584.12,163506.72,178507.2,259765.31,274627.8,246262.9,235155.4,232799.27,240755.5,204277.390625,272369.84375
16_1215_15,2024-01-01,206462.2120064248,331707.51090300624,128551.85118058375,159450.109375,336919.97721935046,33720.80306553413,59554.20671215176,224597.1380364516,264728.5770617479,282431.9832787102,264728.5770617479,268310.3841147747,264728.5770617479,229555.91813507804,264728.5495683802,238118.06,238412.16,233115.12,225312.11,218091.17,220920.53,165145.81,188198.38,258488.4,276516.0,253803.25,235962.34,232448.06,194549.90625,204277.390625,245619.234375
16_1306_2,2023-10-01,70526.9449636196,74797.38444686873,46587.362227300335,47128.40625,74797.38444686873,-12124.661729585463,75503.57419667815,47272.93182281065,80321.15653022155,103133.3049495643,80321.15653022155,97976.63970208609,80321.15653022155,68159.02728638478,50270.37022327715,47775.28,46516.523,35077.4,109166.445,48923.664,48776.133,11793.872,23080.828,75768.195,86691.1,116299.836,46963.773,68758.445,31560.34375,31560.34375,47340.51171875
16_1306_2,2023-11-01,57789.27933850519,91849.85980581772,46587.362227300335,55746.37109375,91849.85980581772,-32782.617218522486,49696.61254574712,43794.62524023103,80321.15653022155,103133.3049495643,80321.15653022155,97976.63970208609,80321.15653022155,68159.02728638478,50270.37022327715,46462.586,46258.9,31001.39,92417.55,44981.203,47745.51,10918.678,26154.326,70258.74,71931.516,116225.66,46748.53,71208.01,43627.53125,32488.58984375,45484.0234375
16_1306_2,2023-12-01,56814.64606839691,102156.44897750596,46587.362227300335,46760.9453125,102156.44897750596,-82770.63281737182,-58655.0911381263,40316.3186576514,80321.15653022155,103133.3049495643,80321.15653022155,97976.63970208609,80321.15653022155,68159.02728638478,50270.37022327715,46735.47,46402.438,31660.633,35347.21,44530.508,46216.094,27756.752,32519.258,59865.87,68963.46,115452.96,46487.42,71872.21,32488.58984375,38058.05859375,62192.4375
16_1306_2,2024-01-01,56814.64606839691,108385.79563351594,46587.362227300335,48782.09765625,108385.79563351594,-92548.19279441428,-96641.16072605531,36838.01207507177,80321.15653022155,103133.3049495643,80321.15653022155,97976.63970208609,80321.15653022155,68159.02728638478,50270.37022327715,46120.117,45575.03,31819.469,99457.26,44122.453,44952.023,27073.049,31240.055,55612.113,63728.19,115684.48,46605.996,71010.44,31560.34375,53838.23046875,63120.68359375
16_1307_2,2023-10-01,377579.5822405003,495336.7205955115,377579.5822405249,302448.53125,498433.31549144565,471573.99025703676,-136565.35324701332,377039.0284416208,381887.8470297791,634826.0259842566,381887.8470297791,603084.7246850438,381887.8470297791,379233.0433092854,377630.78775583376,377575.38,375599.25,377554.47,387776.62,375747.94,374225.38,343515.56,352662.28,391079.16,396647.78,437959.5,377760.22,383748.12,383936.5,375590.0625,371416.84375
16_1307_2,2023-11-01,377579.5822405003,596542.6379765708,377579.5822405249,259760.375,592993.5091817875,503820.4994751781,-198436.64272803033,376549.66866362846,381887.8470297791,634826.0259842566,381887.8470297791,603084.7246850438,381887.8470297791,379233.0433092854,377630.78775583376,377428.56,374573.94,377535.62,378184.2,375217.22,373812.25,356761.12,358852.38,390707.66,408260.75,437905.94,377657.88,385114.28,338031.0625,354723.9375,367243.625
16_1307_2,2023-12-01,375559.28615384595,596542.6379765708,377579.5822405249,235922.59375,666980.716612014,574990.8112044693,-220248.29125883983,376100.02836902475,381887.8470297791,634826.0259842566,381887.8470297791,603084.7246850438,381887.8470297791,379233.0433092854,377630.78775583376,377953.7,373231.97,377488.94,366568.62,374736.16,371221.62,347350.62,357413.25,391671.6,398153.2,438347.53,377533.94,385648.2,333857.84375,367243.625,367243.625
16_1307_2,2024-01-01,220144.84033161652,596542.6379765708,377579.5822405249,208913.828125,724870.8990417323,1112915.7371032813,603294.7734037254,375685.4202070212,381887.8470297791,634826.0259842566,381887.8470297791,603084.7246850438,381887.8470297791,379233.0433092854,377630.78775583376,377252.4,372900.2,377454.88,381391.03,374333.3,373916.25,355472.56,357520.0,388406.78,395472.5,437922.6,377590.38,385821.72,329684.5625,367243.625,371416.84375
16_1308_1,2023-10-01,23330.05912617128,23330.05912617128,23330.05912644297,59546.7421875,45147.40828178753,59594.324343014945,-57658.087287711365,-30444.134623935104,135884.77091365284,504130.22913716466,135884.77091365284,478923.7176803064,135884.77091365284,59963.90552743667,23330.331183777726,22997.0,24234.562,-57641.438,91990.84,-18479.938,-14434.372,-42821.79,-35683.68,8852.801,14977.774,23837.562,24888.594,13087.844,22199.5859375,22199.5859375,22199.5859375
16_1308_1,2023-11-01,0.0,23330.05912617128,23330.05912644297,65356.4609375,65538.84786687826,132254.07515743258,-64687.27624847771,-74002.72448280825,135884.77091365284,504130.22913716466,135884.77091365284,478923.7176803064,135884.77091365284,59963.90552743667,23330.331183777726,22348.781,21942.969,-61010.094,209530.69,-39220.812,-41430.64,-64584.836,-60930.11,-19990.543,-13596.657,23330.781,24005.375,12403.203,22199.5859375,22199.5859375,22199.5859375
16_1308_1,2023-12-01,0.0,23330.05912617128,23330.05912644297,59921.55859375,84597.5706010912,159655.5184405086,-64758.024432661485,-117561.3143416814,135884.77091365284,504130.22913716466,135884.77091365284,478923.7176803064,135884.77091365284,59963.90552743667,23330.331183777726,22266.906,31068.062,-58325.53,160348.19,-56158.625,-53077.79,-75551.414,-69370.74,-32037.264,-21443.48,24163.719,22937.938,8530.125,22199.5859375,22199.5859375,0.007050164509564638
16_1308_1,2024-01-01,0.0,23330.05912617128,23330.05912644297,59510.4375,102410.67843704732,513395.7445038627,360230.3201504886,-161119.90420055453,135884.77091365284,504130.22913716466,135884.77091365284,478923.7176803064,135884.77091365284,59963.90552743667,23330.331183777726,24664.0,29918.75,-55933.406,209600.86,-67547.81,-67910.875,-95903.74,-87576.234,-46882.52,-42173.156,24032.938,23424.656,8029.672,22199.5859375,22199.5859375,70298.6796875
16_1309_53,2023-10-01,22371.609803352618,21883.368496690317,9014.05791099299,19000.177734375,21883.368496690317,6413.363497211605,7240.884027563614,14064.290212917438,18327.450023681122,24415.426731929856,18327.450023681122,23194.65539533336,18327.450023681122,15868.314049126939,15774.73182882374,16270.986,16485.549,13391.711,14367.589,13979.449,13658.486,6025.059,8397.73,18588.623,19547.943,16466.488,16420.889,13563.666,11645.9052734375,12344.66015625,13742.16796875
16_1309_53,2023-11-01,10492.59249277088,25130.292679271326,6812.8899695774835,13569.0859375,25130.292679271326,11114.97177816198,9919.497561776363,13326.97129311945,18327.450023681122,24415.426731929856,18327.450023681122,23194.65539533336,18327.450023681122,15868.314049126939,15774.73182882374,16235.853,16431.67,13106.616,13614.872,14349.343,13974.112,8764.821,10255.822,17943.586,18397.984,16418.176,16378.899,13598.307,12577.578125,11412.9873046875,14440.9228515625
16_1309_53,2023-12-01,14968.353026533816,27034.41421911549,4611.7220281619775,16270.0439453125,27034.41421911549,14647.991689041175,10017.78634622091,12589.652373321464,18327.450023681122,24415.426731929856,18327.450023681122,23194.65539533336,18327.450023681122,15868.314049126939,15774.73182882374,16178.738,16404.201,13082.731,12468.012,14127.017,14493.555,11733.176,12487.208,18172.297,20461.334,16497.586,16327.958,13549.045,15372.595703125,12344.66015625,13975.0869140625
16_1309_53,2024-01-01,8895.776360194952,28151.064511706063,2410.5540867464715,13434.07421875,28151.064511706063,-9786.391218983554,-22416.345054897658,11852.333453523477,18327.450023681122,24415.426731929856,18327.450023681122,23194.65539533336,18327.450023681122,15868.314049126939,15774.73182882374,16279.354,16312.099,13036.069,21753.441,13630.9,13726.273,9245.0,10676.401,16625.004,17654.988,16485.113,16351.053,13250.766,14208.0048828125,13509.25,9549.642578125
16_1310_15,2023-10-01,822983.3902472536,1025560.3417226095,696692.2302894313,528073.9375,1044908.9519942533,-281667.5609764656,-494746.2168424072,613252.2031467925,813089.2854608948,813091.7167495305,813089.2854608948,772437.130912054,813089.2854608948,676948.4937639824,677459.1847092019,747530.4,748080.94,757257.5,518851.5,651262.0,624848.6,152406.94,262572.47,839591.06,908558.4,744134.5,744008.4,652779.75,571426.625,481201.34375,654133.0625
16_1310_15,2023-11-01,706154.1720880285,1025560.3417226095,705279.0640684702,472626.75,1024214.9599899218,416251.39457555744,-588347.2181280463,572408.3282687713,813089.2854608948,813091.7167495305,813089.2854608948,772437.130912054,813089.2854608948,676948.4937639824,677459.1847092019,748319.75,749983.5,763095.75,61708.97,657425.5,645099.4,222552.78,436433.75,876144.25,964753.25,738618.4,731635.5,655327.44,661651.875,624058.0,593982.875
16_1310_15,2023-12-01,938730.0821544394,1025560.3417226095,713865.8978475089,431132.03125,1025653.8911807482,617542.6644613312,-377398.0561003791,531564.4533907501,813089.2854608948,813091.7167495305,813089.2854608948,772437.130912054,813089.2854608948,676948.4937639824,677459.1847092019,746738.4,748509.94,768323.2,-22757.562,656984.1,636409.75,378175.72,488850.53,898314.2,1025804.2,747685.1,738313.2,652907.8,601501.75,428569.96875,593982.875
16_1310_15,2024-01-01,1098816.294094273,1025560.3417226095,722452.7316265478,395812.90625,1025553.8368765087,-167027.02397774102,-802898.423453632,490720.57851272915,813089.2854608948,813091.7167495305,813089.2854608948,772437.130912054,813089.2854608948,676948.4937639824,677459.1847092019,747349.5,750373.9,770377.7,567380.75,659288.25,644517.6,370370.44,450839.8,804834.94,879356.5,746261.1,737302.75,653338.6,586464.125,503757.65625,631576.75
16_1312_1,2023-10-01,437062.78139531915,1589969.3638775777,1210977.0555515997,1626638.125,767668.095823321,1477387.5609255238,1062695.5624384906,1440608.2550545326,1206816.5024487777,815948.8210821832,1189104.9713593186,775151.3800280739,1206816.5024487777,1225754.2185703046,1207920.4643180405,844274.9,868165.3,847576.4,1273393.2,1113608.0,1110141.6,202121.61,378890.88,2184920.2,2400853.0,1077293.2,851730.0,905333.4,787776.875,632804.375,0.008202719502151012
16_1312_1,2023-11-01,236006.9068918105,1130817.232285419,1210977.0555515997,1409027.125,712780.686828577,1403836.9449938813,1188284.759081042,1515048.7983701837,1206816.5024487777,815948.8210821832,1189104.9713593186,775151.3800280739,1206816.5024487777,1225754.2185703046,1207920.4643180405,804645.1,813564.4,843931.9,922313.5,1164026.4,1159934.0,68076.266,371443.88,1812525.4,2273005.0,1152855.0,848795.75,904192.0,796386.4375,253982.703125,4304.7998046875
16_1312_1,2023-12-01,417514.37128582265,1414395.8709231513,1210977.0555515997,1693001.875,674584.2370710063,1530861.4966393034,1220491.91696046,1589489.3416858346,1206816.5024487777,815948.8210821832,1189104.9713593186,775151.3800280739,1206816.5024487777,1225754.2185703046,1207920.4643180405,640042.25,222761.06,839007.8,1212724.2,1327617.2,1263659.0,66623.484,515269.5,1939883.6,2332829.5,1368891.0,845206.0,901669.0,787776.875,241068.34375,0.008202719502151012
16_1312_1,2024-01-01,398923.511390962,1239253.8237485567,1210977.0555515997,1684497.375,648003.1176338994,2523561.1643775105,2446059.218841536,1663929.8850014852,1206816.5024487777,815948.8210821832,1189104.9713593186,775151.3800280739,1206816.5024487777,1225754.2185703046,1207920.4643180405,685672.5,325974.47,836245.8,1200966.5,1528084.2,1528364.2,796468.8,1035342.1,2065406.4,2250566.8,1354426.6,846819.1,882606.6,0.008202719502151012,228153.953125,0.008202719502151012
16_1312_15,2023-10-01,2479610.896464707,1850729.6780355216,3209724.034136575,1922064.75,1799914.4253569574,4204835.582172963,4590426.12210162,2141364.708285136,2252590.6066143094,1905481.8431065595,2252590.6066143094,1810207.7509512315,2252590.6066143094,2101433.5989824818,1971410.403401162,1888672.0,1851662.8,1850668.2,2616111.0,1913919.5,1904213.9,1388095.2,1507200.0,2372172.5,2486726.2,2223332.2,1857967.4,2009836.4,1663071.625,1968783.375,1394045.375
16_1312_15,2023-11-01,2095925.4705551057,1850729.6780355216,3351285.0094153113,1822603.75,1763227.5160583316,3673340.110202349,4132342.826616397,2239183.5270641465,2252590.6066143094,1905481.8431065595,2252590.6066143094,1810207.7509512315,2252590.6066143094,2101433.5989824818,1971410.403401162,1746875.0,1677461.6,1829165.8,2320883.0,1889466.8,1939755.0,1281724.8,1408920.0,2477850.5,2633077.0,2065459.1,1853865.0,2016718.2,1491873.125,1760899.5,1235075.25
16_1312_15,2023-12-01,662139.2301093562,1850729.6780355216,3492845.984694047,1776378.25,1736740.797151326,3918977.3844862874,4368663.6052775495,2337002.3458431573,2252590.6066143094,1905481.8431065595,2252590.6066143094,1810207.7509512315,2252590.6066143094,2101433.5989824818,1971410.403401162,1357558.2,672177.25,1825257.8,2700325.0,1900325.1,1869275.8,1214529.9,1363263.2,2404300.2,2499049.2,3446310.5,1848909.0,2026925.5,1296217.625,1663071.625,1173932.875
16_1312_15,2024-01-01,511283.2627737033,1850729.6780355216,3634406.959972783,1699403.375,1717618.273835223,5667755.310406712,5690423.1463927,2434821.164622168,2252590.6066143094,1905481.8431065595,2252590.6066143094,1810207.7509512315,2252590.6066143094,2101433.5989824818,1971410.403401162,1393963.0,912563.6,1820990.5,1767893.6,1908226.2,1914782.2,1381930.6,1545055.9,2312858.0,2490203.2,5108400.0,1851170.5,2016121.4,1027191.3125,1406273.875,1014962.875
16_1313_15,2023-10-01,23814.67843667715,44715.68977044272,87037.04321558909,74174.25,-31646.493392889293,36002.64425784242,45617.38782560943,82153.52371292569,54814.9570044251,54813.69823625751,54814.9570044251,52073.013324444626,54814.9570044251,149320.783593494,50249.223204511814,280388.5,280030.16,255175.02,30121.88,49561.5,58136.39,-234884.36,-126818.42,164818.8,238225.53,133894.38,265543.25,189875.11,16391.3828125,17374.865234375,10490.4853515625
16_1313_15,2023-11-01,14238.277182135362,44715.68977044272,90597.70795376405,89000.1328125,65437.2492042847,16678.772613453097,30753.44162476872,85441.77228821635,54814.9570044251,54813.69823625751,54814.9570044251,52073.013324444626,54814.9570044251,149320.783593494,50249.223204511814,282905.25,281055.8,255128.66,111668.66,44466.707,44310.98,-106097.18,-64605.992,161730.17,202657.6,74132.57,141891.42,154844.61,16063.5556640625,24259.24609375,25898.3828125
16_1313_15,2023-12-01,23584.50674189143,44715.68977044272,94158.37269193902,94882.2421875,35365.81609284858,233724.6027160418,242250.17177441373,88730.02086350702,54814.9570044251,54813.69823625751,54814.9570044251,52073.013324444626,54814.9570044251,149320.783593494,50249.223204511814,282811.47,282206.56,255095.42,98827.336,44501.33,22936.66,-100197.68,-59287.08,154472.69,180128.23,-45570.04,174895.4,118938.516,17702.693359375,14424.41796875,15080.072265625
16_1313_15,2024-01-01,21692.783125371298,44715.68977044272,97719.03743011398,99406.140625,44680.36315483937,21664.6132119599,53880.72180713527,92018.26943879768,54814.9570044251,54813.69823625751,54814.9570044251,52073.013324444626,54814.9570044251,149320.783593494,50249.223204511814,280240.4,281487.5,255087.08,-7131.7227,39550.223,37201.96,-42537.3,-19186.57,87727.92,123867.34,84892.11,162109.88,99679.86,18030.521484375,15407.8994140625,17374.865234375
16_1403_1,2023-10-01,883.8233436498523,-69105.25786096446,624.8849784546163,141680.140625,76234.00300587452,115098.38821829716,255953.61497533054,672.8706134226646,270083.6610966108,317459.0298320898,270083.6610966108,301586.0783404853,270083.6610966108,141055.21839384316,672.9267452785213,-626.8906,2621.6328,-16268.5625,355397.12,-43327.906,-35590.31,-267758.97,-171245.2,104589.86,129584.19,173193.47,3458.7188,-16617.25,0.004170877393335104,0.004170877393335104,0.004170877393335104
16_1403_1,2023-11-01,883.8233436498523,-70656.01008398621,624.8849784546163,24416.80078125,132655.45209150473,84075.27660015755,254296.5169244208,672.8706134226646,270083.6610966108,317459.0298320898,270083.6610966108,301586.0783404853,270083.6610966108,141055.21839384316,672.9267452785213,-1631.0156,-901.27344,-20581.438,248770.38,-86731.125,-91322.64,-236009.36,-216668.2,42075.66,135478.44,172389.14,1853.2188,-21176.656,0.004170877393335104,0.004170877393335104,0.004170877393335104
16_1403_1,2023-12-01,109621.96696624714,-14337.499207794317,624.8849784546163,105110.4453125,174758.57137446455,188968.9745036502,378190.079342084,672.8706134226646,270083.6610966108,317459.0298320898,270083.6610966108,301586.0783404853,270083.6610966108,141055.21839384316,672.9267452785213,-912.58594,-1539.2266,-19440.016,185620.25,-112083.08,-96248.83,-255591.73,-221043.61,-20739.4,11396.378,173711.2,-92.0,-25096.969,0.004170877393335104,0.004170877393335104,0.004170877393335104
16_1403_1,2024-01-01,883.8233436498523,81296.05506442697,624.8849784546163,38340.8359375,206176.98905219522,443880.04538802995,666896.7034748532,672.8706134226646,270083.6610966108,317459.0298320898,270083.6610966108,301586.0783404853,270083.6610966108,141055.21839384316,672.9267452785213,187.82031,699.46875,-19286.297,40517.33,-122492.016,-128044.02,-264432.06,-216665.84,-51129.68,-17736.893,173503.56,793.0625,-28328.406,0.004170877393335104,0.004170877393335104,4377.76123046875
16_1403_15,2023-10-01,930354.8894320606,1073253.7493503166,1071100.4913557102,1063361.875,1002773.5434311731,1282799.4890836112,1125007.9657894517,1110195.353098272,1010294.5614796111,813370.6468559369,1010294.5614796111,772702.1145131399,1010294.5614796111,1045440.9696740604,1071207.0485113335,1077722.4,1079201.0,1090998.0,993339.1,1112703.4,1109597.2,1016180.1,1039181.44,1152451.9,1175137.1,1032009.5,1074803.6,1023185.2,1057234.0,1057234.0,1006648.6875
16_1403_15,2023-11-01,1055490.068983592,1073253.7493503166,1071100.4913557102,1107748.125,945254.0885873418,1688406.8220377374,1539611.735866688,1147807.380563432,1010294.5614796111,813370.6468559369,1010294.5614796111,772702.1145131399,1010294.5614796111,1045440.9696740604,1071207.0485113335,986340.44,1025842.4,1117862.4,943197.5,1156459.6,1160300.8,1097385.9,1102001.5,1217684.1,1230997.9,893894.56,1073925.2,1016681.56,1117936.5,1006648.6875,1001590.1875
16_1403_15,2023-12-01,4940183.17715954,1073253.7493503166,1071100.4913557102,1107356.25,898312.0054537156,1866668.1516184702,1701694.0343998887,1185419.4080285917,1010294.5614796111,813370.6468559369,1010294.5614796111,772702.1145131399,1010294.5614796111,1045440.9696740604,1071207.0485113335,616333.06,473752.1,1126723.2,1087855.8,1196307.8,1196674.5,1140142.6,1160758.6,1231885.9,1237505.2,343280.72,1072862.2,1009293.06,1082526.75,1031941.375,1026882.8125
16_1403_15,2024-01-01,1611300.7654001391,1073253.7493503166,1071100.4913557102,1144252.75,860002.1992341141,1922190.6357658247,1786342.4956347023,1223031.4354937517,1010294.5614796111,813370.6468559369,1010294.5614796111,772702.1145131399,1010294.5614796111,1045440.9696740604,1071207.0485113335,632099.7,578739.6,1128258.6,859358.2,1228746.8,1227934.5,1181757.5,1195183.5,1261602.5,1280720.0,421684.88,1073346.6,1006714.2,1052175.5,971238.875,1052175.5
16_1404_15,2023-10-01,1244845.8487048876,1059848.5972640987,1320883.176610272,865772.625,756056.9154225186,985443.4821407743,1247129.7297275797,784228.5432579377,796505.2843221895,774596.2260336637,796505.2843221895,735866.4147319805,796505.2843221895,736930.1816325816,734875.0643706317,782311.56,797378.5,879110.2,378565.88,768868.2,760825.0,636105.25,656008.5,842232.3,871187.06,1051773.0,808384.8,711981.25,647375.9375,486826.71875,637017.9375
16_1404_15,2023-11-01,596264.2708833199,709814.342806426,1374938.2299828979,526498.6875,732156.1472509638,668974.5907509103,1014675.6480609654,813873.5248069554,796505.2843221895,774596.2260336637,796505.2843221895,735866.4147319805,796505.2843221895,736930.1816325816,734875.0643706317,808021.75,795715.2,896521.9,983703.75,808823.7,811139.1,681292.56,741571.94,881399.9,894811.1,872713.1,804852.5,712083.0,528258.75,398783.5625,709524.0
16_1404_15,2023-12-01,739858.1414268469,709814.342806426,1428993.2833555238,613054.6875,719763.1024708063,2890382.0413514078,3144499.6460064803,843518.5063559731,796505.2843221895,774596.2260336637,796505.2843221895,735866.4147319805,796505.2843221895,736930.1816325816,734875.0643706317,807607.0,717858.7,894546.94,786734.44,827271.1,820103.0,717147.1,761967.2,879079.8,911568.94,1838180.0,800583.4,706944.0,548974.8125,331456.46875,642196.9375
16_1404_15,2024-01-01,875663.0377831523,709814.342806426,1483048.3367281498,467675.6875,713337.0513154388,2478438.7315750783,2554115.349886031,873163.4879049908,796505.2843221895,774596.2260336637,796505.2843221895,735866.4147319805,796505.2843221895,736930.1816325816,734875.0643706317,768818.8,754156.25,884114.44,282988.53,833785.6,839717.06,746592.1,763262.0,932464.56,976631.6,3143795.2,802529.8,698464.1,409141.59375,295203.4375,637017.9375
16_1404_53,2023-10-01,386197.5341722234,174234.4500037514,207497.00215287486,164468.359375,299552.2988712728,793866.6397518804,1255707.396077415,200493.9585285981,349414.92557745916,483990.24240763526,349414.92557745916,459790.73028725345,349414.92557745916,264952.2734379364,200494.09807902016,200556.06,197087.53,152196.62,112858.66,184289.28,181267.88,124368.02,142002.52,224794.97,244918.25,199395.5,204819.94,182103.69,203304.15625,203304.15625,203304.15625
16_1404_53,2023-11-01,397812.2136770747,151580.13659252963,207497.00215287486,193827.875,370134.0037766214,1057453.1228492092,1520464.1636462803,200493.9585285981,349414.92557745916,483990.24240763526,349414.92557745916,459790.73028725345,349414.92557745916,264952.2734379364,200494.09807902016,191227.47,191300.0,140027.38,354075.12,179008.62,177651.84,117109.78,137058.8,218070.72,231333.47,198198.1,202246.0,185187.19,207290.515625,211276.875,203304.15625
16_1404_53,2023-12-01,341767.20421311754,131871.3825475687,207497.00215287486,153660.546875,420314.20123807376,1357964.8115995727,1746199.0319489385,200493.9585285981,349414.92557745916,483990.24240763526,349414.92557745916,459790.73028725345,349414.92557745916,264952.2734379364,200494.09807902016,189724.1,196105.19,143609.88,642319.75,177370.84,182458.33,138885.17,146641.03,225357.53,253111.55,200166.25,199129.97,183370.98,219249.578125,231208.640625,207290.515625
16_1404_53,2024-01-01,224469.55069067632,114725.20031931577,207497.00215287486,162037.890625,455989.90814607637,171222.23419960082,396172.854056211,200493.9585285981,349414.92557745916,483990.24240763526,349414.92557745916,459790.73028725345,349414.92557745916,264952.2734379364,200494.09807902016,197396.16,202777.88,144765.31,291210.3,174658.5,172078.5,98785.97,122461.664,214186.17,236254.0,199857.12,200546.97,182919.16,235195.0,247154.0625,203304.15625
16_1405_15,2023-10-01,396013.0982033785,387120.91827591456,415541.6119826503,433314.3125,345141.7332236159,379430.49172283034,292305.85907830705,459560.1108392164,394714.43819630274,214446.24854374537,322581.53933735803,203723.9361165581,394714.43819630274,424264.01066230005,414592.5282238878,388020.1,387342.03,137539.55,421749.4,340300.2,361830.22,-102950.86,-16409.26,726206.1,804472.8,231721.25,389063.94,407266.25,393654.4375,394836.59375,429118.8125
16_1405_15,2023-11-01,444839.168067982,387120.91827591456,415541.6119826503,436404.3125,311796.77561789413,403548.1789502591,335546.1281515842,482459.83979200316,394714.43819630274,214446.24854374537,322581.53933735803,203723.9361165581,394714.43819630274,424264.01066230005,414592.5282238878,387524.16,386693.5,137502.97,241682.5,307491.97,304145.88,-217861.38,-66968.305,504759.62,677005.06,338950.75,387964.06,411191.47,418479.46875,397200.875,413750.90625
16_1405_15,2023-12-01,450090.858963464,387120.91827591456,415541.6119826503,458255.15625,285310.16811605316,329736.1645890247,299973.0456977665,505359.56874479,394714.43819630274,214446.24854374537,322581.53933735803,203723.9361165581,394714.43819630274,424264.01066230005,414592.5282238878,388249.7,391573.34,137485.03,288141.78,284319.53,264557.9,-18906.414,81272.89,463241.75,534046.06,342382.0,386625.94,412208.44,431483.09375,398383.03125,394836.59375
16_1405_15,2024-01-01,431161.9343918868,387120.91827591456,415541.6119826503,465994.125,264271.29365558014,451548.1615920167,522904.42481058877,528259.2976975767,394714.43819630274,214446.24854374537,322581.53933735803,203723.9361165581,394714.43819630274,424264.01066230005,414592.5282238878,387543.06,389033.5,137481.16,234210.39,270750.8,268569.88,113005.27,139636.08,422010.72,463012.3,369095.88,387231.75,418696.28,436211.6875,373557.96875,400747.3125
16_1405_53,2023-10-01,100269.44364921177,8426.38655168369,52412.147770705444,22610.40625,88556.4683735175,277302.3054353935,757269.3287051208,37390.930834941355,140368.29114620044,332642.9622599374,140368.29114620044,316010.81414694054,140368.29114620044,75962.25024387996,47920.605997497754,50252.938,53467.188,-61773.062,31202.875,49381.625,45941.6,-83692.65,-27088.734,121931.5,195535.73,47798.812,51651.406,51724.023,107507.4453125,43674.90234375,43674.90234375
16_1405_53,2023-11-01,152905.93399233822,7475.660124841452,52412.147770705444,55769.20703125,124610.44614729707,325376.86551302415,838625.4314811501,26966.843577218177,140368.29114620044,332642.9622599374,140368.29114620044,316010.81414694054,140368.29114620044,75962.25024387996,47920.605997497754,47952.438,45965.656,-83968.75,241466.94,37440.75,52503.062,-52914.7,-44705.38,129884.266,164146.58,46681.375,49263.906,53552.875,164620.78125,40315.296875,50394.12109375
16_1405_53,2023-12-01,94287.67690933133,6632.201591912245,52412.147770705444,27779.267578125,156216.68901792335,406620.3329659153,872003.8611801374,16542.756319494998,140368.29114620044,332642.9622599374,140368.29114620044,316010.81414694054,140368.29114620044,75962.25024387996,47920.605997497754,46417.938,58373.875,-77381.81,400605.75,30440.125,24112.727,-117394.02,-76278.65,107957.42,130874.69,48518.062,46360.72,54259.023,194857.25,107507.4453125,104147.8359375
16_1405_53,2024-01-01,138023.89535134906,5883.908206259739,52412.147770705444,46562.93359375,183923.88389847014,86294.57287586907,282800.90674919577,6118.669061771821,140368.29114620044,332642.9622599374,140368.29114620044,316010.81414694054,140368.29114620044,75962.25024387996,47920.605997497754,48260.844,63248.125,-75963.94,199321.53,24736.5,28096.922,-89973.48,-57832.93,111197.086,137805.36,48229.625,47672.03,48451.21,137743.921875,144463.140625,147822.734375
16_1407_1,2023-10-01,316365.5998338748,300883.700478864,316365.59763680253,293275.6875,283950.299768043,149400.60490142647,104735.06355646846,321935.58110637404,208426.16457445791,131117.1740559489,208426.16457445791,124561.31535315145,208426.16457445791,262729.40536389867,316343.61168560537,316740.44,316712.6,342300.53,160339.19,378728.3,346682.97,147003.06,211279.34,490139.06,553175.4,275719.3,317329.97,294634.75,327264.84375,247546.46875,312579.875
16_1407_1,2023-11-01,316365.5998338748,286159.43472170504,316365.59763680253,297119.0,257254.93574888486,126668.1677242808,100838.17749204679,327469.7858044004,208426.16457445791,131117.1740559489,208426.16457445791,124561.31535315145,208426.16457445791,262729.40536389867,316343.61168560537,316901.03,317307.38,340479.5,125071.34,403427.53,378302.22,147843.77,207036.48,542647.56,599796.1,159947.38,316783.97,307301.7,308384.15625,244050.046875,312579.875
16_1407_1,2023-12-01,279360.1052479739,272155.7264481931,316365.59763680253,287171.59375,235270.1798259699,91105.75491657501,108811.49137622362,333003.99050242675,208426.16457445791,131117.1740559489,208426.16457445791,124561.31535315145,208426.16457445791,262729.40536389867,316343.61168560537,316286.34,317857.25,341103.6,178691.05,402071.8,400089.6,105888.37,208167.12,583892.75,639981.1,239855.0,316120.25,301653.0,293699.1875,234959.359375,311880.59375
16_1407_1,2024-01-01,279360.1052479739,258837.31392807935,316365.59763680253,288166.6875,217164.80794779363,117370.95613676829,209039.7712272536,338538.19520045305,208426.16457445791,131117.1740559489,208426.16457445791,124561.31535315145,208426.16457445791,262729.40536389867,316343.61168560537,315390.6,316647.88,341302.28,126628.055,390544.9,389527.03,179753.03,249982.02,574573.6,689318.9,143533.56,316421.1,294971.25,299293.46875,239854.34375,312579.875
16_1407_2,2023-10-01,8817.553948295119,-11266.924599758386,50784.36927718675,11620.52734375,34397.428199498354,30698.51637361893,42482.25502776523,51720.41948277908,57257.99277333119,58328.85454545082,57257.99277333119,55412.411818178276,57257.99277333119,44978.5457813423,43972.006150538335,8967.23,8928.262,15867.581,75197.36,22345.047,22764.797,4893.638,6130.7656,37756.105,40896.227,9935.406,9298.504,11389.254,8917.1201171875,8917.1201171875,8917.1201171875
16_1407_2,2023-11-01,81536.52466147559,51182.048676351544,50784.36927718675,34341.86328125,44294.55432938817,62506.052436001046,41309.09779458193,51930.50250863442,57257.99277333119,58328.85454545082,57257.99277333119,55412.411818178276,57257.99277333119,44978.5457813423,43972.006150538335,8642.4375,8352.189,13071.326,33032.613,21155.223,22586.502,-6227.5537,3992.207,40881.094,51023.758,7044.8047,9026.352,11754.637,8917.1201171875,8917.1201171875,0.0007079769857227802
16_1407_2,2023-12-01,33056.61144723344,51182.048676351544,50784.36927718675,20336.052734375,48123.857971345686,21699.070503073337,16995.490704205564,52140.58553448977,57257.99277333119,58328.85454545082,57257.99277333119,55412.411818178276,57257.99277333119,44978.5457813423,43972.006150538335,8366.842,8013.9062,12001.149,50586.93,21308.418,22895.258,-3019.9827,2541.802,40231.785,49467.582,3532.2656,8694.816,9960.414,8917.1201171875,8917.1201171875,8917.1201171875
16_1407_2,2024-01-01,8817.553948295119,51182.048676351544,50784.36927718675,23330.796875,49605.456385861624,42813.95123870193,79034.20787227673,52350.66856034512,57257.99277333119,58328.85454545082,57257.99277333119,55412.411818178276,57257.99277333119,44978.5457813423,43972.006150538335,8277.945,8039.6523,11208.047,49473.14,21343.594,20569.953,904.12616,4065.9812,41166.938,52383.504,571.7539,8844.629,7376.2227,8917.1201171875,8917.1201171875,8917.1201171875
16_1407_53,2023-10-01,6294213.127145673,5770643.011640948,4486610.049554755,5785553.0,5331636.201677438,4924603.2599864425,3235133.2801975342,5673052.802405335,3682432.722403814,1866756.5416096025,3682432.722403814,1773418.7145291222,3682432.722403814,4610590.801824094,5490328.506740464,5513338.0,5504361.0,5687986.0,4109037.5,5691490.0,5781515.5,1044236.2,1910966.8,8869229.0,11251600.0,4327224.5,5516752.5,6355008.0,5224111.0,5544328.0,5489434.0
16_1407_53,2023-11-01,7179224.192704947,6040963.842914018,4610443.473739123,6578362.0,5169641.743220056,4932567.2464376865,2467159.2467518635,5869079.969493775,3682432.722403814,1866756.5416096025,3682432.722403814,1773418.7145291222,3682432.722403814,4610590.801824094,5490328.506740464,5502573.0,5494001.0,5403017.0,2581780.5,5780158.0,5776296.0,1670382.4,2170511.8,8928548.0,13125389.0,4072222.5,5507436.0,6650681.0,5397943.5,5178365.5,5443688.5
16_1407_53,2023-12-01,8085763.504592148,6311284.674187088,4734276.897923491,6986637.0,5014073.362406035,4305037.346751634,1936917.9874107765,6065107.136582214,3682432.722403814,1866756.5416096025,3682432.722403814,1773418.7145291222,3682432.722403814,4610590.801824094,5490328.506740464,5497133.0,5494079.0,5307460.0,3087107.2,5716064.0,5806349.0,2183407.8,3069042.2,8587802.0,10072319.0,4488249.5,5496185.5,6345705.0,5370496.0,4336652.5,5306453.0
16_1407_53,2024-01-01,572054.8839544125,6581605.505460158,4858110.322107859,7845399.0,4864676.146355812,5357797.440883117,3548816.893772787,6261134.303670654,3682432.722403814,1866756.5416096025,3682432.722403814,1773418.7145291222,3682432.722403814,4610590.801824094,5490328.506740464,5483602.0,5483747.0,5270855.0,2438831.0,5604660.0,5769882.0,2643225.5,3511979.0,8230375.0,9419991.0,2138333.2,5501326.0,5930499.0,5141769.5,3357703.75,5178365.5
16_1408_2,2023-10-01,831064.5745938709,794995.0516262196,794990.3959423688,793406.5,754019.6275680015,995986.0213791195,656039.5855912266,830551.6275031725,716722.7026390664,422461.01588882046,716722.7026390664,401337.96509437944,716722.7026390664,790019.9265572941,794552.0969591482,797712.75,797789.0,843799.0,873152.9,789907.75,813057.2,419252.5,516720.3,1043370.7,1123957.5,775721.5,797852.9,792833.5,716612.9375,798448.375,745365.875
16_1408_2,2023-11-01,365593.5710561705,794995.0516262196,794990.3959423688,793406.5,716447.714083927,932567.3307074596,639922.2935588071,866190.9059177465,716722.7026390664,422461.01588882046,716722.7026390664,401337.96509437944,716722.7026390664,790019.9265572941,794552.0969591482,793409.5,793653.5,842638.6,535903.1,804936.75,748606.9,426817.84,519201.56,1056951.8,1104301.0,659133.75,796232.9,789383.4,639201.0625,687859.9375,734307.0625
16_1408_2,2023-12-01,703.1025989157523,794995.0516262196,794990.3959423688,793406.5,681996.6079562855,922541.9387496423,655776.0752079368,901830.1843323205,716722.7026390664,422461.01588882046,716722.7026390664,401337.96509437944,716722.7026390664,790019.9265572941,794552.0969591482,793896.0,797146.9,845285.4,620251.4,818742.1,805606.5,466272.94,589605.75,1097856.8,1196313.4,1071498.0,794273.9,774264.7,533036.125,519765.53125,687859.9375
16_1408_2,2024-01-01,23770.622135722067,794995.0516262196,794990.3959423688,793406.5,650407.0879303466,968884.037455739,803516.89304022,937469.4627468945,716722.7026390664,422461.01588882046,716722.7026390664,401337.96509437944,716722.7026390664,790019.9265572941,794552.0969591482,790004.1,791926.1,846205.5,406907.3,825567.5,810086.9,440961.72,541571.06,1040266.25,1126315.1,690147.94,795167.56,772587.06,468894.875,409177.125,588330.375
16_1411_15,2023-10-01,54009.428538195956,46835.44434798012,46198.28149851933,47770.08203125,45318.51717841367,32040.51292837072,22444.03555952313,47917.23599091894,36949.510217025716,22005.10440236692,35759.287697995256,20904.849182248574,36949.510217025716,42422.61496466186,46236.178697600764,46950.66,47006.332,49428.41,38471.938,48674.95,47512.43,26784.146,33106.395,59493.152,63014.56,50903.688,46973.516,51439.758,44091.0078125,48335.0625,42794.21484375
16_1411_15,2023-11-01,4697.840254903844,46835.44434798012,46198.28149851933,52488.12890625,43897.38571876194,35959.487312043835,25602.15436423586,49902.7869048589,36949.510217025716,22005.10440236692,35759.287697995256,20904.849182248574,36949.510217025716,42422.61496466186,46236.178697600764,46825.668,46966.156,50321.207,30309.352,51004.242,50633.52,30904.924,38077.836,65076.043,68072.2,53387.85,46895.26,52549.766,46213.0390625,46802.48828125,40907.96484375
16_1411_15,2023-12-01,14886.534181902955,46835.44434798012,46198.28149851933,54331.08984375,42566.00035885104,46706.10805818435,33917.57185055699,51888.33781879886,36949.510217025716,22005.10440236692,35759.287697995256,20904.849182248574,36949.510217025716,42422.61496466186,46236.178697600764,46783.41,47056.582,51132.926,31594.855,52676.21,54961.29,35788.18,38339.215,68785.85,74603.98,73135.05,46800.562,50663.867,45741.47265625,44680.4609375,35720.7890625
16_1411_15,2024-01-01,1407.1043060142613,46835.44434798012,46198.28149851933,59028.92578125,41318.69352840519,52501.63239490119,43851.460022863685,53873.888732738815,36949.510217025716,22005.10440236692,35759.287697995256,20904.849182248574,36949.510217025716,42422.61496466186,46236.178697600764,46717.64,46838.37,51449.85,22759.527,53681.566,52469.82,33482.293,39945.035,64752.58,72171.75,59114.094,46843.727,48387.12,44916.23828125,43501.55859375,32655.638671875
16_1507_2,2023-10-01,503485.2975046543,399559.180876171,399548.78722514305,381539.09375,361148.4178704603,275394.94503063196,120571.18751165117,405766.0408203624,245394.2425162897,154283.61169996607,245394.2425162897,146569.43111496777,245394.2425162897,310231.0042357821,398508.7564407531,399579.94,399803.75,298327.25,220063.1,133315.19,109839.55,-75853.29,-40046.117,294298.12,387453.53,421066.7,400490.12,447180.38,388467.53125,194701.796875,295796.96875
16_1507_2,2023-11-01,288906.83593248465,399559.180876171,399548.78722514305,389538.40625,329222.9158000811,241796.32387257885,125158.32223960379,412950.09228524624,245394.2425162897,154283.61169996607,245394.2425162897,146569.43111496777,245394.2425162897,310231.0042357821,398508.7564407531,399306.3,399586.38,298272.56,197447.19,133749.6,124832.36,-15718.32,35957.84,293229.22,412778.53,443433.5,399962.25,460182.12,385659.34375,97350.8984375,191893.609375
16_1507_2,2023-12-01,392832.952560968,399559.180876171,399548.78722514305,393210.125,302687.70528384496,205258.29993957,120499.40021107218,420134.1437501301,245394.2425162897,154283.61169996607,245394.2425162897,146569.43111496777,245394.2425162897,310231.0042357821,398508.7564407531,399268.8,399484.44,298242.06,229988.0,134821.11,112746.53,-24358.273,9308.246,280281.16,355248.8,648544.3,399324.72,433326.44,96414.8359375,97350.8984375,87990.2421875
16_1507_2,2024-01-01,448158.6754787198,399559.180876171,399548.78722514305,400555.0625,280632.6912205186,194709.95444435143,183430.1923555793,427318.1952150139,245394.2425162897,154283.61169996607,245394.2425162897,146569.43111496777,245394.2425162897,310231.0042357821,398508.7564407531,399139.06,399306.0,298235.25,169245.52,134951.23,129441.375,-65824.18,29906.586,263776.25,335695.22,656685.25,399615.97,397736.56,91734.5078125,97350.8984375,87990.2421875
16_1508_2,2023-10-01,11483.409710168782,11750.24287625912,9537.723425956445,10815.12890625,11750.24287625912,27057.178275282196,36924.20098924742,12159.563115051376,12238.46822635679,12345.395277678623,12238.46822635679,11728.125513794692,12238.46822635679,11585.49682064175,11488.755285029569,11552.616,11531.615,11481.354,13889.48,11497.225,11495.32,11238.904,11330.693,11602.619,11655.365,11649.68,11578.259,11430.126,10976.6806640625,11441.794921875,10790.6357421875
16_1508_2,2023-11-01,11483.409710168782,11898.093314793134,8922.851753738685,10116.77734375,11898.093314793134,37400.135071018405,47955.72172691515,12631.378303993855,12238.46822635679,12345.395277678623,12238.46822635679,11728.125513794692,12238.46822635679,11585.49682064175,11488.755285029569,11552.125,11565.04,11480.048,7275.0923,11507.477,11508.973,11335.073,11376.891,11640.605,11714.24,11624.87,11524.5,11420.287,11348.7724609375,11441.794921875,11069.703125
16_1508_2,2023-12-01,11483.409710168782,11980.016235002007,8307.980081520926,9788.7548828125,11980.016235002007,4078.4270744243513,15786.143201812349,13103.193492936334,12238.46822635679,12345.395277678623,12238.46822635679,11728.125513794692,12238.46822635679,11585.49682064175,11488.755285029569,11507.265,11605.671,11477.323,15723.324,11523.159,11514.306,11302.629,11425.273,11620.464,11654.959,11665.648,11459.551,11292.57,11441.794921875,11441.794921875,11069.703125
16_1508_2,2024-01-01,11483.409710168782,12025.40916668415,7693.108409303166,9308.4951171875,12025.40916668415,4925.3900292152475,14188.933047615934,13575.008681878811,12238.46822635679,12345.395277678623,12238.46822635679,11728.125513794692,12238.46822635679,11585.49682064175,11488.755285029569,11917.248,11620.326,11475.623,13977.318,11547.101,11549.436,11373.2705,11414.471,11665.286,11709.883,11659.244,11489.185,11300.947,11441.794921875,930.2273559570312,10976.6806640625
16_1605_2,2023-10-01,12947.157831696717,9710.368373772537,19164.705852895564,16109.3271484375,24014.925357636945,12488.206227139432,-35429.27969217635,9732.576103625093,16484.920580856815,30471.986839095684,16484.920580856815,28948.3874971409,16484.920580856815,14259.686970226227,15875.218889333753,9895.03,9692.122,9090.5,23681.473,7615.687,6695.0137,-24056.133,-15872.898,28322.135,36130.164,9459.537,8689.211,5429.419,5796.77685546875,5520.73974609375,5796.77685546875
16_1605_2,2023-11-01,0.0,9710.368373772537,19164.705852895564,10315.6328125,31149.348257335034,25847.851072714933,-29858.27186441511,8220.702657829115,16484.920580856815,30471.986839095684,16484.920580856815,28948.3874971409,16484.920580856815,14259.686970226227,15875.218889333753,9630.609,9629.093,9047.864,12472.17,7747.4355,4150.1846,-14959.359,-11391.029,28107.4,33271.875,9396.237,3347.9766,5473.374,5796.77685546875,5520.73974609375,5796.77685546875
16_1605_2,2023-12-01,0.0,9710.368373772537,19164.705852895564,10640.02734375,34707.654199221375,27831.553433901478,-31413.852662214274,6708.829212033137,16484.920580856815,30471.986839095684,16484.920580856815,28948.3874971409,16484.920580856815,14259.686970226227,15875.218889333753,9613.607,9675.387,9017.241,18156.617,7537.646,8007.6914,-14667.802,-6718.2017,26430.516,42449.68,9500.283,5364.624,5719.4014,5796.77685546875,13525.8115234375,5796.77685546875
16_1605_2,2024-01-01,0.0,9710.368373772537,19164.705852895564,9194.6728515625,36482.3655324393,30893.535830850607,-15100.308402579116,5196.955766237152,16484.920580856815,30471.986839095684,16484.920580856815,28948.3874971409,16484.920580856815,14259.686970226227,15875.218889333753,9619.701,9643.401,9007.7,5041.958,7156.3467,6116.977,-14539.108,-7301.9575,21677.957,23852.35,9483.941,4852.129,5868.9727,5796.77685546875,6348.8505859375,5796.77685546875
16_1608_2,2023-10-01,1088.8200093183837,61776.90975838195,61694.99555838209,24984.966796875,53234.92384313661,-49165.2316248054,-47038.7258118481,26247.43038847293,27933.759086452243,80276.00717665355,26576.299597882236,76262.20681782087,27933.759086452243,18038.345858147528,14712.882257795642,890.7656,981.2012,2913.3555,30356.89,9180.24,13759.731,-116675.05,-72013.59,81501.11,109923.25,821.8047,1199.7539,9262.613,14040.2060546875,10869.837890625,0.0008630134398117661
16_1608_2,2023-11-01,1088.8200093183837,61776.90975838195,61694.99555838209,26614.35546875,61584.8619152244,-17654.724476045256,-53937.53979341346,24422.853858598668,27933.759086452243,80276.00717665355,26576.299597882236,76262.20681782087,27933.759086452243,18038.345858147528,14712.882257795642,854.30273,2981.7734,931.75,15752.26,7765.5625,14774.097,-106728.0,-67217.15,100737.54,144603.36,628.09766,910.14844,9633.672,0.0008630134398117661,10416.927734375,11775.6572265625
16_1608_2,2023-12-01,0.0,61776.90975838195,61694.99555838209,25055.197265625,62911.72202219045,-19829.231662915958,-61061.821563892925,22598.277328724413,27933.759086452243,80276.00717665355,26576.299597882236,76262.20681782087,27933.759086452243,18038.345858147528,14712.882257795642,1023.41797,1036.7285,378.39648,49371.598,8602.484,16609.336,-122639.98,-59791.543,101936.61,132994.08,946.4922,559.8164,9819.594,0.0008630134398117661,14040.2060546875,0.0008630134398117661
16_1608_2,2024-01-01,0.0,61776.90975838195,61694.99555838209,24021.216796875,63122.56882467671,76089.3314636588,72170.09879566569,20773.70079885015,27933.759086452243,80276.00717665355,26576.299597882236,76262.20681782087,27933.759086452243,18038.345858147528,14712.882257795642,1996.1074,2325.4707,-149.7793,3527.2246,9030.936,9243.361,-112761.82,-75342.516,73907.08,121466.766,896.4844,719.47266,7639.6406,0.0008630134398117661,17210.576171875,452.9107360839844
16_1609_1,2023-10-01,12288.111533736044,22515.352131413092,12288.111590892362,24272.28125,22515.352131413092,18382.804681062094,51116.52824927724,12364.913868673744,33296.64388957072,45273.7006482626,33296.64388957072,43010.01561584947,33296.64388957072,19381.44350875009,12351.244438837366,12225.7705,12564.107,11355.949,20770.338,13645.537,13690.247,11847.735,12301.701,15337.833,15834.793,11242.348,12701.965,15939.16,21411.158203125,12143.6416015625,12143.6416015625
16_1609_1,2023-11-01,28977.357622066214,29110.978683901143,12288.111590892362,11290.4970703125,29110.978683901143,32391.437590644997,65305.01644600977,12364.913868673744,33296.64388957072,45273.7006482626,33296.64388957072,43010.01561584947,33296.64388957072,19381.44350875009,12351.244438837366,11991.219,12220.379,11110.91,28579.79,12689.051,12632.057,10966.744,11474.454,13609.969,14073.764,11129.016,12467.621,15964.227,24606.8515625,12143.6416015625,12143.6416015625
16_1609_1,2023-12-01,60269.918814730976,33364.54925402798,12288.111590892362,17209.171875,33364.54925402798,25743.42382308323,62828.3044988991,12364.913868673744,33296.64388957072,45273.7006482626,33296.64388957072,43010.01561584947,33296.64388957072,19381.44350875009,12351.244438837366,12047.256,15189.116,11187.367,35042.727,12166.8955,12095.323,10256.099,10834.285,13363.47,13614.394,11315.301,12183.109,16292.742,24606.8515625,12143.6416015625,12143.6416015625
16_1609_1,2024-01-01,79045.99499523948,36107.70980914218,12288.111590892362,11691.0595703125,36107.70980914218,90913.58690138673,121635.12450441191,12364.913868673744,33296.64388957072,45273.7006482626,33296.64388957072,43010.01561584947,33296.64388957072,19381.44350875009,12351.244438837366,12503.516,12885.092,11212.443,8219.873,11564.825,11530.713,9777.648,10601.526,12590.8545,12844.407,11286.043,12312.199,16631.168,12143.6416015625,12143.6416015625,12143.6416015625
16_1610_2,2023-10-01,27.87235366545821,27.87235366545821,27.87415547825645,9165.611328125,12263.924012586198,46998.7619721538,148151.5861660889,45.89049246494659,86837.7210723303,71104.06126702267,76004.78823816968,67548.85820367154,86837.7210723303,46828.87379349137,45.91154974237728,669.9736,895.2247,-166.18958,128592.38,7143.2935,5848.083,-22679.191,-17705.055,24206.76,33544.67,112241.984,1073.7969,-6619.3125,458.0999755859375,0.0008729014080017805,0.0008729014080017805
16_1610_2,2023-11-01,27.87235366545821,27.87235366545821,27.87415547825645,13287.8857421875,21652.2068253861,16966.062046058956,143324.01097218393,45.89049246494659,86837.7210723303,71104.06126702267,76004.78823816968,67548.85820367154,86837.7210723303,46828.87379349137,45.91154974237728,1604.9105,820.6771,-217.06006,86179.336,9621.119,9806.768,-12902.968,-4745.175,32848.766,45733.203,111952.375,481.25,-4732.875,916.1990966796875,0.0008729014080017805,0.0008729014080017805
16_1610_2,2023-12-01,27.87235366545821,27.87235366545821,27.87415547825645,8999.193359375,28855.49891911107,13182.665319593376,146551.49879976574,45.89049246494659,86837.7210723303,71104.06126702267,76004.78823816968,67548.85820367154,86837.7210723303,46828.87379349137,45.91154974237728,2188.3157,2065.4407,-204.14258,59033.066,10988.244,9736.014,-8442.253,-3077.2957,25773.906,29882.45,112428.414,-236.71875,-5937.1875,916.1990966796875,0.0008729014080017805,0.0008729014080017805
16_1610_2,2024-01-01,27.87235366545821,27.87235366545821,27.87415547825645,10737.576171875,34382.32613790531,90919.97078637542,217166.32796541852,45.89049246494659,86837.7210723303,71104.06126702267,76004.78823816968,67548.85820367154,86837.7210723303,46828.87379349137,45.91154974237728,3460.8086,3820.1272,-202.61035,5583.9453,11650.799,11509.859,-9515.027,-4374.4336,23525.463,30510.34,112353.65,89.90625,-3789.1719,1374.2982177734375,0.0008729014080017805,0.0008729014080017805
16_1611_15,2023-10-01,345907.5973947122,319581.83824762155,506803.29194552975,808148.4375,492699.8628885916,923873.0153222494,735187.2181492853,536458.756254639,631806.0796197981,432798.08647648024,631806.0796197981,411158.1821526562,631806.0796197981,795608.2481177251,784800.1396609482,1054987.1,1048509.44,1042909.3,653682.4,1039910.4,1088515.5,142412.08,295588.47,1943753.9,3004270.5,988201.4,1051254.2,1192598.5,377219.0625,719293.4375,32801.66015625
16_1611_15,2023-11-01,404538.4419922777,319581.83824762155,506803.29194552975,951934.9375,363933.9888777077,1037669.4232873251,724846.319698937,556020.5875818476,631806.0796197981,432798.08647648024,631806.0796197981,411158.1821526562,631806.0796197981,795608.2481177251,784800.1396609482,1051291.2,1029613.7,985312.25,466157.28,1111669.6,1017726.7,256237.67,423665.53,1756771.6,1932555.0,860448.1,1049845.2,1312135.1,374876.0625,550599.25,11714.880859375
16_1611_15,2023-12-01,784787.4764273827,319581.83824762155,506803.29194552975,974076.0,334116.3957285597,555129.1815448564,261114.42705816415,575582.4189090561,631806.0796197981,432798.08647648024,631806.0796197981,411158.1821526562,631806.0796197981,795608.2481177251,784800.1396609482,1045728.56,965538.25,960745.3,561308.3,1185008.8,1107213.2,365043.62,468977.16,1494029.1,1604184.8,999009.1,1048144.56,1304848.5,374876.0625,536541.375,14057.8564453125
16_1611_15,2024-01-01,1127066.2731964889,319581.83824762155,506803.29194552975,1062098.375,327211.7024778233,840182.2214380138,697725.3681544801,595144.2502362647,631806.0796197981,432798.08647648024,631806.0796197981,411158.1821526562,631806.0796197981,795608.2481177251,784800.1396609482,1048684.0,970539.75,950135.6,506336.62,1253380.2,1252571.2,779569.4,932329.7,1495676.0,1599221.0,714074.56,1048921.8,1239235.5,25772.732421875,32801.66015625,14057.8564453125
16_1611_53,2023-10-01,14139.375282032122,325318.67574573716,-199128.26784958504,45815.84375,354383.4503223953,719941.4819323344,932274.7230226947,389898.25150107703,230637.92202356603,456912.403139576,230637.92202356603,434066.7829825972,230637.92202356603,90606.92340885795,171436.4368831905,14702.125,18108.375,-122148.375,106829.16,40534.5,41057.562,-83567.17,-34188.004,115117.164,170995.28,388116.7,17015.25,31718.062,27340.30078125,23434.54296875,597580.6875
16_1611_53,2023-11-01,13652.058646977983,532745.1035387304,-410078.89003734314,66678.375,471487.0794621764,839710.0003836497,911066.9402716084,378286.0522969473,230637.92202356603,456912.403139576,230637.92202356603,434066.7829825972,230637.92202356603,90606.92340885795,171436.4368831905,11285.9375,12791.0,-138612.81,179239.78,64772.062,62949.438,-27257.86,9902.878,143804.8,162029.1,387112.53,14977.25,30958.656,27340.30078125,23434.54296875,7811.51953125
16_1611_53,2023-12-01,288640.6999103887,532745.1035387304,-621029.5122251014,49057.8125,511706.1333001509,805223.6432203072,845038.6339331954,366673.85309281765,230637.92202356603,456912.403139576,230637.92202356603,434066.7829825972,230637.92202356603,90606.92340885795,171436.4368831905,10495.6875,21543.562,-134916.62,353043.94,84446.75,88030.734,-16961.09,20111.986,160604.31,182072.56,388763.06,12514.8125,26278.969,31246.056640625,23434.54296875,7811.51953125
16_1611_53,2024-01-01,14383.93270774195,532745.1035387304,-831980.1344128595,49987.3828125,525519.3029132896,317237.64075086,300843.93352321937,355061.653888688,230637.92202356603,456912.403139576,230637.92202356603,434066.7829825972,230637.92202356603,90606.92340885795,171436.4368831905,20522.562,29909.125,-133642.38,267162.56,92198.53,95485.17,-3654.1165,24269.432,153383.08,193570.66,388503.84,13637.9375,23501.375,35151.8125,82020.8828125,148418.734375
16_1701_15,2023-10-01,283108.4872618866,348393.35849637294,372515.1489520635,361254.09375,486799.91401208704,526102.9453839252,-197269.96973468055,379370.53179363784,419348.5644085043,727121.2138724998,419348.5644085043,690765.1531788748,419348.5644085043,376236.8060571549,369356.13069474703,382429.38,382168.03,361155.12,420494.53,366927.88,368004.38,326584.28,339396.66,397675.28,412958.47,382758.06,384711.62,365979.0,311977.375,462188.6875,485298.125
16_1701_15,2023-11-01,555119.2822240071,363649.33020265977,372515.1489520635,332371.90625,557386.8326877824,427276.86579331715,-220696.98951119615,360763.4658729013,419348.5644085043,727121.2138724998,419348.5644085043,690765.1531788748,419348.5644085043,376236.8060571549,369356.13069474703,380377.44,380632.8,360774.03,469526.53,374695.72,374343.0,340110.4,353506.62,403341.75,410036.66,382315.94,383717.12,368841.62,496852.8125,410192.46875,560403.8125
16_1701_15,2023-12-01,666967.4410507599,356915.3832397739,372515.1489520635,324382.78125,605367.7383681479,439280.0784569267,-220316.71118290155,342156.39995216485,419348.5644085043,727121.2138724998,419348.5644085043,690765.1531788748,419348.5644085043,376236.8060571549,369356.13069474703,381284.3,388403.7,361701.53,464487.22,379127.47,379155.8,356320.03,364055.78,393866.06,396059.75,383042.7,382514.7,373304.7,514184.9375,358196.21875,652841.5
16_1701_15,2024-01-01,465732.6440188826,359887.7302375252,372515.1489520635,308375.4375,637982.3835899518,1013862.1690247614,444216.48219523823,323549.33403142844,419348.5644085043,727121.2138724998,419348.5644085043,690765.1531788748,419348.5644085043,376236.8060571549,369356.13069474703,379983.34,383920.06,362045.3,349064.2,381153.25,378443.5,355536.7,363281.3,395780.9,403853.72,382928.53,383062.53,375245.0,467966.0625,340864.15625,699060.375
16_1702_15,2023-10-01,65.6348973412403,9142.132002270293,9322.082171770118,10929.037109375,14526.474773637106,27798.67325690164,-26688.73374234207,9961.914479253384,9918.086188156896,28163.44125326278,9918.086188156896,26755.26919059964,9918.086188156896,9251.418425419848,8993.660391002277,9311.3,9619.057,8813.781,13329.514,7826.667,8928.201,-18379.441,-5057.5293,19454.836,26568.252,9183.287,9188.632,6212.34,9328.873046875,4664.4365234375,8112.0634765625
16_1702_15,2023-11-01,3012.0124122350003,9142.132002270293,9322.082171770118,7532.91162109375,18983.042652615946,28013.400383077613,-23615.79742024161,9961.914479253384,9918.086188156896,28163.44125326278,9918.086188156896,26755.26919059964,9918.086188156896,9251.418425419848,8993.660391002277,9157.198,9210.492,8779.16,7590.5117,7991.052,9377.729,-5795.1606,-3544.1494,22488.266,29886.627,9365.129,9162.216,6308.742,8923.26953125,13790.5068359375,5272.84130859375
16_1702_15,2023-12-01,2880.7426175525193,9142.132002270293,9322.082171770118,8567.0673828125,22671.700322325232,19397.68358737902,-33437.199032918674,9961.914479253384,9918.086188156896,28163.44125326278,9918.086188156896,26755.26919059964,9918.086188156896,9251.418425419848,8993.660391002277,9169.437,9183.819,8710.1045,8000.514,7982.1055,7723.123,-8924.06,-3557.8962,20315.693,26711.22,9118.361,9130.52,6457.38,14196.1103515625,4867.23828125,7909.26220703125
16_1702_15,2024-01-01,4211.422728032459,9142.132002270293,9322.082171770118,7255.58349609375,25724.766218277167,53636.541946060606,11936.560840618818,9961.914479253384,9918.086188156896,28163.44125326278,9918.086188156896,26755.26919059964,9918.086188156896,9251.418425419848,8993.660391002277,9185.544,9052.53,8665.051,7411.9434,7902.5537,8863.674,-4208.1055,-1469.7775,16805.658,19817.018,9581.245,9145.115,6610.0557,9328.873046875,4258.83349609375,15007.3173828125
16_1703_15,2023-10-01,2375414.1482732138,2246505.4630450085,1829545.5657897058,1823773.375,1835763.6804399686,1598605.004119654,-355822.94240277086,1738723.465602636,1872214.8199090827,2955542.242646369,1872214.8199090827,2807765.1305140504,1872214.8199090827,1844851.6348547586,1829618.3424237303,1829979.6,1828984.0,1820922.2,1832126.5,1835398.1,1827786.8,1766549.1,1787776.2,1888772.9,1897246.5,1829271.0,1830035.4,1838143.4,1791814.625,1939375.875,3583629.25
16_1703_15,2023-11-01,2458945.7939922265,2331367.79257516,1829545.5657897058,1778190.25,1841837.4464028291,1521506.7336274409,-499256.5062384291,1684411.6179651169,1872214.8199090827,2955542.242646369,1872214.8199090827,2807765.1305140504,1872214.8199090827,1844851.6348547586,1829618.3424237303,1830392.2,1828739.2,1817652.1,1864695.4,1835483.6,1833813.5,1780858.5,1791616.8,1888783.5,1896486.8,1829146.9,1829758.0,1837793.9,1812894.75,1897215.625,7167258.5
16_1703_15,2023-12-01,765950.2608904467,2416230.1221053116,1829545.5657897058,1771471.0,1847769.5708984244,1524374.9329402451,-195025.4251100893,1633562.7017536531,1872214.8199090827,2955542.242646369,1872214.8199090827,2807765.1305140504,1872214.8199090827,1844851.6348547586,1829618.3424237303,1830982.9,1835049.5,1816848.0,1874760.1,1836146.5,1834986.6,1785044.5,1813718.9,1862228.6,1873992.0,1829350.9,1829420.8,1837606.4,1770734.5,1812894.75,8937993.0
16_1703_15,2024-01-01,94590.67636692035,2501092.451635463,1829545.5657897058,1734740.0,1853563.3570348048,2783678.573950786,2016409.250909401,1585761.3747220328,1872214.8199090827,2955542.242646369,1872214.8199090827,2807765.1305140504,1872214.8199090827,1844851.6348547586,1829618.3424237303,1828755.1,1829748.5,1816153.6,1852320.5,1835859.2,1836216.8,1817323.1,1820537.6,1852548.9,1865581.2,1829318.9,1829573.1,1836748.1,1833975.0,1855055.25,9992002.0
16_1704_15,2023-10-01,84005.47573132552,240673.23554564238,105171.70723088691,117741.265625,254917.76662863672,69304.59993107074,-43911.84265890532,86388.48787224124,163615.89344213533,163616.15943696236,163615.89344213533,155435.35146511425,163615.89344213533,118423.13261653288,163760.43438783826,117825.34,117795.88,112025.445,117049.33,111844.59,111055.18,85276.09,95859.59,125917.1,129841.49,117861.33,118026.984,114795.33,123512.65625,105868.0,97045.65625
16_1704_15,2023-11-01,146753.33669773402,240673.23554564238,103942.61232876369,112662.5,239021.03625637593,-55706.69895092404,-71903.17308161287,70477.22627518099,163615.89344213533,163616.15943696236,163615.89344213533,155435.35146511425,163615.89344213533,118423.13261653288,163760.43438783826,117680.58,117889.34,111036.086,120534.24,110531.7,112077.8,98353.77,99939.29,121030.64,122909.96,117724.72,117865.42,114959.58,118219.2578125,105868.0,102339.0625
16_1704_15,2023-12-01,129522.8274833843,240673.23554564238,102959.3364070651,107373.609375,240864.8713728831,64145.271654649565,-104673.67732831814,54565.96467812074,163615.89344213533,163616.15943696236,163615.89344213533,155435.35146511425,163615.89344213533,118423.13261653288,163760.43438783826,117504.19,117788.7,111326.87,105150.23,108617.69,108181.36,100219.41,101724.74,118425.99,121508.66,117949.27,117811.92,114953.016,121748.1875,109396.9296875,100574.59375
16_1704_15,2024-01-01,183340.74597865308,240673.23554564238,102172.71566970623,102221.8125,240651.00802757547,-54882.771002433874,-240287.9751507275,38654.70308106046,163615.89344213533,163616.15943696236,163615.89344213533,155435.35146511425,163615.89344213533,118423.13261653288,163760.43438783826,117403.85,117611.08,111424.695,131713.48,106623.12,106815.76,95740.66,99522.805,116139.0,121262.945,117914.0,117878.35,114562.38,135863.921875,132335.0,118219.2578125
16_1705_2,2023-10-01,174589.72603588196,177857.08517201987,183439.15700897085,137471.9375,225768.3997551709,-7030.754250823287,-553124.7061268185,129237.87099359072,191939.6412185958,325545.08853300044,191939.6412185958,309267.8341063504,191939.6412185958,183324.96591132577,178001.94630230145,178248.62,179133.11,177918.11,146546.4,178375.36,174326.5,135541.45,142351.34,211508.02,222093.33,177019.62,178517.45,178601.25,172719.71875,189327.375,182684.296875
16_1705_2,2023-11-01,328775.99008046574,177857.08517201987,183439.15700897085,168550.21875,265338.52873593254,172650.53113408032,-432657.0813000855,80961.51981708684,191939.6412185958,325545.08853300044,191939.6412185958,309267.8341063504,191939.6412185958,183324.96591132577,178001.94630230145,177980.45,177819.98,177901.8,184819.31,176471.86,180098.1,125605.23,143056.27,216278.31,232125.73,176190.66,178143.19,178961.44,192648.90625,182684.296875,186005.84375
16_1705_2,2023-12-01,494553.5568171491,177857.08517201987,183439.15700897085,135553.71875,298019.64218851057,359743.22097822116,-321871.03125199734,32685.168640582953,191939.6412185958,325545.08853300044,191939.6412185958,309267.8341063504,191939.6412185958,183324.96591132577,178001.94630230145,177666.72,178553.44,177835.53,227962.42,175602.11,176410.39,106634.836,126890.97,212608.53,222570.81,177553.25,177690.56,179098.72,166076.640625,219221.171875,332153.28125
16_1705_2,2024-01-01,171136.25150591342,177857.08517201987,183439.15700897085,151978.21875,325011.09265913063,83308.39337070525,-553589.4312472352,-15591.182535920932,191939.6412185958,325545.08853300044,191939.6412185958,309267.8341063504,191939.6412185958,183324.96591132577,178001.94630230145,177566.88,181519.83,177743.81,141199.25,175066.5,177717.06,129975.95,142095.48,215914.23,228501.5,177339.25,177896.89,177479.19,146147.453125,318867.125,707486.5
16_1706_15,2023-10-01,292994.1817312967,384917.2041199779,384913.4938428786,367498.0625,415506.1997839076,597990.0621780453,-261320.0646784859,440060.68933892524,409790.92258702894,789317.2791217557,409790.92258702894,749851.4151656679,409790.92258702894,386180.85545116523,380464.4237473951,384230.94,385239.47,365636.8,366387.03,375073.3,376771.12,350355.88,358349.9,393550.78,401079.88,385115.4,383030.22,381976.4,345725.71875,476863.09375,435137.5625
16_1706_15,2023-11-01,617110.0941005343,384917.2041199779,384913.4938428786,344459.25,441313.82655276626,534909.387432358,-313039.7214213165,438186.66399028484,409790.92258702894,789317.2791217557,409790.92258702894,749851.4151656679,409790.92258702894,386180.85545116523,380464.4237473951,384788.16,384765.25,362594.34,421682.8,379439.72,379937.28,353743.5,368187.47,397016.88,404202.2,384904.62,376475.88,381765.6,381490.4375,530510.1875,399372.8125
16_1706_15,2023-12-01,403977.3984862375,384917.2041199779,384913.4938428786,336752.25,463087.4606647906,651318.4161198463,-382113.1564379777,436381.06216849096,409790.92258702894,789317.2791217557,409790.92258702894,749851.4151656679,409790.92258702894,386180.85545116523,380464.4237473951,384391.9,386177.5,363624.97,408131.5,381264.6,381719.0,364379.12,368266.8,396304.75,399956.9,385251.06,380510.97,381380.2,464941.46875,578196.5,375529.65625
16_1706_15,2024-01-01,450895.56078703125,384917.2041199779,384913.4938428786,321620.21875,481457.65590553964,1038866.4215947217,335575.9247681486,434640.1918676713,409790.92258702894,789317.2791217557,409790.92258702894,749851.4151656679,409790.92258702894,386180.85545116523,380464.4237473951,383571.28,385359.28,363966.88,400268.38,381045.75,382593.6,358385.56,366441.38,390978.78,392972.88,385196.66,380100.7,380228.0,602039.625,709333.8125,572235.625
17_1000_15,2023-10-01,290179784.3065498,170208070.48783088,140994662.54674327,174131056.0,89749941.65713553,168252614.96493003,197255925.13990712,168969563.2924793,142010381.20142916,82426689.6337737,134413693.3065469,78305355.152085,142010381.20142916,178119821.62815154,142010522.41959935,204841710.0,205213390.0,191265730.0,107587170.0,122875440.0,108130530.0,-319460000.0,-167354380.0,390477800.0,566235900.0,179217090.0,205318940.0,148799680.0,2553141.25,0.8108288645744324,851047.625
17_1000_15,2023-11-01,225940501.5678563,180405040.51406032,140994662.54674327,201157088.0,64924670.710181676,214694854.75011766,238106752.66207728,178939874.88987595,142010381.20142916,82426689.6337737,134413693.3065469,78305355.152085,142010381.20142916,178119821.62815154,142010522.41959935,201708110.0,203545280.0,184594430.0,45281056.0,121161580.0,132152184.0,-146811550.0,-67929040.0,299924500.0,337345150.0,179104540.0,204634510.0,157982180.0,4680758.0,0.8108288645744324,1702094.375
17_1000_15,2023-12-01,141323796.80905366,190602010.54028982,140994662.54674327,216834336.0,59535614.71220537,122388261.43833518,175790987.39189216,188910186.48727265,142010381.20142916,82426689.6337737,134413693.3065469,78305355.152085,142010381.20142916,178119821.62815154,142010522.41959935,236922420.0,217742480.0,181087920.0,112887010.0,116862904.0,117587870.0,-79244400.0,-17831112.0,263268670.0,292194460.0,182944050.0,203803060.0,169894340.0,19574076.0,0.8108288645744324,0.8108288645744324
17_1000_15,2024-01-01,106238558.13874446,200798980.56651932,140994662.54674327,237005888.0,58365761.43602642,125378434.06392199,209755192.56719553,198880498.0846693,142010381.20142916,82426689.6337737,134413693.3065469,78305355.152085,142010381.20142916,178119821.62815154,142010522.41959935,204201440.0,206837220.0,178602380.0,98915930.0,109799464.0,103462380.0,-88250360.0,-57501080.0,210091310.0,254145680.0,208296960.0,204180220.0,181631460.0,5531805.0,0.8108288645744324,425524.21875
17_1000_17,2023-10-01,5942736.4536669655,38166981.92357569,39769479.42114116,36404232.0,38166981.92357569,28058977.807112772,1195704.1875647046,39717218.86708984,45443638.79468882,47241551.79348311,45443638.79468882,44879474.20380895,45443638.79468882,39331608.91571186,39559381.973393515,24520092.0,24102044.0,26402566.0,62714236.0,27870538.0,27580896.0,4667373.0,11990039.0,44829980.0,51980892.0,21704816.0,24986508.0,33600604.0,15008921.0,0.6499837636947632,26606722.0
17_1000_17,2023-11-01,4830773.399724424,43334162.66460672,39769479.42114116,38588320.0,43334162.66460672,31289368.963355742,-952741.357508108,39717218.86708983,45443638.79468882,47241551.79348311,45443638.79468882,44879474.20380895,45443638.79468882,39331608.91571186,39559381.973393515,24195206.0,25890068.0,27961120.0,52169970.0,27687072.0,29571360.0,-57582.688,13491412.0,43218388.0,44956850.0,14042674.0,24789808.0,34381624.0,17055592.0,0.6499837636947632,22513380.0
17_1000_17,2023-12-01,7721018.691660499,45307847.62659455,39769479.42114116,36135528.0,45307847.62659455,26836818.367184084,4090562.5723480172,39717218.86708982,45443638.79468882,47241551.79348311,45443638.79468882,44879474.20380895,45443638.79468882,39331608.91571186,39559381.973393515,23887000.0,25162488.0,28691188.0,61518704.0,28037260.0,25342342.0,3234140.0,10626991.0,45026656.0,47363840.0,16069920.0,24550878.0,34601940.0,15691144.0,0.6499837636947632,17396702.0
17_1000_17,2024-01-01,6676978.765384314,46061727.26123641,39769479.42114116,35159792.0,46061727.26123641,32422654.559303556,28263204.268480845,39717218.86708982,45443638.79468882,47241551.79348311,45443638.79468882,44879474.20380895,45443638.79468882,39331608.91571186,39559381.973393515,27902344.0,32409628.0,28911924.0,21278052.0,28636428.0,26296020.0,4477016.0,13662002.0,42826400.0,51462056.0,14278050.0,24659236.0,34051988.0,19443374.0,0.6499837636947632,20466710.0
17_1000_5,2023-10-01,14107031.663373815,134770840.51262268,134985542.7871929,253916496.0,163886423.42148748,323194145.45893466,254680412.15842572,256259891.3253229,170617756.7717519,156779357.75824636,155813151.48276985,148940389.87033403,170617756.7717519,136062805.69036847,127742919.65658031,15303319.0,54613864.0,277573.25,423166800.0,447294.94,542916.9,-205004.72,54280.754,1049260.2,1146997.0,9414560.0,3482144.0,-58756930.0,106710056.0,1.882727026939392,1.882727026939392
17_1000_5,2023-11-01,276514.42784954887,134770840.51262268,134985542.7871929,250578256.0,128467844.74469225,69851116.62194753,118503520.64360255,267463131.99211824,170617756.7717519,156779357.75824636,155813151.48276985,148940389.87033403,170617756.7717519,136062805.69036847,127742919.65658031,-5231439.5,15745491.0,275500.75,218646080.0,530969.06,504846.47,116355.54,247038.88,741331.56,877587.25,10358976.0,1664704.0,-49093376.0,1.882727026939392,1.882727026939392,1.882727026939392
17_1000_5,2023-12-01,276514.42784954887,134770840.51262268,134985542.7871929,257737424.0,136135324.8087091,63126545.945663154,135953532.17291442,278666372.6589136,170617756.7717519,156779357.75824636,155813151.48276985,148940389.87033403,170617756.7717519,136062805.69036847,127742919.65658031,-7303041.5,1988109.0,270885.7,180959600.0,582184.7,587833.56,305849.8,356310.97,768940.3,908410.94,-50997216.0,-529600.0,-36526720.0,1.882727026939392,1.882727026939392,1.882727026939392
17_1000_5,2024-01-01,14933343.552113634,134770840.51262268,134985542.7871929,267127728.0,134475454.40372834,346552353.58828855,334556789.06450915,289869613.325709,170617756.7717519,156779357.75824636,155813151.48276985,148940389.87033403,170617756.7717519,136062805.69036847,127742919.65658031,-3781955.8,-5916961.0,265696.12,19981376.0,624272.6,606391.0,338777.03,439710.53,789970.1,863611.56,-45640496.0,472720.0,-22582208.0,1.882727026939392,91889216.0,106710056.0
17_1101_16,2023-10-01,2728.7933346666346,2385.4720222448927,2718.9022455486825,3613.412109375,3723.8926065164383,5703.8975129052305,18404.045078340943,2795.078988904389,4983.0994203389855,8023.181327630136,4983.0994203389855,7622.02226124863,4983.0994203389855,3089.7140848721147,2718.8137301339857,2755.0645,2821.1978,1481.1821,604.0952,2871.6196,2757.6343,724.796,1442.6718,4765.652,5897.6123,2703.5508,2806.787,3054.2178,2691.6748046875,2691.6748046875,2691.6748046875
17_1101_16,2023-11-01,2719.802252839067,2092.931033640206,2718.9022455486825,2523.980224609375,4509.814092010367,7448.759107601938,21402.199191446365,2870.5815426292374,4983.0994203389855,8023.181327630136,4983.0994203389855,7622.02226124863,4983.0994203389855,3089.7140848721147,2718.8137301339857,2706.2568,2598.9424,1252.2065,6000.443,2970.059,2876.375,930.63043,1570.7257,3903.1543,5237.574,2681.1084,2757.003,3037.879,2691.6748046875,2691.6748046875,2691.6748046875
17_1101_16,2023-12-01,2710.8111710115,1836.265640815205,2718.9022455486825,3220.333251953125,5124.420120035515,10838.71014109647,24184.967640493116,2946.084096354086,4983.0994203389855,8023.181327630136,4983.0994203389855,7622.02226124863,4983.0994203389855,3089.7140848721147,2718.8137301339857,2686.3086,2927.045,1323.1499,8967.522,2939.2007,2931.6704,1706.988,1977.4926,4043.466,4355.8657,2717.996,2696.792,2896.3071,2691.6748046875,2691.6748046875,3162.717529296875
17_1101_16,2024-01-01,2716.2058201080404,1611.0762607279162,2718.9022455486825,2541.08056640625,5605.0540976744505,7173.011271904845,16865.561952467786,3021.586650078934,4983.0994203389855,8023.181327630136,4983.0994203389855,7622.02226124863,4983.0994203389855,3089.7140848721147,2718.8137301339857,2670.044,3016.4023,1335.7803,2850.4478,2786.4849,2911.9414,1791.995,1942.4589,4388.835,4775.9985,2712.2031,2724.212,2893.1802,2691.6748046875,2691.6748046875,2691.6748046875
17_1102_14,2023-10-01,224.77704568917912,210.39131476507166,210.39131476507166,-219.56866455078125,1491.0072408076303,231.5009629206579,274.8481747759124,-1254.20554323323,726.4885270892958,8399.44704565302,726.4885270892958,7979.474693370368,726.4885270892958,223.13643666624853,210.39131476507166,209.10478,197.83755,958.9068,-251.37627,385.20612,380.78558,-856.26636,-467.04462,2187.4128,2663.5781,203.72363,277.77173,210.34735,185.2910614013672,185.2910614013672,185.2910614013672
17_1102_14,2023-11-01,224.77704568917912,210.39131476507166,210.39131476507166,208.96351623535156,2643.284574470201,-25875.34472619705,-25828.102941580866,-2704.156432651548,726.4885270892958,8399.44704565302,726.4885270892958,7979.474693370368,726.4885270892958,223.13643666624853,210.39131476507166,244.53613,249.85565,899.3698,-1539.0903,625.93884,781.31836,-1202.4205,-573.2549,2101.6218,2788.0474,171.1211,239.66943,210.3665,185.2910614013672,185.2910614013672,185.2910614013672
17_1102_14,2023-12-01,224.77704568917912,210.39131476507166,210.39131476507166,-98.14596557617188,3680.0849348839583,-25878.937637362957,-25822.03676955053,-4154.107322069866,726.4885270892958,8399.44704565302,726.4885270892958,7979.474693370368,726.4885270892958,223.13643666624853,210.39131476507166,211.24828,199.21262,786.6977,-3924.0984,957.6741,1071.2251,-815.17084,-517.23376,2202.635,2826.759,224.70947,193.35156,210.36375,185.2910614013672,26311.302734375,185.2910614013672
17_1102_14,2024-01-01,224.77704568917912,210.39131476507166,210.39131476507166,118.99230194091797,4612.980997273122,-25873.018805082633,-25840.60688024332,-5604.0582114881845,726.4885270892958,8399.44704565302,726.4885270892958,7979.474693370368,726.4885270892958,223.13643666624853,210.39131476507166,174.39497,169.61261,723.72003,-272.84222,1360.2867,1498.6316,-135.93071,2.5517054,3024.5793,4108.1006,216.29248,214.28394,210.37271,185.2910614013672,26311.302734375,185.2910614013672
17_1104_14,2023-10-01,4315.719277232239,4315.719277232239,4315.719277232239,4142.35986328125,5851.491626625833,3054.482680098713,-962.2912235643616,951.7265403271372,5050.757018800918,14562.187894058314,5050.757018800918,13834.078499355397,5050.757018800918,4340.133667082817,4315.719334203083,4311.9155,4314.1025,5060.708,6213.4116,4472.98,4255.1987,2285.2446,2815.4138,5576.6157,6142.7334,4311.088,4401.815,4315.6753,4302.9970703125,4302.9970703125,4302.9970703125
17_1104_14,2023-11-01,4315.719277232239,4315.719277232239,4315.719277232239,3886.583984375,7236.757752260741,2715.7468244565225,-820.8855146428741,-1163.5082259061464,5050.757018800918,14562.187894058314,5050.757018800918,13834.078499355397,5050.757018800918,4340.133667082817,4315.719334203083,4321.191,4337.35,5001.2817,781.66187,4720.879,4822.7627,2847.8057,3483.529,6429.3237,6813.445,4278.708,4353.0356,4315.6943,4302.9970703125,4302.9970703125,4302.9970703125
17_1104_14,2023-12-01,4315.719277232239,4315.719277232239,4315.719277232239,3798.7099609375,8486.267316350271,-21550.107085790518,-26071.15481033894,-3278.74299213943,5050.757018800918,14562.187894058314,5050.757018800918,13834.078499355397,5050.757018800918,4340.133667082817,4315.719334203083,4297.0786,4323.017,4888.9097,5156.3413,5072.057,5166.796,2728.145,3152.0095,6504.4263,6794.0957,4331.9307,4294.0645,4315.692,4302.9970703125,4302.9970703125,4302.9970703125
17_1104_14,2024-01-01,4315.719277232239,4315.719277232239,4315.719277232239,3623.721923828125,9613.32450908689,-21676.400775930048,-24450.976383522408,-5393.977758372714,5050.757018800918,14562.187894058314,5050.757018800918,13834.078499355397,5050.757018800918,4340.133667082817,4315.719334203083,4284.762,4278.8496,4825.8706,4681.42,5508.4453,5700.247,2822.3115,3907.7722,6571.888,7112.808,4323.5713,4320.937,4315.7007,4302.9970703125,4302.9970703125,4302.9970703125
17_1105_2,2023-10-01,16.183947289620896,12.156603529619485,418.46204317841926,3283.224609375,26661.842488580238,58774.97759184502,114317.47199237798,16.185599605110962,3908.521410017242,55020.88755712667,3908.521410017242,52269.843179270334,3908.521410017242,441.1084915748571,16.185602921298383,97.406006,28.367096,-62.297516,-72.73056,-28.532532,-25.393044,-235.60893,-151.57326,85.85131,130.18701,-233.61719,559.3633,-137.55371,0.0007561370730400085,396.8218688964844,0.0007561370730400085
17_1105_2,2023-11-01,16.183947289620896,9.131456419852112,418.46204317841926,3591.534912109375,42363.60761374813,-139003.3059570941,-99405.00773338162,16.185599605110962,3908.521410017242,55020.88755712667,3908.521410017242,52269.843179270334,3908.521410017242,441.1084915748571,16.185602921298383,-281.29684,341.87854,-77.6485,-3623.2532,-69.773224,-91.35626,-376.05487,-232.82431,78.9315,159.7453,-440.0586,252.22656,-102.652954,18253.771484375,396.8218688964844,0.0007561370730400085
17_1105_2,2023-12-01,16.183947289620896,6.859111275982227,418.46204317841926,3226.014404296875,51616.35051983497,-132886.80262375675,-102887.2364278576,16.185599605110962,3908.521410017242,55020.88755712667,3908.521410017242,52269.843179270334,3908.521410017242,441.1084915748571,16.185602921298383,4330.7793,5409.1797,-72.859436,-24124.555,-116.86606,-124.407104,-331.34573,-290.67517,68.33624,200.27568,-100.734375,-121.2168,0.1986084,30555.224609375,396.8218688964844,0.0007561370730400085
17_1105_2,2024-01-01,16.183947289620896,5.15223479510057,418.46204317841926,3031.236083984375,57068.81083901993,-42588.58770995858,-16957.48774035109,16.185599605110962,3908.521410017242,55020.88755712667,3908.521410017242,52269.843179270334,3908.521410017242,441.1084915748571,16.185602921298383,-1006.9169,303.10245,-71.42145,11079.9,-158.15952,-160.20547,-425.21326,-370.15585,65.12299,125.83908,-154.03125,47.498047,44.75586,396.8218688964844,2777.74853515625,0.0007561370730400085
17_1106_14,2023-10-01,4044.1886060397105,4819.701190357013,5360.570158671759,2926.21337890625,4820.02534711025,4069.7576945500214,1729.8935313396332,4352.525612272285,5475.556344231385,5145.772385088883,4031.2300138669357,4888.483765834439,5475.556344231385,4528.011318988153,4352.528717748078,4332.783,4616.0303,4372.1313,1781.9011,4288.0835,4225.921,2967.7834,3440.3203,4836.691,5203.904,4330.007,4426.7554,4235.049,4919.99951171875,3660.479736328125,4605.11962890625
17_1106_14,2023-11-01,2956.2677049040835,5399.010914425982,5360.570158671759,1933.15234375,5060.761167561246,30865.510948275987,28326.691862215157,4352.525612272285,5475.556344231385,5145.772385088883,4031.2300138669357,4888.483765834439,5475.556344231385,4528.011318988153,4352.528717748078,4451.7954,4665.962,4344.3477,4798.107,4236.549,4250.083,3389.1997,3614.8367,4971.561,5290.0903,4308.095,4381.6543,4212.7285,4919.99951171875,3896.639892578125,4841.27978515625
17_1106_14,2023-12-01,935.9716182497418,5399.010914425982,5360.570158671759,1662.9271240234375,5183.327084575019,28997.510129770162,27114.655087782627,4352.525612272285,5475.556344231385,5145.772385088883,4031.2300138669357,4888.483765834439,5475.556344231385,4528.011318988153,4352.528717748078,4181.7593,3216.408,4299.513,13344.162,4278.34,4288.95,2992.3801,3558.0974,4782.149,5047.769,4344.111,4327.1675,4227.6084,4880.6396484375,3660.479736328125,4762.5595703125
17_1106_14,2024-01-01,809.1973644810448,5399.010914425982,5360.570158671759,1305.7611083984375,5245.7291150883175,11874.965052669062,11405.758091770644,4352.525612272285,5475.556344231385,5145.772385088883,4031.2300138669357,4888.483765834439,5475.556344231385,4528.011318988153,4352.528717748078,4017.0527,3422.819,4270.663,1885.4912,4383.0005,4379.025,3525.898,3691.2751,5078.7437,5271.522,4338.454,4352.032,4380.6426,4880.6396484375,3384.959716796875,4762.5595703125
17_1109_16,2023-10-01,1294.7157831696716,0.0,1294.7157831696718,9430.6337890625,4450.53439751023,3347.2510152535056,6940.015703266463,8801.405687664279,5206.119551117799,5206.0364284733,5206.119551117799,4945.734607049634,5206.119551117799,2320.1627141690624,2291.121438154718,1282.748,1179.627,2212.3325,3287.5781,1469.2938,1519.842,-426.20038,109.21042,3926.0957,4239.7896,574.7993,1451.9224,-683.6826,1309.71484375,1309.71484375,1309.71484375
17_1109_16,2023-11-01,1294.7157831696716,0.0,1294.7157831696718,9125.1689453125,4468.033633016648,-1147.8210914356555,6649.962204088345,9228.82637422013,5206.119551117799,5206.0364284733,5206.119551117799,4945.734607049634,5206.119551117799,2320.1627141690624,2291.121438154718,1476.1926,2840.794,2138.707,6214.852,1378.0906,1171.6543,-818.9053,-377.2844,2707.8606,3794.076,534.90576,1362.894,101.99902,1309.71484375,1309.71484375,3896.401611328125
17_1109_16,2023-12-01,1294.7157831696716,0.0,1294.7157831696718,9661.923828125,4468.130667504599,-1366.6026858949012,7240.465310921445,9656.247060775982,5206.119551117799,5206.0364284733,5206.119551117799,4945.734607049634,5206.119551117799,2320.1627141690624,2291.121438154718,1088.5084,1225.4897,2000.4404,4149.4316,1282.8485,1366.1963,-806.2876,-137.7556,2988.9004,3668.8682,600.4785,1254.8452,-23.589844,1309.71484375,1309.71484375,3896.401611328125
17_1109_16,2024-01-01,1294.7157831696716,0.0,1294.7157831696718,10370.3359375,4468.131205567639,6606.488426090327,11170.676476967794,10083.667747331834,5206.119551117799,5206.0364284733,5206.119551117799,4945.734607049634,5206.119551117799,2320.1627141690624,2291.121438154718,1066.508,1896.8873,1923.7412,-242.73743,1241.1405,1205.092,-1072.2773,-507.20093,2709.8542,3681.7273,590.1797,1303.898,516.0283,1309.71484375,1309.71484375,3896.401611328125
17_1110_14,2023-10-01,327.2753785234448,327.2753785234448,327.2753785234448,280.0771179199219,1331.0759690682235,-402.117886630582,-4727.722600212961,-1849.7163007042568,359.9634221015079,1718.9980987758884,359.9634221015079,1633.0481938370938,359.9634221015079,327.45440169661356,327.49577690554065,327.27435,327.2732,327.36624,327.22272,356.12634,308.98462,-426.9799,-144.66315,891.83624,1161.4513,327.27405,327.27542,327.23145,329.6510314941406,329.6510314941406,347.96502685546875
17_1110_14,2023-11-01,327.2753785234448,327.2753785234448,327.2753785234448,255.88233947753906,1890.1488137499882,-417.95561763916544,-4784.301256278254,-2242.061655294524,359.9634221015079,1718.9980987758884,359.9634221015079,1633.0481938370938,359.9634221015079,327.45440169661356,327.49577690554065,327.27618,327.2739,327.35907,327.09906,394.75757,423.181,-96.70146,36.21577,791.4547,985.2261,327.27173,327.2754,327.25058,329.6510314941406,329.6510314941406,347.96502685546875
17_1110_14,2023-12-01,327.2753785234448,327.2753785234448,327.2753785234448,240.66873168945312,2201.5278352456103,529.3054147306966,-5220.801140591568,-2634.4070098847906,359.9634221015079,1718.9980987758884,359.9634221015079,1633.0481938370938,359.9634221015079,327.45440169661356,327.49577690554065,327.2756,327.27353,327.34543,327.24313,430.732,369.1029,-307.94025,12.532102,760.0411,1009.43945,327.27524,327.2754,327.24783,329.6510314941406,329.6510314941406,347.96502685546875
17_1110_14,2024-01-01,327.2753785234448,327.2753785234448,327.2753785234448,224.24334716796875,2374.9522752803623,192.16735077868998,-4079.1925710364667,-3026.752364475057,359.9634221015079,1718.9980987758884,359.9634221015079,1633.0481938370938,359.9634221015079,327.45440169661356,327.49577690554065,327.27545,327.26974,327.33792,327.0495,469.11908,432.98758,-64.265976,-9.354488,991.4231,1185.8875,327.27594,327.2754,327.25677,329.6510314941406,329.6510314941406,347.96502685546875
17_1110_2,2023-10-01,0.0,1.4739076774681354,2.6973804907236523,469.14630126953125,12058.579542652798,-182059.8074372463,-61874.16412605399,2.6973703309880563,1760.0127858817507,13714.219263717592,1760.0127858817507,13028.508300531712,1760.0127858817507,47.59374068705424,2.6973703642467166,185.25494,599.8535,4575.268,-13464.443,1224.3479,1379.9436,-14560.859,-8197.025,9099.542,14148.201,-35.214844,2.6973538,2.653365,0.00034544855589047074,173133.46875,0.00034544855589047074
17_1110_2,2023-11-01,0.0,0.8053920849431045,2.6973804907236523,535.5380249023438,17953.24628094027,-184352.5814982134,-59241.453850981474,2.6973703309880563,1760.0127858817507,13714.219263717592,1760.0127858817507,13028.508300531712,1760.0127858817507,47.59374068705424,2.6973703642467166,2015.9879,1598.2487,4212.9487,9684.937,2471.133,1329.1064,-10825.77,-6065.264,10683.013,13556.115,-8010.9863,2.6973372,2.6725178,0.00034544855589047074,0.00034544855589047074,0.00034544855589047074
17_1110_2,2023-12-01,0.0,0.4400929721753378,2.6973804907236523,413.7138977050781,20835.41577520527,-177490.3935955249,-56072.77622205559,2.6973703309880563,1760.0127858817507,13714.219263717592,1760.0127858817507,13028.508300531712,1760.0127858817507,47.59374068705424,2.6973703642467166,1636.9348,468.1289,3526.059,-16611.695,4192.8726,4283.707,-8020.2437,-3841.9607,13061.0205,16234.338,-7567.838,2.6973171,2.6697664,0.00034544855589047074,0.00034544855589047074,0.00034544855589047074
17_1110_2,2024-01-01,0.0,0.24048140996047282,2.6973804907236523,331.3250732421875,22244.638953118985,-169307.60570863483,-85304.02887073696,2.6973703309880563,1760.0127858817507,13714.219263717592,1760.0127858817507,13028.508300531712,1760.0127858817507,47.59374068705424,2.6973703642467166,558.87885,283.9016,3144.8484,-516.4135,6384.351,6796.9575,-2171.66,-395.7389,17154.377,20973.137,-16289.596,2.6973262,2.6787233,0.00034544855589047074,0.00034544855589047074,0.00034544855589047074
17_1111_2,2023-10-01,4434.4015573561255,4143.410186820671,6385.275352339544,4363.11669921875,5493.537075295083,13182.843414588693,21142.377868889125,13151.070440076935,8418.203527191772,5466.879200558936,8220.670218413128,5193.535240530989,8418.203527191772,5682.509371137985,8418.20914203703,4499.3213,4441.1533,4922.582,2860.2551,4529.908,4759.7607,1983.7845,3195.571,6396.401,7226.1187,3313.0479,4582.472,894.1865,6655.24755859375,234.33978271484375,4405.58642578125
17_1111_2,2023-11-01,674.3311370675374,0.0,6385.275352339544,926.3556518554688,5895.034836062459,-59.894532541789886,7875.518776495509,13788.649669811291,8418.203527191772,5466.879200558936,8220.670218413128,5193.535240530989,8418.203527191772,5682.509371137985,8418.20914203703,4393.2173,4332.0312,5250.815,2370.287,4705.449,4528.4033,2937.1335,3110.586,6958.0835,8036.268,2684.817,4498.643,1065.3135,4593.05859375,234.33978271484375,8811.1728515625
17_1111_2,2023-12-01,674.3311370675374,0.0,6385.275352339544,851.95556640625,6047.2348606777305,-3030.1166360082316,8045.482618938135,14426.228899545647,8418.203527191772,5466.879200558936,8220.670218413128,5193.535240530989,8418.203527191772,5682.509371137985,8418.20914203703,4400.506,4501.8,5351.885,2029.4396,4950.6035,5055.229,3348.3718,3606.0603,7060.497,7642.3325,2887.0054,4396.739,1704.0654,328.07568359375,46.8680305480957,4452.4541015625
17_1111_2,2024-01-01,674.3311370675374,0.0,6385.275352339544,546.2533569335938,6104.930942092019,3978.64887532959,14341.256036005045,15063.808129280002,8418.203527191772,5466.879200558936,8220.670218413128,5193.535240530989,8418.203527191772,5682.509371137985,8418.20914203703,4375.102,4325.419,5378.73,5053.6523,5250.3594,5253.4736,3348.5862,4056.2476,6717.3,7349.449,2393.6094,4442.9165,1711.9434,234.33978271484375,46.8680305480957,2202.793212890625
17_1113_14,2023-10-01,134.86622741350746,125.8751455859403,125.8751455859403,156.67083740234375,472.42872657733983,-288.983691841966,-4007.7481857081293,-263.7341582680624,150.56490655698926,1368.7279758341574,150.56490655698926,1300.2915770424495,150.56490655698926,125.99172535557798,125.8751455859403,125.6786,125.82943,125.85134,126.02374,140.58214,176.69952,-143.71112,-114.064445,389.07153,443.25626,125.86442,125.875175,125.831184,126.47029113769531,126.47029113769531,126.47029113769531
17_1113_14,2023-11-01,134.86622741350746,125.8751455859403,125.8751455859403,101.46035766601562,764.8394317214495,60.60945580071825,-3967.3284311241628,-649.4473690832755,150.56490655698926,1368.7279758341574,150.56490655698926,1300.2915770424495,150.56490655698926,125.99172535557798,125.8751455859403,124.099525,124.943985,125.837395,124.851456,160.30511,139.79303,-52.37651,-4.112482,416.2037,544.1465,125.68266,125.87516,125.85034,126.47029113769531,126.47029113769531,126.47029113769531
17_1113_14,2023-12-01,134.86622741350746,125.8751455859403,125.8751455859403,120.23187255859375,1011.5661290427431,481.8932684808949,-4135.255113227206,-1035.1605798984885,150.56490655698926,1368.7279758341574,150.56490655698926,1300.2915770424495,150.56490655698926,125.99172535557798,125.8751455859403,118.992386,118.2622,125.807594,126.88084,178.643,167.5446,-91.612434,-20.492186,377.6139,494.26202,117.28406,125.87514,125.84759,126.47029113769531,126.47029113769531,126.47029113769531
17_1113_14,2024-01-01,134.86622741350746,125.8751455859403,125.8751455859403,97.06029510498047,1219.7461378460205,447.56255093899824,-3193.5329823743036,-1420.8737907137017,150.56490655698926,1368.7279758341574,150.56490655698926,1300.2915770424495,150.56490655698926,125.99172535557798,125.8751455859403,118.99093,119.75956,125.792534,124.973175,197.62688,217.73096,-36.360424,13.045483,394.62466,428.7066,118.09832,125.875145,125.856544,126.47029113769531,140.5225372314453,126.47029113769531
17_1116_2,2023-10-01,718.3874380226164,3246.765277285241,3251.611180657028,793.1619873046875,3048.1656240437296,-307.5711657674774,-3522.8082925055087,1813.9078546252817,2350.109399748479,2374.4023840812993,2374.394233204359,2255.682264877234,2350.109399748479,903.9694185277611,2340.1697090590214,781.4229,742.2033,1083.3572,1928.6421,848.39014,774.76025,-392.22278,-21.15633,1457.4274,1841.2744,726.7749,749.1422,251.09143,714.0979614257812,714.0979614257812,714.0979614257812
17_1116_2,2023-11-01,718.3874380226164,3246.765277285241,3251.611180657028,729.4044189453125,3214.717499495414,-2606.217130355246,-2612.5089946350986,1667.8996979508681,2350.109399748479,2374.4023840812993,2374.394233204359,2255.682264877234,2350.109399748479,903.9694185277611,2340.1697090590214,789.9544,770.20624,1054.2695,2866.6882,862.77856,1028.8734,-248.6825,355.26236,1943.1658,2018.3217,710.90356,731.7246,380.74756,714.0979614257812,714.0979614257812,714.0979614257812
17_1116_2,2023-12-01,718.3874380226164,3246.765277285241,3251.611180657028,653.0675048828125,3226.624009472592,530.0376801510401,-3223.504084791368,1521.8915412764545,2350.109399748479,2374.4023840812993,2374.394233204359,2255.682264877234,2350.109399748479,903.9694185277611,2340.1697090590214,819.47797,784.66876,999.3096,-432.62207,855.1663,799.7359,-332.78302,40.33815,1372.9926,1574.1704,736.99146,710.5897,318.35828,714.0979614257812,714.0979614257812,714.0979614257812
17_1116_2,2024-01-01,0.0,3246.765277285241,3251.611180657028,578.8240966796875,3227.475185596861,192.84775563046605,-4499.981410097002,1375.883384602041,2350.109399748479,2374.4023840812993,2374.394233204359,2255.682264877234,2350.109399748479,903.9694185277611,2340.1697090590214,783.4138,620.1759,968.7947,-546.3302,846.7663,819.7872,-178.62224,142.25267,1454.4591,1805.5212,732.89404,720.18695,409.61987,714.0979614257812,714.0979614257812,761.7044677734375
17_1200_14,2023-10-01,14940226.225252638,15008536.868545761,15111092.016104834,28985252.0,13639702.287158975,17581932.743158758,10875510.633817442,16830145.355666883,13265906.495668113,7195906.891842863,13265906.495668113,6836111.547250719,13265906.495668113,15195994.106739603,15491707.405521922,15074318.0,15084902.0,15657668.0,15191227.0,15650369.0,13892128.0,6082568.0,8128981.5,23173132.0,26212870.0,13049134.0,15065514.0,13291866.0,15273239.0,14960832.0,13641780.0
17_1200_14,2023-11-01,11624098.562173823,15008536.868545761,15111092.016104834,29981146.0,12453244.436901662,17760554.56509959,11601916.877640676,17640696.084391825,13265906.495668113,7195906.891842863,13265906.495668113,6836111.547250719,13265906.495668113,15195994.106739603,15491707.405521922,15005647.0,15018081.0,14984704.0,9260504.0,15322071.0,15359732.0,5028403.5,8686573.0,22693422.0,25019402.0,6855439.0,15033232.0,12691530.0,14509576.0,13954187.0,11906184.0
17_1200_14,2023-12-01,7272521.05239688,15008536.868545761,15111092.016104834,38850604.0,11424864.346583476,16137605.577732967,11521963.51947069,18451246.813116767,13265906.495668113,7195906.891842863,13265906.495668113,6836111.547250719,13265906.495668113,15195994.106739603,15491707.405521922,14976084.0,15054544.0,14770392.0,12854008.0,15134307.0,16234892.0,5633175.5,6940904.5,23911670.0,25939574.0,18837792.0,14994114.0,12037673.0,13815339.0,13850051.0,10031741.0
17_1200_14,2024-01-01,9286132.269712426,15008536.868545761,15111092.016104834,47184368.0,10533500.519428989,18846113.88965435,15574555.626613094,19261797.541841708,13265906.495668113,7195906.891842863,13265906.495668113,6836111.547250719,13265906.495668113,15195994.106739603,15491707.405521922,14937251.0,14980684.0,14689872.0,8198765.0,14936272.0,15202108.0,7314534.5,10479777.0,23254628.0,27355390.0,9902597.0,15011914.0,11811393.0,13884763.0,13225236.0,9823469.0
17_1201_2,2023-10-01,0.0,568.777060365659,704.2147140894757,491.5493469238281,11262.219713020699,22442.511588089088,86536.81738790205,-876.7336149676489,9006.645007713842,23660.131078959006,9657.893538206627,22477.124525011055,9006.645007713842,2506.1990993963364,704.2017388855917,1034.5879,926.71484,-2551.9473,-2062.877,1562.4961,2028.5476,-9184.219,-6138.1533,9869.086,16488.47,609.0469,1015.5449,-194.53125,834.490234375,1668.97998046875,834.490234375
17_1201_2,2023-11-01,0.0,460.7031276083621,704.2147140894757,734.760498046875,18276.14278685496,-109173.98391551818,-38042.09272237717,-2271.0135217615098,9006.645007713842,23660.131078959006,9657.893538206627,22477.124525011055,9006.645007713842,2506.1990993963364,704.2017388855917,842.0625,700.26855,-3285.3867,8161.163,1133.1758,1209.2324,-9165.98,-6765.4697,6417.4795,7842.5386,501.0078,837.9922,-209.15625,834.490234375,1668.97998046875,834.490234375
17_1201_2,2023-12-01,0.0,373.1644374892261,704.2147140894757,538.0660400390625,22934.764123234607,-96273.70238350448,-20739.590263109858,-3665.29342855537,9006.645007713842,23660.131078959006,9657.893538206627,22477.124525011055,9006.645007713842,2506.1990993963364,704.2017388855917,1716.9707,1829.0498,-3077.0996,-4532.7363,-186.60156,319.95148,-9701.681,-5161.0957,6390.574,10019.567,678.58594,623.40625,-665.68945,8623.060546875,1668.97998046875,834.490234375
17_1201_2,2024-01-01,0.0,302.25906676506577,704.2147140894757,692.244384765625,26029.002900493902,-108736.58464096562,-45680.7128348345,-5059.573335349231,9006.645007713842,23660.131078959006,9657.893538206627,22477.124525011055,9006.645007713842,2506.1990993963364,704.2017388855917,498.8457,299.36133,-3018.3867,9761.574,-1944.9297,-1910.2878,-12610.208,-8258.574,6138.007,8630.741,650.6992,721.2383,-640.3457,12517.345703125,4450.6123046875,834.490234375
17_1202_2,2023-10-01,2099.417606736933,2599.921161804838,2601.0875735021273,2174.315185546875,2431.193482988489,2088.7674703865528,3152.6555477708275,3377.3435164260814,2562.065270174079,2630.1625809871657,3059.018280653162,2498.654451937807,2562.065270174079,2199.468124540487,2562.0634094179054,2115.6328,2241.5247,2160.5906,1461.6613,2032.4895,2015.7766,1700.3862,1780.7877,2335.049,2402.8855,2075.5144,2125.0154,2173.938,2096.710693359375,2096.710693359375,2096.710693359375
17_1202_2,2023-11-01,2099.417606736933,2599.921161804838,2601.0875735021273,2091.204345703125,2518.2272131655554,2135.3889222435887,3493.4711672595868,3455.1936771532414,2562.065270174079,2630.1625809871657,3059.018280653162,2498.654451937807,2562.065270174079,2199.468124540487,2562.0634094179054,2065.589,2168.6892,2139.9595,1587.2751,1982.0576,1958.8455,1241.1619,1672.6089,2179.3142,2243.5261,2068.6836,2110.5117,2140.4714,2096.710693359375,2096.710693359375,3.632048174040392e-05
17_1202_2,2023-12-01,2099.417606736933,2599.921161804838,2601.0875735021273,1996.0361328125,2541.0584999791604,2174.6291824672217,3473.512731919166,3533.043837880402,2562.065270174079,2630.1625809871657,3059.018280653162,2498.654451937807,2562.065270174079,2199.468124540487,2562.0634094179054,2073.8242,2126.1511,2104.6802,2182.2683,1943.15,1952.9504,1549.0258,1657.442,2396.5557,2570.0637,2079.9114,2092.9536,1987.196,2096.710693359375,2420.748046875,2096.710693359375
17_1202_2,2024-01-01,2099.417606736933,2599.921161804838,2601.0875735021273,1908.8701171875,2547.047760194764,2060.44270474766,3480.371304820015,3610.8939986075625,2562.065270174079,2630.1625809871657,3059.018280653162,2498.654451937807,2562.065270174079,2199.468124540487,2562.0634094179054,2078.3818,2120.6128,2085.4917,1532.9,1926.6997,1905.7395,1633.5397,1700.2523,2165.163,2188.651,2078.148,2100.9478,1906.7899,2096.710693359375,2096.710693359375,3.632048174040392e-05
17_1203_16,2023-10-01,3011.113304052243,9166.250223512972,7876.232875211733,2711.847412109375,6468.442660734501,3034.660680882219,3397.4817090338374,3057.2589641187665,4114.350653023452,9794.451108742573,4114.350653023452,9304.728553305444,4114.350653023452,3164.98205363819,3053.685158858414,3194.1272,2970.3843,3058.9766,-2850.1064,3064.4514,3065.752,3043.878,3047.8557,3077.5747,3081.1992,3620.9468,3174.5874,3052.6895,3049.681884765625,3049.681884765625,3337.3876953125
17_1203_16,2023-11-01,3122.602718714076,9093.591709448749,7876.232875211733,2387.617431640625,7720.855003882947,2976.2695446038115,3447.853421642578,3057.2589641187665,4114.350653023452,9794.451108742573,4114.350653023452,9304.728553305444,4114.350653023452,3164.98205363819,3053.685158858414,3555.9731,3330.418,3058.5828,9048.593,3065.569,3068.4863,3049.4622,3054.8,3081.9001,3083.788,3603.7168,3105.8945,3050.2717,3049.681884765625,3049.681884765625,3222.305419921875
17_1203_16,2023-12-01,3065.9589032004033,9093.591709448749,7876.232875211733,2142.080322265625,8180.153376390825,38019.37026306649,38469.389671128505,3057.2589641187665,4114.350653023452,9794.451108742573,4114.350653023452,9304.728553305444,4114.350653023452,3164.98205363819,3053.685158858414,3829.2583,4259.647,3055.1467,6991.078,3069.9138,3067.0078,3036.0244,3044.64,3080.1575,3082.5068,3770.6538,3022.8916,3045.697,3049.681884765625,3049.681884765625,3164.763916015625
17_1203_16,2024-01-01,3023.7008186108374,9093.591709448749,7876.232875211733,1913.83740234375,8348.592306382576,37131.205986217334,37402.295994437605,3057.2589641187665,4114.350653023452,9794.451108742573,4114.350653023452,9304.728553305444,4114.350653023452,3164.98205363819,3053.685158858414,3139.5212,3378.2664,3052.5247,-1165.5737,3075.441,3075.1797,3058.2578,3063.129,3089.8193,3093.4636,3117.5654,3060.7476,3041.8633,3049.681884765625,36883.8828125,3222.305419921875
17_1204_16,2023-10-01,2976.0480849247315,2340.378599715733,2340.4480915893923,2455.55322265625,3970.428606536989,5771.321464585905,-7086.913451510638,2351.288946397347,2436.898327175809,8265.971364975028,2436.898327175809,7852.672796726277,2436.898327175809,2460.6531086011328,2347.2392033409137,2349.5796,2352.6472,2386.0981,2304.4658,2342.7217,2512.7754,1220.7299,1705.2731,3413.524,3663.2595,1803.8063,2343.908,2062.8145,1257.3291015625,1371.6317138671875,2057.447509765625
17_1204_16,2023-11-01,1647.1661908103044,2340.378599715733,2340.4480915893923,2386.6455078125,5352.96563687513,6180.309203317654,-10275.729410133205,2351.288946397347,2436.898327175809,8265.971364975028,2436.898327175809,7852.672796726277,2436.898327175809,2460.6531086011328,2347.2392033409137,2338.818,2330.2888,2414.8184,2068.5837,2302.5537,2379.858,1157.711,1475.1921,3664.632,4219.5054,2075.832,2341.911,2084.4436,571.5133056640625,1771.69091796875,2400.35546875
17_1204_16,2023-12-01,1356.7542477798852,2340.378599715733,2340.4480915893923,2393.817138671875,6525.572999997457,5156.303821971649,-11899.815182994567,2351.288946397347,2436.898327175809,8265.971364975028,2436.898327175809,7852.672796726277,2436.898327175809,2460.6531086011328,2347.2392033409137,2339.5347,2181.53,2423.5999,2495.749,2299.7085,2229.8386,613.1568,1010.72174,3456.7244,3637.9238,3409.2083,2339.478,2093.4253,857.2698974609375,2514.658203125,1485.9344482421875
17_1204_16,2024-01-01,3068.6562277486732,2340.378599715733,2340.4480915893923,2341.47119140625,7520.127212923239,15697.718794735449,3563.1661259234124,2351.288946397347,2436.898327175809,8265.971364975028,2436.898327175809,7852.672796726277,2436.898327175809,2460.6531086011328,2347.2392033409137,2333.648,2220.1167,2425.813,2367.7021,2316.1318,2168.5557,736.42926,1051.9545,2976.1614,3260.626,2789.245,2340.577,2076.3013,628.6646118164062,1828.84228515625,2057.447509765625
17_1205_2,2023-10-01,5585.260031284723,59705.50370426443,57072.25365078287,54062.7265625,54123.78950853844,49189.28715090875,39950.054447801944,58536.70145871205,36754.04644549354,22804.331592746777,36754.04644549354,21664.115013109436,36754.04644549354,45489.73698943727,56938.66369232089,57098.234,57059.492,58635.586,34267.844,32031.875,27948.982,-52476.516,-23643.764,65228.016,79534.39,50179.867,57190.785,70305.41,59081.65625,54250.2109375,53836.0859375
17_1205_2,2023-11-01,4576.4606502316865,62337.41818349802,57072.25365078287,54809.46484375,51441.97586955905,50050.11629146479,39965.51324285624,60118.68010238781,36754.04644549354,22804.331592746777,36754.04644549354,21664.115013109436,36754.04644549354,45489.73698943727,56938.66369232089,57023.734,57020.85,62373.812,27155.455,32642.252,32382.77,-16059.56,-1831.5164,79959.55,94595.6,51009.047,57124.336,73290.516,59633.8203125,51213.3046875,48452.4765625
17_1205_2,2023-12-01,16898.738294912484,64969.332662731606,57072.25365078287,54879.3203125,49003.80206609554,39626.52286677962,30721.35123879007,61700.658746063564,36754.04644549354,22804.331592746777,36754.04644549354,21664.115013109436,36754.04644549354,45489.73698943727,56938.66369232089,57029.53,57025.266,65025.617,35436.977,32807.918,28133.723,248.17365,6930.127,55513.543,67223.67,34985.758,57044.13,68713.72,56320.828125,49004.640625,43344.94921875
17_1205_2,2024-01-01,30043.69992681568,67601.2471419652,57072.25365078287,55499.8984375,46787.133685604305,36548.378762975786,32900.809837457535,63282.63738973932,36754.04644549354,22804.331592746777,36754.04644549354,21664.115013109436,36754.04644549354,45489.73698943727,56938.66369232089,56995.75,57015.734,66833.14,28074.367,31978.71,33266.36,7551.221,13977.382,48435.34,56163.477,34465.87,57080.78,61326.65,55216.5,49004.640625,40860.2109375
17_1300_14,2023-10-01,7660049.266679583,12741226.778552918,15225592.759542152,17232582.0,15667930.481905617,32241413.292203248,27360974.984564003,16206110.859480336,17464033.00285656,16041182.056278143,17464033.00285656,15239122.953464236,17464033.00285656,19600996.436473683,21979004.152168162,25030888.0,24966428.0,25538048.0,20602230.0,20676484.0,21261410.0,-2077519.0,5116010.0,38826356.0,45872260.0,22778494.0,23886712.0,17267838.0,17748042.0,11489522.0,16066648.0
17_1300_14,2023-11-01,5326589.304430163,12741226.778552918,15225592.759542152,17933216.0,13442688.83144686,19410786.049890973,14158626.130466804,16526585.454894397,17464033.00285656,16041182.056278143,17464033.00285656,15239122.953464236,17464033.00285656,19600996.436473683,21979004.152168162,24957404.0,24868788.0,25613668.0,15926752.0,21566438.0,20621910.0,4171168.0,8950560.0,33934536.0,42410256.0,27387012.0,15589630.0,16271821.0,13451149.0,12236808.0,15039131.0
17_1300_14,2023-12-01,18013610.86293443,12741226.778552918,15225592.759542152,18435488.0,12909350.736945601,20220602.552855495,14477308.156736022,16847060.05030846,17464033.00285656,16041182.056278143,17464033.00285656,15239122.953464236,17464033.00285656,19600996.436473683,21979004.152168162,25031442.0,25139232.0,25847016.0,13608503.0,22114220.0,20916508.0,12430391.0,14481068.0,32592364.0,39687204.0,41124550.0,17760018.0,15389043.0,12143397.0,10555414.0,11769754.0
17_1300_14,2024-01-01,77483692.02936685,12741226.778552918,15225592.759542152,18914694.0,12781522.137751626,35022777.50485708,33209322.66265614,17167534.64572252,17464033.00285656,16041182.056278143,17464033.00285656,15239122.953464236,17464033.00285656,19600996.436473683,21979004.152168162,24906604.0,24778584.0,26182304.0,11298771.0,22775436.0,22988096.0,14862411.0,17229880.0,30491272.0,36670948.0,59541916.0,16899026.0,15063590.0,12143397.0,8780610.0,9994950.0
17_1404_14,2023-10-01,172885.91602955796,53838.59798347218,66575.10471569435,38304.91796875,63856.185493383244,36082.30621004272,-106986.6086842708,49700.534970420085,54775.80261737635,63458.88379503902,54775.80261737635,60285.939605287065,54775.80261737635,66619.48227069198,66586.79160518452,53887.43,53965.12,52201.42,30367.506,56019.336,57539.953,-21866.777,-9167.941,148531.8,203041.64,-20322.176,54189.066,50681.492,53947.41015625,50245.13671875,55005.19921875
17_1404_14,2023-11-01,181317.75256745046,53838.59798347218,66575.10471569435,46221.93359375,69161.60054723741,55227.75856885982,-101291.49952165698,42617.112787664206,54775.80261737635,63458.88379503902,54775.80261737635,60285.939605287065,54775.80261737635,66619.48227069198,66586.79160518452,53811.473,53773.773,48583.36,23975.07,59645.188,59339.984,-30148.062,-11179.934,165538.48,222655.03,-22767.68,53990.977,53361.305,52360.72265625,59765.265625,7404.54736328125
17_1404_14,2023-12-01,154350.80084202826,53838.59798347218,66575.10471569435,39982.578125,71971.40169604837,37990.26417831339,-121460.99131022283,35533.69060490832,54775.80261737635,63458.88379503902,54775.80261737635,60285.939605287065,54775.80261737635,66619.48227069198,66586.79160518452,53720.35,53760.97,46664.74,67857.92,59077.824,58134.594,-35160.984,-8889.676,121883.69,142535.66,22565.895,53748.32,52685.336,56062.99609375,74574.359375,7404.54736328125
17_1404_14,2024-01-01,57400.86460355429,53838.59798347218,66575.10471569435,38555.65625,73459.50063189394,61942.04081761439,-65567.76410285012,28450.26842215244,54775.80261737635,63458.88379503902,54775.80261737635,60285.939605287065,54775.80261737635,66619.48227069198,66586.79160518452,53701.2,53799.473,45720.113,61113.0,56408.695,48388.79,-13479.443,9834.749,105090.2,122815.72,16595.486,53857.17,51775.023,58178.578125,72458.7734375,7404.54736328125
17_1405_14,2023-10-01,36575.72087454322,133155.42940448518,80863.02376566018,167837.421875,133155.42940448518,289967.2352769091,586934.3541426746,58500.634190457175,271186.6939234769,340557.2697223188,271186.6939234769,323529.40623620286,271186.6939234769,151896.8870250423,57116.897345811354,34349.984,37138.83,6942.953,149843.78,54035.688,27439.523,-226838.4,-167326.44,237516.95,307154.8,29098.781,39070.25,94254.625,53656.25,29267.046875,36583.80859375
17_1405_14,2023-11-01,36575.72087454322,195217.58140846548,125129.79921536807,58459.47265625,195217.58140846548,345605.776744968,748703.7966837857,58500.634190457175,271186.6939234769,340557.2697223188,271186.6939234769,323529.40623620286,271186.6939234769,151896.8870250423,57116.897345811354,36134.594,38002.938,-4426.1406,195898.05,48444.75,39351.094,-185335.19,-103137.03,215066.5,293204.97,28358.188,37658.25,92417.28,109751.4140625,4877.84521484375,75606.53125
17_1405_14,2023-12-01,63764.75232110633,235098.74040130957,169396.57466507595,127395.890625,235098.74040130957,379663.0742299347,757504.6514705077,58500.634190457175,271186.6939234769,340557.2697223188,271186.6939234769,323529.40623620286,271186.6939234769,151896.8870250423,57116.897345811354,36833.906,31541.297,-2129.375,284840.38,55223.156,68212.62,-91492.125,-58681.16,161708.02,220462.78,29575.469,35941.28,89567.25,139018.453125,0.004647328518331051,97556.8125
17_1405_14,2024-01-01,36575.72087454322,260726.3860960722,213663.35011478383,65780.046875,260726.3860960722,541365.3778050288,804998.0493068233,58500.634190457175,271186.6939234769,340557.2697223188,271186.6939234769,323529.40623620286,271186.6939234769,151896.8870250423,57116.897345811354,32832.72,37197.766,-1610.6719,149828.06,60788.094,68050.16,-22940.666,-12656.001,115115.555,137968.28,29384.281,36718.78,87879.34,90240.0546875,9755.685546875,48778.40625
17_1407_14,2023-10-01,23913271.04356552,16563567.847436255,16456936.191936165,16433731.0,15883830.34154391,15789023.695446085,12142404.172253205,16597491.182557201,14430261.058784902,12024425.857924905,14430261.058784902,11423204.565028658,14430261.058784902,15526638.077169273,16486716.241317678,16574962.0,16578553.0,16458134.0,15161937.0,12110258.0,12319514.0,2143112.8,5075920.5,18665644.0,21648574.0,17249286.0,16591668.0,16788510.0,14696093.0,17016530.0,15701616.0
17_1407_14,2023-11-01,36159280.03842761,16563567.847436255,16456936.191936165,16776758.0,15280929.440073743,15486945.40394459,12504615.669702023,16909760.46222927,14430261.058784902,12024425.857924905,14430261.058784902,11423204.565028658,14430261.058784902,15526638.077169273,16486716.241317678,16558892.0,16551864.0,17074748.0,12901384.0,11988819.0,11774402.0,2554203.5,7286676.5,17112354.0,18567526.0,14814466.0,16575740.0,16737755.0,14618745.0,17016530.0,16784486.0
17_1407_14,2023-12-01,45056218.04639469,16563567.847436255,16456936.191936165,16926018.0,14746179.637624115,14940712.242849335,12458381.94092913,17222029.741901338,14430261.058784902,12024425.857924905,14430261.058784902,11423204.565028658,14430261.058784902,15526638.077169273,16486716.241317678,16561723.0,16591404.0,17573044.0,13614567.0,11828790.0,11656362.0,5254805.5,7104607.5,15639860.0,16319792.0,20685880.0,16556472.0,16375349.0,14154659.0,15237529.0,14618745.0
17_1407_14,2024-01-01,44600705.5650892,16563567.847436255,16456936.191936165,17239136.0,14271877.226527011,16908043.254881427,16166902.318770804,17534299.02157341,14430261.058784902,12024425.857924905,14430261.058784902,11423204.565028658,14430261.058784902,15526638.077169273,16486716.241317678,16545604.0,16562136.0,17915824.0,11405840.0,11618970.0,11465180.0,6827194.0,8066723.0,14875605.0,16332828.0,14849913.0,16565258.0,16157370.0,14077311.0,11756875.0,14386702.0
17_1408_14,2023-10-01,38445918.04295179,236924144.31814608,190320655.85167646,236984704.0,185488416.10894495,154552221.1364708,71588749.113288,194753418.1673067,109576576.56860965,55445798.43875799,109576576.56860965,52673508.51682009,109576576.56860965,145830975.72968647,189924553.54815027,190514820.0,190511570.0,197127470.0,94014190.0,100023680.0,89582080.0,-126532330.0,-51272410.0,220672180.0,285570370.0,237687650.0,190829220.0,233665090.0,184682256.0,190356048.0,186668080.0
17_1408_14,2023-11-01,62105510.20829342,283523717.15075177,190320655.85167646,265090480.0,180806508.02163398,156518700.37584478,60671284.71604688,199533758.5155269,109576576.56860965,55445798.43875799,109576576.56860965,52673508.51682009,109576576.56860965,145830975.72968647,189924553.54815027,190314110.0,190368690.0,212898640.0,78084140.0,98515540.0,90558460.0,-96643220.0,-36394670.0,207006320.0,305626750.0,308126600.0,190543120.0,247425730.0,186951776.0,193760336.0,188653920.0
17_1408_14,2023-12-01,91163978.17774248,330123289.9833574,190320655.85167646,310443904.0,176273927.56648344,160635513.24823603,62046234.885364175,204314098.86374712,109576576.56860965,55445798.43875799,109576576.56860965,52673508.51682009,109576576.56860965,145830975.72968647,189924553.54815027,190133490.0,190376130.0,224333460.0,101901240.0,94602510.0,103533420.0,-9850141.0,21543430.0,200948930.0,223706100.0,291706430.0,190197340.0,232845500.0,190639744.0,190639744.0,191774496.0
17_1408_14,2024-01-01,453413408.9562922,376722862.8159631,190320655.85167646,350044608.0,171885911.99691418,163257621.32677895,97005489.74642125,209094439.21196732,109576576.56860965,55445798.43875799,109576576.56860965,52673508.51682009,109576576.56860965,145830975.72968647,189924553.54815027,189992750.0,190178600.0,232107330.0,71609416.0,89018510.0,86131350.0,5588602.0,36059150.0,138375040.0,163002850.0,177504880.0,190355180.0,209073980.0,196880912.0,194611392.0,188937600.0
17_1409_14,2023-10-01,47580.80503148543,47580.80503148543,59824.70832356432,18926.15625,79316.5531509753,26117.261148659396,-173880.18266471295,-19873.250978921133,61614.78360874201,86084.83069486692,61614.78360874201,81780.58916012356,61614.78360874201,70170.94355471685,69334.02189210389,47846.656,47939.75,49435.586,45063.3,45780.406,41605.72,13608.297,22897.096,71590.34,84413.81,-63314.594,47957.78,40406.77,35629.85546875,50205.69921875,16195.3876953125
17_1409_14,2023-11-01,47580.80503148543,47580.80503148543,59824.70832356432,43685.4921875,95031.6186768388,39145.46025343667,-170897.86286755887,-32614.575896417366,61614.78360874201,86084.83069486692,61614.78360874201,81780.58916012356,61614.78360874201,70170.94355471685,69334.02189210389,47482.617,47588.727,50361.492,31219.71,45696.492,46197.23,17810.602,25438.945,69042.3,80482.35,-63703.14,47744.723,41503.133,48586.1640625,55064.31640625,24293.08203125
17_1409_14,2023-12-01,79085.55575528077,47580.80503148543,59824.70832356432,29899.728515625,102813.4829502862,21077.03385829617,-165811.0172016503,-45355.9008139136,61614.78360874201,86084.83069486692,61614.78360874201,81780.58916012356,61614.78360874201,70170.94355471685,69334.02189210389,47418.234,47420.53,51747.203,72486.38,46361.94,48207.43,14174.559,28102.174,70201.58,78629.445,-63064.492,47483.656,40356.13,46156.85546875,59922.93359375,42917.77734375
17_1409_14,2024-01-01,51896.52430871767,47580.80503148543,59824.70832356432,29388.779296875,106666.94518820642,80301.48722844532,-123961.34530354035,-58097.22573140981,61614.78360874201,86084.83069486692,61614.78360874201,81780.58916012356,61614.78360874201,70170.94355471685,69334.02189210389,47279.68,47451.91,52539.297,69899.914,47177.082,45800.254,14863.965,23809.746,62454.65,78215.5,-63164.805,47600.71,38924.555,36439.62109375,70449.9296875,36439.62109375
17_1410_14,2023-10-01,2515660.6390523375,1685012.671725018,456828.88028666144,1662635.375,1264577.7026667334,1598319.158020227,493209.8409724077,1714664.583770774,1256288.556793415,638890.6766796329,1256288.556793415,606946.1428456511,1256288.556793415,1587562.14603692,1671448.9234549212,1846614.4,1850053.8,1721107.2,1444052.4,1294782.5,1217229.2,-2631908.2,-1646598.1,4806177.0,7258522.0,1677174.2,1848621.9,2008339.2,1792025.125,300781.59375,6477886.0
17_1410_14,2023-11-01,2055126.6385461544,1685012.671725018,456828.88028666144,1811153.75,923782.6632341128,1461267.3663872043,488518.48176014604,1769318.933130765,1256288.556793415,638890.6766796329,1256288.556793415,606946.1428456511,1256288.556793415,1587562.14603692,1671448.9234549212,1837891.2,1842612.6,1659488.9,884363.2,1257698.0,1165583.4,-768604.44,-395438.47,3548893.8,4211787.0,1418497.8,1844566.9,1862919.5,1864846.0,208964.0625,6477886.0
17_1410_14,2023-12-01,2231531.664003022,1685012.671725018,456828.88028666144,1803096.625,722460.0104772814,1503621.3283423195,575727.3221479561,1823973.282490756,1256288.556793415,638890.6766796329,1256288.556793415,606946.1428456511,1256288.556793415,1587562.14603692,1671448.9234549212,1837563.8,1842399.8,1627454.9,1161483.4,1180133.2,1201911.6,-758263.06,-98221.67,2223869.5,2404290.2,1209506.0,1839670.2,1638706.1,1871178.25,234293.046875,6477886.0
17_1410_14,2024-01-01,3412776.398076065,1685012.671725018,456828.88028666144,1891965.25,603529.8447667526,1614429.6742672627,1033600.3825901904,1878627.631850747,1256288.556793415,638890.6766796329,1256288.556793415,606946.1428456511,1256288.556793415,1587562.14603692,1671448.9234549212,1835261.6,1839272.4,1607702.9,631686.56,1095165.2,1092450.0,-917963.9,-93016.18,2187076.5,2846618.0,1359875.6,1841906.2,1478197.6,1836351.0,205797.953125,6477886.0
17_1411_14,2023-10-01,59410.37139201555,36140.038737984534,62116.48468735437,78630.1875,39466.48959086591,50615.86199364005,42614.425298093025,67638.439602781,57307.50907912964,45026.718607107236,57307.50907912964,42775.38267675187,57307.50907912964,79788.79381172586,57307.61360611262,58665.305,51184.36,61852.18,48232.25,59237.984,74614.26,-62859.27,-16234.252,177688.1,208346.9,37133.457,59777.78,53809.7,32589.62890625,24905.89453125,30999.890625
17_1411_14,2023-11-01,59410.37139201555,36140.038737984534,64484.78456774918,79056.5234375,36642.46750285842,52875.80497020991,41873.87511924087,70396.33354154963,57307.50907912964,45026.718607107236,57307.50907912964,42775.38267675187,57307.50907912964,79788.79381172586,57307.61360611262,60061.49,68170.125,61603.89,45330.062,60801.44,68327.27,-20288.412,-2102.4802,127198.375,138954.2,25689.645,59570.156,55260.45,26760.58984375,24905.89453125,12717.904296875
17_1411_14,2023-12-01,248472.1427375496,36140.038737984534,66853.08444814399,84284.7890625,36242.59044617157,45643.4560366932,42079.03974270659,73154.22748031827,57307.50907912964,45026.718607107236,57307.50907912964,42775.38267675187,57307.50907912964,79788.79381172586,57307.61360611262,59497.61,68701.7,61646.086,80411.78,59875.684,61715.65,5005.492,26094.135,95278.734,121987.305,47967.82,59315.574,54195.984,13512.7724609375,32059.71484375,12717.904296875
17_1411_14,2024-01-01,140455.08387752323,36140.038737984534,69221.38432853878,88698.359375,36185.96848802769,57431.05329277081,59540.38441245023,75912.12141908689,57307.50907912964,45026.718607107236,57307.50907912964,42775.38267675187,57307.50907912964,79788.79381172586,57307.61360611262,58783.07,56938.0,61656.94,76775.61,58725.83,56420.758,-5247.3486,26628.955,88691.12,99851.08,28895.84,59429.62,52735.508,13247.81640625,25965.720703125,19076.857421875
17_1412_14,2023-10-01,364217.93553655274,304448.69153559103,304740.18098529824,217233.859375,275289.65984087664,282408.20591790933,588430.1967325148,416061.34435464826,333372.6158335077,320880.5492309782,333372.6158335077,304836.52176942927,333372.6158335077,254623.3753405901,333372.54216280667,200682.84,200705.4,194507.47,206632.86,222592.0,219459.06,3383.0503,46744.05,366818.88,407250.3,325959.56,202794.6,194868.14,180794.3125,185258.375,183026.34375
17_1412_14,2023-11-01,200396.828205548,304448.69153559103,304740.18098529824,226068.484375,296277.29409805435,264229.3052496469,569337.8977784278,426425.17973209015,333372.6158335077,320880.5492309782,333372.6158335077,304836.52176942927,333372.6158335077,254623.3753405901,333372.54216280667,201553.38,201061.03,186695.45,229987.5,213600.94,214296.34,77774.74,121528.8,313858.3,347023.62,325259.66,201437.55,199615.36,183026.34375,185258.375,334804.28125
17_1412_14,2023-12-01,132073.59739786512,304448.69153559103,304740.18098529824,204877.390625,302158.7754373883,277780.37609859154,580451.9944004287,436789.015109532,333372.6158335077,320880.5492309782,333372.6158335077,304836.52176942927,333372.6158335077,254623.3753405901,333372.54216280667,202577.05,199468.19,186265.06,195177.1,207302.67,214567.81,144896.86,155349.08,298194.97,323867.97,326410.1,199786.16,196430.67,120529.5390625,196418.515625,343732.375
17_1412_14,2024-01-01,248724.79213690426,304448.69153559103,304740.18098529824,194084.390625,303806.97562617814,222431.68222286733,494601.3385185629,447152.8504869738,333372.6158335077,320880.5492309782,333372.6158335077,304836.52176942927,333372.6158335077,254623.3753405901,333372.54216280667,200821.27,202531.5,185468.97,311279.06,200352.83,199321.11,123153.35,152159.89,244859.81,260406.11,326229.4,200533.27,186427.34,131689.6875,200882.578125,187490.390625
17_1504_16,2023-10-01,34.166110944755225,0.0,0.3954521528559827,-714.6522827148438,2455.940465240499,4762.2030795552455,14072.145616234962,-411.84404130715086,3008.5958833391715,12100.759604245033,8771.234872610516,11495.721624032782,3008.5958833391715,711.8150288557201,0.3979203217450674,25.451172,57.176758,-2183.129,642.0205,-146.35645,-371.9477,-2375.2083,-2116.4998,1696.6543,2364.4414,-15.918945,98.75488,649.5078,0.00015155793516896665,0.00015155793516896665,0.00015155793516896665
17_1504_16,2023-11-01,163.6376892617224,0.0,0.3954521528559827,65.14701843261719,4288.833140070695,7549.343027018438,16735.053103972696,-801.9122509399033,3008.5958833391715,12100.759604245033,8771.234872610516,11495.721624032782,3008.5958833391715,711.8150288557201,0.3979203217450674,6.2373047,-154.75781,-2347.8193,6929.426,140.89062,226.29506,-2288.9492,-1338.8353,1775.2783,2256.769,-40.80371,42.89453,764.7363,0.00015155793516896665,0.00015155793516896665,0.00015155793516896665
17_1504_16,2023-12-01,293.1092675786896,0.0,0.3954521528559827,-535.5569458007812,5656.739082822125,10499.996092830352,19604.391675410196,-1191.9804605726556,3008.5958833391715,12100.759604245033,8771.234872610516,11495.721624032782,3008.5958833391715,711.8150288557201,0.3979203217450674,35.21289,354.958,-2279.7861,11460.3545,436.29395,388.41397,-1285.1693,-763.9845,1768.5664,2319.9055,0.09765625,-24.947266,816.0757,1352.1407470703125,0.00015155793516896665,0.00015155793516896665
17_1504_16,2024-01-01,0.0,0.0,0.3954521528559827,-57.102787017822266,6677.620825605034,8607.857081887447,13115.377677883245,-1582.0486702054077,3008.5958833391715,12100.759604245033,8771.234872610516,11495.721624032782,3008.5958833391715,711.8150288557201,0.3979203217450674,-23.635742,236.99902,-2254.1904,1270.8301,644.8955,754.2753,-1416.3771,-458.9232,1634.9744,2013.4136,-6.3251953,5.754883,534.62646,79.53783416748047,159.0755157470703,0.00015155793516896665
17_1507_2,2023-10-01,29414.324198885977,57357.15082000213,29414.324198885977,53551.01171875,50536.84940595123,34706.270423366506,53753.21273649159,55394.13678243144,54746.941407447004,54747.10716692367,54746.941407447004,52009.75180857749,54746.941407447004,32001.107610655796,53166.46558189895,31428.871,35311.453,24443.424,18788.96,29873.994,29974.775,21230.49,23708.99,35622.496,38064.695,28841.031,29916.826,28400.531,29435.486328125,29435.486328125,29435.486328125
17_1507_2,2023-11-01,29414.324198885977,57357.15082000213,29414.324198885977,53669.9296875,55458.322699571225,35122.849245890146,36684.32162945388,55378.69929859748,54746.941407447004,54747.10716692367,54746.941407447004,52009.75180857749,54746.941407447004,32001.107610655796,53166.46558189895,28865.934,31973.562,23125.082,32082.19,29805.133,29919.074,24701.664,25851.994,35906.53,44341.098,28714.66,29632.143,28700.008,29435.486328125,29435.486328125,52142.86328125
17_1507_2,2023-12-01,29414.324198885977,57357.15082000213,29414.324198885977,54033.41015625,56605.00848369865,43199.884460247864,45108.603038495756,55363.26181476354,54746.941407447004,54747.10716692367,54746.941407447004,52009.75180857749,54746.941407447004,32001.107610655796,53166.46558189895,30256.049,31619.873,23406.73,18895.953,29564.701,29318.271,23539.607,24375.691,36199.324,41291.97,28922.375,29287.346,26939.895,29435.486328125,29435.486328125,66019.59375
17_1507_2,2024-01-01,29414.324198885977,57357.15082000213,29414.324198885977,54450.69140625,56872.18219552687,53888.6137994895,51833.6559784604,55347.824330929594,54746.941407447004,54747.10716692367,54746.941407447004,52009.75180857749,54746.941407447004,32001.107610655796,53166.46558189895,28559.357,30571.795,23510.57,39498.754,29371.963,29597.664,21260.662,25235.842,35357.863,37244.977,28889.75,29444.24,25163.121,29435.486328125,29435.486328125,104706.234375
17_1606_2,2023-10-01,1241.6684003870255,52233.00121247423,2752.7342486853377,31020.068359375,42696.22751158255,-476935.6738879549,-153712.98493401706,-1601.0763104997886,13966.812913162896,66509.18625494486,25079.92559055486,63183.72694219761,13966.812913162896,3659.080418396182,2754.5490241496914,3208.5212,1872.3313,2136.7996,-20958.234,3248.1091,3262.8062,2385.3928,2544.5051,4243.8477,4443.015,2998.6094,3219.3516,1930.9707,3784.44189453125,0.0014422397362068295,756.8895874023438
17_1606_2,2023-11-01,0.0,93993.82585848637,2752.7342486853377,-338.4619140625,65060.461518034324,-543272.6953290494,-160692.07992283592,-5353.044831923365,13966.812913162896,66509.18625494486,25079.92559055486,63183.72694219761,13966.812913162896,3659.080418396182,2754.5490241496914,3736.2021,2734.7385,1956.2156,74752.75,3665.3052,3564.4707,2181.3499,2717.4668,4722.632,5275.4507,2538.5156,2951.0488,2245.498,9082.6591796875,0.0014422397362068295,0.0014422397362068295
17_1606_2,2023-12-01,4698.7393630866,93993.82585848637,2752.7342486853377,12736.5009765625,77579.97508062905,-505697.8150203447,-124964.50507157193,-9105.013353346942,13966.812913162896,66509.18625494486,25079.92559055486,63183.72694219761,13966.812913162896,3659.080418396182,2754.5490241496914,4668.9526,2708.2073,1987.3577,4078.0332,4110.086,4152.6494,2840.867,3046.1987,4917.0884,5470.6836,3294.7656,2626.8145,2386.5352,6811.994140625,756.8895874023438,0.0014422397362068295
17_1606_2,2024-01-01,0.0,93993.82585848637,2752.7342486853377,4297.607421875,84588.40737474547,-546667.338983268,-179561.54510335156,-12856.981874770518,13966.812913162896,66509.18625494486,25079.92559055486,63183.72694219761,13966.812913162896,3659.080418396182,2754.5490241496914,3316.5598,2727.714,2010.4666,661.42676,4672.5967,4633.4194,2733.36,3512.9353,5632.268,5921.3057,3175.9844,2774.662,1201.3555,6055.1064453125,8325.7705078125,0.0014422397362068295
17_1702_14,2023-10-01,5976405.357786656,27040568.975971106,20832466.80776916,22738294.0,20261062.946387675,18774540.12705845,7994523.475607665,21238129.518367104,12359672.624634273,7044441.751262416,12359672.624634273,6692219.663699295,12359672.624634273,16126602.776865527,20785098.487161864,20849732.0,20845740.0,22555960.0,11337274.0,10434760.0,8763018.0,-16642882.0,-9365749.0,24253382.0,30938822.0,27605270.0,20885192.0,24514454.0,21179618.0,20836164.0,23316660.0
17_1702_14,2023-11-01,15260016.528154632,32510813.14744164,20832466.80776916,24846114.0,19710115.63131612,19885199.14047583,7479679.048509711,21686602.19046218,12359672.624634273,7044441.751262416,12359672.624634273,6692219.663699295,12359672.624634273,16126602.776865527,20785098.487161864,20829908.0,20835936.0,23284360.0,9474036.0,10449331.0,11292167.0,-7397474.5,-2508913.8,20314450.0,23587760.0,32580164.0,20855562.0,26129610.0,21370424.0,19538674.0,24270696.0
17_1702_14,2023-12-01,22497998.339710914,38342466.89568396,20832466.80776916,26902572.0,19179329.461565692,22082726.145107437,8242608.978052693,22135074.862557255,12359672.624634273,7044441.751262416,12359672.624634273,6692219.663699295,12359672.624634273,16126602.776865527,20785098.487161864,20819008.0,20842356.0,23687684.0,11506405.0,10215522.0,11658924.0,475255.25,3449942.0,19508000.0,27695720.0,26647468.0,20819786.0,24886564.0,21713878.0,17516118.0,25186574.0
17_1702_14,2024-01-01,3344539.481653927,43996986.01193379,20832466.80776916,29347066.0,18667966.668261692,23798386.044511057,10900777.874333372,22583547.53465233,12359672.624634273,7044441.751262416,12359672.624634273,6692219.663699295,12359672.624634273,16126602.776865527,20785098.487161864,20811584.0,20827996.0,23865684.0,8297695.0,9747401.0,10811554.0,-131258.3,4114964.8,16430197.0,17529220.0,17048072.0,20836136.0,22749292.0,20874326.0,14654006.0,25644510.0
17_1704_14,2023-10-01,61460.33804870087,60524.25151690389,83291.02411393501,58798.19921875,60524.25151690389,61617.08998675358,10944.736977363485,52163.00111157916,73580.0508603296,62280.912167797906,73580.0508603296,59166.86655940801,73580.0508603296,83752.4186028869,83313.17642591057,60022.3,46836.13,62760.32,52886.758,39675.844,38488.117,7366.416,21885.73,65633.08,73118.9,48917.227,61811.145,54116.637,32581.3515625,62161.79296875,33867.45703125
17_1704_14,2023-11-01,75339.8710659163,60131.60480528693,83291.02411393501,64239.46875,60131.60480528693,72083.40001989134,11191.18376657588,52127.18219753445,73580.0508603296,62280.912167797906,73580.0508603296,59166.86655940801,73580.0508603296,83752.4186028869,83313.17642591057,63025.383,78181.14,64356.71,44470.965,39693.414,40262.86,3797.7708,20239.074,68033.266,86026.45,23161.281,61612.88,54722.72,97315.3515625,65591.40625,34724.86328125
17_1704_14,2023-12-01,75339.8710659163,59966.906954279875,83291.02411393501,58790.7421875,59966.906954279875,59784.20825694115,12278.260156796518,52092.12309414867,73580.0508603296,62280.912167797906,73580.0508603296,59166.86655940801,73580.0508603296,83752.4186028869,83313.17642591057,62194.92,79436.75,65271.39,89039.945,39784.945,41245.22,11832.915,18532.428,62082.258,72598.88,53165.84,61369.93,53180.09,106318.1015625,66877.5078125,35153.56640625
17_1704_14,2024-01-01,184870.12899752226,59897.82352298196,83291.02411393501,56988.58203125,59897.82352298196,59047.64434436055,43230.479736816764,52057.8925562941,73580.0508603296,62280.912167797906,73580.0508603296,59166.86655940801,73580.0508603296,83752.4186028869,83313.17642591057,61054.2,57846.484,65864.92,84510.42,39689.51,38450.344,13335.373,19316.377,58860.293,65095.023,18597.414,61478.855,51262.984,63447.8984375,66877.5078125,36439.671875
17_1704_2,2023-10-01,44020.33662776884,44020.33662776884,44020.33662776884,39838.56640625,66961.79256855603,34884.83870242984,-34109.75960038201,23132.818423250366,44572.859439495915,86567.81914114434,44572.859439495915,82239.42818408713,44572.859439495915,44023.485207601945,44020.33662776884,44013.68,44067.547,45983.406,43549.3,44106.21,44230.22,37589.125,39453.965,47729.4,49858.95,43962.27,44020.336,44020.293,43891.24609375,43891.24609375,43891.24609375
17_1704_2,2023-11-01,44020.33662776884,44020.33662776884,44020.33662776884,38345.18359375,72814.68056941952,46501.89708652809,-26467.232199798294,19193.557522596966,44572.859439495915,86567.81914114434,44572.859439495915,82239.42818408713,44572.859439495915,44023.485207601945,44020.33662776884,44109.01,44043.01,45828.395,40351.54,44311.27,44370.67,36851.094,40202.684,48712.4,50775.71,43876.113,44020.336,44020.312,43891.24609375,43891.24609375,176087.5
17_1704_2,2023-12-01,44020.33662776884,44020.33662776884,44020.33662776884,37172.67578125,74307.8856231471,43715.079296326774,-35856.094036119444,15254.296621943555,44572.859439495915,86567.81914114434,44572.859439495915,82239.42818408713,44572.859439495915,44023.485207601945,44020.33662776884,44156.457,44173.93,45533.6,43363.438,44711.27,44716.32,40587.92,41750.293,48974.492,51158.137,44017.73,44020.336,44020.31,43891.24609375,43891.24609375,43891.24609375
17_1704_2,2024-01-01,44020.33662776884,44020.33662776884,44020.33662776884,35987.70703125,74688.83624652289,148992.2943478982,102384.2035515002,11315.035721290147,44572.859439495915,86567.81914114434,44572.859439495915,82239.42818408713,44572.859439495915,44023.485207601945,44020.33662776884,44047.906,44144.953,45371.137,39267.23,45420.43,45706.84,40041.133,41595.598,48379.42,49487.656,43995.49,44020.336,44020.316,43891.24609375,43891.24609375,43891.24609375
18_1105_14,2023-10-01,160103.29499530574,-42.62157383333579,13521.387803952852,-9475.640625,7663.153190014691,12005.060708586778,5914.802615519147,22251.898582080074,21569.598819898467,15967.868667110119,21569.598819898467,15169.475233754612,21569.598819898467,25195.498658911354,21569.61623641253,383.87793,1821.1138,1386.8076,28649.213,4509.894,4751.475,-3633.8047,-532.49347,10638.007,12646.1455,-868.416,300.75098,1214.7539,90.2550048828125,90.2550048828125,90.2550048828125
18_1105_14,2023-11-01,160103.29499530574,11691.439304295887,16895.26362664169,15.24870491027832,10417.634485789577,13518.047547061864,5684.687698157481,23099.129370120616,21569.598819898467,15967.868667110119,21569.598819898467,15169.475233754612,21569.598819898467,25195.498658911354,21569.61623641253,311.042,977.9973,1397.9502,7838.0,-1489.5039,-771.59283,-11942.797,-7239.461,6653.425,9242.595,592.7031,179.45801,1257.3066,90.2550048828125,65434.75390625,90.2550048828125
18_1105_14,2023-12-01,160103.29499530574,11691.439304295887,20269.139449330527,-0.3342030644416809,11418.997640605217,5522.272333843138,8498.047838774664,23946.360158161155,21569.598819898467,15967.868667110119,21569.598819898467,15169.475233754612,21569.598819898467,25195.498658911354,21569.61623641253,66.1958,803.3191,1342.5657,34887.39,-2593.9033,-2292.7493,-12112.928,-9024.135,6169.1724,8662.998,-2274.2695,31.460938,1078.9277,90.2550048828125,65525.0078125,90.2550048828125
18_1105_14,2024-01-01,168687.0808160841,11691.439304295887,23643.015272019366,-0.09759699553251266,11783.032847292017,11748.54161762145,19133.91475658444,24793.590946201697,21569.598819898467,15967.868667110119,21569.598819898467,15169.475233754612,21569.598819898467,25195.498658911354,21569.61623641253,-55.427246,510.56934,1295.0356,25225.861,-3346.412,-3207.629,-9686.835,-8083.1167,3778.5327,6488.06,13945.512,98.18359,-181.6582,90.2550048828125,90.2550048828125,90.2550048828125
18_1111_14,2023-10-01,215.78596386161195,0.0,215.78596386161195,866.0655517578125,1452.4428613770913,1029.3933818066516,-3437.7906331509166,215.78596386161195,236.45047872654823,3363.930235129165,236.45047872654823,3195.7337233727067,236.45047872654823,215.81065860540104,215.78596386161195,215.78493,215.78375,215.87682,215.73329,215.78673,215.80978,215.62778,215.65833,215.9863,216.0327,215.78464,215.786,215.742,212.441162109375,212.441162109375,212.441162109375
18_1111_14,2023-11-01,215.78596386161195,0.0,215.78596386161195,867.7775268554688,1394.5363029988182,1980.6676936440572,-3277.5995684906793,215.78596386161195,236.45047872654823,3363.930235129165,236.45047872654823,3195.7337233727067,236.45047872654823,215.81065860540104,215.78596386161195,215.78674,215.78447,215.86966,215.60963,215.79279,215.7809,215.59662,215.65059,215.9214,215.95152,215.7823,215.78598,215.76115,212.441162109375,212.441162109375,212.441162109375
18_1111_14,2023-12-01,215.78596386161195,0.0,215.78596386161195,863.6318969726562,1397.2477822376864,1739.1214087208753,-3698.7330991187573,215.78596386161195,236.45047872654823,3363.930235129165,236.45047872654823,3195.7337233727067,236.45047872654823,215.81065860540104,215.78596386161195,215.78618,215.78412,215.856,215.75372,215.81038,215.79637,215.59683,215.67926,215.98169,216.00165,215.78581,215.78596,215.7584,212.441162109375,212.441162109375,212.441162109375
18_1111_14,2024-01-01,215.78596386161195,0.0,215.78596386161195,858.8899536132812,1397.1208170049267,10966.038358607746,8853.813537756634,215.78596386161195,236.45047872654823,3363.930235129165,236.45047872654823,3195.7337233727067,236.45047872654823,215.81065860540104,215.78596386161195,215.78603,215.78032,215.84851,215.56006,215.84186,215.83478,215.62633,215.68526,216.05806,216.09352,215.78651,215.78596,215.76736,212.441162109375,212.441162109375,212.441162109375
18_1111_16,2023-10-01,22400.381265200835,719177.7969299348,720540.3742241214,891512.5625,199609.191260322,3227323.5698579694,3456676.632991923,746787.6522013623,695332.5014865184,695319.1307554984,695332.5014865184,660553.1742177234,695332.5014865184,1619656.2297000666,556560.9559360698,3189616.8,3177042.5,620920.94,1005022.5,81371.47,111384.71,-232179.34,-146802.61,325066.47,467638.8,1881866.2,2964180.2,598381.5,21090.267578125,10545.1396484375,3152993.75
18_1111_16,2023-11-01,22400.381265200835,719177.7969299348,720540.3742241214,950726.875,828507.8309981091,126460.82756179955,361979.72199454054,751922.0978143077,695332.5014865184,695319.1307554984,695332.5014865184,660553.1742177234,695332.5014865184,1619656.2297000666,556560.9559360698,3195175.0,3175092.2,620757.7,1067614.0,68668.336,62295.9,-236705.88,-114014.93,249460.02,336099.25,923290.56,1347284.4,495561.62,26362.83203125,21090.267578125,10545.1396484375
18_1111_16,2023-12-01,22400.381265200835,719177.7969299348,720540.3742241214,974617.375,696172.0644454956,291551.75674593064,364938.30798430333,757056.5434272529,695332.5014865184,695319.1307554984,695332.5014865184,660553.1742177234,695332.5014865184,1619656.2297000666,556560.9559360698,3295297.0,3301285.2,620676.94,1522198.6,67326.77,73390.06,-121152.27,-62338.855,195237.11,214855.34,3201171.0,1800460.4,429603.22,26362.83203125,26362.83203125,26362.83203125
18_1111_16,2024-01-01,22400.381265200835,719177.7969299348,720540.3742241214,992050.125,724018.7697848005,92698.83168370847,570412.87849088,762190.9890401982,695332.5014865184,695319.1307554984,695332.5014865184,660553.1742177234,695332.5014865184,1619656.2297000666,556560.9559360698,3183499.0,3172358.5,620660.0,-314336.66,57451.043,64317.5,-43865.81,-4079.1353,132228.97,171100.08,2015646.0,1634761.0,402122.62,31635.3984375,26362.83203125,26362.83203125
18_1114_16,2023-10-01,4315.719277232239,4315.719277232238,4300.079782635407,4465.05859375,4024.68735410259,4189.882380852137,3549.1857467017508,4240.021978590286,3404.0177505340907,2179.600483108586,3404.0177505340907,2070.6204589531567,3404.0177505340907,3763.589611633851,4036.9037412977405,4057.273,4068.19,4188.7324,3544.3877,4330.286,4281.277,3690.2607,3752.4365,4898.8237,5116.5107,4311.0264,4048.443,4253.549,4076.27587890625,4088.37158203125,4076.27587890625
18_1114_16,2023-11-01,4591.745489338551,4591.745489338549,4560.468455303529,4867.251953125,4009.799312202017,4594.62215119009,3793.373245454186,4441.107954081438,3404.0177505340907,2179.600483108586,3404.0177505340907,2070.6204589531567,3404.0177505340907,3763.589611633851,4036.9037412977405,4042.1084,4068.3862,4197.4326,2792.4133,4577.9727,4577.2056,3824.4487,3964.6533,5206.8203,5389.1543,4594.9854,4043.4854,4338.907,3846.455810546875,3749.689697265625,3979.509765625
18_1114_16,2023-12-01,4867.771701444863,4867.771701444861,4820.857127971651,5373.7041015625,3995.028016707356,4928.002411760346,4088.817024521712,4642.19392957259,3404.0177505340907,2179.600483108586,3404.0177505340907,2070.6204589531567,3404.0177505340907,3763.589611633851,4036.9037412977405,4025.0474,4044.5317,4204.342,3167.5054,4787.204,4848.0415,4314.763,4436.165,5311.9233,5551.451,5321.3174,4037.478,4247.3022,3519.870361328125,3471.48681640625,3967.413818359375
18_1114_16,2024-01-01,5144.697021733931,5143.797913551172,5081.245800639772,5871.3505859375,3980.372552137351,5515.285471935996,4815.643927233175,4843.279905063741,3404.0177505340907,2179.600483108586,3404.0177505340907,2070.6204589531567,3404.0177505340907,3763.589611633851,4036.9037412977405,4009.749,4027.7808,4231.5806,2366.8704,4959.2246,4980.093,4322.7,4493.627,5381.0703,5599.632,5538.412,4040.212,4134.0005,3072.326416015625,2987.65625,4027.892822265625
18_1116_2,2023-10-01,1.798216365513433,1.798216365513433,1.798216365513433,-1.3492952585220337,7.3941709113997405,7.671118947210697,20.859434200282,-3.215653707613672,9.129067767971884,44.372241366653355,9.129067767971884,42.15362929832069,9.129067767971884,2.493620350614331,1.7982163655143253,2.0769958,1.9682465,-21.76612,1.1079636,2.362259,2.226019,-5.829958,-4.765358,7.9232883,10.7739,1.8196144,2.2060928,0.88366795,1.7929438352584839,1.7929438352584839,1.7929438352584839
18_1116_2,2023-11-01,1.798216365513433,1.798216365513433,1.798216365513433,1.7959495782852173,12.396334915818656,13.821034491524637,19.227230752446566,-8.179385080010386,9.129067767971884,44.372241366653355,9.129067767971884,42.15362929832069,9.129067767971884,2.493620350614331,1.7982163655143253,2.1785965,2.054802,-22.116158,30.408306,1.8826294,1.5812511,-7.3607707,-5.084615,7.166841,10.701263,1.7005997,1.9747581,1.0711641,1.7929438352584839,1.7929438352584839,917.0903930664062
18_1116_2,2023-12-01,1.798216365513433,1.798216365513433,1.798216365513433,-0.6614441275596619,16.867715896834333,19.715275180748314,20.744900323294882,-13.1431164524071,9.129067767971884,44.372241366653355,9.129067767971884,42.15362929832069,9.129067767971884,2.493620350614331,1.7982163655143253,1.8919296,2.8908997,-22.105995,35.430492,1.0633163,0.3229563,-6.3418503,-3.9742908,4.7613554,6.8067207,1.8962212,1.6960144,1.1463156,1.7929438352584839,1.7929438352584839,917.0903930664062
18_1116_2,2024-01-01,1.798216365513433,1.798216365513433,1.798216365513433,1.2262036800384521,20.864635601931305,2.340052343806015,-14.41980056063142,-18.106847824803815,9.129067767971884,44.372241366653355,9.129067767971884,42.15362929832069,9.129067767971884,2.493620350614331,1.7982163655143253,2.5830765,2.1761932,-22.202072,41.53658,0.051742554,0.1876987,-6.4771614,-4.7057586,6.8681383,8.4245615,1.8655014,1.8236084,0.33279228,1.7929438352584839,1.7929438352584839,917.0903930664062
18_1201_16,2023-10-01,2127.289960402391,2127.289960402391,2127.289960402391,1863.996826171875,5843.8383746799045,-7152.372148876773,-21958.29883577433,-4278.441055160835,3673.2807854955636,16332.513141925825,3673.2807854955636,15515.887484829533,3673.2807854955636,2239.0220883825023,2127.289962984754,1946.0703,2141.877,-335.1211,-1389.084,2005.2783,1681.6328,-1009.26074,-367.76428,3526.7544,4111.8154,2272.4795,2210.127,2007.8632,2189.72998046875,13685.8095703125,2189.72998046875
18_1201_16,2023-11-01,1991.524624806127,2127.289960402391,2127.289960402391,1896.7532958984375,8898.299281806296,3042.663443841404,-19109.35353588745,-7369.704127346832,3673.2807854955636,16332.513141925825,3673.2807854955636,15515.887484829533,3673.2807854955636,2239.0220883825023,2127.289962984754,1822.4639,2108.8887,-895.292,1036.8838,1820.9092,2045.8971,-1208.0011,-239.67921,3920.514,4609.65,2215.4434,2163.2637,2032.3472,2189.72998046875,23722.0703125,2189.72998046875
18_1201_16,2023-12-01,1991.524624806127,2127.289960402391,2127.289960402391,1729.3583984375,11408.6207933793,7506.705104140379,-13611.452401458862,-10460.967199532828,3673.2807854955636,16332.513141925825,3673.2807854955636,15515.887484829533,3673.2807854955636,2239.0220883825023,2127.289962984754,1782.3008,2172.9854,-739.5801,5863.7812,1632.4326,1224.8743,-1126.7275,-481.662,3587.6702,4976.2476,2309.1924,2106.378,2042.161,2189.72998046875,36495.4921875,2189.72998046875
18_1201_16,2024-01-01,1991.524624806127,2127.289960402391,2127.289960402391,1701.13525390625,13471.73905976915,-11186.855413482352,-37773.04570666751,-13552.230271718827,3673.2807854955636,16332.513141925825,3673.2807854955636,15515.887484829533,3673.2807854955636,2239.0220883825023,2127.289962984754,1856.25,2109.7324,-708.22656,5108.992,1479.2656,1198.1967,-1336.6271,-608.112,3097.6138,4022.3684,2294.4678,2132.141,1935.9263,2189.72998046875,43429.63671875,2189.72998046875
18_1201_2,2023-10-01,21.578596386161195,21.57859638616128,427.1019629466814,2799.686767578125,21254.338940977126,24373.314758368473,-83646.24781736429,-19799.195811829788,3402.342722672951,21005.204920604763,3402.342722672951,19954.944674574523,3402.342722672951,1554.4603751299385,51.32047691198896,22.86792,59.538086,-52.555664,1254.3395,-20.182617,-12.176266,-1301.6757,-824.2857,770.6372,1047.717,20.33496,132.80469,-168.01855,0.0007308846688829362,0.0007308846688829362,0.0007308846688829362
18_1201_2,2023-11-01,21.578596386161195,21.57859638616128,427.1019629466814,241.11973571777344,32983.7264385261,-7197.801446482579,-101749.65530447519,-24573.226254700705,3402.342722672951,21005.204920604763,3402.342722672951,19954.944674574523,3402.342722672951,1554.4603751299385,51.32047691198896,36.27124,54.506348,-255.4458,1197.2848,-575.89453,-585.15533,-1717.4567,-1354.9786,265.2669,499.21432,-22.949219,69.89307,-238.91846,0.0007308846688829362,0.0007308846688829362,1150.7066650390625
18_1201_2,2023-12-01,21.578596386161195,21.57859638616128,427.1019629466814,564.590576171875,39463.26696151355,-8960.958699087176,-103116.99469723077,-29347.256697571607,3402.342722672951,21005.204920604763,3402.342722672951,19954.944674574523,3402.342722672951,1554.4603751299385,51.32047691198896,-25.54248,57.323486,-258.96436,1136.8243,-844.9551,-837.0519,-1561.709,-1406.4303,-80.84481,689.742,48.19629,-6.524414,-212.25366,0.0007308846688829362,0.0007308846688829362,0.0007308846688829362
18_1201_2,2024-01-01,21.578596386161195,21.57859638616128,427.1019629466814,271.970458984375,43042.69047342411,-65820.71578327594,-158568.90307482495,-34121.28714044252,3402.342722672951,21005.204920604763,3402.342722672951,19954.944674574523,3402.342722672951,1554.4603751299385,51.32047691198896,-25.805176,-19.833008,-281.16602,3890.5022,-1039.8984,-1077.6423,-2056.85,-1721.5442,-285.399,90.1235,37.02246,28.049805,-283.15356,3835.68701171875,0.0007308846688829362,6904.23583984375
18_1202_16,2023-10-01,714.7910052915896,632.9721606607284,629.0456721718738,596.2696533203125,844.2651750761192,-678.89459095822,-3857.686589414817,368.1088567859335,533.082559819672,1499.4870670054956,533.082559819672,1424.5127136552208,533.082559819672,574.2079995681152,632.4615705243273,630.12134,632.51825,660.37866,440.7173,693.4574,695.3047,602.9615,643.8421,746.5178,758.8676,632.77075,634.67975,674.66345,605.0918579101562,662.7196655273438,677.1266479492188
18_1202_16,2023-11-01,762.4437389776955,632.9721606607284,629.0456721718738,535.0886840820312,1030.052921533156,108.35493171838868,-3875.456469812387,106.39949277391872,533.082559819672,1499.4870670054956,533.082559819672,1424.5127136552208,533.082559819672,574.2079995681152,632.4615705243273,630.53516,627.45935,662.2864,36.416763,746.33826,753.38556,673.71533,687.81555,794.0325,813.7008,628.22296,633.71216,687.28735,605.0918579101562,662.7196655273438,705.9405517578125
18_1202_16,2023-12-01,785.8205517293702,632.9721606607284,629.0456721718738,534.393310546875,1193.4141515723347,296.38286812192246,-3854.6183697881106,-155.30987123809606,533.082559819672,1499.4870670054956,533.082559819672,1424.5127136552208,533.082559819672,574.2079995681152,632.4615705243273,628.2162,627.62524,663.8697,84.564255,790.5533,783.04895,711.69037,726.99146,836.16754,860.5478,635.69824,632.54016,664.6459,590.6849365234375,590.6849365234375,749.1614379882812
18_1202_16,2024-01-01,823.5830954051522,632.9721606607284,629.0456721718738,496.7136535644531,1337.0559793507066,485.8801352248555,-2877.271576873846,-417.01923525011085,533.082559819672,1499.4870670054956,533.082559819672,1424.5127136552208,533.082559819672,574.2079995681152,632.4615705243273,626.4898,625.82544,669.67804,338.27917,823.2676,822.87024,737.63696,757.63135,862.8382,874.02954,634.5242,633.07385,640.0896,590.6849365234375,432.2085266113281,777.9752807617188
18_1212_2,2023-10-01,2562701.080065986,2014254.0796662166,1930140.4031797992,1929362.625,1835859.7811020836,1422172.9852989574,1515869.3044114094,2046848.0557291906,1682103.6076104273,939348.3039134818,1459966.664695833,892380.8887178076,1682103.6076104273,1819810.5302935243,1929829.0391928684,1975462.0,2027049.4,2163788.2,1845466.9,2041199.6,2002662.6,-502746.88,436838.06,2977146.0,3325822.5,4339697.5,2021101.2,1684718.0,2021957.625,2027669.375,2010534.125
18_1212_2,2023-11-01,1549728.9379367763,2014254.0796662166,1930140.4031797992,2015986.5,1683230.7391352095,1499172.3454785282,1477116.747013696,2154090.684360812,1682103.6076104273,939348.3039134818,1459966.664695833,892380.8887178076,1682103.6076104273,1819810.5302935243,1929829.0391928684,1957812.0,1912472.9,2257993.2,1458525.2,2196572.0,2222087.5,1094329.0,1514616.8,3072324.0,3343489.2,3927422.8,2017222.4,1674083.8,1684964.75,1981975.375,2050516.5
18_1212_2,2023-12-01,1936387.714606754,2014254.0796662166,1930140.4031797992,2001185.125,1552645.7112546745,1500250.8194023073,1470115.266521822,2261333.312992434,1682103.6076104273,939348.3039134818,1459966.664695833,892380.8887178076,1682103.6076104273,1819810.5302935243,1929829.0391928684,1791807.1,1051297.0,2287254.5,1185740.0,2377374.0,2341618.0,1565129.1,1824200.0,3071190.2,3373328.5,3839799.2,2012518.8,1659773.4,1530747.625,1770640.875,2027669.375
18_1212_2,2024-01-01,520446.07426417706,2014254.0796662166,1930140.4031797992,2069970.75,1440920.9091671323,2922936.48626915,2927587.149027565,2368575.9416240556,1682103.6076104273,939348.3039134818,1459966.664695833,892380.8887178076,1682103.6076104273,1819810.5302935243,1929829.0391928684,1904425.4,1200070.6,2295646.2,1365051.6,2565740.8,2545417.0,2057951.2,2172839.2,2906320.0,3058924.8,3696975.2,2014657.2,1647577.9,1530747.625,1776352.625,1919146.25
18_1302_14,2023-10-01,24870299.775455423,6279264.994378341,7200042.152319286,9296446.0,8533992.898941131,25063291.234454963,38280814.02840744,7360855.8246973045,10170798.59718316,12740933.629901094,10170798.59718316,12103886.948406039,10170798.59718316,7996412.68333816,7207573.926774368,7237682.0,7221880.5,7244086.5,6955262.5,6512753.0,6567374.0,5179101.5,5604700.5,7515038.0,7969723.0,6915711.0,7313801.0,7261879.0,5665369.0,6315493.0,7151367.0
18_1302_14,2023-11-01,26862595.835082356,5476298.160137644,7200042.152319286,6602022.0,9542566.811248131,24385613.869821314,37643835.05001483,7512608.941210872,10170798.59718316,12740933.629901094,10170798.59718316,12103886.948406039,10170798.59718316,7996412.68333816,7207573.926774368,7159278.5,7118527.5,7224445.0,9885456.0,5838090.5,5842755.0,4500305.5,4894841.5,6806704.5,7078560.5,6882367.0,7249326.0,7146687.0,5943993.5,5665369.0,7708616.5
18_1302_14,2023-12-01,23115292.75098891,4776011.454457815,7200042.152319286,8059801.5,10305087.038228726,25022299.291610695,38863287.870258965,7664362.057724439,10170798.59718316,12740933.629901094,10170798.59718316,12103886.948406039,10170798.59718316,7996412.68333816,7207573.926774368,7338736.5,7730148.5,7191101.5,17003170.0,5346898.0,5369987.0,4308058.5,4656677.0,5936450.0,6540976.5,6937174.5,7171320.0,6846322.0,5108119.5,6129743.5,6686993.0
18_1302_14,2024-01-01,32807335.501780502,4165274.5606785817,7200042.152319286,6398052.5,10881581.323337255,29958572.318687078,40225733.36195825,7816115.174238006,10170798.59718316,12740933.629901094,10170798.59718316,12103886.948406039,10170798.59718316,7996412.68333816,7207573.926774368,7201375.0,7584700.5,7173562.0,3332201.0,5027177.0,5001628.5,4051992.0,4392869.5,5694633.5,6168665.0,6928566.0,7206824.0,6706728.0,3900745.75,5572494.0,6686993.0
18_1307_16,2023-10-01,3623.405976509567,4925.175162334313,3623.405976509567,3008.373046875,4585.250075243003,10525.854316364464,11151.83994269194,3628.1437906609913,4108.114303306587,5191.8175808003225,4108.114303306587,4932.226701760306,4108.114303306587,3674.916577947614,3628.1371565807094,3633.3352,3577.734,3623.31,-152.76465,3623.4956,3623.6887,3620.1084,3621.0083,3626.1746,3626.9219,3618.5027,3674.2886,3598.1125,14462.6123046875,7.896362512838095e-05,3605.29296875
18_1307_16,2023-11-01,279856.41296485555,5587.411088781376,3623.405976509567,2846.880859375,5049.78295928511,14162.51774140681,14694.730859187488,3628.143790660991,4108.114303306587,5191.8175808003225,4108.114303306587,4932.226701760306,4108.114303306587,3674.916577947614,3628.1371565807094,3673.4446,3661.5137,3623.249,4009.4817,3624.1704,3624.1777,3621.194,3621.804,3626.3481,3627.0579,3605.2822,3645.4631,3588.514,28966.6640625,7.896362512838095e-05,3605.29296875
18_1307_16,2023-12-01,319318.27110604785,5587.411088781376,3623.405976509567,2563.074462890625,5274.134078807112,20621.688333812635,21306.054900763185,3628.143790660991,4108.114303306587,5191.8175808003225,4108.114303306587,4932.226701760306,4108.114303306587,3674.916577947614,3628.1371565807094,3664.834,3678.6113,3623.0872,8352.28,3625.426,3625.481,3621.22,3622.5435,3628.2385,3628.3792,3627.0127,3610.6052,3541.1746,3605.29296875,7.896362512838095e-05,3605.29296875
18_1307_16,2024-01-01,51915.40558055556,5587.411088781376,3623.405976509567,2374.054443359375,5382.48684899811,3621.0312756409503,3788.626565353178,3628.143790660991,4108.114303306587,5191.8175808003225,4108.114303306587,4932.226701760306,4108.114303306587,3674.916577947614,3628.1371565807094,3637.9536,3669.4766,3622.93,2646.189,3627.3604,3627.588,3624.6392,3625.3953,3629.578,3630.1763,3623.5996,3626.483,3542.3933,3605.29296875,7.896362512838095e-05,3605.29296875
18_1307_2,2023-10-01,29544.694885385703,34254.03491610533,29544.694885385703,25925.91015625,34477.50382358283,-5517.947281438093,-59619.27741918618,21830.888391949502,34591.92418268992,63244.94801756857,34591.92418268992,60082.700616690134,34591.92418268992,30683.4597413464,29544.695064825955,29442.064,29529.252,25556.338,27718.512,28339.387,28295.535,24675.35,25552.102,29887.078,30706.17,29179.318,29621.814,28351.918,28380.3046875,29587.978515625,29587.978515625
18_1307_2,2023-11-01,29544.694885385703,34254.03491610533,29544.694885385703,25268.5625,38898.45216602934,-1566.7885819950534,-69569.87256754353,14194.2197862596,34591.92418268992,63244.94801756857,34591.92418268992,60082.700616690134,34591.92418268992,30683.4597413464,29544.695064825955,29410.95,29337.902,25489.54,29841.398,27601.96,27417.953,24494.303,25266.799,29540.81,30402.873,29048.42,29578.125,28383.684,30191.814453125,28984.142578125,29587.978515625
18_1307_2,2023-12-01,29544.694885385703,34254.03491610533,29544.694885385703,22833.341796875,42860.65392398428,17406.204860373113,-60681.08722158107,6557.5511805697,34591.92418268992,63244.94801756857,34591.92418268992,60082.700616690134,34591.92418268992,30683.4597413464,29544.695064825955,29352.822,29335.34,25658.625,20565.54,26660.072,26519.555,23520.426,24113.934,28312.822,28913.193,29263.578,29525.207,28180.14,38041.68359375,29587.978515625,50722.24609375
18_1307_2,2024-01-01,29544.694885385703,34254.03491610533,29544.694885385703,21895.498046875,46411.71165067411,6629.826525681463,-70277.74371979652,-1079.117425120201,34591.92418268992,63244.94801756857,34591.92418268992,60082.700616690134,34591.92418268992,30683.4597413464,29544.695064825955,29306.777,29370.46,25769.676,34707.094,25702.95,25831.164,22209.855,23387.414,27839.416,28532.947,29229.783,29549.281,28255.32,42872.37890625,30795.6484375,74875.6953125
18_1404_14,2023-10-01,3048028.8878198685,627360.3983453899,156799.85770675814,414146.15625,643684.8942589135,407579.4579018337,-24490.712859504973,370904.62926360633,556005.6184947516,556011.9444440515,556005.6184947516,528211.3472218489,556005.6184947516,419651.0733262741,724195.466380947,365244.8,364723.25,389733.72,459048.4,389962.44,402526.25,183064.77,250657.81,608293.9,705244.25,361018.22,363995.8,410964.66,386350.96875,446143.40625,367953.3125
18_1404_14,2023-11-01,3317670.532720425,627360.3983453899,106964.15682880714,403424.25,626351.5477170742,433353.76248509093,27491.119275114354,345043.84555515175,556005.6184947516,556011.9444440515,556005.6184947516,528211.3472218489,556005.6184947516,419651.0733262741,724195.466380947,362140.22,362287.94,379494.03,406356.72,381970.5,384766.66,66737.63,142174.16,578021.44,678645.5,358616.16,363550.5,409563.94,372552.71875,482938.71875,372552.71875
18_1404_14,2023-12-01,3587311.2785127987,627360.3983453899,57128.45595085615,391447.96875,627422.7451152776,222123.9853911728,-76429.70227221798,319183.06184669724,556005.6184947516,556011.9444440515,556005.6184947516,528211.3472218489,556005.6184947516,419651.0733262741,724195.466380947,361382.34,362630.03,375422.16,427431.97,383455.06,370550.38,140063.73,166101.73,636597.2,718551.5,362564.4,363009.22,404521.62,381751.5625,515134.625,363353.875
18_1404_14,2024-01-01,505715.9849060738,627360.3983453899,7292.755072905158,379460.59375,627356.5453273054,504892.6675485746,-4758.496298849437,293322.27813824284,556005.6184947516,556011.9444440515,556005.6184947516,528211.3472218489,556005.6184947516,419651.0733262741,724195.466380947,360586.53,362081.94,372131.53,446549.56,384446.44,365493.1,4094.988,136956.25,595787.56,633907.6,361944.28,363254.44,399990.22,390950.375,390950.375,354155.0625
18_1405_14,2023-10-01,258314.68001418738,296571.47630243335,74675.37020189615,389423.25,299311.80658676405,289139.47960319865,354449.1727496884,377145.5855231632,323713.7966160949,323713.4733984872,323713.7966160949,307527.7997285628,323713.7966160949,253779.0125443393,335376.4013279104,253619.39,258760.38,260911.78,304737.66,225697.62,221132.72,97942.99,124078.25,285484.7,293582.12,246145.84,260421.47,182949.42,178290.765625,208730.640625,171767.921875
18_1405_14,2023-11-01,258314.68001418738,296571.47630243335,-64306.7911862215,395092.96875,296381.48268591677,186235.44701970834,362910.9349908474,385433.524351645,323713.7966160949,323713.4733984872,323713.7966160949,307527.7997285628,323713.7966160949,253779.0125443393,335376.4013279104,271681.8,304702.62,260412.31,400684.2,224160.5,226861.48,137332.22,160302.77,278184.0,295365.2,245279.6,258509.9,207088.56,223950.59375,265261.875,171767.921875
18_1405_14,2023-12-01,343380.2042929831,296571.47630243335,-203288.95257433914,407347.8125,296584.64901162987,183925.00471796555,380734.5670601421,393721.46318012674,323713.7966160949,323713.4733984872,323713.7966160949,307527.7997285628,323713.7966160949,253779.0125443393,335376.4013279104,260859.9,257069.6,260432.56,351963.75,221264.02,218840.72,123366.336,161208.03,272268.03,295367.34,246703.45,256192.81,226013.7,256564.765625,241344.8125,165245.09375
18_1405_14,2024-01-01,337312.123167558,296571.47630243335,-342271.1139624568,421111.1875,296570.56300704455,519237.2937489802,621613.2784177987,402009.40200860857,323713.7966160949,323713.4733984872,323713.7966160949,307527.7997285628,323713.7966160949,253779.0125443393,335376.4013279104,260628.53,268729.78,260418.06,175859.75,219545.5,219009.62,180438.17,190976.84,255603.4,269338.9,246479.83,257246.31,244215.38,256564.765625,202207.828125,182639.328125
18_1408_14,2023-10-01,27672950.351794608,18844194.414650522,21362102.975398384,18929012.0,18033933.794105344,17697545.140648257,19818871.628444985,20795686.419575017,18167458.126683194,13967767.45372118,18167458.126683194,13269379.08103512,18167458.126683194,18955675.691791486,18927647.08565422,18857798.0,18921210.0,19493140.0,18798060.0,19145192.0,19066972.0,10048267.0,11815758.0,25248778.0,26754446.0,22046764.0,18876296.0,17741852.0,19616622.0,17187040.0,18266854.0
18_1408_14,2023-11-01,25504227.688114423,18844194.414650522,22187308.05577255,18916968.0,17323595.765870288,16029598.02065828,18950718.124819987,21543215.243984323,18167458.126683194,13967767.45372118,18167458.126683194,13269379.08103512,18167458.126683194,18955675.691791486,18927647.08565422,18844252.0,18958126.0,20017642.0,17981444.0,19587634.0,18919116.0,12059397.0,13363983.0,23049030.0,26482748.0,21841898.0,18858102.0,17438246.0,16917086.0,13587660.0,17906916.0
18_1408_14,2023-12-01,36636194.89091544,18844194.414650522,23012513.13614672,18885646.0,16700857.721391007,21277769.3649568,24720536.200095017,22290744.068393633,18167458.126683194,13967767.45372118,18167458.126683194,13269379.08103512,18167458.126683194,18955675.691791486,18927647.08565422,18761828.0,18602200.0,20215972.0,17787892.0,20321044.0,20115006.0,15569356.0,16953522.0,25914376.0,27045814.0,22662832.0,18836086.0,17141888.0,13677644.0,13317707.0,18176870.0
18_1408_14,2024-01-01,69228117.55873017,18844194.414650522,23837718.216520887,18869774.0,16154916.69524965,21434302.007419,23252456.20389872,23038272.892802943,18167458.126683194,13967767.45372118,18167458.126683194,13269379.08103512,18167458.126683194,18955675.691791486,18927647.08565422,18766652.0,18688804.0,20271996.0,16130788.0,21180242.0,21064978.0,11847264.0,17168256.0,24906300.0,28109302.0,21934670.0,18846122.0,17053156.0,10708156.0,12777799.0,17996900.0
18_1409_2,2023-10-01,4525.2114838145535,12709.407939370618,-4787.983465070256,4664.20751953125,10872.38455205415,-1548.7522951323735,-1561.9804109578781,9942.480796791027,10052.82744639483,10052.873402420422,10052.82744639483,9550.2297322994,10052.82744639483,4610.879799984467,10100.205128627907,4713.4336,4375.9956,5906.701,-7044.943,4498.4043,4721.8887,1539.8868,2298.6494,7121.4766,8077.123,10041.841,4723.866,4525.1675,4565.69677734375,4565.69677734375,4565.69677734375
18_1409_2,2023-11-01,4525.2114838145535,12709.407939370618,-12228.053151006015,4371.00439453125,12192.402436862658,60521.947381119986,56083.065359991815,9719.275461523635,10052.82744639483,10052.873402420422,10052.82744639483,9550.2297322994,10052.82744639483,4610.879799984467,10100.205128627907,4595.149,4237.16,5797.119,-386.6372,4584.858,4138.4316,251.66904,1219.6464,6451.403,7505.862,9981.573,4611.2637,4525.1865,4565.69677734375,4565.69677734375,4658.8740234375
18_1409_2,2023-12-01,4525.2114838145535,12709.407939370618,-19668.122836941773,4017.0322265625,12466.92578725518,61841.45593826589,56547.54734151285,9496.070126256243,10052.82744639483,10052.873402420422,10052.82744639483,9550.2297322994,10052.82744639483,4610.879799984467,10100.205128627907,4608.0156,4388.7705,5589.3135,21833.77,4803.062,4784.6064,927.9819,2255.7412,6948.001,8148.9824,10080.635,4475.2334,4525.184,4565.69677734375,4565.69677734375,4658.8740234375
18_1409_2,2024-01-01,4525.2114838145535,12709.407939370618,-27108.192522877533,3702.778564453125,12524.018248484726,-200.60870921377136,-5289.203014157954,9272.86479098885,10052.82744639483,10052.873402420422,10052.82744639483,9550.2297322994,10052.82744639483,4610.879799984467,10100.205128627907,4708.544,4402.498,5473.959,-2756.4185,5207.2734,4987.912,2451.9636,3194.706,7296.484,7991.644,10065.076,4537.3135,4525.193,4565.69677734375,4565.69677734375,4658.8740234375
18_1501_16,2023-10-01,17940.80467872752,15219.299942069081,13824.740510442443,-9056.2431640625,44684.03274363502,102481.15893316269,389945.96049864334,18029.81640354391,40717.83115943966,113790.76865615357,40717.83115943966,108101.23022334589,40717.83115943966,23287.610237815315,18029.872842461074,18122.873,18185.89,17395.043,-38696.82,15703.004,15788.663,11005.517,11912.443,21098.283,23914.947,19073.078,19681.828,17626.613,18336.978515625,18336.978515625,29339.1640625
18_1501_16,2023-11-01,17940.80467872752,12910.629978671193,9135.648549791618,18517.46875,65651.47583788155,-28355.091400885925,251820.8631687321,18029.81640354391,40717.83115943966,113790.76865615357,40717.83115943966,108101.23022334589,40717.83115943966,23287.610237815315,18029.872842461074,17927.475,18079.268,16748.262,30325.12,10645.008,10225.604,4374.098,5855.728,14188.308,15999.6,18460.062,18697.477,17547.719,18336.978515625,29339.1640625,18336.978515625
18_1501_16,2023-12-01,17940.80467872752,10952.170407353336,4446.556589140793,-2180.625,82090.5410413584,11828.991586309974,249159.80891251282,18029.81640354391,40717.83115943966,113790.76865615357,40717.83115943966,108101.23022334589,40717.83115943966,23287.610237815315,18029.872842461074,17853.457,18025.906,16771.424,90965.984,5516.293,6063.3774,-265.58206,644.85834,9677.756,11418.525,19467.672,17500.297,17733.008,18336.978515625,28116.69921875,18336.978515625
18_1501_16,2024-01-01,17940.80467872752,9290.796562977,-242.53537151003184,11597.73828125,94979.23059446458,-349721.557623052,-205432.15183041216,18029.81640354391,40717.83115943966,113790.76865615357,40717.83115943966,108101.23022334589,40717.83115943966,23287.610237815315,18029.872842461074,17921.879,18069.805,16726.96,25285.902,331.67578,294.4837,-6705.691,-4387.901,5903.7607,7620.9688,19309.422,18040.914,17775.363,18336.978515625,25671.76953125,18336.978515625
18_1505_16,2023-10-01,272.4297793752851,719063.8830824454,224105.7835513274,805194.625,692901.1004078675,508355.1511545806,190222.59513630523,835929.4424270677,534647.4722618617,237773.0460059559,534647.4722618617,225884.3937056581,534647.4722618617,709411.8401029445,810974.628630115,811369.56,811060.44,202378.73,542118.7,37849.727,37643.8,-152523.66,-110161.664,169143.81,183595.94,605381.6,814241.44,858568.4,150447.140625,0.0021235179156064987,811300.125
18_1505_16,2023-11-01,0.0,637560.3178637062,234822.75531456797,801889.75,595981.8212076728,445252.0440532444,183728.59709099308,860544.522145322,534647.4722618617,237773.0460059559,534647.4722618617,225884.3937056581,534647.4722618617,709411.8401029445,810974.628630115,810081.9,810559.1,202327.6,329080.66,37760.25,37269.082,-94025.45,-66291.695,171203.78,293536.12,607773.0,812396.1,841771.8,2280110.0,0.0021235179156064987,810185.6875
18_1505_16,2023-12-01,0.0,565294.9181260214,245539.72707780855,802742.375,516434.81901591434,355277.572841423,211360.3537178672,885159.6018635761,534647.4722618617,237773.0460059559,534647.4722618617,225884.3937056581,534647.4722618617,709411.8401029445,810974.628630115,810758.44,810547.75,202301.23,516721.72,38421.17,59117.78,-167591.4,-56339.34,155965.33,285974.78,722342.5,810166.25,768728.6,2280110.0,0.0021235179156064987,811300.125
18_1505_16,2024-01-01,225.67615387193584,501220.567694457,256256.69884104913,800276.375,451146.20348024566,333293.95803398185,309212.0486234677,909774.6815818303,534647.4722618617,237773.0460059559,534647.4722618617,225884.3937056581,534647.4722618617,709411.8401029445,810974.628630115,810599.5,809972.7,202295.7,328314.84,38927.633,33661.42,-43844.11,-22346.848,133058.12,156853.86,632152.25,811184.2,711507.6,2280110.0,0.0021235179156064987,810185.6875
18_1508_16,2023-10-01,43654.39959738685,78877.21954493341,43654.39975017501,69346.4921875,80935.4467958194,60778.44837782594,-11306.356298951338,44973.98969241066,54262.2969502133,124357.85523463023,54262.2969502133,118139.96247289871,54262.2969502133,48408.72772821445,43655.91404096031,43830.98,43832.78,43673.066,49229.73,45669.4,45383.086,35531.094,37752.543,49864.074,50966.773,65293.39,43840.598,45911.22,56671.31640625,43370.90625,43370.90625
18_1508_16,2023-11-01,43654.39959738685,78877.21954493341,43654.39975017501,69520.59375,74933.27630964987,79188.05071217359,-30719.45680590144,44973.98969241066,54262.2969502133,124357.85523463023,54262.2969502133,118139.96247289871,54262.2969502133,48408.72772821445,43655.91404096031,43835.86,43738.6,43663.85,46414.04,45635.074,45640.234,43879.96,44074.8,46643.062,47644.918,65244.246,43735.184,45777.336,56093.0390625,43370.90625,86163.53125
18_1508_16,2023-12-01,43654.39959738685,78877.21954493341,43654.39975017501,69986.6953125,75899.61318192956,71419.92549530488,-18473.986801839903,44973.98969241066,54262.2969502133,124357.85523463023,54262.2969502133,118139.96247289871,54262.2969502133,48408.72772821445,43655.91404096031,44003.324,43782.605,43648.26,44467.918,45708.22,45629.652,44984.457,45135.41,46428.477,46821.184,65325.023,43607.04,45946.996,57827.875,43370.90625,43370.90625
18_1508_16,2024-01-01,43654.39959738685,78877.21954493341,43654.39975017501,70487.0625,75744.03497020114,291205.10105590464,269031.09853019885,44973.98969241066,54262.2969502133,124357.85523463023,54262.2969502133,118139.96247289871,54262.2969502133,48408.72772821445,43655.91404096031,43965.086,43800.242,43638.78,45283.164,45924.21,46027.36,45141.645,45464.473,46671.13,46932.484,65312.336,43665.105,45443.227,60719.26953125,43370.90625,43370.90625
18_1603_14,2023-10-01,3813783.143126474,4568216.299157235,4579745.946550814,4233148.5,4549381.340222055,1763581.4394823238,3312168.009653556,4461947.734659461,4542337.849825335,4542363.696052974,4542337.849825335,4315245.5112503255,4542337.849825335,4093078.814889254,5389761.241214849,4913287.0,5026124.5,5032483.0,5495744.0,4551444.5,4609374.0,-261984.6,961116.75,6547744.0,7682495.5,4498756.5,4854517.5,3633428.8,3617063.0,3215167.0,4018958.75
18_1603_14,2023-11-01,3675057.044284392,4568216.299157235,4579745.946550814,4225049.5,4569702.497038476,2348593.085821312,4277296.037920446,4456825.054449822,4542337.849825335,4542363.696052974,4542337.849825335,4315245.5112503255,4542337.849825335,4093078.814889254,5389761.241214849,4748417.0,4701140.0,5214796.5,5112420.5,4403394.0,4340341.0,1816590.9,2722784.5,6137764.0,7009389.5,4666626.5,4827536.5,3608438.0,3081201.75,3918485.0,2612323.25
18_1603_14,2023-12-01,2533110.53066328,4568216.299157235,4579745.946550814,4217618.0,4568099.02870539,1093628.7970413626,2901978.523929302,4451702.374240182,4542337.849825335,4542363.696052974,4542337.849825335,4315245.5112503255,4542337.849825335,4093078.814889254,5389761.241214849,4799371.0,4759692.0,5271919.0,2084236.6,4177433.2,3874181.5,530220.8,2126646.2,5610903.0,6187549.5,4118302.5,4794949.5,3559329.5,2645814.5,3449606.25,3751028.25
18_1603_14,2024-01-01,2438609.765114635,4568216.299157235,4579745.946550814,4210338.5,4568225.552540546,14413280.094804203,14515828.506873028,4446579.694030544,4542337.849825335,4542363.696052974,4542337.849825335,4315245.5112503255,4542337.849825335,4093078.814889254,5389761.241214849,4886166.0,5241431.0,5285907.0,3315065.8,4049839.2,3934923.5,2297779.8,2926668.2,5502322.5,5878059.0,7130345.0,4809823.5,3563520.5,2813271.25,2779780.0,3282149.75
19_1000_14,2023-10-01,382459.94145650376,900376.4952314157,717112.5026194674,454358.3125,844043.6404143253,453103.7718954886,-386920.2353437118,659446.197532158,725300.1316451607,829421.7135337908,725389.9780372893,787950.6278571011,725300.1316451607,717186.198853537,717112.5026194674,716973.0,718102.06,758259.25,707239.4,719501.8,714986.75,513154.1,612652.94,833277.7,920216.6,715895.4,717112.5,717112.44,717863.875,717863.875,717863.875
19_1000_14,2023-11-01,0.0,1087962.4313705415,717112.5026194674,549736.625,927529.9438090739,508590.99694116996,-272457.3960598216,602356.5555333649,725300.1316451607,829421.7135337908,725389.9780372893,787950.6278571011,725300.1316451607,717186.198853537,717112.5026194674,718971.2,717587.8,755010.2,640212.94,724817.6,736496.6,607619.5,637818.5,821129.2,853041.56,714089.5,717112.5,717112.5,1435727.75,717863.875,717863.875
19_1000_14,2023-12-01,0.0,1087962.4313705415,717112.5026194674,404896.03125,982441.3152472207,518383.4455207105,-331466.8100790201,545266.9135345718,725300.1316451607,829421.7135337908,725389.9780372893,787950.6278571011,725300.1316451607,717186.198853537,717112.5026194674,719965.6,720331.94,748831.2,703343.6,735165.3,727663.75,543720.44,605738.5,822048.2,863610.44,717057.9,717112.5,717112.5,717863.875,717863.875,717863.875
19_1000_14,2024-01-01,6863651.606288264,1087962.4313705415,717112.5026194674,416667.5,1018558.122323479,-24142.89991562208,-888477.9825876207,488177.2715357786,725300.1316451607,829421.7135337908,725389.9780372893,787950.6278571011,725300.1316451607,717186.198853537,717112.5026194674,717690.4,719724.56,745425.9,617485.3,753334.2,763911.0,676118.75,688213.06,864369.25,927826.9,716591.6,717112.5,717112.5,717863.875,717863.875,717863.875
19_1000_2,2023-10-01,10681.405211149791,1006.1837936123045,10681.405211149791,5895.6083984375,22369.97734996675,13512.106460129857,-72262.0085450437,5710.735336610078,10945.817322294151,60593.34829230442,11187.11238860841,57563.6808776892,10945.817322294151,10680.874034070539,10681.405211149791,10689.419,10898.158,10660.171,10108.948,10825.644,10792.558,9925.784,10164.864,11501.057,11698.226,46515.59,10681.405,10681.361,10585.896484375,10585.896484375,10585.896484375
19_1000_2,2023-11-01,10681.405211149791,0.0,10681.405211149791,4310.52197265625,31438.54204035836,11312.792084799908,-66630.67975298176,789.7721611181105,10945.817322294151,60593.34829230442,11187.11238860841,57563.6808776892,10945.817322294151,10680.874034070539,10681.405211149791,10708.627,10716.393,10644.181,9768.398,10981.245,10962.943,10108.072,10363.836,11618.419,11807.583,47090.895,10681.405,10681.381,10585.896484375,10585.896484375,10585.896484375
19_1000_2,2023-12-01,10681.405211149791,0.0,10681.405211149791,3435.663330078125,38474.377090792594,10826.125373874489,-73606.37498041577,-4131.191014373858,10945.817322294151,60593.34829230442,11187.11238860841,57563.6808776892,10945.817322294151,10680.874034070539,10681.405211149791,10444.614,6658.5117,10611.489,11878.733,11177.521,11216.706,10425.66,10624.385,11680.53,11884.661,47544.066,10681.405,10681.378,10585.896484375,0.0005603132303804159,10585.896484375
19_1000_2,2024-01-01,10681.405211149791,0.0,10681.405211149791,2651.091064453125,43933.12128538038,64937.849494882146,30538.519486222882,-9052.154189865825,10945.817322294151,60593.34829230442,11187.11238860841,57563.6808776892,10945.817322294151,10680.874034070539,10681.405211149791,11149.374,8544.327,10595.103,10299.607,11369.684,11353.592,10549.754,10903.297,11880.237,12007.773,46722.996,10681.405,10681.387,10585.896484375,0.0005603132303804159,10585.896484375
19_1000_5,2023-10-01,1371183660.0768354,723365834.0188982,664376107.0896368,638669760.0,639397501.3707211,656791895.5054916,349631283.09571785,688876708.2001514,526232015.09135425,308233156.24132836,426971428.2138218,292821498.4292619,526232015.09135425,610239491.0494945,664359217.6946815,664320100.0,669363460.0,696255740.0,560307140.0,735819260.0,719882400.0,193313950.0,387050300.0,1080531100.0,1207952400.0,703127040.0,666515460.0,654495940.0,683735744.0,691798656.0,664384704.0
19_1000_5,2023-11-01,1418501680.062422,782355559.2680743,664376107.0896368,634090688.0,615822816.8086123,697149697.7688811,350716055.17308086,713149001.1385353,526232015.09135425,308233156.24132836,426971428.2138218,292821498.4292619,526232015.09135425,610239491.0494945,664359217.6946815,661826100.0,669071550.0,700000400.0,388857200.0,794661400.0,788058940.0,531459870.0,636440300.0,933945660.0,987862500.0,728158600.0,665303800.0,652417200.0,678897984.0,691798656.0,664384704.0
19_1000_5,2023-12-01,1790731710.6746128,841345284.5172503,664376107.0896368,621176000.0,593573147.5886562,703375564.6753458,340891634.4145443,737421294.0769191,526232015.09135425,308233156.24132836,426971428.2138218,292821498.4292619,526232015.09135425,610239491.0494945,664359217.6946815,657330560.0,657738900.0,704955650.0,447461760.0,848036740.0,836903300.0,626064400.0,687456300.0,982673200.0,1040338940.0,892912800.0,663832960.0,629458600.0,675672768.0,675672768.0,664384704.0
19_1000_5,2024-01-01,2783475524.4990106,900335009.7664263,664376107.0896368,615048640.0,572574021.2125117,1100588242.9389217,792984862.8972499,761693587.0153029,526232015.09135425,308233156.24132836,426971428.2138218,292821498.4292619,526232015.09135425,610239491.0494945,664359217.6946815,654484900.0,655133060.0,719101060.0,359112960.0,895120640.0,908553300.0,784798600.0,798600770.0,1017241600.0,1059011260.0,964190700.0,664500860.0,613927500.0,449911008.0,675672768.0,662772160.0
1_1505_72,2023-10-01,311244.2796248925,598199.7082833919,599163.46648017,677499.75,643782.7287855732,282755.78995482065,180872.2921004987,587925.7553196754,552450.5475003526,552446.8690819137,552450.5475003526,524824.525627818,552450.5475003526,655971.6932776173,498143.9566528593,359053.53,365922.66,320818.44,586081.9,318462.78,315549.16,255466.14,269474.1,352937.2,368454.72,-1542864.8,327603.34,322042.7,311379.625,315765.25,263137.71875
1_1505_72,2023-11-01,1043960.8047561027,598199.7082833919,599163.46648017,686803.1875,590696.7455437046,2725737.1162758996,2378543.451695554,583532.4419051094,552450.5475003526,552446.8690819137,552450.5475003526,524824.525627818,552450.5475003526,655971.6932776173,498143.9566528593,367619.2,381737.34,320659.2,172354.14,316874.47,315698.3,282516.78,290378.78,333252.3,357339.4,-1280730.8,324020.3,328955.2,311379.625,324536.5,271908.96875
1_1505_72,2023-12-01,331009.37480643345,598199.7082833919,599163.46648017,699438.5,599434.6955509607,425835.32528572594,188365.06397779984,579139.1284905435,552450.5475003526,552446.8690819137,552450.5475003526,524824.525627818,552450.5475003526,655971.6932776173,498143.9566528593,306020.22,310281.38,320502.84,1244961.2,317005.9,317741.53,299363.56,304336.3,340850.53,351761.5,2132936.8,319644.9,324854.44,298222.71875,328922.125,276294.59375
1_1505_72,2024-01-01,682166.8648802621,598199.7082833919,599163.46648017,712887.125,597996.4294463011,125524.72069181711,123323.53818776109,574745.8150759775,552450.5475003526,552446.8690819137,552450.5475003526,524824.525627818,552450.5475003526,655971.6932776173,498143.9566528593,325022.72,321553.97,320389.9,894323.75,316707.94,317900.25,293153.1,301634.6,340379.9,348823.06,2598516.2,321615.06,309486.75,289451.46875,302608.34375,263137.71875
20_1000_14,2023-10-01,1457861503.8106024,1488285263.8243198,1418284732.985799,1453568384.0,1387635500.8371305,1350512358.6873186,1087887771.0156155,1495397538.739255,1246111380.1648676,720992480.5367358,1246111380.1648676,684942856.5098989,1246111380.1648676,1361393693.569776,1417235344.1354535,1422782500.0,1421630600.0,1448917800.0,1432518700.0,1307090300.0,1352751400.0,53832390.0,464155170.0,2167820000.0,2545957000.0,1508545400.0,1423574800.0,1467207800.0,1401812992.0,1310695040.0,1226586240.0
20_1000_14,2023-11-01,1391083554.0526762,1558275211.795432,1418284732.985799,1492697856.0,1357975416.9779606,1355356719.5788107,1200402137.4559233,1572777417.5089784,1246111380.1648676,720992480.5367358,1246111380.1648676,684942856.5098989,1246111380.1648676,1361393693.569776,1417235344.1354535,1415876500.0,1414102900.0,1358130800.0,952928900.0,1267473800.0,1274209000.0,557795600.0,686860540.0,1886449900.0,2135676300.0,1568542200.0,1420584000.0,1494703900.0,1433353728.0,1019818944.0,942719232.0
20_1000_14,2023-12-01,1512417062.3474112,1628265159.7665446,1418284732.985799,1538340608.0,1329282465.8276784,1347593531.217144,1134825375.5657263,1650157296.278702,1246111380.1648676,720992480.5367358,1246111380.1648676,684942856.5098989,1246111380.1648676,1361393693.569776,1417235344.1354535,1416849400.0,1422046300.0,1325490000.0,969597200.0,1229152300.0,1272825300.0,343260480.0,557959900.0,1729268900.0,1853767200.0,2086974100.0,1416957200.0,1508567400.0,1415831040.0,585256896.0,410030304.0
20_1000_14,2024-01-01,1117001623.8308156,1698255107.7376568,1418284732.985799,1580844032.0,1301525111.8828428,1728698743.0094779,1705714840.8181946,1727537175.0484254,1246111380.1648676,720992480.5367358,1246111380.1648676,684942856.5098989,1246111380.1648676,1361393693.569776,1417235344.1354535,1412260400.0,1416363600.0,1312655600.0,662954430.0,1198719100.0,1181550800.0,561126700.0,749266940.0,1683816200.0,2024521200.0,1935901000.0,1418606100.0,1534498600.0,1338731264.0,133172232.0,21027200.0
3_1000_15,2023-10-01,8479641.220861478,8443022.940006973,11817090.046632031,13089877.0,8659837.044495003,11939506.25458236,12460373.085858377,14823492.929089446,11531210.333054686,7782530.931947641,11531210.333054686,7393404.385350259,11531210.333054686,11517616.90164299,11651546.977184873,12112588.0,12445040.0,12833106.0,12931358.0,11669619.0,12683144.0,-1870461.5,2540818.2,23737796.0,25798622.0,11420180.0,12046076.0,10487919.0,6645864.5,7189237.5,919553.6875
3_1000_15,2023-11-01,7017979.929425723,10792875.27179403,12001379.516145322,14303809.0,7093661.393797988,16307408.766824342,16494553.873961829,15667070.808335122,11531210.333054686,7782530.931947641,11531210.333054686,7393404.385350259,11531210.333054686,11517616.90164299,11651546.977184873,11890955.0,11991216.0,13642527.0,8293623.0,13066277.0,13306136.0,4051505.5,6416289.0,18841908.0,19815366.0,8759435.0,12012930.0,10405906.0,5350130.0,2382480.0,1880905.25
3_1000_15,2023-12-01,14459437.11560531,9235063.939325025,12185668.985658612,15081903.0,6356561.124750142,16678357.975366808,16571255.743236778,16510648.687580798,11531210.333054686,7782530.931947641,11531210.333054686,7393404.385350259,11531210.333054686,11517616.90164299,11651546.977184873,11795424.0,12827878.0,14131010.0,8026416.0,14447783.0,14299278.0,6918050.5,9181407.0,20708590.0,22221198.0,9895250.0,11972888.0,10325388.0,6060694.5,41797.97265625,2758661.0
3_1000_15,2024-01-01,5849497.136898728,10267799.534979796,12369958.455171904,16133980.0,6009654.43750302,24856484.540998824,25060509.47716349,17354226.566826474,11531210.333054686,7782530.931947641,11531210.333054686,7393404.385350259,11531210.333054686,11517616.90164299,11651546.977184873,11796717.0,11713688.0,14294649.0,5516241.5,15834738.0,16066793.0,10831523.0,12424485.0,21364554.0,22411472.0,9233200.0,11991174.0,10252534.0,4639566.0,41797.97265625,41797.97265625
3_1109_16,2023-10-01,26656.759402371128,13328.379701185564,13355.700849918634,12766.1708984375,21677.65707809586,4210.815231140368,-37512.594835675525,6681.734714829839,15604.888677007035,30517.00774414543,15604.888677007035,28991.157356938158,15604.888677007035,13713.070935229342,13335.242565555665,13825.656,13506.696,13329.161,13593.418,13147.617,13294.517,10866.82,12029.533,14337.334,14897.699,13427.272,13448.77,13074.772,13356.9833984375,13356.9833984375,11905.1376953125
3_1109_16,2023-11-01,13328.379701185564,13328.379701185564,13355.700849918634,11205.6328125,27354.703174630195,19792.353842768483,-32275.854675655675,2433.4922874340564,15604.888677007035,30517.00774414543,15604.888677007035,28991.157356938158,15604.888677007035,13713.070935229342,13335.242565555665,13366.443,13414.889,13323.2705,11395.713,13042.594,12835.58,11733.711,11949.977,14484.7,15015.231,13351.223,13380.564,13031.747,13356.9833984375,13356.9833984375,12485.876953125
3_1109_16,2023-12-01,13328.379701185564,13328.379701185564,13355.700849918634,10813.0205078125,31214.780032455485,9648.278791077726,-38388.59467886771,-1814.7501399617277,15604.888677007035,30517.00774414543,15604.888677007035,28991.157356938158,15604.888677007035,13713.070935229342,13335.242565555665,13615.244,13394.058,13312.086,8769.865,12937.854,12845.822,11153.992,11740.509,14211.644,14773.925,13476.225,13297.954,12480.383,13356.9833984375,13356.9833984375,13356.9833984375
3_1109_16,2024-01-01,13328.379701185564,13328.379701185564,13355.700849918634,9993.5185546875,33839.41846148189,19752.98567686407,-26618.388893912408,-6062.992567357513,15604.888677007035,30517.00774414543,15604.888677007035,28991.157356938158,15604.888677007035,13713.070935229342,13335.242565555665,13169.85,13412.912,13305.914,14980.584,12842.771,12928.6875,11549.551,11900.53,14096.476,14695.2295,13456.593,13335.545,12526.5625,13356.9833984375,26423.59765625,13356.9833984375
3_1113_74,2023-10-01,1105.0039566080045,1105.0039566080045,1105.0039566080045,869.1488647460938,1492.3272159426333,-2469.46044075039,-8706.962675728904,496.59981998263936,1202.1543517856976,3812.660601847301,1202.1543517856976,3622.027571754936,1202.1543517856976,1105.84023038712,1105.003956608004,1104.798,1110.2037,1105.6798,1460.217,1105.6501,1104.6997,1095.4496,1097.6555,1114.6918,1117.4269,1115.7062,1105.2437,1102.9476,1057.64306640625,1133.18896484375,1095.4161376953125
3_1113_74,2023-11-01,1105.0039566080045,1105.0039566080045,1105.0039566080045,991.4536743164062,1848.150136610754,-1599.4675091830295,-8670.387866332425,-105.72027527647043,1202.1543517856976,3812.660601847301,1202.1543517856976,3622.027571754936,1202.1543517856976,1105.84023038712,1105.003956608004,1104.647,1104.7942,1105.37,1362.9867,1106.5005,1107.8164,1097.6278,1098.7836,1116.395,1120.3505,1104.7439,1105.1079,1103.7487,1057.64306640625,1133.18896484375,1095.4161376953125
3_1113_74,2023-12-01,1105.0039566080045,1105.0039566080045,1105.0039566080045,833.3583984375,2175.0345873155507,-292.0897151719,-8722.482680193176,-708.0403705355802,1202.1543517856976,3812.660601847301,1202.1543517856976,3622.027571754936,1202.1543517856976,1105.84023038712,1105.003956608004,1105.3427,1096.8602,1104.7661,-161.53015,1107.7789,1107.6262,1097.0133,1098.9746,1114.0717,1116.2748,1122.7625,1104.943,1104.0706,1057.64306640625,1133.18896484375,1095.4161376953125
3_1113_74,2024-01-01,1105.0039566080045,1105.0039566080045,1105.0039566080045,872.8351440429688,2475.3340843573383,-57.89477379094592,-7812.716846898023,-1310.36046579469,1202.1543517856976,3812.660601847301,1202.1543517856976,3622.027571754936,1202.1543517856976,1105.84023038712,1105.003956608004,1105.2141,1107.2069,1104.3546,876.6845,1109.6135,1110.2224,1099.2537,1103.7697,1119.8944,1123.8325,1119.9325,1105.0178,1104.7753,1057.64306640625,1133.18896484375,1095.4161376953125
3_1203_16,2023-10-01,276.02621210631196,360.4931665881027,276.0232362997778,88.7862548828125,525.3346879482795,-222.13875256931976,-876.9815787749056,-30.920560063536527,445.2106227224506,445.2174332747016,445.2106227224506,422.9565616109665,445.2106227224506,275.9848244016865,448.8502128494473,276.05435,276.0523,276.8903,275.68008,286.31015,284.0421,82.520996,130.10403,418.05142,456.8977,274.6361,276.08408,275.52988,277.28179931640625,277.28179931640625,277.28179931640625
3_1203_16,2023-11-01,276.02621210631196,0.0,276.0232362997778,6.100484848022461,631.5521094073152,249.40349964104564,-1090.4283649850918,-114.13944087012129,445.2106227224506,445.2174332747016,445.2106227224506,422.9565616109665,445.2106227224506,275.9848244016865,448.8502128494473,276.04755,276.03033,277.0594,270.495,298.01166,301.19406,154.0849,210.22705,420.14987,441.4367,276.08972,276.0513,275.72324,277.28179931640625,277.28179931640625,277.28179931640625
3_1203_16,2023-12-01,276.02621210631196,0.0,276.0232362997778,4.208203315734863,676.8058481071499,595.3707518818546,-1083.2658867597193,-197.35832167670617,445.2106227224506,445.2174332747016,445.2106227224506,422.9565616109665,445.2106227224506,275.9848244016865,448.8502128494473,276.06512,276.08047,277.54214,270.9985,308.14273,304.7978,121.96534,166.81007,481.39716,513.8894,275.82233,276.0115,275.8009,277.28179931640625,277.28179931640625,277.28179931640625
3_1203_16,2024-01-01,276.02621210631196,0.0,276.0232362997778,2.0946383476257324,696.0861209492346,-220.83357586591353,-1395.5157442534373,-280.5772024832911,445.2106227224506,445.2174332747016,445.2106227224506,422.9565616109665,445.2106227224506,275.9848244016865,448.8502128494473,276.02393,276.02057,278.11008,268.50372,318.68704,312.89453,140.36223,180.77956,459.39093,491.73526,276.1219,276.02957,275.97104,277.28179931640625,260.97113037109375,277.28179931640625
3_1204_16,2023-10-01,32542.321566696595,32741.02447508583,32748.600944441623,30834.884765625,35930.71450380444,30346.810261642997,18912.89819202988,31074.31220452994,33324.747015677036,45491.23078797727,33324.747015677036,43216.66924857841,33324.747015677036,32810.236287735934,32745.22263901683,32729.37,32758.266,32376.021,30870.287,32616.832,32607.867,31427.068,31738.727,33210.15,33650.562,32728.363,32767.39,32737.184,33473.9140625,33473.9140625,35067.91015625
3_1204_16,2023-11-01,21477.896269692443,32741.02447508583,32748.600944441623,29945.490234375,38621.10203858235,35461.216075411154,19884.72139775227,30455.152217998075,33324.747015677036,45491.23078797727,33324.747015677036,43216.66924857841,33324.747015677036,32810.236287735934,32745.22263901683,32726.672,32762.234,32281.158,31232.861,32417.98,32440.527,31796.377,31937.717,32968.453,33132.05,32711.9,32752.467,32566.57,51645.46875,32517.515625,33473.9140625
3_1204_16,2023-12-01,21079.591344731216,32741.02447508583,32748.600944441623,29215.1953125,40890.346078636045,35158.50168967483,15413.100767695936,29863.98428609428,33324.747015677036,45491.23078797727,33324.747015677036,43216.66924857841,33324.747015677036,32810.236287735934,32745.22263901683,32717.385,32763.324,32302.43,33389.28,32212.066,32154.7,31588.9,31709.967,32616.7,32723.994,32738.96,32734.38,32350.855,51645.46875,32517.515625,33473.9140625
3_1204_16,2024-01-01,362208.4287480915,32741.02447508583,32748.600944441623,28454.24609375,42804.37089727403,51899.8199860531,41092.07958137612,29298.217633123702,33324.747015677036,45491.23078797727,33324.747015677036,43216.66924857841,33324.747015677036,32810.236287735934,32745.22263901683,32719.307,32762.943,32307.084,33463.715,32032.111,32025.113,31405.152,31486.463,32410.238,32582.152,32734.71,32742.592,32229.066,51645.46875,48776.2734375,34111.51171875
3_1215_16,2023-10-01,8164.801407613742,8164.801407613742,8272.371693716146,7961.5458984375,10900.907662205824,8327.178310202129,8446.410666308562,3354.2714845153123,9391.158557293762,19123.937087954982,9391.158557293762,18167.740233557233,9391.158557293762,8418.136353634916,8276.175996778537,8171.0483,8177.8687,7929.248,4645.6475,7933.4062,7958.286,7522.605,7597.271,8343.011,8482.485,8184.1436,8248.523,8075.122,8156.16845703125,7801.552734375,7801.552734375
3_1215_16,2023-11-01,8164.801407613742,8164.801407613742,8272.371693716146,7764.8427734375,13171.861312711726,-24814.5442005093,-24661.621877036843,1203.07460473431,9391.158557293762,19123.937087954982,9391.158557293762,18167.740233557233,9391.158557293762,8418.136353634916,8276.175996778537,8161.424,8160.0186,7871.17,10006.632,7789.717,7784.8115,7087.7656,7307.653,8221.056,8414.752,8146.165,8200.521,8088.6714,7624.2451171875,7624.2451171875,7624.2451171875
3_1215_16,2023-12-01,8164.801407613742,8164.801407613742,8272.371693716146,7557.52783203125,15056.740773840314,-7265.0168486065095,-7104.88803266815,-948.1222750466941,9391.158557293762,19123.937087954982,9391.158557293762,18167.740233557233,9391.158557293762,8418.136353634916,8276.175996778537,8118.8076,8151.3525,7890.027,5957.8047,7658.706,7737.1045,6881.6797,7033.8306,8384.274,8988.996,8208.59,8144.187,8080.5586,7446.9365234375,7978.86083984375,7446.9365234375
3_1215_16,2024-01-01,8164.801407613742,8164.801407613742,8272.371693716146,7363.5859375,16621.180709544395,-21272.93343245934,-21039.96168672511,-3099.3191548276973,9391.158557293762,19123.937087954982,9391.158557293762,18167.740233557233,9391.158557293762,8418.136353634916,8276.175996778537,8125.54,8125.0522,7896.5156,8691.278,7528.778,7610.8154,6646.197,6799.238,8570.459,8970.586,8198.785,8170.8604,8078.875,7446.9365234375,7978.86083984375,7269.62890625
5_1000_1,2023-10-01,359.6432731026866,109.87101999247534,231.96991152890774,233.97377014160156,260.0578765219377,170.72492095011805,-215.28974958032478,185.7665975439487,328.2076239060126,846.1598830152889,328.2076239060126,803.8518888645244,328.2076239060126,256.86762687023315,231.97374039612558,233.79022,233.42337,104.509766,251.23904,219.54807,215.92442,132.21243,151.40158,270.94025,309.25964,231.49829,234.10986,235.1859,241.6298370361328,234.7261199951172,372.80029296875
5_1000_1,2023-11-01,293.1092675786896,-12.227871166282057,231.96991152890774,225.20547485351562,287.43614979619815,-8.649977028959086,-331.4228457973776,141.7960930384694,328.2076239060126,846.1598830152889,328.2076239060126,803.8518888645244,328.2076239060126,256.86762687023315,231.97374039612558,230.20566,228.6661,94.49567,390.48013,210.58066,215.8597,108.86794,152.79721,276.46167,334.62125,230.7948,232.89899,235.57867,276.14837646484375,248.53353881835938,524.681884765625
5_1000_1,2023-12-01,269.7324548270149,-134.32676232503945,231.96991152890774,224.94158935546875,314.12266259935996,-87.19117494971923,-357.6744583974408,99.41426662045347,328.2076239060126,846.1598830152889,328.2076239060126,803.8518888645244,328.2076239060126,256.86762687023315,231.97374039612558,231.09387,237.94717,96.378235,352.4717,199.51663,203.23624,133.78076,147.89133,257.47372,279.7518,231.95111,231.42993,232.78273,545.3930053710938,345.1854553222656,780.1190795898438
5_1000_1,2024-01-01,269.7324548270149,-256.42565348379685,231.96991152890774,218.14694213867188,340.1348934825568,120.50194152032464,47.98552879690931,58.48051035878753,328.2076239060126,846.1598830152889,328.2076239060126,803.8518888645244,328.2076239060126,256.86762687023315,231.97374039612558,230.89468,237.88824,98.9176,431.7815,186.26614,188.952,129.67328,138.90327,231.38698,239.34804,231.76953,232.0958,234.80405,780.1190795898438,524.681884765625,959.6155395507812
5_1000_15,2023-10-01,1053499723.0896136,612502638.5800639,692123179.2654413,662775104.0,473928315.4185411,692312004.7965466,372147459.7234814,620435936.9902014,510201500.998539,307583438.04901993,510201500.998539,292204266.1465689,510201500.998539,596016853.1814191,608200378.4746219,623600800.0,629284100.0,619703300.0,596741250.0,674533500.0,604377200.0,-102863880.0,131730904.0,1244157800.0,1516952600.0,520875620.0,622338940.0,786797900.0,206564448.0,109461504.0,596741696.0
5_1000_15,2023-11-01,571877615.7851002,612502638.5800639,840362219.4062076,711313472.0,384043711.73742235,574751145.446739,345819945.9029273,642260694.1806799,510201500.998539,307583438.04901993,510201500.998539,292204266.1465689,510201500.998539,596016853.1814191,608200378.4746219,619712960.0,621949440.0,581021600.0,394724640.0,674183940.0,687715500.0,-128531260.0,206425440.0,1168468400.0,1561726500.0,244292600.0,621137900.0,760446500.0,102399472.0,95337440.0,564962560.0
5_1000_15,2023-12-01,330388152.19150496,612502638.5800639,988601259.5469738,757882880.0,328817155.197808,579484489.4261414,364599528.3998494,664085451.3711585,510201500.998539,307583438.04901993,510201500.998539,292204266.1465689,510201500.998539,596016853.1814191,608200378.4746219,619795600.0,620511000.0,564913600.0,499017540.0,664525700.0,720908160.0,135686660.0,324262800.0,1039740700.0,1112058400.0,297807780.0,619688400.0,701411140.0,86509896.0,107695992.0,556135040.0
5_1000_15,2024-01-01,205789460.60243437,612502638.5800639,1136840299.68774,809958720.0,294885064.2465755,621109754.273819,491036934.08010375,685910208.5616369,510201500.998539,307583438.04901993,510201500.998539,292204266.1465689,510201500.998539,596016853.1814191,608200378.4746219,619091300.0,618282000.0,558084600.0,335506180.0,653524740.0,641640200.0,75890160.0,255065100.0,896160400.0,951533400.0,303247870.0,620350900.0,657465700.0,90040912.0,114758024.0,526121408.0
5_1000_73,2023-10-01,10104156.179223593,9190470.71054443,11655338.378735902,11549843.0,12171201.350481361,212211.99111048505,-13591831.628248781,8259647.362485832,12731255.397051152,26825095.28670623,12731255.397051152,25483840.52237092,12731255.397051152,11529329.116514564,11651336.43957743,11637452.0,11640908.0,11183918.0,10534980.0,11816127.0,11652470.0,9200801.0,10167011.0,13224674.0,14181673.0,11645247.0,11725782.0,11387083.0,11253317.0,12003538.0,11753464.0
5_1000_73,2023-11-01,11435577.154846124,6725562.885236934,11655338.378735902,10781080.0,12675174.819994882,1457157.967352551,-12876952.707442872,4901873.467250403,12731255.397051152,26825095.28670623,12731255.397051152,25483840.52237092,12731255.397051152,11529329.116514564,11651336.43957743,11628242.0,11609776.0,11068744.0,12380011.0,12045529.0,12054802.0,9563915.0,10223648.0,13589967.0,13875688.0,11603444.0,11685975.0,11386643.0,12503685.0,13754053.0,11753464.0
5_1000_73,2023-12-01,11027097.022580642,4260655.059929438,11655338.378735902,10812030.0,13167571.144410979,-4041496.6374796536,-19176833.94092145,1544099.5720149744,12731255.397051152,26825095.28670623,12731255.397051152,25483840.52237092,12731255.397051152,11529329.116514564,11651336.43957743,11595127.0,11626361.0,11095924.0,11911276.0,12257771.0,12191164.0,10116809.0,10697384.0,14114911.0,14684026.0,11672155.0,11637570.0,11370649.0,12753758.0,17755234.0,11753464.0
5_1000_73,2024-01-01,11632891.840201182,1795747.234621942,11655338.378735902,10255946.0,13648656.270841379,-11143348.747780923,-24234515.68826651,-1813674.323220454,12731255.397051152,26825095.28670623,12731255.397051152,25483840.52237092,12731255.397051152,11529329.116514564,11651336.43957743,11578480.0,11584091.0,11102942.0,12216503.0,12500403.0,12286694.0,9692970.0,10665731.0,14054420.0,14512120.0,11661363.0,11659434.0,11368645.0,15254496.0,22756706.0,11753464.0
5_1114_73,2023-10-01,8638.63141992653,8638.63141992653,8991.503770584559,9537.8447265625,51228.70764469431,-17262.758176771127,-67068.09755833655,-27625.134866660403,22301.88358738288,125362.83115582027,33267.33917130765,119094.68959802925,22301.88358738288,9789.975335068444,8996.728527249277,8893.641,8764.713,5796.4023,-18032.732,10343.469,8971.965,-74468.59,-28681.102,49030.312,58560.89,10722.852,9627.336,10069.522,3645.965087890625,7291.92724609375,8507.248046875
5_1114_73,2023-11-01,4455.980153742286,8638.63141992653,8991.503770584559,8848.4970703125,81404.34246392509,-19008.424025418208,-93095.67198007969,-45632.433829276575,22301.88358738288,125362.83115582027,33267.33917130765,119094.68959802925,22301.88358738288,9789.975335068444,8996.728527249277,8640.106,8119.45,4948.7227,45689.85,8030.922,7086.4277,-25787.52,-17042.455,32898.332,42266.2,10310.4375,9068.328,10260.434,12153.2109375,8507.248046875,8507.248046875
5_1114_73,2023-12-01,4455.980153742286,8638.63141992653,8991.503770584559,8541.833984375,102784.1806200738,120317.51487881845,46845.154783366524,-63639.73279189276,22301.88358738288,125362.83115582027,33267.33917130765,119094.68959802925,22301.88358738288,9789.975335068444,8996.728527249277,8312.584,8424.686,5049.3057,35055.023,3930.3281,4957.9663,-40374.258,-20312.375,34145.77,40506.746,10988.32,8388.484,10654.653,29167.703125,13368.53125,7291.92724609375
5_1114_73,2024-01-01,0.0,8638.63141992653,8991.503770584559,8092.05322265625,117932.07998727477,43570.985566010946,-100214.10977097489,-81647.0317545089,22301.88358738288,125362.83115582027,33267.33917130765,119094.68959802925,22301.88358738288,9789.975335068444,8996.728527249277,8130.427,8108.289,5090.33,-10307.875,-1627.7812,-1656.3777,-37518.234,-29506.635,20935.984,30931.293,10881.852,8695.508,11307.256,41320.91015625,17014.494140625,15799.173828125
5_1402_2,2023-10-01,28389.34087054332,28389.34087054332,28389.341733314628,39685.48046875,29642.04975995496,48250.75334588333,64633.381265435266,28943.913306249236,56271.66348727445,44650.06518885653,56271.66348727445,42417.56192941371,56271.66348727445,47064.3305990358,28397.974588228986,28372.32,28580.875,33182.285,87828.59,17479.045,14281.669,-4812.619,-2464.786,33918.566,45653.457,2372.7578,28727.617,21581.477,21176.994140625,18794.58203125,28324.228515625
5_1402_2,2023-11-01,28389.34087054332,28389.34087054332,28389.341733314628,30470.24609375,30565.019125627812,39102.78130805803,66109.93058720962,29484.40261200332,56271.66348727445,44650.06518885653,56271.66348727445,42417.56192941371,56271.66348727445,47064.3305990358,28397.974588228986,28117.676,27978.008,34156.58,48240.645,12072.003,14208.57,-14975.435,-7833.373,32999.246,41679.566,1170.3867,28535.846,21761.688,14029.7587890625,18794.58203125,21441.70703125
5_1402_2,2023-12-01,28389.34087054332,28389.34087054332,28389.341733314628,35633.49609375,31245.04339716519,36721.3352092908,64367.38094647554,30024.891917757403,56271.66348727445,44650.06518885653,56271.66348727445,42417.56192941371,56271.66348727445,47064.3305990358,28397.974588228986,28186.527,28349.904,34102.516,37941.027,8079.46,10093.4795,-9575.173,-4415.0728,30368.56,37469.2,-7365.4023,28304.084,21239.09,14029.7587890625,18794.58203125,18794.58203125
5_1402_2,2024-01-01,28389.34087054332,28389.34087054332,28389.341733314628,29807.55078125,31746.070871184143,51750.96871575569,84666.40782469753,30565.381223511486,56271.66348727445,44650.06518885653,56271.66348727445,42417.56192941371,56271.66348727445,47064.3305990358,28397.974588228986,28285.203,28101.887,33582.555,23615.102,5586.963,6807.404,-12197.757,-5105.305,16126.382,19339.107,-4100.66,28409.865,19899.71,14029.7587890625,18794.58203125,18794.58203125
5_1502_73,2023-10-01,2149697.534533054,3652965.6565313316,3042180.3463201523,2662042.75,3526795.6253763908,5310136.359609626,4940479.099608595,2163812.6292502624,3070319.563587774,3070349.749456584,3070319.563587774,2916832.2619837546,3070319.563587774,2229098.883228365,3258858.449997363,3056343.0,3090596.2,2823555.2,1660060.5,3478543.2,3260925.5,1203675.8,1773292.9,5163459.0,5565168.5,3252444.8,3081797.2,4171978.5,4097535.0,3106627.75,3053065.25
5_1502_73,2023-11-01,1074848.767266527,3652965.6565313316,3042180.3463201523,2653803.0,3626897.324906931,3189622.385215802,2940087.7285689553,2037626.119733679,3070319.563587774,3070349.749456584,3070319.563587774,2916832.2619837546,3070319.563587774,2229098.883228365,3258858.449997363,3024355.5,2938856.0,2793426.0,2733210.0,3899424.2,3761540.0,1705317.6,2160766.5,5705887.5,6306102.0,3285492.8,3059458.5,5293520.0,3053065.25,3186971.5,3133409.0
5_1502_73,2023-12-01,1074848.767266527,3652965.6565313316,3042180.3463201523,2645887.5,3647579.607978891,6258245.496740191,5905697.239839433,1911439.6102170958,3070319.563587774,3070349.749456584,3070319.563587774,2916832.2619837546,3070319.563587774,2229098.883228365,3258858.449997363,3056186.0,2781739.2,2773883.5,1477044.2,3899598.5,4082278.5,2140010.2,2665716.5,5640428.5,6334999.0,3246710.5,3032329.5,5265445.5,3053065.25,3267315.5,3106627.75
5_1502_73,2024-01-01,1074848.767266527,3652965.6565313316,3042180.3463201523,2638057.5,3651852.830462374,9999933.488816077,8150630.135634309,1785253.1007005118,3070319.563587774,3070349.749456584,3070319.563587774,2916832.2619837546,3070319.563587774,2229098.883228365,3258858.449997363,3008719.5,3228290.2,2767342.0,1624854.8,3641798.8,3496040.5,1320564.2,2112308.0,5009755.5,5312813.5,3056594.8,3044608.0,4776826.0,3053065.25,3320878.0,3561909.5
6_1101_14,2023-10-01,6683.071122430673,7010.346500954118,7010.346501520552,10684.59765625,21941.626625337274,-56689.228195758136,-167069.02113277052,-12765.40139397346,8828.847704340265,55981.550281152166,8828.847704340265,53182.47276709456,8828.847704340265,7031.515653343517,7011.790968517144,7031.5566,6994.4126,7005.883,2387.2676,7015.0103,7011.1816,6919.969,6949.1836,7084.603,7116.7515,6468.59,7046.792,6999.4155,6870.5927734375,6870.5927734375,6870.5927734375
6_1101_14,2023-11-01,6752.3024525029405,7010.346500954118,7010.346501520552,5648.04443359375,34248.65769982053,-10508.77982135307,-165199.67705140036,-27022.15611083389,8828.847704340265,55981.550281152166,8828.847704340265,53182.47276709456,8828.847704340265,7031.515653343517,7011.790968517144,7043.7324,6923.0244,7004.7207,-10978.578,7034.491,7044.4717,6928.713,6954.3066,7088.8706,7105.0513,6247.668,7026.1396,6995.3135,6870.5927734375,6870.5927734375,6870.5927734375
6_1101_14,2023-12-01,6752.3024525029405,7010.346500954118,7010.346501520552,8004.861328125,44392.664952149375,-9818.473583046165,-169892.4130346889,-41278.91082769432,8828.847704340265,55981.550281152166,8828.847704340265,53182.47276709456,8828.847704340265,7031.515653343517,7011.790968517144,7023.4307,6826.3193,6999.501,-8775.473,7069.9307,7072.085,6975.7686,6991.671,7151.1846,7187.3477,6610.793,7001.182,6987.8936,6870.5927734375,6870.5927734375,6870.5927734375
6_1101_14,2024-01-01,6752.3024525029405,7010.346500954118,7010.346501520552,5768.671875,52753.81091111664,-33809.25746493593,-169703.83280682104,-55535.66554455475,8828.847704340265,55981.550281152166,8828.847704340265,53182.47276709456,8828.847704340265,7031.515653343517,7011.790968517144,6990.0986,6928.5815,6992.886,7412.3623,7117.264,7118.4814,7014.7134,7042.1934,7194.2817,7207.554,6553.7617,7012.563,6997.864,14365.7841796875,6870.5927734375,6870.5927734375
6_1104_14,2023-10-01,269.7324548270149,252.64939935463732,252.64939935463732,3239.1787109375,2919.3442249904983,-380292.0868427322,-875788.9100045663,-80170.39126051581,8148.899373032271,291696.25414648175,8148.899373032271,277111.44143915764,8148.899373032271,346.0183040614521,252.64939935463732,342.0335,230.99849,8097.6333,-12798.263,6864.7207,5965.8154,-39464.38,-31332.246,44959.906,92956.12,157.875,305.22656,252.60544,0.005496725905686617,0.005496725905686617,0.005496725905686617
6_1104_14,2023-11-01,269.7324548270149,252.64939935463732,252.64939935463732,116.62173461914062,5457.717370484323,-390585.2448597007,-858250.1113099211,-158949.85788766525,8148.899373032271,291696.25414648175,8148.899373032271,277111.44143915764,8148.899373032271,346.0183040614521,252.64939935463732,348.65137,346.63986,7473.816,1639.514,15886.397,13998.891,-57524.49,-27238.21,57875.707,75312.92,-184.375,275.49524,252.62459,0.005496725905686617,0.005496725905686617,0.005496725905686617
6_1104_14,2023-12-01,269.7324548270149,252.64939935463732,252.64939935463732,1922.52197265625,7873.9436907299605,-383025.8157711314,-865212.8163580659,-237729.3245148147,8148.899373032271,291696.25414648175,8148.899373032271,277111.44143915764,8148.899373032271,346.0183040614521,252.64939935463732,-89.05559,26.725037,6293.802,-38826.69,27648.04,29367.324,-25749.057,-12474.318,59178.867,67993.43,378.1797,239.35327,252.62184,0.005496725905686617,0.005496725905686617,0.005496725905686617
6_1104_14,2024-01-01,269.7324548270149,252.64939935463732,252.64939935463732,737.7456665039062,10173.900905850904,-344215.0053651506,-623049.8125517017,-316508.79114196415,8148.899373032271,291696.25414648175,8148.899373032271,277111.44143915764,8148.899373032271,346.0183040614521,252.64939935463732,-310.65564,200.35767,5635.546,-8841.176,41175.5,43287.9,-2487.4731,9257.412,80794.61,91289.43,289.8203,255.68689,252.6308,0.005496725905686617,0.005496725905686617,0.005496725905686617
6_1106_14,2023-10-01,4155.678020701544,41996.571422267894,5761.63746024615,28647.052734375,41996.571422267894,-2244.7776067698833,57980.031613223255,4622.712208063187,51903.899548241396,84461.25469491133,51903.899548241396,80238.19196016576,51903.899548241396,28608.930248531906,5638.721150187227,5677.539,6012.664,25356.29,68742.0,9211.758,9558.119,553.3132,3421.6814,16519.883,19629.74,5091.5938,5970.4375,-387.29688,1474.2733154296875,5897.0888671875,4422.81689453125
6_1106_14,2023-11-01,5194.147971785551,63238.2683599415,5903.056407411508,23893.390625,63238.2683599415,5698.434879744442,70312.48767471258,3636.814396865221,51903.899548241396,84461.25469491133,51903.899548241396,80238.19196016576,51903.899548241396,28608.930248531906,5638.721150187227,5223.8984,5779.0938,25191.43,55484.785,823.0156,-448.78058,-7031.4443,-5980.346,6769.9834,8982.265,4888.164,5772.492,-1564.6172,32433.984375,7371.36083984375,5897.0888671875
6_1106_14,2023-12-01,5920.6273834529775,75642.23348213363,6044.475354576867,23935.4921875,75642.23348213363,-8394.089551334291,71485.93464591684,2650.9165856672553,51903.899548241396,84461.25469491133,51903.899548241396,80238.19196016576,51903.899548241396,28608.930248531906,5638.721150187227,4892.0156,5707.6016,25196.625,36230.598,-4141.133,-3733.0378,-14107.648,-10253.845,2115.6145,3559.8247,5222.539,5531.742,-1396.2344,28011.166015625,8108.49658203125,7371.36083984375
6_1106_14,2024-01-01,6874.581165357854,82885.4566202851,6185.894301742226,21843.33203125,82885.4566202851,-15992.870541034408,14313.69170958078,1665.0187744692896,51903.899548241396,84461.25469491133,51903.899548241396,80238.19196016576,51903.899548241396,28608.930248531906,5638.721150187227,5417.2734,5698.6875,25223.836,64659.76,-7271.5156,-7262.376,-13414.44,-11662.813,-2630.2087,81.321915,5170.0312,5640.4688,-2295.5,5159.953125,8108.49658203125,8845.6328125
6_1106_16,2023-10-01,15107.714794861105,15107.714794861105,15107.698792344685,29548.076171875,17851.584426722846,16864.83289045148,14289.737004166702,-29382.69139127095,37364.53371653156,287109.92418254167,37364.53371653156,272754.4279734146,37364.53371653156,15891.417479917936,15106.12973933288,14968.402,15314.821,14410.368,87026.33,15077.36,15015.404,14187.971,14480.71,15614.944,15895.827,14957.906,17790.383,15016.84,18656.482421875,15547.0693359375,15547.0693359375
6_1106_16,2023-11-01,14909.011886471872,15107.714794861105,15107.698792344685,13707.4296875,20447.171897923414,9165.021997129545,6575.25088847283,-73426.62480501544,37364.53371653156,287109.92418254167,37364.53371653156,272754.4279734146,37364.53371653156,15891.417479917936,15106.12973933288,15027.383,15162.206,14254.871,-49556.1,14936.921,15028.934,14151.923,14521.868,15517.794,15779.731,13945.8125,16270.5,15027.326,21765.896484375,15547.0693359375,12437.65625
6_1106_16,2023-12-01,12470.630494835657,15107.714794861105,15107.698792344685,24683.234375,22902.49056263789,-759302.6642155255,-761604.3091364658,-117470.55821875992,37364.53371653156,287109.92418254167,37364.53371653156,272754.4279734146,37364.53371653156,15891.417479917936,15106.12973933288,15128.018,15246.27,14298.572,49152.266,14679.884,14615.84,13940.667,14176.633,15230.75,15512.673,15609.375,14432.945,15014.008,416661.3125,18656.482421875,15547.0693359375
6_1106_16,2024-01-01,12194.604282729346,15107.714794861105,15107.698792344685,15516.8056640625,25225.12072331855,-759547.7150167567,-763405.0858997137,-161514.4916325044,37364.53371653156,287109.92418254167,37364.53371653156,272754.4279734146,37364.53371653156,15891.417479917936,15106.12973933288,15178.2295,15598.842,14308.08,84539.695,14336.721,14314.398,13508.145,13705.872,14849.368,15024.036,15348.094,15270.227,15021.623,836432.0625,21765.896484375,12437.65625
6_1107_14,2023-10-01,148038.16229089335,147861.0379788903,147861.04292324802,129242.953125,161205.53191184736,280162.2386374944,131638.47707645784,109080.46265676855,174734.82233370037,422419.3051844081,169110.87788184907,401298.33992518764,174734.82233370037,150470.82144222246,147861.52528544888,147850.1,149292.73,151447.52,130166.36,141881.12,141860.78,115820.61,125219.19,165674.67,170413.77,150090.9,149404.75,144396.64,147879.9375,147879.9375,147879.9375
6_1107_14,2023-11-01,147817.88078611795,147861.0379788903,147861.04292324802,124113.5,172819.76843323593,322494.2042422752,152834.10141660448,70801.64055721878,174734.82233370037,422419.3051844081,169110.87788184907,401298.33992518764,174734.82233370037,150470.82144222246,147861.52528544888,146916.69,147304.39,150384.11,214953.47,138396.08,135952.78,97689.11,110084.3,167627.69,185659.89,144968.5,148529.2,145099.83,147879.9375,147879.9375,147879.9375
6_1107_14,2023-12-01,147834.06473340758,147861.0379788903,147861.04292324802,115088.390625,182928.0940582052,325341.7760501113,161008.3239369833,32522.81845766901,174734.82233370037,422419.3051844081,169110.87788184907,401298.33992518764,174734.82233370037,150470.82144222246,147861.52528544888,146489.61,148488.44,148509.14,321964.0,137310.7,138365.03,110161.195,117859.49,156896.6,165967.6,147809.5,147474.22,145380.53,147879.9375,0.005750676151365042,147879.9375
6_1107_14,2024-01-01,147834.06473340758,147861.0379788903,147861.04292324802,108710.203125,191725.76635911284,463382.4590154706,349930.8877855525,-5756.00364188075,174734.82233370037,422419.3051844081,169110.87788184907,401298.33992518764,174734.82233370037,150470.82144222246,147861.52528544888,143923.55,146879.45,147529.64,70621.08,138803.75,138979.53,104968.66,114562.97,157423.6,180278.77,138386.61,147957.14,142307.92,147879.9375,0.005750676151365042,147879.9375
6_1111_14,2023-10-01,1661.551921734412,1661.551921734412,1661.551921734412,1672.303955078125,4334.61286716892,1985.7470435662692,2875.569427261914,890.5674186315687,2886.102974456256,10331.051809619588,2886.102974456256,9814.499219138608,2886.102974456256,1753.8340262012835,1661.5519217344145,1767.6616,1645.5979,2270.1057,-650.7079,1400.8379,1539.9454,-1801.4141,-730.898,4010.6887,5001.426,1632.877,1763.2568,1661.5079,1701.6798095703125,1701.6798095703125,3403.359375
6_1111_14,2023-11-01,1661.551921734412,1661.551921734412,1661.551921734412,1659.724365234375,6364.9370840624115,14352.235093824456,15062.89316327809,127.29276055975265,2886.102974456256,10331.051809619588,2886.102974456256,9814.499219138608,2886.102974456256,1753.8340262012835,1661.5519217344145,1696.9875,1654.6511,2221.093,2821.0913,1012.55176,978.9054,-1026.563,-660.66516,4173.639,4851.6436,1606.5537,1705.6665,1661.5271,1791.2418212890625,1701.6798095703125,1701.6798095703125
6_1111_14,2023-12-01,1661.551921734412,1661.551921734412,1661.551921734412,1668.271484375,7907.070432254403,14780.632008657572,15192.050631405964,-635.9818975120634,2886.102974456256,10331.051809619588,2886.102974456256,9814.499219138608,2886.102974456256,1753.8340262012835,1661.5519217344145,1664.9369,1611.6422,2128.7087,7352.479,558.05273,731.1332,-2394.9368,-1904.0266,2375.9038,3249.7324,1649.8213,1635.9385,1661.5243,1701.6798095703125,1701.6798095703125,1701.6798095703125
6_1111_14,2024-01-01,1661.551921734412,1661.551921734412,1661.551921734412,1659.9287109375,9078.398264439049,10090.869220782282,9054.14104381731,-1399.2565555838794,2886.102974456256,10331.051809619588,2886.102974456256,9814.499219138608,2886.102974456256,1753.8340262012835,1661.5519217344145,1642.5145,1570.5781,2076.4888,-1256.8851,97.82617,226.55878,-1934.0231,-1792.491,2354.4624,3455.0352,1643.0254,1667.6396,1661.5333,1701.6798095703125,1701.6798095703125,1701.6798095703125
6_1112_16,2023-10-01,6.293757279297015,6.293757279297015,5.710426211548445,6.337656021118164,10.00687736566378,-0.8478456139375032,-2.158506294758277,2.8613981142611715,3.432118854233141,17.273007096733117,5.361314201616727,16.40935674189646,3.432118854233141,3.2940318740273,5.720320309573836,6.2941456,6.232361,5.1195974,0.7258754,7.2383146,7.149834,4.6636224,5.2138157,8.946225,9.778706,6.1151576,5.7305307,1.4403836,6.051183223724365,2.1352674650643166e-07,7.956185340881348
6_1112_16,2023-11-01,6.293757279297015,6.293757279297015,5.710426211548445,2.7286529541015625,12.63392762835863,1.3447100457840269,-7.117842496234865,1.903906283273499,3.432118854233141,17.273007096733117,5.361314201616727,16.40935674189646,3.432118854233141,3.2940318740273,5.720320309573836,6.2534842,6.221735,5.13459,4.98796,9.801702,9.669614,7.6082177,7.990695,11.664729,12.141438,6.088957,2.8492599,1.2186103,2.1352674650643166e-07,2.1352674650643166e-07,2.1352674650643166e-07
6_1112_16,2023-12-01,6.293757279297015,6.293757279297015,5.710426211548445,4.151311874389648,14.492578283925765,3.9282141032133024,-5.871757305663154,0.9464144522858264,3.432118854233141,17.273007096733117,5.361314201616727,16.40935674189646,3.432118854233141,3.2940318740273,5.720320309573836,6.2341795,6.287649,5.140832,6.625641,11.873574,11.867578,9.281031,10.260733,13.646955,14.658239,6.1320233,3.9612308,1.0434976,2.1352674650643166e-07,2.1352674650643166e-07,2.1352674650643166e-07
6_1112_16,2024-01-01,6.293757279297015,6.293757279297015,5.710426211548445,2.5185329914093018,15.807582533557593,17.775853615936526,11.743605337608484,-0.011077378701845886,3.432118854233141,17.273007096733117,5.361314201616727,16.40935674189646,3.432118854233141,3.2940318740273,5.720320309573836,6.212695,6.1726384,5.173916,0.94734764,13.805357,13.861787,11.988443,12.497336,15.818699,16.170332,6.1252594,3.6866295,0.9012935,5.042652606964111,2.1352674650643166e-07,2.1352674650643166e-07
6_1113_16,2023-10-01,683.3222188951045,65.0783065614385,65.29891453431493,88.01786804199219,28.67941514603202,46.76817083281173,19.200450023652785,62.641103125831194,70.31760631890906,62.212896169004345,62.21347613765905,59.10225136055413,70.31760631890906,217.64454687130038,42.9545252643076,428.89005,427.94183,541.191,110.11587,82.26838,92.833786,-298.41382,-195.94154,347.3278,465.07367,385.64883,410.94785,420.37097,9.091334618460678e-07,18.130321502685547,9.091334618460678e-07
6_1113_16,2023-11-01,176.2252038203164,65.0783065614385,65.29891453431493,104.7275619506836,67.01721735885818,39.06364129296155,6.235002506503889,62.641103125831194,70.31760631890906,62.212896169004345,62.21347613765905,59.10225136055413,70.31760631890906,217.64454687130038,42.9545252643076,428.55856,427.43423,542.1016,127.53313,83.96665,102.14971,-210.12067,-132.7094,299.59607,373.85263,253.83643,279.8801,434.22934,9.091334618460678e-07,11.927844047546387,9.091334618460678e-07
6_1113_16,2023-12-01,398.30492496122537,65.0783065614385,65.29891453431493,110.39213562011719,63.34454181833279,49.155782364766594,18.07882834213286,62.641103125831194,70.31760631890906,62.212896169004345,62.21347613765905,59.10225136055413,70.31760631890906,217.64454687130038,42.9545252643076,428.82245,428.7728,542.1091,58.55839,90.78049,98.11606,-194.2074,-119.73334,248.91156,272.9293,437.41846,316.17352,391.4651,9.091334618460678e-07,11.927844047546387,35.78352737426758
6_1113_16,2024-01-01,415.387980433603,65.0783065614385,65.29891453431493,114.29389190673828,63.69637590498945,26.767536579532255,38.61258457314314,62.641103125831194,70.31760631890906,62.212896169004345,62.21347613765905,59.10225136055413,70.31760631890906,217.64454687130038,42.9545252643076,428.1955,427.4995,541.7381,9.0767765,86.97898,75.925095,-120.98286,-68.21106,231.45522,329.34497,446.91553,302.71182,344.2644,9.091334618460678e-07,9.091334618460678e-07,42.94023513793945
6_1115_14,2023-10-01,461.24249775419554,9226.445350965045,151.34341157404498,901.7315673828125,7119.854281646919,-56628.24692672896,-22973.881969808463,-84.79431558203197,1522.0528660895354,9307.522431059575,1522.0528660895354,8842.146309506596,1522.0528660895354,497.0104744127367,461.2424977541956,444.75647,536.93427,2488.6345,-2879.3604,1211.9617,1136.4818,-4429.376,-2022.3381,4788.773,6225.488,4171.6484,508.7644,461.19855,440.21917724609375,440.21917724609375,440.21917724609375
6_1115_14,2023-11-01,461.24249775419554,14282.663476089398,-158.52468159787674,-0.07287135720252991,10518.840559729677,-63876.17767630439,-25910.86021045305,-625.3707607848971,1522.0528660895354,9307.522431059575,1522.0528660895354,8842.146309506596,1522.0528660895354,497.0104744127367,461.2424977541956,854.9136,749.4896,2326.125,7855.506,2099.0686,1996.987,-1815.6562,-1290.075,5934.45,6639.4536,4994.3164,481.88428,461.21768,440.21917724609375,440.21917724609375,440.21917724609375
6_1115_14,2023-12-01,461.24249775419554,14282.663476089398,-468.39277476979845,-0.3415273129940033,12253.90307629537,-62827.924958557705,-24920.95250668341,-1165.9472059877621,1522.0528660895354,9307.522431059575,1522.0528660895354,8842.146309506596,1522.0528660895354,497.0104744127367,461.2424977541956,723.2964,606.54266,2020.1582,-2837.0176,3248.8743,3882.6592,-2587.9807,-929.0601,8449.894,9925.513,6985.044,449.23657,461.21494,440.21917724609375,440.21917724609375,440.21917724609375
6_1115_14,2024-01-01,461.24249775419554,14282.663476089398,-778.2608679417201,-0.10215896368026733,13139.591246266256,-64124.89086198113,-39272.46489530125,-1706.5236511906273,1522.0528660895354,9307.522431059575,1522.0528660895354,8842.146309506596,1522.0528660895354,497.0104744127367,461.2424977541956,160.04834,481.372,1848.802,-1226.9905,4582.5664,4769.751,-1288.6793,147.52008,8968.972,11037.067,-6230.379,464.00977,461.22388,440.21917724609375,330.1644287109375,440.21917724609375
6_1115_2,2023-10-01,9817.362247520587,16255.276538667045,16200.289105693906,10555.2578125,15711.310546313769,64823.33803074662,52762.928121212804,9817.362247520587,13270.05435904295,13539.592398643072,9073.874631984556,12862.612778710918,13270.05435904295,9834.94424914429,13510.52884280203,9844.652,9916.534,10907.2295,6700.1396,10001.0625,9885.09,6267.9326,6604.595,11751.063,12736.449,10153.678,9948.953,9817.318,9772.2353515625,9772.2353515625,9772.2353515625
6_1115_2,2023-11-01,9817.362247520587,16255.276538667045,16200.289105693906,10431.8408203125,16192.64449637852,12014.171398484057,-676.467474478326,9817.362247520587,13270.05435904295,13539.592398643072,9073.874631984556,12862.612778710918,13270.05435904295,9834.94424914429,13510.52884280203,9577.483,9709.855,10822.514,4701.409,10250.68,10344.733,7927.5,8764.808,12047.034,13809.095,8661.517,9874.541,9817.338,9653.0625,0.00022708362666890025,58395.0625
6_1115_2,2023-12-01,9817.362247520587,16255.276538667045,16200.289105693906,10294.705078125,16231.953014156386,10648.909456947293,-1059.2693697676732,9817.362247520587,13270.05435904295,13539.592398643072,9073.874631984556,12862.612778710918,13270.05435904295,9834.94424914429,13510.52884280203,11594.772,11584.232,10658.763,9194.825,10621.533,10469.686,7414.7676,8226.76,12366.374,13125.399,9553.1875,9784.084,9817.335,12989.9228515625,40519.0234375,9772.2353515625
6_1115_2,2024-01-01,9817.362247520587,16255.276538667045,16200.289105693906,10156.0302734375,16235.163175354624,10643.91572611657,-1464.2608590305908,9817.362247520587,13270.05435904295,13539.592398643072,9073.874631984556,12862.612778710918,13270.05435904295,9834.94424914429,13510.52884280203,9120.749,9615.092,10570.026,11180.62,11132.006,10917.131,8199.916,8785.7,12311.827,12788.515,7297.973,9824.965,9817.344,12989.9228515625,0.00022708362666890025,65068.78515625
6_1116_14,2023-10-01,5981.766739880434,5981.766739880434,5981.766739880434,11416.7509765625,41350.54159924638,23445.880104668482,-84409.91502657658,-4842.553975655147,17287.584720275227,174636.09018204937,17287.584720275227,165904.2856729469,17287.584720275227,6825.235108802848,5981.766739881013,5696.324,5421.574,-6003.2188,-4822.328,87147.68,87247.14,79894.234,82567.59,93880.03,95340.08,5968.0,6675.801,5400.939,5438.9033203125,5438.9033203125,5438.9033203125
6_1116_14,2023-11-01,5981.766739880434,5981.766739880434,5981.766739880434,11554.40625,70763.73068117848,54946.164069238344,-67251.01609374268,-15558.631483979854,17287.584720275227,174636.09018204937,17287.584720275227,165904.2856729469,17287.584720275227,6825.235108802848,5981.766739881013,5138.0547,5652.5273,-8636.031,25533.625,87207.41,87426.33,82112.016,83439.9,91855.266,92447.695,5755.6953,6282.6016,5520.013,5438.9033203125,5438.9033203125,5438.9033203125
6_1116_14,2023-12-01,5981.766739880434,5981.766739880434,5981.766739880434,10940.6376953125,95224.16775906594,62159.319654516024,-25452.165646170746,-26274.708992304564,17287.584720275227,174636.09018204937,17287.584720275227,165904.2856729469,17287.584720275227,6825.235108802848,5981.766739881013,4776.125,5377.586,-7891.5938,42680.367,87641.74,87481.87,82942.35,84109.02,90797.445,91915.086,6104.6562,5807.332,5567.7446,5438.9033203125,5438.9033203125,23931.16796875
6_1116_14,2024-01-01,5981.766739880434,5981.766739880434,5981.766739880434,10580.4501953125,115565.82402675788,295824.8077887319,209490.13642327912,-36990.78650062927,17287.584720275227,174636.09018204937,17287.584720275227,165904.2856729469,17287.584720275227,6825.235108802848,5981.766739881013,4830.4844,5132.5156,-7749.875,19647.914,89344.46,89415.0,85681.43,85981.18,92788.89,93167.66,6049.8516,6023.926,5051.074,5438.9033203125,5438.9033203125,29370.072265625
6_1200_14,2023-10-01,38350090.1937254,4351987.909270075,5256880.775509367,5222168.0,4167293.70738626,4330830.539152764,1229779.4677499568,5364327.219595474,3823152.139851342,2427453.974778586,3823152.139851342,2306081.2760396567,3823152.139851342,4784377.07842691,5258109.43805848,5226602.5,5233955.0,5036588.0,3597882.0,4626157.5,5210401.0,-5333050.5,-2760279.2,15216855.0,17588572.0,4776845.0,5226649.5,4580284.0,5303638.0,5265755.0,5404660.0
6_1200_14,2023-11-01,22408575.73717848,1722419.7046769832,5256880.775509367,4664063.0,3437589.203829255,4035071.3939912715,1080823.2775555686,5465126.8542495705,3823152.139851342,2427453.974778586,3823152.139851342,2306081.2760396567,3823152.139851342,4784377.07842691,5258109.43805848,5205348.0,5221629.5,4652142.0,2574792.5,4551971.5,4050342.0,-6760397.0,-4700376.0,11281526.0,12546469.0,4983751.0,5215765.5,4306067.5,5530937.0,5240499.5,5429915.5
6_1200_14,2023-12-01,10966485.442656463,1722419.7046769832,5256880.775509367,4698726.5,2925674.517629344,4334840.397544019,1744234.6300817518,5565926.488903667,3823152.139851342,2427453.974778586,3823152.139851342,2306081.2760396567,3823152.139851342,4784377.07842691,5258109.43805848,5195621.0,5218110.0,4444629.0,3932736.0,4272661.0,4342230.0,-2569724.5,-960905.1,9372584.0,11106855.0,5301846.5,5202593.5,3943453.0,5505681.5,5278382.5,5543564.5
6_1200_14,2024-01-01,9783974.764262099,1722419.7046769832,5256880.775509367,4324871.5,2566547.439929074,5229886.1754467385,4143378.5930303284,5666726.123557763,3823152.139851342,2427453.974778586,3823152.139851342,2306081.2760396567,3823152.139851342,4784377.07842691,5258109.43805848,5192369.0,5200875.0,4341638.5,2527118.5,3971261.5,3660666.2,-141943.77,423169.9,7119675.0,7871758.5,4938926.0,5208595.5,3754819.8,5720352.5,5543564.5,5581448.0
6_1203_14,2023-10-01,2558661.38700086,986027.1227704413,1120178.1198681213,892724.25,1569852.6208660535,5113614.466774236,6698664.331098601,1121627.100556625,1999447.2966649274,2709362.002703532,1999447.2966649274,2573893.902568355,1999447.2966649274,1417936.0421073944,1121627.9753879127,1098992.1,1097829.9,903488.6,1455484.5,975732.6,946456.75,738873.9,765641.9,1210339.9,1247447.2,1339339.2,1144583.0,1210669.6,1172666.125,716629.3125,890357.625
6_1203_14,2023-11-01,2900515.804707705,867952.9455958502,1120178.1198681213,1114402.25,1909752.8476290798,7891062.347399635,9583782.51089675,1121627.100556625,1999447.2966649274,2709362.002703532,1999447.2966649274,2573893.902568355,1999447.2966649274,1417936.0421073944,1121627.9753879127,1084960.1,1041577.0,852229.9,2355576.5,900624.0,905838.5,701027.44,768590.56,1154552.5,1242980.2,1332344.0,1130754.5,1218208.4,1172666.125,608049.125,1107518.0
6_1203_14,2023-12-01,2771361.611579251,764017.8432940529,1120178.1198681213,892140.3125,2166668.6610720423,7665001.768200781,9433988.845213672,1121627.100556625,1999447.2966649274,2709362.002703532,1999447.2966649274,2573893.902568355,1999447.2966649274,1417936.0421073944,1121627.9753879127,1118742.1,1175134.9,866817.4,4686728.5,837324.5,810720.1,595867.9,667687.8,1008898.4,1110235.6,1343842.1,1114016.0,1221601.4,1172666.125,673197.25,1107518.0
6_1203_14,2024-01-01,2330687.112613798,672528.6985125324,1120178.1198681213,1013876.0625,2360860.1619888023,5682734.254121353,6882112.165349875,1121627.100556625,1999447.2966649274,2709362.002703532,1999447.2966649274,2573893.902568355,1999447.2966649274,1417936.0421073944,1121627.9753879127,1097623.1,1132987.6,871622.75,716857.6,776942.0,755140.6,495038.6,580519.3,926975.75,962112.7,1342036.1,1121628.8,1136487.8,1585271.0,912073.6875,1454974.625
6_1205_14,2023-10-01,10872985.384515228,27718459.79144592,26481440.2091994,27146918.0,25736268.843242258,26549958.011707693,19651016.499970824,28396208.490352828,22894994.21868984,13542035.431956006,22894994.21868984,12864933.660358205,22894994.21868984,25569296.660576485,26489792.20226793,26260072.0,26840100.0,29281068.0,25510444.0,30129082.0,30620348.0,8831801.0,13291660.0,45770160.0,47201916.0,27885464.0,26566876.0,25929548.0,26048086.0,26868500.0,27825648.0
6_1205_14,2023-11-01,12406853.154999992,28955565.39767835,26481440.2091994,27775100.0,25023542.564706802,27369181.085789856,19373459.684849553,29825598.40721257,22894994.21868984,13542035.431956006,22894994.21868984,12864933.660358205,22894994.21868984,25569296.660576485,26489792.20226793,25952760.0,26422374.0,31108724.0,17696240.0,33412936.0,33211384.0,20740966.0,23326176.0,42259276.0,45705950.0,30090932.0,26518436.0,25603914.0,24885838.0,27278706.0,27894014.0
6_1205_14,2023-12-01,26967564.018094655,30192671.00391078,26481440.2091994,28301168.0,24341769.99517662,27361071.591841053,19695808.50301619,31254988.324072313,22894994.21868984,13542035.431956006,22894994.21868984,12864933.660358205,22894994.21868984,25569296.660576485,26489792.20226793,25602478.0,23160248.0,31694204.0,19525374.0,36857440.0,35911630.0,25638098.0,30054262.0,42814840.0,45264668.0,35275252.0,26459656.0,24862040.0,25090940.0,27894014.0,26526660.0
6_1205_14,2024-01-01,23476694.67969707,31429776.61014321,26481440.2091994,28932728.0,23689606.814777397,42057231.07130373,35354232.6599413,32684378.240932055,22894994.21868984,13542035.431956006,22894994.21868984,12864933.660358205,22894994.21868984,25569296.660576485,26489792.20226793,25545220.0,23755776.0,31862068.0,16761942.0,40004212.0,40544190.0,34386856.0,34739916.0,45400040.0,46389308.0,34146504.0,26486356.0,24441684.0,24749102.0,27825648.0,25774616.0
6_1205_2,2023-10-01,13805.80614622938,42252.689940469136,45039.56471707317,41398.75390625,39501.26886901868,34952.78828580971,41849.53356479972,48709.63871665661,40952.81095076761,28422.447357690984,40952.81095076761,27001.324989806435,40952.81095076761,42315.44091789163,41903.5023049345,42416.234,42254.16,44537.883,45964.39,43986.113,47376.266,7438.6396,23964.904,77323.836,88033.34,67028.37,42390.848,40896.562,39285.62890625,41233.67578125,37337.58203125
6_1205_2,2023-11-01,27832.792905416914,42252.689940469136,47826.58267316627,36376.80078125,37143.149403231495,31194.969518637772,42602.732105165254,51139.582457344135,40952.81095076761,28422.447357690984,40952.81095076761,27001.324989806435,40952.81095076761,42315.44091789163,41903.5023049345,42214.79,42245.188,46652.453,36171.363,46944.566,49329.703,11727.003,23620.361,67586.734,77947.33,68126.72,42312.57,41543.44,40584.328125,33766.16015625,31168.76171875
6_1205_2,2023-12-01,13396.711923075074,42252.689940469136,50613.60062925936,36301.359375,35122.1110850242,27004.132087127946,41323.678029064424,53569.52619803167,40952.81095076761,28422.447357690984,40952.81095076761,27001.324989806435,40952.81095076761,42315.44091789163,41903.5023049345,42049.92,41601.152,47960.914,34726.047,50170.984,51116.58,29444.334,35158.75,64369.176,68462.914,68634.22,42217.72,42193.99,41883.0234375,25973.96875,25649.29296875
6_1205_2,2024-01-01,9613.264690034812,42252.689940469136,53400.61858535245,32765.21875,33389.96988398512,37763.79287344159,54385.82665783696,55999.4699387192,40952.81095076761,28422.447357690984,40952.81095076761,27001.324989806435,40952.81095076761,42315.44091789163,41903.5023049345,42044.555,41850.836,48404.43,30440.938,53293.348,52128.14,41874.918,43496.098,62400.414,67704.31,66978.23,42260.883,42790.03,38798.6171875,19480.4765625,17857.103515625
6_1302_14,2023-10-01,28405434.907014668,5278342.517123425,5276995.631206035,5530434.0,4796736.87384459,4609305.610087979,4180690.833949614,5303617.29677316,5804610.81961451,5510147.211989542,5804610.81961451,5234639.851390064,5804610.81961451,6298769.490931306,5896581.851513652,7671331.0,7660245.0,7812887.0,5713909.5,6798855.5,7051371.0,-2078396.0,1894237.8,11062049.0,12544366.0,9060346.0,7541908.0,5554852.0,6346394.5,4798493.5,5572444.0
6_1302_14,2023-11-01,28933753.572527062,5278342.517123425,5276995.631206035,5557083.5,5305921.694929346,4383787.655184963,4141851.2818868584,5303617.29677316,5804610.81961451,5510147.211989542,5804610.81961451,5234639.851390064,5804610.81961451,6298769.490931306,5896581.851513652,7672824.0,7654367.5,7770996.0,5674365.5,7085505.0,7502842.0,2345723.5,3929753.8,10848518.0,11562863.0,9082596.0,6700159.0,5384702.5,5920721.5,4140635.5,5572444.0
6_1302_14,2023-12-01,28987399.761359423,5278342.517123425,5276995.631206035,5576554.0,5215508.514855117,4676264.93880932,4203429.246069107,5303617.29677316,5804610.81961451,5510147.211989542,5804610.81961451,5234639.851390064,5804610.81961451,6298769.490931306,5896581.851513652,7663107.5,7661430.0,7762530.5,5075030.5,7200868.0,7013662.0,4119092.8,4874919.5,9969847.0,10543094.0,10046354.0,6946594.0,5274246.0,6230302.0,4450215.5,5611141.5
6_1302_14,2024-01-01,35210548.27684819,5278342.517123425,5276995.631206035,5594813.0,5231562.6916346215,5797463.583899057,5711912.8445542585,5303617.29677316,5804610.81961451,5510147.211989542,5804610.81961451,5234639.851390064,5804610.81961451,6298769.490931306,5896581.851513652,7656556.0,7646829.0,7758081.0,4671591.0,7267309.0,7205404.5,4942912.0,5377967.5,8894651.0,9340572.0,8457736.0,6861040.5,5270517.0,6617277.0,5224166.0,4953283.5
6_1304_16,2023-10-01,286.81551029939254,0.0,21.90791429376185,11066.6435546875,38255.241273202584,5843.8388234267,-116549.38704824886,-413.59237754801876,10422.476353490798,10423.027642795154,10422.476353490798,9901.876260655396,10422.476353490798,143.19303178008096,6344.636932778453,22.027344,20.057598,22.543087,220.5307,50.355164,48.932552,-63.479706,-39.025055,181.21043,226.91696,-80.7648,22.810226,74.74237,5875.94091796875,0.0005089328624308109,0.0005089328624308109
6_1304_16,2023-11-01,289.5128348476627,0.0,21.90791429376185,10826.5732421875,36339.418220160864,-11515.09060608031,-84030.56315772916,-847.0820749810924,10422.476353490798,10423.027642795154,10422.476353490798,9901.876260655396,10422.476353490798,143.19303178008096,6344.636932778453,20.582205,22.98555,22.806814,127.668945,55.312153,42.878098,-161.95107,-95.503845,195.80595,211.79198,-67.51727,22.113174,75.11805,801.26513671875,0.0005089328624308109,0.0005089328624308109
6_1304_16,2023-12-01,554.749748760894,0.0,21.90791429376185,11070.822265625,36435.416817041085,8939.16811582939,-120191.77735544159,-1280.5717724141662,10422.476353490798,10423.027642795154,10422.476353490798,9901.876260655396,10422.476353490798,143.19303178008096,6344.636932778453,21.614443,22.30355,22.835348,213.71959,56.016773,41.46315,-155.54544,-69.652275,136.5495,196.09192,-56.811356,21.265038,74.51637,801.26513671875,0.0005089328624308109,0.0005089328624308109
6_1304_16,2024-01-01,21.578596386161195,0.0,21.90791429376185,11386.3212890625,36430.60649252372,-50378.401917891875,-123061.81515423625,-1714.0614698472398,10422.476353490798,10423.027642795154,10422.476353490798,9901.876260655396,10422.476353490798,143.19303178008096,6344.636932778453,23.913649,35.946632,22.752909,109.59018,56.40762,51.946438,-44.25265,-27.664377,147.50996,186.44954,-24.858284,21.648766,67.404144,267.0887145996094,0.0005089328624308109,0.0005089328624308109
6_1400_14,2023-10-01,12474.226927566684,12474.226927566684,12472.979556517128,10765.5888671875,174234.6245394461,-1820442.6541024172,-4673166.821340781,-397987.3314571375,156487.1866458976,2165731.489951823,170729.72227538296,2057444.9154542317,156487.1866458976,20064.450304598126,12349.944821203695,9625.219,13161.9375,-72173.41,-31233.156,-18886.5,-7474.6963,-163299.03,-116016.5,67036.766,93446.77,9575.875,19235.844,10539.336,22713.607421875,249849.25,22713.607421875
6_1400_14,2023-11-01,12474.226927566684,12474.226927566684,12472.979556517128,10437.0458984375,327515.00187821966,-1417305.6462133678,-4363445.553775714,-804221.3158098422,156487.1866458976,2165731.489951823,170729.72227538296,2057444.9154542317,156487.1866458976,20064.450304598126,12349.944821203695,8079.4375,5392.875,-91539.59,-180566.94,-45512.25,-31961.492,-167212.31,-121981.43,41796.92,64369.023,3555.0,15410.406,12517.852,22713.607421875,1658090.375,635979.875
6_1400_14,2023-12-01,12474.226927566684,12474.226927566684,12472.979556517128,10695.6748046875,472759.9099272797,-2473274.56087478,-5481301.328266248,-1210455.3001625468,156487.1866458976,2165731.489951823,170729.72227538296,2057444.9154542317,156487.1866458976,20064.450304598126,12349.944821203695,2823.75,6300.1562,-86309.0,-24666.062,-76598.56,-77122.11,-186926.86,-159923.08,32870.293,47596.69,13451.375,10767.3125,10917.992,90854.296875,3679597.75,2475778.5
6_1400_14,2024-01-01,12474.226927566684,12474.226927566684,12472.979556517128,10484.6953125,610390.5948228044,-3082445.166424432,-5431867.968728415,-1616689.2845152516,156487.1866458976,2165731.489951823,170729.72227538296,2057444.9154542317,156487.1866458976,20064.450304598126,12349.944821203695,182.75,6079.5,-85270.53,207973.28,-105877.56,-98136.47,-241599.56,-208091.9,-12810.294,43685.105,11897.0,12870.5,9614.773,340703.53125,6155376.0,3497889.0
6_1403_2,2023-10-01,43460.1922299114,20056.223603436178,30117.87987310028,20306.33984375,33063.14099246853,-835.6410315556168,58.295705277346315,16752.834191286725,19886.847678776892,27205.819981197797,19886.847678776892,25845.528982137905,19886.847678776892,21753.661016766866,26739.279763622817,28932.0,29153.596,36375.902,13555.121,28625.951,28427.168,19365.756,22771.322,34446.184,38809.945,27726.781,27908.59,29517.969,14628.1650390625,0.0005574752576649189,57927.53515625
6_1403_2,2023-11-01,0.8991081827567164,13883.323694235927,31830.173157474,12825.662109375,35292.71418678282,-988.5491375948914,-25298.12676395745,15363.226296974317,19886.847678776892,27205.819981197797,19886.847678776892,25845.528982137905,19886.847678776892,21753.661016766866,26739.279763622817,29026.746,29293.158,37779.68,-4484.6523,31009.201,31573.83,22851.46,23742.615,37410.89,41497.93,27570.88,20593.234,29470.312,14628.1650390625,0.0005574752576649189,12287.658203125
6_1403_2,2023-12-01,0.8991081827567164,9610.317505929179,33542.466441847726,13020.6962890625,36508.30111392418,-7675.402469167722,-37210.49485842214,13973.618402661912,19886.847678776892,27205.819981197797,19886.847678776892,25845.528982137905,19886.847678776892,21753.661016766866,26739.279763622817,29068.434,29392.48,37086.426,2362.5508,32366.303,32640.012,24671.742,26243.234,39247.48,39982.04,27827.133,22736.818,27590.58,14628.1650390625,0.0005574752576649189,12287.658203125
6_1403_2,2024-01-01,0.8991081827567164,6652.45618404144,35254.75972622145,10891.212890625,37171.051985348895,-27721.74651750959,-62421.081672456465,12584.010508349504,19886.847678776892,27205.819981197797,19886.847678776892,25845.528982137905,19886.847678776892,21753.661016766866,26739.279763622817,28991.58,29211.584,35587.984,7687.4854,33583.895,32602.363,24703.55,25843.283,38851.61,39832.01,27786.887,21993.406,25400.684,24867.87890625,0.0005574752576649189,12287.658203125
6_1405_14,2023-10-01,88328.38787401983,79483.58407727465,88328.38787401983,33281.4375,83835.95216878364,169795.47529204565,-248453.8587981921,88328.387873993,84888.46442691691,247700.58008523856,84888.46442691691,235315.5510809766,84888.46442691691,87780.6953788495,88328.3878739929,88689.99,89042.43,95749.62,88056.836,99827.0,98409.66,62166.97,75691.164,119937.93,124087.195,90139.55,88540.49,86944.195,88209.578125,88209.578125,88209.578125
6_1405_14,2023-11-01,88328.38787401983,71524.4587819247,88328.38787401983,43851.56640625,79867.17014053675,210379.62868294926,-227879.2314200495,88328.387873993,84888.46442691691,247700.58008523856,84888.46442691691,235315.5510809766,84888.46442691691,87780.6953788495,88328.3878739929,88228.2,89011.484,101837.54,66299.51,108227.02,108892.25,85416.125,92232.81,118465.65,125151.77,88932.805,88420.39,86485.59,88209.578125,88209.578125,79388.625
6_1405_14,2023-12-01,88328.38787401983,64362.32416336018,88328.38787401983,28556.884765625,76361.00292497114,224623.3895972209,-227512.52356747392,88328.387873993,84888.46442691691,247700.58008523856,84888.46442691691,235315.5510809766,84888.46442691691,87780.6953788495,88328.3878739929,87795.84,87532.97,104311.664,79141.28,116474.17,118055.86,93819.83,102839.37,132523.16,137843.72,99116.45,88274.484,85650.03,88209.578125,88209.578125,70567.671875
6_1405_14,2024-01-01,88328.38787401983,57917.37319313113,88328.38787401983,25211.75390625,73263.52655665131,640459.9659353249,412308.9841891208,88328.387873993,84888.46442691691,247700.58008523856,84888.46442691691,235315.5510809766,84888.46442691691,87780.6953788495,88328.3878739929,87303.17,87613.99,105047.81,55826.773,123408.63,123021.086,105453.49,108779.14,132014.16,137579.23,84064.95,88340.67,85555.52,88209.578125,88209.578125,70567.671875
6_1407_2,2023-10-01,2118.298878574824,269880.84818863997,567446.6492086485,-24283.201171875,314798.7676379512,121601.38886488863,366213.0779516457,4340.518163758496,623118.9545842537,682174.1588974477,623118.9545842537,648065.4509525753,623118.9545842537,324933.5637134434,26629.098516975777,-2242.7615,-3352.5588,593.1985,1271921.2,2165.8306,2150.8694,1832.3733,1953.7239,2443.8044,2553.4973,-18189.625,11565.375,-192579.81,4150.96044921875,0.007909581996500492,0.007909581996500492
6_1407_2,2023-11-01,296375.72760664474,566189.9584636148,567446.6492086485,259891.640625,454419.2493334486,144819.4063138361,337483.2159524806,4340.518163758496,623118.9545842537,682174.1588974477,623118.9545842537,648065.4509525753,623118.9545842537,324933.5637134434,26629.098516975777,5156.47,11487.396,544.2689,789988.8,2301.886,2310.0444,1995.5808,2126.7524,2443.1318,2470.6743,30943.844,5448.3125,-183843.81,0.007909581996500492,0.007909581996500492,8301.9130859375
6_1407_2,2023-12-01,1069743.6310048343,566189.9584636148,567446.6492086485,160408.71875,516495.72940793965,223898.03091385012,280035.29102388397,4340.518163758496,623118.9545842537,682174.1588974477,623118.9545842537,648065.4509525753,623118.9545842537,324933.5637134434,26629.098516975777,3899.3076,3941.04,544.9929,203785.77,2401.5854,2408.8838,2139.4539,2229.6174,2558.329,2601.0337,-27269.594,-1962.5625,-173416.56,4150.96044921875,0.007909581996500492,8301.9130859375
6_1407_2,2024-01-01,2238426.0255484004,566189.9584636148,567446.6492086485,146125.0625,544095.472165187,437150.8643143047,1070950.9464067323,4340.518163758496,623118.9545842537,682174.1588974477,623118.9545842537,648065.4509525753,623118.9545842537,324933.5637134434,26629.098516975777,12930.293,64810.27,538.2998,120754.695,2467.1333,2465.5398,2206.25,2261.7324,2633.1292,2777.4065,-10788.8125,1409.8125,-171319.94,0.007909581996500492,0.007909581996500492,0.007909581996500492
6_1407_72,2023-10-01,465.73803866797914,1924.8621752560214,1918.821979290533,263.04852294921875,1459.3701479888882,-1191.9549967184876,-3917.9953177191437,133.23934939212995,1068.1518199509635,1184.1531676490529,564.027437472361,1124.9455092666,1068.1518199509635,481.9605852140726,1045.273422385462,472.26785,473.87054,465.91156,629.1435,468.03247,467.47382,462.51273,463.68774,471.04498,473.2121,453.61523,466.40323,475.0895,465.6924133300781,465.6924133300781,465.6924133300781
6_1407_72,2023-11-01,465.73803866797914,1924.8621752560214,1918.821979290533,182.09938049316406,1745.5213631095548,-1321.4396537185437,-3929.654315291448,-55.28144144084786,1068.1518199509635,1184.1531676490529,564.027437472361,1124.9455092666,1068.1518199509635,481.9605852140726,1045.273422385462,470.57617,468.78308,465.83844,366.41284,469.64273,469.3075,466.9811,467.19318,471.8157,473.11227,438.66138,466.0261,482.2839,465.6924133300781,465.6924133300781,465.6924133300781
6_1407_72,2023-12-01,465.73803866797914,1924.8621752560214,1918.821979290533,158.56846618652344,1827.9286415649542,-1969.8719658120197,-3532.31185003784,-243.80223227382567,1068.1518199509635,1184.1531676490529,564.027437472361,1124.9455092666,1068.1518199509635,481.9605852140726,1045.273422385462,467.3684,467.72238,465.70163,219.50777,471.10388,471.37744,468.24884,469.07794,474.20636,475.21216,463.24097,465.57068,481.64447,465.6924133300781,508.0281066894531,465.6924133300781
6_1407_72,2024-01-01,465.73803866797914,1924.8621752560214,1918.821979290533,135.03378295898438,1851.6607076320581,-1828.3087649715821,-4892.731361119807,-432.3230231068038,1068.1518199509635,1184.1531676490529,564.027437472361,1124.9455092666,1068.1518199509635,481.9605852140726,1045.273422385462,462.12607,461.25906,465.60858,475.59482,472.70972,472.99384,467.34033,468.85883,476.3543,478.7935,459.3806,465.7787,480.64682,2.6890011213254184e-05,493.9162292480469,465.6924133300781
6_1409_14,2023-10-01,547807.7344818295,782189.6959993461,491383.90630289697,140379.875,796160.227943819,-191956.5062912841,-999227.6593764337,407344.17275693885,611543.9738577803,611551.1413786076,611543.9738577803,580973.5843096772,611543.9738577803,442392.5388874422,608644.2626770027,416793.72,419365.3,362896.97,-305073.28,293725.22,313850.2,37340.25,104072.68,485232.6,637175.9,346181.5,526989.75,440067.5,544780.25,556249.3125,561983.875
6_1409_14,2023-11-01,569548.1703408868,782189.6959993461,514196.62670057244,45950.25390625,781427.6550188926,14120.195367525448,-720272.1162203453,372959.5247654738,611543.9738577803,611551.1413786076,611543.9738577803,580973.5843096772,611543.9738577803,442392.5388874422,608644.2626770027,487684.75,473279.06,362866.12,545191.6,294875.94,320362.25,-34228.55,10695.94,468457.97,527699.6,544692.8,526467.06,446302.84,550514.75,561983.875,590656.5
6_1409_14,2023-12-01,263591.5459387866,782189.6959993461,537009.347098248,6046.0634765625,782231.2625236647,-417607.9132557368,-686232.1281994836,338574.87677400897,611543.9738577803,611551.1413786076,611543.9738577803,580973.5843096772,611543.9738577803,442392.5388874422,608644.2626770027,351346.53,386904.62,362849.9,341545.97,296347.7,287243.56,-38763.207,85738.83,504938.53,686119.5,586218.6,525833.94,438272.2,550514.75,590656.5,573452.9375
6_1409_14,2024-01-01,498230.9092846241,782189.6959993461,559822.0674959235,-9358.376953125,782187.4286987778,169062.96733725496,-1213162.6659075576,304190.228782544,611543.9738577803,611551.1413786076,611543.9738577803,580973.5843096772,611543.9738577803,442392.5388874422,608644.2626770027,435022.25,481781.66,362846.34,838252.25,296111.7,252381.45,-16441.11,75883.1,398718.47,482012.47,287103.56,526122.2,436944.66,527576.6875,613594.625,567718.375
6_1409_2,2023-10-01,10132.949219668195,10132.949219668195,10162.35900369541,9816.9111328125,25932.618216576942,13093.006309874174,15354.542557091456,-868.953427615852,14049.882182567773,39350.73976144355,14049.882182567773,37383.20277337137,14049.882182567773,10534.107162677628,11567.27394110409,9868.363,10201.416,5187.3516,4823.908,10854.697,10567.139,3417.298,5476.435,17165.016,20997.668,10080.191,10390.16,10324.3955,9973.86328125,29921.587890625,9973.86328125
6_1409_2,2023-11-01,10132.949219668195,10132.949219668195,10162.35900369541,9166.515625,35730.75523905485,6720.731527889831,15242.681217818026,-5383.349250312196,14049.882182567773,39350.73976144355,14049.882182567773,37383.20277337137,14049.882182567773,10534.107162677628,11567.27394110409,9647.029,10293.424,4067.586,4450.039,10781.127,10827.649,915.63446,4316.1885,16386.77,18696.676,9984.199,10244.559,10299.217,9973.86328125,40279.0625,10357.4736328125
6_1409_2,2023-12-01,10132.949219668195,10132.949219668195,10162.35900369541,8607.9697265625,41807.05273174508,-14667.613507059263,-10629.964701414987,-9897.745073008544,14049.882182567773,39350.73976144355,14049.882182567773,37383.20277337137,14049.882182567773,10534.107162677628,11567.27394110409,9436.729,10192.189,4373.957,22261.781,10319.8125,10654.254,2489.1484,5418.1567,18070.89,20031.844,10141.98,10068.125,10103.395,9973.86328125,49869.3125,9973.86328125
6_1409_2,2024-01-01,10132.949219668195,10132.949219668195,10162.35900369541,8066.31640625,45575.257966574136,-43719.426667899774,-54412.26928165724,-14412.140895704892,14049.882182567773,39350.73976144355,14049.882182567773,37383.20277337137,14049.882182567773,10534.107162677628,11567.27394110409,9526.469,10104.6,4436.7363,20221.848,9521.232,9801.248,3627.7913,5971.2935,14811.912,18179.883,10117.195,10148.24,10061.877,25318.267578125,69433.4296875,9206.642578125
6_1411_14,2023-10-01,89682.44479725143,420054.3519021103,444117.1342066409,449931.21875,444824.64512076566,71998.60721455235,-233494.05138614296,403822.3763412378,571361.4990848046,1147202.5474198963,571361.4990848046,1089842.4200489016,571361.4990848046,490732.9276232915,421270.9391228864,418704.75,418211.0,342650.94,450629.3,477649.2,483309.34,403422.7,424077.97,523157.84,541017.4,418823.94,421846.12,467531.72,567248.25,388526.1875,334132.53125
6_1411_14,2023-11-01,305329.94599871885,420054.3519021103,444117.1342066409,405623.90625,468020.7526094216,330841.9462584014,-168164.08814272977,383518.30751573824,571361.4990848046,1147202.5474198963,571361.4990848046,1089842.4200489016,571361.4990848046,490732.9276232915,421270.9391228864,417189.38,417350.1,332741.97,601944.0,483451.38,479812.5,422760.88,439775.47,518299.22,529781.0,418201.38,420831.88,464066.8,489542.96875,310820.9375,365214.59375
6_1411_14,2023-12-01,275912.0253671018,420054.3519021103,444117.1342066409,408273.03125,489742.7160062881,418340.455437887,-144163.9487965234,363959.99696029635,571361.4990848046,1147202.5474198963,571361.4990848046,1089842.4200489016,571361.4990848046,490732.9276232915,421270.9391228864,414992.53,423868.34,335359.75,555612.1,493874.2,493486.62,442943.16,461484.03,533205.9,544752.1,419224.7,419599.28,457855.38,629412.4375,380755.65625,341903.03125
6_1411_14,2024-01-01,392297.9831922278,420054.3519021103,444117.1342066409,376586.6875,510084.2191677802,1438524.498642324,1175939.7616621116,345121.2897445981,571361.4990848046,1147202.5474198963,571361.4990848046,1089842.4200489016,571361.4990848046,490732.9276232915,421270.9391228864,418681.3,424266.97,336264.97,627342.0,499131.3,500462.2,460066.78,461657.2,530321.4,541820.0,419063.97,420157.66,453240.06,691576.625,497313.5,388526.1875
6_1412_14,2023-10-01,54316.923536698756,43233.64174451206,54454.97671842241,61652.44140625,254665.65115437668,-873094.1014588905,-1227957.8749123279,-550.4176395831237,80945.7062347731,379188.17584240914,80945.7062347731,360228.7670502887,80945.7062347731,54886.91731907477,54499.39656899659,54542.92,55354.566,54504.996,110005.914,54361.176,54361.82,54337.56,54339.914,54382.26,54386.906,58723.188,55735.46,54512.906,52884.06640625,52884.06640625,52884.06640625
6_1412_14,2023-11-01,54316.923536698756,34295.508762740115,54454.97671842241,56235.515625,401193.45389712584,-1195961.8842624433,-1555613.1914953943,-51688.307158533666,80945.7062347731,379188.17584240914,80945.7062347731,360228.7670502887,80945.7062347731,54886.91731907477,54499.39656899659,54644.777,53796.816,54522.527,115443.84,54368.258,54364.04,54281.684,54320.23,54417.914,54450.035,55985.188,55037.53,54517.44,52884.06640625,52884.06640625,52884.06640625
6_1412_14,2023-12-01,54316.923536698756,27205.247437766095,54454.97671842241,62070.96484375,508457.26233039884,-882934.9702896652,-1864176.6863682119,-102826.1966774842,80945.7062347731,379188.17584240914,80945.7062347731,360228.7670502887,80945.7062347731,54886.91731907477,54499.39656899659,54848.445,52276.016,54535.55,-204585.19,54375.23,54383.22,54298.42,54316.594,54431.94,54462.56,60485.625,54189.13,54494.715,35256.046875,52884.06640625,52884.06640625
6_1412_14,2024-01-01,54316.923536698756,21580.828360656305,54454.97671842241,58772.55078125,586978.3647030967,-1490375.8603631621,-2500812.839664845,-153964.08619643474,80945.7062347731,379188.17584240914,80945.7062347731,360228.7670502887,80945.7062347731,54886.91731907477,54499.39656899659,54950.28,54189.19,54544.48,54167.848,54375.28,54368.242,54269.242,54293.87,54436.92,54448.67,59778.75,54572.562,54465.75,52884.06640625,58760.0703125,52884.06640625
6_1500_14,2023-10-01,220475.71214287097,220475.71214287097,220486.66175751155,299996.0,515486.4529685329,-1557556.0246527488,-1686984.7824627268,45851.8040545602,444827.0678260934,1067779.23347999,444827.0678260934,1014390.2718059904,444827.0678260934,363713.12747727975,250173.03000856572,219186.97,221443.27,227710.5,797820.94,221635.62,223855.39,140047.45,167300.53,273331.56,289182.7,227006.88,222833.06,286697.88,239701.765625,239701.765625,326866.0625
6_1500_14,2023-11-01,275628.8062895335,220475.71214287097,220486.66175751155,305220.03125,741734.4172516775,-2082889.2499283266,-2260015.7764993794,-125191.71152388089,444827.0678260934,1067779.23347999,444827.0678260934,1014390.2718059904,444827.0678260934,363713.12747727975,250173.03000856572,218925.81,218190.84,218391.34,574051.8,185580.19,185409.6,73700.516,117546.516,283806.53,313093.2,223181.88,221499.25,282900.03,261492.84375,228806.25,849851.6875
6_1500_14,2023-12-01,286539.4840872862,220475.71214287097,220486.66175751155,285945.625,915247.2229176819,-1738655.611788461,-2265281.7998706563,-296235.227102322,444827.0678260934,1067779.23347999,444827.0678260934,1014390.2718059904,444827.0678260934,363713.12747727975,250173.03000856572,217582.42,217020.86,215922.12,-119080.91,157219.14,147286.84,-38760.95,12964.881,291369.3,360341.44,229468.94,219880.7,275511.7,185224.109375,228806.25,1274777.5
6_1500_14,2024-01-01,286903.6229013027,220475.71214287097,220486.66175751155,281251.8125,1048316.679809726,-2089551.0353432265,-2497720.7136318134,-467278.742680763,444827.0678260934,1067779.23347999,444827.0678260934,1014390.2718059904,444827.0678260934,363713.12747727975,250173.03000856572,216237.28,219113.94,213558.83,272620.25,133600.7,154471.25,-164828.98,-26945.064,314400.94,360424.47,228481.5,220614.19,274099.44,217910.703125,228806.25,1754181.125
6_1502_16,2023-10-01,364570.3859441934,364572.1841605589,364572.1834473138,361465.3125,338685.98122539284,359079.6766968658,239835.92342936466,384636.9200266536,321899.1398135314,179257.6529734065,321899.1398135314,170294.77032473616,321899.1398135314,358957.6424834513,364572.17207656294,364495.6,364643.5,1375.5206,382209.2,684.2612,621.90106,-29.282907,134.20807,1147.5536,1427.4596,280066.44,366268.72,336297.4,364673.28125,364673.28125,364673.28125
6_1502_16,2023-11-01,618.5864297366209,364572.1841605589,364572.1834473138,361701.59375,315975.68511751166,338601.9478682215,240716.46051512152,404438.94986975816,321899.1398135314,179257.6529734065,321899.1398135314,170294.77032473616,321899.1398135314,358957.6424834513,364572.17207656294,364341.7,363440.75,1375.324,239326.48,684.5147,758.9636,251.31038,381.44153,1162.2986,1303.4789,316223.7,365307.75,326665.38,364673.28125,364673.28125,364673.28125
6_1502_16,2023-12-01,579.9247778780821,364572.1841605589,364572.1834473138,359244.03125,296051.6525894735,302680.1515028382,236381.14409866428,424240.97971286275,321899.1398135314,179257.6529734065,321899.1398135314,170294.77032473616,321899.1398135314,358957.6424834513,364572.17207656294,365030.72,368293.56,1375.228,268839.66,684.446,719.1245,200.61047,338.19086,1139.3296,1311.0735,442018.94,364141.9,313544.9,364673.28125,364673.28125,364673.28125
6_1502_16,2024-01-01,570.0345878677582,364572.1841605589,364572.1834473138,358940.0625,278572.04464897816,376611.87262301345,398418.2795409818,444043.00955596735,321899.1398135314,179257.6529734065,321899.1398135314,170294.77032473616,321899.1398135314,358957.6424834513,364572.17207656294,364005.22,365244.62,1375.2085,163069.52,680.27277,661.70685,35.842834,226.20665,1187.6842,1412.2717,285790.44,364671.7,310005.44,364673.28125,243385.046875,364673.28125
6_1609_2,2023-10-01,600550.3195905212,334897.96110329387,452959.539827729,415866.03125,416732.29767514416,292774.73688253015,54707.73354066943,451483.7739985932,271807.1784352944,250454.69089490658,271807.1784352944,237931.95635016126,271807.1784352944,340760.16208087903,451482.9118757577,453395.56,453536.25,431290.75,237926.45,410774.75,472991.75,-233835.47,-54361.797,1027638.0,1448959.8,589698.6,453899.38,566861.44,455906.21875,316892.1875,452916.65625
6_1609_2,2023-11-01,660081.1714790261,226400.6396551775,452959.539827729,413865.5,388391.9544485471,291171.35387145606,48756.619884517815,451483.7739985932,271807.1784352944,250454.69089490658,271807.1784352944,237931.95635016126,271807.1784352944,340760.16208087903,451482.9118757577,452765.38,453309.75,411909.38,223998.69,419623.44,389042.84,-75307.66,56495.11,757020.0,845727.0,589243.25,453374.78,657875.9,322871.28125,158446.09375,227205.71875
6_1609_2,2023-12-01,895702.360960434,226400.6396551775,452959.539827729,413272.875,366230.511180145,275465.89387988194,62531.16334676667,451483.7739985932,271807.1784352944,250454.69089490658,271807.1784352944,237931.95635016126,271807.1784352944,340760.16208087903,451482.9118757577,452816.38,453594.88,398648.06,241820.56,412547.94,447077.3,78257.836,192861.4,676201.3,777043.7,591613.8,452741.62,641727.25,313902.625,158446.09375,122571.5078125
6_1609_2,2024-01-01,404559.1214804811,226400.6396551775,452959.539827729,411564.46875,348900.8139421213,414303.67282591725,295742.7953326418,451483.7739985932,271807.1784352944,250454.69089490658,271807.1784352944,237931.95635016126,271807.1784352944,340760.16208087903,451482.9118757577,452516.75,453169.94,390496.34,193509.53,397129.03,393352.56,135065.73,244111.25,663492.94,709589.06,586172.7,453031.1,576193.2,418536.84375,158446.09375,125561.0546875
6_1610_14,2023-10-01,2027320.81888622,2263041.641898196,2412124.7581270128,1770106.25,2170007.227157234,1436888.2490370807,2823281.8714959645,2702408.019144606,2421471.366904083,2421464.8396990984,2421471.366904083,2300391.5977141433,2421471.366904083,2037952.0090868007,2248912.891998393,1852584.1,1840849.4,1847908.2,2767023.2,1868407.4,1822768.8,1495918.0,1598292.4,2087323.8,2235646.0,1862260.0,1855869.0,1793688.4,1941220.75,1500034.25,2029458.125
6_1610_14,2023-11-01,1984357.833481373,2407113.748584614,2412124.7581270128,1329380.25,2308672.666896488,1080491.957045667,2856855.6586793237,2729617.549157222,2421471.366904083,2421464.8396990984,2421471.366904083,2300391.5977141433,2421471.366904083,2037952.0090868007,2248912.891998393,1836291.4,1812956.4,1832053.0,2759485.5,1816514.6,1820560.0,1198730.0,1483421.4,2053162.0,2171641.2,1825355.8,1844615.9,1808409.5,1941220.75,1552976.75,2258875.0
6_1610_14,2023-12-01,1984357.833481373,2407113.748584614,2412124.7581270128,1261014.25,2366243.3140407195,1476468.649987509,3399583.501133462,2756827.0791698378,2421471.366904083,2421464.8396990984,2421471.366904083,2300391.5977141433,2421471.366904083,2037952.0090868007,2248912.891998393,1827207.5,1869683.2,1826878.1,2847900.2,1797823.5,1779819.2,1322802.8,1471345.8,2133162.2,2477166.0,2035333.2,1831022.8,1815096.2,2294170.0,1500034.25,1764746.25
6_1610_14,2024-01-01,7188056.132384166,2407113.748584614,2412124.7581270128,1057202.625,2390145.300136447,5700149.529130576,7097900.990541689,2784036.6091824537,2421471.366904083,2421464.8396990984,2421471.366904083,2300391.5977141433,2421471.366904083,2037952.0090868007,2248912.891998393,1857918.1,1822768.6,1819996.4,1375140.2,1781627.0,1781958.4,1595489.5,1652470.9,1959230.0,2059030.1,2182766.0,1837226.2,1764012.0,1870631.0,1500034.25,1870631.0
6_1611_14,2023-10-01,967728.1192647091,987521.9859080982,987090.5207965873,995596.8125,986130.9111215074,1325249.1375309997,1809785.9401366839,1057906.9376397093,1066607.4961204794,814511.5817263286,1066607.4961204794,773786.0026400121,1066607.4961204794,1047516.2592625141,987101.7878327296,984846.1,1003946.7,994046.4,1170860.6,980877.5,1006167.9,760107.94,786799.25,1302458.8,1360084.5,4034509.0,989006.25,990874.6,903615.125,797604.375,1019722.125
6_1611_14,2023-11-01,1005389.0637158396,987521.9859080982,987090.5207965873,1001308.25,984818.1639694526,1237491.9066738014,1790190.8790137917,1108340.097497192,1066607.4961204794,814511.5817263286,1066607.4961204794,773786.0026400121,1066607.4961204794,1047516.2592625141,987101.7878327296,985389.7,980919.44,993835.44,1058434.9,998464.75,989600.1,593126.06,720715.75,1258312.1,1371592.0,4092067.0,988166.6,988173.8,974288.875,792556.25,984385.25
6_1611_14,2023-12-01,12599016.849576037,987521.9859080982,987090.5207965873,999908.8125,983579.3340360515,1324839.8387777908,1891173.8525880857,1158773.2573546744,1066607.4961204794,814511.5817263286,1066607.4961204794,773786.0026400121,1066607.4961204794,1047516.2592625141,987101.7878327296,957807.2,626771.0,989583.44,1139967.5,1023137.0,1032426.75,700272.8,822246.6,1287914.9,1418758.6,4091834.2,987147.0,986881.1,1019722.125,651208.625,999529.625
6_1611_14,2024-01-01,21638310.65611898,987521.9859080982,987090.5207965873,1004216.25,982410.2592439346,1477193.6017230004,1932467.5969716597,1209206.4172121568,1066607.4961204794,814511.5817263286,1066607.4961204794,773786.0026400121,1066607.4961204794,1047516.2592625141,987101.7878327296,1017042.9,762002.75,986497.25,928861.6,1052401.8,1057630.2,796043.1,860934.7,1260047.8,1323751.1,4065159.2,987608.6,980408.94,964192.625,519957.28125,1009625.875
6_1700_14,2023-10-01,790537.2732561119,377625.4367578209,377625.4367578209,325513.71875,484637.98679078114,-403699.0483189632,-469884.91188960127,377625.4357379069,374852.72446760285,652675.7821102388,373810.5127746394,620041.9930047268,374852.72446760285,372056.40075390943,377625.4357355272,376889.5,377966.62,384488.06,292942.88,396426.0,402022.56,289355.94,328180.12,467161.3,495858.53,376105.72,379086.1,331002.22,0.009977245703339577,0.009977245703339577,376996.59375
6_1700_14,2023-11-01,294795.9945295412,377625.4367578209,377625.4367578209,307091.03125,554669.9212966679,-393782.77774831175,-493425.82994857366,377625.4357379069,374852.72446760285,652675.7821102388,373810.5127746394,620041.9930047268,374852.72446760285,372056.40075390943,377625.4357355272,377580.88,378634.4,382411.9,440453.53,417149.22,413954.8,294132.94,349877.4,477018.03,498826.62,374624.72,378259.0,309422.12,376996.59375,376996.59375,0.009977245703339577
6_1700_14,2023-12-01,377625.4367578209,377625.4367578209,377625.4367578209,292035.125,600500.7313196626,137033.81386364665,-23500.420356988587,377625.4357379069,374852.72446760285,652675.7821102388,373810.5127746394,620041.9930047268,374852.72446760285,372056.40075390943,377625.4357355272,377520.88,377268.2,378327.38,325793.3,442937.56,425738.12,343741.72,370217.75,518545.5,532815.44,377059.0,377257.5,290443.4,361288.375,753993.1875,376996.59375
6_1700_14,2024-01-01,377625.4367578209,377625.4367578209,377625.4367578209,276808.40625,630493.6647176008,54595.45424472952,-337203.2687472301,377625.4357379069,374852.72446760285,652675.7821102388,373810.5127746394,620041.9930047268,374852.72446760285,372056.40075390943,377625.4357355272,376591.88,377192.1,375799.34,243112.67,471222.1,474155.12,395689.12,425238.47,548937.75,573333.2,376676.66,377712.84,286036.88,376996.59375,1507986.25,376996.59375
6_1708_2,2023-10-01,1657.0563808206284,1657.0563808206284,1657.0563808206284,1661.88916015625,1652.8656979143389,1746.937447055896,1746.9776101427235,1663.7795946974056,1655.8117962410279,1631.662910090404,1655.8117962410279,1550.0797645858838,1655.8117962410279,1657.0344299372605,1657.0563808206284,1655.091,1656.5992,1656.8184,1658.5424,1657.8306,1657.6763,1649.5703,1651.9803,1663.5972,1664.9854,1656.9491,1657.0564,1657.0125,1661.2406005859375,1661.2406005859375,1661.2406005859375
6_1708_2,2023-11-01,245379.21058886652,1657.0563808206284,1657.0563808206284,1665.634765625,1649.0984033685236,1746.9459578356732,1746.9255585175667,1669.8734610867305,1655.8117962410279,1631.662910090404,1655.8117962410279,1550.0797645858838,1655.8117962410279,1657.0344299372605,1657.0563808206284,1639.3002,1647.7448,1656.6788,1646.8195,1658.9161,1659.429,1654.2811,1655.7555,1663.7572,1665.0018,1655.1316,1657.0564,1657.0316,1661.2406005859375,1661.2406005859375,1661.2406005859375
6_1708_2,2023-12-01,245652.53947642454,1657.0563808206284,1657.0563808206284,1669.536865234375,1645.711721886699,1746.9697668134977,1746.898055865685,1675.9673274760553,1655.8117962410279,1631.662910090404,1655.8117962410279,1550.0797645858838,1655.8117962410279,1657.0344299372605,1657.0563808206284,1588.2286,1580.9269,1656.3809,1667.1133,1660.1693,1660.1791,1654.2771,1655.7258,1664.8676,1668.3696,1571.1447,1657.0564,1657.0288,1661.2406005859375,1661.2406005859375,1661.2406005859375
6_1708_2,2024-01-01,245744.24851106573,1657.0563808206284,1657.0563808206284,1673.329345703125,1642.6671997980095,1746.9280259625698,1746.9662492243026,1682.0611938653801,1655.8117962410279,1631.662910090404,1655.8117962410279,1550.0797645858838,1655.8117962410279,1657.0344299372605,1657.0563808206284,1588.2142,1595.9005,1656.2302,1648.0366,1661.0978,1660.8125,1654.4735,1656.2792,1664.9711,1665.3142,1579.2875,1657.0564,1657.0378,1661.2406005859375,1661.2406005859375,1661.2406005859375
7_1000_26,2023-10-01,1361519536.4333348,879011451.3903277,969331562.6132677,852038528.0,815203264.5238217,873255787.6052389,747887538.9773867,985642982.3088012,574196549.2345202,337761630.67542154,573571992.8694178,320873549.14165044,574196549.2345202,735862181.7232212,966710744.8702745,971134340.0,968265200.0,999291800.0,348858750.0,1247395700.0,1199187300.0,-747984000.0,-115993880.0,2995503600.0,4392908300.0,1468143400.0,972698400.0,1184453600.0,979729024.0,1050838464.0,1058739456.0
7_1000_26,2023-11-01,1408055146.1845293,797085665.6277529,969331562.6132677,842305088.0,699997630.2357965,968032856.1576204,930577482.6236756,1004384350.0393893,574196549.2345202,337761630.67542154,573571992.8694178,320873549.14165044,574196549.2345202,735862181.7232212,966710744.8702745,967634300.0,968491650.0,1004763500.0,443883550.0,1480387700.0,1332469600.0,-1030372700.0,-489662200.0,3012361000.0,3696642800.0,572675300.0,970808800.0,1261866900.0,942857536.0,1098244608.0,1153552000.0
7_1000_26,2023-12-01,1653874706.694307,722795541.9059846,969331562.6132677,813676480.0,613899960.1714607,1088379511.2188523,1095417555.4118314,1023125717.7699775,574196549.2345202,337761630.67542154,573571992.8694178,320873549.14165044,574196549.2345202,735862181.7232212,966710744.8702745,966706560.0,969696900.0,1021476200.0,741541000.0,1605300500.0,1713131300.0,-210369700.0,393910430.0,2647145500.0,3078281200.0,508365220.0,968513300.0,1187732500.0,908619648.0,1148284544.0,1219394048.0
7_1000_26,2024-01-01,0.0,655429419.8575485,969331562.6132677,800579968.0,549555808.634788,109348739.65845454,187980997.5620308,1041867085.5005655,574196549.2345202,337761630.67542154,573571992.8694178,320873549.14165044,574196549.2345202,735862181.7232212,966710744.8702745,966051700.0,967493250.0,1044934400.0,404602100.0,1644869600.0,1588588000.0,427517630.0,641589760.0,2679125800.0,3252462800.0,427458270.0,969551940.0,1057451260.0,913887040.0,1182522368.0,1282602240.0
9_1000_78,2023-10-01,800065319.5734768,500405681.14815784,752663302.0125542,411551680.0,457464235.0653804,1099851665.767352,1272960878.4705124,502932849.4134716,517026473.8521248,443646161.9118318,517026473.8521248,421463853.8162402,517026473.8521248,455270219.7878078,442420526.596158,497866800.0,504477950.0,479621440.0,432135500.0,438125440.0,493492580.0,-348076960.0,-153200560.0,1218120000.0,1610753300.0,597245100.0,502911740.0,413371840.0,11114044.0,116697416.0,11114044.0
9_1000_78,2023-11-01,507495886.4379044,500405681.14815784,792126772.9098043,456143040.0,429709857.4956134,775279282.018041,1092819180.4604087,529977260.72876775,517026473.8521248,443646161.9118318,517026473.8521248,421463853.8162402,517026473.8521248,455270219.7878078,442420526.596158,500122700.0,498886400.0,478177730.0,431919260.0,493407970.0,537152830.0,-95954904.0,95690744.0,1081329500.0,1361840100.0,568461400.0,501490800.0,414961150.0,27785102.0,22228084.0,5557025.0
9_1000_78,2023-12-01,893484071.3617467,500405681.14815784,831590243.8070546,438968832.0,411771349.4910091,1021642063.3808285,1341089056.160849,557021672.0440639,517026473.8521248,443646161.9118318,517026473.8521248,421463853.8162402,517026473.8521248,455270219.7878078,442420526.596158,491645380.0,454033000.0,472947650.0,400861470.0,534786080.0,493449920.0,161948770.0,204278420.0,926298800.0,1134066200.0,434665380.0,499775740.0,416153250.0,25006592.0,11114044.0,5557025.0
9_1000_78,2024-01-01,998779500.9811066,500405681.14815784,871053714.7043049,462338560.0,400177139.94253844,866383597.1779093,1135625437.789679,584066083.3593601,517026473.8521248,443646161.9118318,517026473.8521248,421463853.8162402,517026473.8521248,455270219.7878078,442420526.596158,486399230.0,477338100.0,469010430.0,300829120.0,577197950.0,558332400.0,101706630.0,329676380.0,918537800.0,1048728960.0,448960130.0,500559460.0,410817700.0,13892554.0,2778515.0,5557025.0
9_1109_53,2023-10-01,35012.1717447293,33489.08248313942,33973.33732915856,31402.189453125,45955.22581862481,24305.87094197994,-9561.320451674706,28096.99926575256,38341.43382215165,49578.12478631048,38341.43382215165,47099.218546994955,38341.43382215165,36424.493715698205,35459.174564049026,33601.38,33571.066,34869.637,35917.543,35502.53,34510.58,23678.555,25809.008,44712.914,51963.06,33267.45,33594.508,35928.94,37505.33203125,26392.640625,48154.9921875
9_1109_53,2023-11-01,42543.10188349955,33489.08248313942,33973.33732915856,30469.681640625,52685.750488763246,35262.84895348643,-7834.034755928955,24279.274262085513,38341.43382215165,49578.12478631048,38341.43382215165,47099.218546994955,38341.43382215165,36424.493715698205,35459.174564049026,33429.957,33307.934,34246.066,38288.074,34926.203,35930.27,18779.213,22196.633,44147.734,46430.992,33161.953,33534.816,36119.508,48154.9921875,42598.6484375,52785.28125
9_1109_53,2023-12-01,39493.32692758877,33489.08248313942,33973.33732915856,28697.03125,56319.589850002885,26675.907140933356,-8929.364334310016,20461.549258418476,38341.43382215165,49578.12478631048,38341.43382215165,47099.218546994955,38341.43382215165,36424.493715698205,35459.174564049026,33348.055,33413.043,33950.91,49074.53,34670.438,36060.195,24168.268,28217.639,42730.848,44295.45,33335.355,33462.355,36208.812,49544.08203125,26855.669921875,42135.62109375
9_1109_53,2024-01-01,23023.46323585124,33489.08248313942,33973.33732915856,27302.79296875,58281.51542794196,18835.420636090763,-30345.99036633393,16643.824254751435,38341.43382215165,49578.12478631048,38341.43382215165,47099.218546994955,38341.43382215165,36424.493715698205,35459.174564049026,33352.3,33653.715,33728.594,36662.316,34420.992,34404.703,24885.246,28449.54,41554.64,45001.156,33308.12,33495.23,35772.125,38894.41796875,43987.734375,46302.87890625
