unique_id,ds,y,AutoARIMA,AutoETS,CES,AutoRegressive,MSTL,HoltWinters,AutoTheta,ADIDA,CrostonClassic,CrostonOptimized,CrostonSBA,IMAPA,SES,SESOpt,NHITS,NBEATS,TFT,TiDE,DeepAR,DeepAR-median,DeepAR-lo-90,DeepAR-lo-80,DeepAR-hi-80,DeepAR-hi-90,AutoNHITS,AutoPatchTST,AutoTimesNet,Chronos_tiny,Chronos_mini,Chronos_small
10_1102_2,2023-10-01,0.0,0.0,1.3317067810407432e-10,0.5867847204208374,38.83365597618166,-66.70661031147905,-198.5792776575465,-17.884960322009242,87.50642039141938,142.98908645390878,265.47406824097584,135.83963213121334,44.46119783228545,0.009416585982355365,8.806236451098577e-11,-0.0024689105,0.002335506,0.09430316,0.0027159478,0.6978761,-0.77784264,-34.91098,-27.72413,19.177334,29.169146,-0.00017725787,-0.0019570384,-0.002547192,1.1591450856940355e-06,1244.62255859375,1.1591450856940355e-06
10_1102_2,2023-11-01,0.0,0.0,1.3317067810407432e-10,0.702354371547699,57.834335901465735,-60.77403867715519,-198.64378463917376,-32.62178815240564,87.50642039141938,142.98908645390878,265.47406824097584,135.83963213121334,44.46119783228545,0.009416585982355365,8.806236451098577e-11,0.00047200356,-0.010625879,0.09177589,0.0038856715,1.024459,1.2951325,-33.168205,-18.776262,21.587328,29.836567,0.002405007,-0.00033126815,-0.014978557,1.1591450856940355e-06,435.5570983886719,1.1591450856940355e-06
10_1102_2,2023-12-01,0.0,0.0,1.3317067810407432e-10,0.5552645921707153,67.13106134612966,-11.397622737434087,-221.28841097652875,-47.35861598280205,87.50642039141938,142.98908645390878,265.47406824097584,135.83963213121334,44.46119783228545,0.009416585982355365,8.806236451098577e-11,0.0026063903,-0.017958699,0.09161402,0.1326086,1.302607,2.5009208,-37.231144,-21.388105,22.01226,30.710138,0.000515223,-0.00044494183,-0.007359303,1.1591450856940355e-06,435.5570983886719,1.1591450856940355e-06
10_1102_2,2024-01-01,0.0,0.0,1.3317067810407432e-10,0.46522587537765503,71.6797987772808,-128.9925455148407,-272.79120143976115,-62.09544381319846,87.50642039141938,142.98908645390878,265.47406824097584,135.83963213121334,44.46119783228545,0.009416585982355365,8.806236451098577e-11,0.00073333527,-0.029180804,0.09117099,-0.00056325237,1.5212604,2.3590007,-31.395096,-18.216301,25.833996,40.328266,0.002408248,2.4047158e-05,-0.020448271,1.1591450856940355e-06,1.1591450856940355e-06,1.1591450856940355e-06
10_1106_14,2023-10-01,0.0,0.0,6.396826594222668e-20,-300.5665283203125,1125.9486359470466,-18103.58936492363,-23196.704878870078,-2697.401301255154,686.3241406586632,27778.558699833036,17006.695104933264,26389.630764841382,686.3241406586632,24.233775238364625,1.082896892134781e-14,105.55706,202.842,836.5957,-2288.1763,175.32324,30.427887,-2314.7354,-1552.4242,2228.0493,2808.9285,95.695274,-0.0019570384,-0.002547192,0.0002239339373772964,0.0002239339373772964,0.0002239339373772964
10_1106_14,2023-11-01,0.0,0.0,6.396826594222668e-20,10.208752632141113,2178.453347881132,-18243.42868284768,-23672.97364353104,-4911.590875987486,686.3241406586632,27778.558699833036,17006.695104933264,26389.630764841382,686.3241406586632,24.233775238364625,1.082896892134781e-14,314.85715,-311.82132,825.6504,1454.7896,272.81854,224.20328,-3191.0283,-1678.5326,1771.1703,2406.4744,121.1755,-0.00033126815,-0.014978557,0.0002239339373772964,0.0002239339373772964,0.0002239339373772964
10_1106_14,2023-12-01,0.0,0.0,6.396826594222668e-20,-195.3332977294922,3162.304771717796,-16750.335115432277,-24188.754706018008,-7125.780450719818,686.3241406586632,27778.558699833036,17006.695104933264,26389.630764841382,686.3241406586632,24.233775238364625,1.082896892134781e-14,78.24602,130.57289,830.22675,-8165.555,362.3001,149.27606,-1423.7944,-1074.8556,2122.8323,3247.5027,210.64592,-0.00044494183,-0.007359303,0.0002239339373772964,0.0002239339373772964,0.0002239339373772964
10_1106_14,2024-01-01,0.0,0.0,6.396826594222668e-20,-49.21287155151367,4081.9810574483363,-29005.563716503057,-32698.7113822517,-9339.97002545215,686.3241406586632,27778.558699833036,17006.695104933264,26389.630764841382,686.3241406586632,24.233775238364625,1.082896892134781e-14,-129.73376,-314.64053,829.90607,-11868.659,438.4618,428.72302,-2102.8718,-1553.67,2034.2749,2588.4678,118.67738,2.4047158e-05,-0.020448271,0.0002239339373772964,0.0002239339373772964,0.0002239339373772964
10_1108_14,2023-10-01,0.0,0.0,1.1433958760074866e-40,-187.91165161132812,558.078129494711,2.1606869891229508,12.302073687182201,-641.7965707309487,226.10389731077606,11433.958760117162,11433.958760117162,10862.260822111304,226.10389731077606,5.582987675838458,1.1480001659886862e-18,42.997482,-31.578207,321.92316,249.1611,63.705505,33.644424,-574.9619,-433.23087,549.45807,667.97876,-12.856248,-0.0019570384,-0.002547192,7.606218423461542e-05,7.606218423461542e-05,7.606218423461542e-05
10_1108_14,2023-11-01,0.0,0.0,1.1433958760074866e-40,6.74772310256958,1060.287269969558,-11430.372838103389,-11435.945169314606,-1277.1751757545876,226.10389731077606,11433.958760117162,11433.958760117162,10862.260822111304,226.10389731077606,5.582987675838458,1.1480001659886862e-18,151.94907,-301.21292,317.75613,178.59607,97.94966,114.79143,-812.64996,-547.26904,682.36237,781.9984,-69.42371,-0.00033126815,-0.014978557,7.606218423461542e-05,7.606218423461542e-05,7.606218423461542e-05
10_1108_14,2023-12-01,0.0,0.0,1.1433958760074866e-40,-128.4302520751953,1512.2204446396368,-11431.94801062291,-11425.77125222783,-1912.5537807782266,226.10389731077606,11433.958760117162,11433.958760117162,10862.260822111304,226.10389731077606,5.582987675838458,1.1480001659886862e-18,99.45643,-126.6615,319.52637,-4348.526,128.95607,248.1053,-700.37585,-569.63214,717.51843,1171.3651,-76.4942,-0.00044494183,-0.007359303,7.606218423461542e-05,7.606218423461542e-05,7.606218423461542e-05
10_1108_14,2024-01-01,0.0,0.0,1.1433958760074866e-40,-27.560623168945312,1918.910761295882,-11429.352697987573,-11419.555469303496,-2547.9323858018656,226.10389731077606,11433.958760117162,11433.958760117162,10862.260822111304,226.10389731077606,5.582987675838458,1.1480001659886862e-18,1.2293605,-297.83572,319.40204,-95.61189,154.96086,156.78772,-615.23956,-432.76486,663.59143,852.7966,-85.042,2.4047158e-05,-0.020448271,7.606218423461542e-05,7.606218423461542e-05,7.606218423461542e-05
10_1110_14,2023-10-01,0.0,0.0,5.213388886892769e-16,-5656.45947265625,3837.71032882695,6436.877170476933,19274.350200585737,-3769.8000706434973,8951.03773858593,58715.23994758615,53255.95710863906,55779.47795020684,8951.03773858593,1636.2495329059573,5.223014548296436e-06,-26.0,-58.132812,535.8008,18844.016,8400.738,8581.686,-4739.5483,-1515.8062,19742.281,23290.525,513.96875,-0.0019570384,-60.289062,0.0006139617180451751,52842.01953125,0.0006139617180451751
10_1110_14,2023-11-01,0.0,0.0,5.213388886892769e-16,467.7211608886719,7311.675221600119,4501.375337472544,21023.269689589113,-7241.429882704939,8951.03773858593,58715.23994758615,53255.95710863906,55779.47795020684,8951.03773858593,1636.2495329059573,5.223014548296436e-06,-20.90625,-145.6875,1442.8281,35081.617,8602.07,9157.58,-3118.5146,-105.35818,19746.568,23280.117,777.1094,-0.00033126815,141.48633,0.0006139617180451751,71530.046875,0.0006139617180451751
10_1110_14,2023-12-01,0.0,0.0,5.213388886892769e-16,-3723.3837890625,10456.371158020458,-2560.4836544491272,13746.109807676217,-10713.05969476638,8951.03773858593,58715.23994758615,53255.95710863906,55779.47795020684,8951.03773858593,1636.2495329059573,5.223014548296436e-06,-17.542969,440.22266,1628.7344,23051.918,9000.422,10255.528,-2037.2988,-221.77684,17224.055,20942.441,651.1211,-0.00044494183,58.0625,0.0006139617180451751,71207.84375,0.0006139617180451751
10_1110_14,2024-01-01,0.0,0.0,5.213388886892769e-16,-429.0627746582031,13303.006871901951,-2374.5502993432056,3293.45196492797,-14184.68950682782,8951.03773858593,58715.23994758615,53255.95710863906,55779.47795020684,8951.03773858593,1636.2495329059573,5.223014548296436e-06,-424.17188,867.3633,1462.3672,21203.805,9410.195,9227.832,1075.4646,4261.238,16758.074,18992.25,614.1172,2.4047158e-05,-147.99805,0.0006139617180451751,70563.4296875,0.0006139617180451751
10_1111_2,2023-10-01,0.0,0.0,66.6150610843637,900.1508178710938,17639.782135142894,-74508.8829199971,-2661.840219519303,-6316.553968752007,9196.045116404757,79837.91865928218,82292.0138640941,75846.02272631807,9196.045116404757,1025.7805295493772,67.21099064157583,725.0117,-541.60156,-2972.668,-5866.2344,-312.83203,-84.06542,-7146.1167,-5872.9355,5651.4307,7710.008,348.85938,-0.0019570384,-903.7051,0.0008199498406611383,0.0008199498406611383,0.0008199498406611383
10_1111_2,2023-11-01,0.0,0.0,66.6150610843637,279.45458984375,29530.6283356532,-42025.30503757251,47620.286583594214,-10350.904415725963,9196.045116404757,79837.91865928218,82292.0138640941,75846.02272631807,9196.045116404757,1025.7805295493772,67.21099064157583,-330.41797,-1266.1953,-2623.0234,12129.527,-336.86328,-542.9884,-9234.863,-5934.7676,5986.767,6877.8364,391.45703,-0.00033126815,-968.1719,0.0008199498406611383,0.0008199498406611383,0.0008199498406611383
10_1111_2,2023-12-01,0.0,0.0,66.6150610843637,578.3203125,37546.1594958993,-69524.52080492725,42926.31314381584,-14385.25486269992,9196.045116404757,79837.91865928218,82292.0138640941,75846.02272631807,9196.045116404757,1025.7805295493772,67.21099064157583,-886.5547,-1445.7266,-2551.8906,31039.447,-116.14453,-343.50372,-6221.169,-4654.0796,6084.2817,10024.34,91.64844,-0.00044494183,-1840.4492,0.0008199498406611383,0.0008199498406611383,0.0008199498406611383
10_1111_2,2024-01-01,0.0,0.0,66.6150610843637,367.4873046875,42949.36955323895,-118106.34638669944,-5852.212484368961,-18419.605309673876,9196.045116404757,79837.91865928218,82292.0138640941,75846.02272631807,9196.045116404757,1025.7805295493772,67.21099064157583,-138.47266,-1311.2969,-2522.7617,17263.527,414.90625,201.60449,-9703.167,-6493.184,7217.881,9290.695,219.92188,2.4047158e-05,-1169.1875,0.0008199498406611383,0.0008199498406611383,0.0008199498406611383
10_1112_14,2023-10-01,137220.09263596454,0.0,6697.997021832503,11447.6650390625,-3258.7414108619805,-695.059755701209,4807.882325805027,28282.21286669957,2425.434133079125,2437.6026365172916,6701.064364835668,2315.722504691427,7520.547205643788,68610.13940344706,9560.64487184803,133202.81,131966.42,106150.72,34251.965,76043.97,77477.65,16250.961,20732.56,123043.914,156741.44,137124.25,127352.586,162233.44,9.395655069965869e-05,9.395655069965869e-05,100885.078125
10_1112_14,2023-11-01,109775.71446549853,0.0,6697.997021832503,35919.7578125,6970.958901820105,-2261.7057054318484,7802.378766060001,30040.686457666197,2425.434133079125,2437.6026365172916,6701.064364835668,2315.722504691427,7520.547205643788,68610.13940344706,9560.64487184803,107000.93,124253.27,98485.79,48369.992,82624.41,80042.05,20177.562,42247.117,114146.79,119888.9,123289.8,131342.78,159541.97,9.395655069965869e-05,9.395655069965869e-05,100885.078125
10_1112_14,2023-12-01,116249.2933813469,0.0,6697.997021832503,42507.5078125,6226.029822664981,4729.982519982517,8352.53301067303,31799.160048632824,2425.434133079125,2437.6026365172916,6701.064364835668,2315.722504691427,7520.547205643788,68610.13940344706,9560.64487184803,104350.47,123631.19,96464.445,28711.264,83815.24,86965.18,28458.895,44066.65,123232.87,137087.53,121331.53,137858.72,179202.08,9.395655069965869e-05,9.395655069965869e-05,100885.078125
10_1112_14,2024-01-01,116249.2933813469,0.0,6697.997021832503,48102.22265625,6280.2757258692955,-4217.198618941364,23658.464080676116,33557.633639599444,2425.434133079125,2437.6026365172916,6701.064364835668,2315.722504691427,7520.547205643788,68610.13940344706,9560.64487184803,99561.95,123049.72,95799.38,-16915.014,82298.46,82039.95,39146.836,54418.79,102277.766,110362.64,121686.57,139824.45,169368.75,9.395655069965869e-05,9.395655069965869e-05,100885.078125
10_1114_14,2023-10-01,0.0,0.0,3.3841249710237133,4375.6669921875,1696.4587688446632,-171.21485752576154,2805.778891103976,3781.3233311240483,2112.735646694017,2112.735646694017,2112.735646694017,2007.098864359316,1722.9420854560672,528.1839116735042,321.6487942486658,1.3324416,-219.99576,514.2473,5250.1567,67.97801,45.397392,-1198.5259,-934.7858,956.05756,1389.8563,33.963474,-0.0019570384,645.1572,2.248729651910253e-05,2.248729651910253e-05,2.248729651910253e-05
10_1114_14,2023-11-01,0.0,0.0,3.3841249710237133,4028.5146484375,1611.2132603221999,-2678.696817470695,3339.3483324133613,3988.5718705355557,2112.735646694017,2112.735646694017,2112.735646694017,2007.098864359316,1722.9420854560672,528.1839116735042,321.6487942486658,70.92266,-230.87675,502.3085,13580.288,73.92901,16.088741,-1058.9729,-911.2276,867.93964,1163.1033,-72.93059,-0.00033126815,511.38965,2.248729651910253e-05,2.248729651910253e-05,2.248729651910253e-05
10_1114_14,2023-12-01,0.0,0.0,3.3841249710237133,4348.55615234375,1615.496769510108,-2783.5231751232695,3182.52338248001,4195.820409947063,2112.735646694017,2112.735646694017,2112.735646694017,2007.098864359316,1722.9420854560672,528.1839116735042,321.6487942486658,-59.477795,-283.44833,502.35867,5404.222,76.655655,117.34598,-748.7702,-628.0469,1178.2882,1553.0325,-79.6628,-0.00044494183,-96.24805,2.248729651910253e-05,2.248729651910253e-05,2.248729651910253e-05
10_1114_14,2024-01-01,0.0,0.0,3.3841249710237133,4692.65625,1615.2815270735161,1467.6091593039796,4919.0239768610045,4403.0689493585705,2112.735646694017,2112.735646694017,2112.735646694017,2007.098864359316,1722.9420854560672,528.1839116735042,321.6487942486658,-46.796314,-212.0759,500.54874,2433.1208,78.228096,52.67018,-976.86237,-601.18787,822.82654,1380.9916,-28.113577,2.4047158e-05,-244.91309,2.248729651910253e-05,2.248729651910253e-05,2.248729651910253e-05
10_1151_16,2023-10-01,0.0,0.0,0.0,0.0,0.0,0.0,0.0,0.0,0.0,0.0,0.0,0.0,0.0,0.0,0.0,-0.0024689105,0.002335506,0.09430316,0.0027159478,0.0040304437,0.017873209,-0.22545642,-0.13770005,0.21580124,0.3837315,-0.00017725787,-0.0019570384,-0.002547192,1.3969838619232178e-08,1.3969838619232178e-08,1.3969838619232178e-08
10_1151_16,2023-11-01,0.0,0.0,0.0,0.0,0.0,0.0,0.0,0.0,0.0,0.0,0.0,0.0,0.0,0.0,0.0,0.00047200356,-0.010625879,0.09177589,0.0038856715,0.0060206745,0.0240192,-0.25032318,-0.114313304,0.20177943,0.22569945,0.002405007,-0.00033126815,-0.014978557,1.3969838619232178e-08,1.3969838619232178e-08,1.3969838619232178e-08
10_1151_16,2023-12-01,3600.0291637578925,0.0,0.0,0.0,0.0,0.0,0.0,0.0,0.0,0.0,0.0,0.0,0.0,0.0,0.0,0.0026063903,-0.017958699,0.09161402,0.1326086,0.007780593,0.02482289,-0.24065015,-0.16097078,0.21868794,0.33101574,0.000515223,-0.00044494183,-0.007359303,1.3969838619232178e-08,1.3969838619232178e-08,1.3969838619232178e-08
10_1151_16,2024-01-01,4398.437230045857,0.0,0.0,0.0,0.0,0.0,0.0,0.0,0.0,0.0,0.0,0.0,0.0,0.0,0.0,0.00073333527,-0.029180804,0.09117099,-0.00056325237,0.0092493715,0.021814035,-0.14846838,-0.11817214,0.2233707,0.31628856,0.002408248,2.4047158e-05,-0.020448271,1.3969838619232178e-08,1.3969838619232178e-08,1.3969838619232178e-08
10_1151_72,2023-10-01,0.0,0.0,0.0,0.0,0.0,0.0,0.0,0.0,0.0,0.0,0.0,0.0,0.0,0.0,0.0,-0.0024689105,0.002335506,0.09430316,0.0027159478,0.0040304437,-0.010989124,-0.28961784,-0.14702246,0.18543711,0.2803911,-0.00017725787,-0.0019570384,-0.002547192,1.3969838619232178e-08,1.3969838619232178e-08,1.3969838619232178e-08
10_1151_72,2023-11-01,4021.7109014707926,0.0,0.0,0.0,0.0,0.0,0.0,0.0,0.0,0.0,0.0,0.0,0.0,0.0,0.0,0.00047200356,-0.010625879,0.09177589,0.0038856715,0.0060206745,0.0029428168,-0.2082223,-0.138723,0.19050686,0.28607044,0.002405007,-0.00033126815,-0.014978557,1.3969838619232178e-08,1.3969838619232178e-08,1.3969838619232178e-08
10_1151_72,2023-12-01,4800.338587738109,0.0,0.0,0.0,0.0,0.0,0.0,0.0,0.0,0.0,0.0,0.0,0.0,0.0,0.0,0.0026063903,-0.017958699,0.09161402,0.1326086,0.007780593,0.007474351,-0.20327906,-0.14365524,0.1470034,0.23370427,0.000515223,-0.00044494183,-0.007359303,1.3969838619232178e-08,1.3969838619232178e-08,1.3969838619232178e-08
10_1151_72,2024-01-01,5579.865382188183,0.0,0.0,0.0,0.0,0.0,0.0,0.0,0.0,0.0,0.0,0.0,0.0,0.0,0.0,0.00073333527,-0.029180804,0.09117099,-0.00056325237,0.0092493715,0.031261016,-0.23826967,-0.180013,0.15677606,0.21742767,0.002408248,2.4047158e-05,-0.020448271,1.3969838619232178e-08,1.3969838619232178e-08,1.3969838619232178e-08
10_1204_2,2023-10-01,0.0,0.0,1.0932725136097311e-23,2289.270263671875,8745.814198431584,-172606.0814010881,-95833.60484017657,-2403.7688117032367,1844.7355830934034,51354.02982454665,124349.8412628447,48786.32833331931,1844.7355830934034,39.28159625223639,1.9320532311701788e-17,595.00916,-297.14114,4037.0303,-16008.809,628.80255,-520.3389,-9712.007,-6868.854,8059.968,12594.272,1418.2283,-0.0019570384,-0.002547192,0.000550152559299022,0.000550152559299022,0.000550152559299022
10_1204_2,2023-11-01,0.0,0.0,1.0932725136097311e-23,-57.092185974121094,15084.943181076575,-187625.93997309238,-96801.86822506638,-4730.854038553262,1844.7355830934034,51354.02982454665,124349.8412628447,48786.32833331931,1844.7355830934034,39.28159625223639,1.9320532311701788e-17,398.51233,-2961.421,3975.566,9741.902,958.31836,2208.1912,-11879.21,-7884.825,10728.268,13454.015,331.87085,-0.00033126815,-0.014978557,0.000550152559299022,0.000550152559299022,0.000550152559299022
10_1204_2,2023-12-01,0.0,0.0,1.0932725136097311e-23,1740.9755859375,19679.66190558551,-195614.6078959838,-99544.14528863817,-7057.939265403288,1844.7355830934034,51354.02982454665,124349.8412628447,48786.32833331931,1844.7355830934034,39.28159625223639,1.9320532311701788e-17,-2289.2932,-1401.669,3992.6633,-33723.566,1253.4261,1995.6892,-7881.6553,-5261.0483,9580.445,14854.238,1055.3542,-0.00044494183,-0.007359303,0.000550152559299022,0.000550152559299022,0.000550152559299022
10_1204_2,2024-01-01,0.0,0.0,1.0932725136097311e-23,304.4920349121094,23009.999593168628,-227096.17033458262,-138484.23383379023,-9385.024492253313,1844.7355830934034,51354.02982454665,124349.8412628447,48786.32833331931,1844.7355830934034,39.28159625223639,1.9320532311701788e-17,-4128.901,-3683.5273,3987.923,-16961.898,1497.9171,528.808,-8671.449,-6596.3955,8810.591,11076.959,1944.094,2.4047158e-05,-0.020448271,0.000550152559299022,23097.626953125,0.000550152559299022
10_1205_16,2023-10-01,14.385730924107463,14.385730924107463,14.385730924107463,14.367474555969238,13.4813313829248,14.167530353742466,11.628104352102454,15.187692617059804,8.041524617136288,1.7044353498052842,5.434413570620394,1.61921358231502,10.477981247266905,14.273342401262873,14.385730924107317,14.53613,14.407672,15.172372,14.597086,14.263822,14.417591,10.232129,11.29318,17.619898,18.48025,14.261611,14.383774,13.598422,14.378698348999023,14.378698348999023,14.378698348999023
10_1205_16,2023-11-01,14.385730924107463,14.385730924107463,14.385730924107463,14.23167896270752,12.672898314657346,13.904560011641436,10.864036038981748,15.98163469308276,8.041524617136288,1.7044353498052842,5.434413570620394,1.61921358231502,10.477981247266905,14.273342401262873,14.385730924107317,14.593777,14.328517,15.095203,10.83476,14.105906,14.428465,10.432168,11.302224,17.834206,18.433378,14.338791,14.3854,13.4458475,14.378698348999023,14.378698348999023,14.378698348999023
10_1205_16,2023-12-01,14.385730924107463,14.385730924107463,14.385730924107463,14.21833610534668,11.950248649207843,13.682910858241863,11.179722725819769,16.77557676910572,8.041524617136288,1.7044353498052842,5.434413570620394,1.61921358231502,10.477981247266905,14.273342401262873,14.385730924107317,14.203418,13.968318,15.0664835,7.3622446,13.936998,13.560242,9.7511635,10.598889,16.812817,17.538258,14.270505,14.385285,11.54875,14.378698348999023,14.378698348999023,14.378698348999023
10_1205_16,2024-01-01,14.385730924107463,14.385730924107463,14.385730924107463,14.108183860778809,11.304279849226113,17.22198308280851,16.838960618010294,17.569518845128677,8.041524617136288,1.7044353498052842,5.434413570620394,1.61921358231502,10.477981247266905,14.273342401262873,14.385730924107317,14.079248,13.922334,15.055409,7.6443973,13.77329,13.79438,9.867405,10.751243,16.037964,17.548243,14.348544,14.385755,6.908725,14.378698348999023,14.378698348999023,14.378698348999023
10_1211_2,2023-10-01,0.0,0.0,79.90835483700812,9573.912109375,1921.3529555604418,7839.503319154797,12781.361970614322,179.48588955876,7678.248045918479,6014.900644061686,10481.861824567673,5714.155611858601,8963.848531298156,6650.541447268639,76.67095290603132,137.38307,-12.112506,645.2944,14484.04,42.99037,26.951761,-1959.1033,-1608.3348,1636.0687,2532.063,-101.823044,12345.848,-290.79297,5308.279296875,5042.86572265625,8.42904337332584e-05
10_1211_2,2023-11-01,0.0,0.0,79.90835483700812,3755.46630859375,3132.023590943032,4743.132273209417,12799.385792644722,179.48588955876,7678.248045918479,6014.900644061686,10481.861824567673,5714.155611858601,8963.848531298156,6650.541447268639,76.67095290603132,193.02518,-135.83353,634.18384,5082.512,40.943916,7.9188156,-2005.1741,-1564.4923,1135.0842,2166.5544,-232.74298,3181.1387,76.61621,8.42904337332584e-05,5131.3369140625,8.42904337332584e-05
10_1211_2,2023-12-01,0.0,0.0,79.90835483700812,5307.03857421875,3894.8836282598854,3755.97340566585,12321.074042819093,179.48588955876,7678.248045918479,6014.900644061686,10481.861824567673,5714.155611858601,8963.848531298156,6650.541447268639,76.67095290603132,279.576,-516.17224,636.7938,3189.802,99.43189,-229.61493,-1955.1174,-1439.732,1409.8674,1591.2673,-162.62094,2350.017,458.76855,5308.279296875,5087.10107421875,8.42904337332584e-05
10_1211_2,2024-01-01,0.0,0.0,79.90835483700812,3696.82666015625,4375.572115720526,8364.81146450442,17204.617854606902,179.48588955876,7678.248045918479,6014.900644061686,10481.861824567673,5714.155611858601,8963.848531298156,6650.541447268639,76.67095290603132,279.91263,-717.59467,636.46606,11345.548,172.02585,253.85498,-1373.1958,-777.85223,1283.4004,1818.6034,-101.2769,8199.102,432.19238,5308.279296875,10174.2021484375,8.42904337332584e-05
10_1305_16,2023-10-01,0.0,0.0,3.45257542177923e-30,1.8644039630889893,18.599422947927714,319.1855376079747,357.24272379780297,3.4525754204614293e-14,59.355486518683534,54.213383131610186,117.39133594159897,51.50271397502967,41.35656402980546,1.305309279483109,3.465424840128649e-14,-0.5852493,-1.4405656,9.665104,11.89586,2.366263,1.7197037,-28.408108,-20.582369,17.703163,23.43136,-1.4211686,-0.0019570384,-0.002547192,1.1417998848628486e-06,1.1417998848628486e-06,345.1490478515625
10_1305_16,2023-11-01,0.0,0.0,3.45257542177923e-30,-0.011797799728810787,31.94286339525518,310.9086838785189,357.8293191810416,3.4525754204614293e-14,59.355486518683534,54.213383131610186,117.39133594159897,51.50271397502967,41.35656402980546,1.305309279483109,3.465424840128649e-14,-2.8675885,-3.0010073,9.538628,-86.72822,3.850072,5.5934,-31.124092,-12.455376,25.888824,30.459814,-2.5948591,-0.00033126815,-0.014978557,1.1417998848628486e-06,1.1417998848628486e-06,345.1490478515625
10_1305_16,2023-12-01,0.0,0.0,3.45257542177923e-30,1.4725288152694702,41.515601402764815,297.1461569394572,355.56397871663916,3.4525754204614293e-14,59.355486518683534,54.213383131610186,117.39133594159897,51.50271397502967,41.35656402980546,1.305309279483109,3.465424840128649e-14,-1.9164908,-5.719486,9.591392,55.456,5.2514935,6.3953214,-14.0473,-7.040966,22.138704,30.557503,-1.8113904,-0.00044494183,-0.007359303,1.1417998848628486e-06,1.1417998848628486e-06,345.1490478515625
10_1305_16,2024-01-01,0.0,0.0,3.45257542177923e-30,0.28517279028892517,48.383194009195904,195.41147134952115,179.72374214272764,3.4525754204614293e-14,59.355486518683534,54.213383131610186,117.39133594159897,51.50271397502967,41.35656402980546,1.305309279483109,3.465424840128649e-14,-0.900693,-7.465416,9.588295,7.460839,6.4679575,6.3801317,-14.409477,-11.928973,23.410578,27.387537,-2.8470922,2.4047158e-05,-0.020448271,1.1417998848628486e-06,1.1417998848628486e-06,345.1490478515625
10_1312_16,2023-10-01,0.0,0.0,0.0159923945333528,-249.4389190673828,258.0364447101124,-237.30747393478777,1051.7125137268667,-177.3160446992684,470.50898040123735,2819.9661023911053,2819.9667093944167,2678.96779727155,470.50898040123735,86.79258553881849,0.015485165597944781,-6.0705566,-0.71777344,2338.1187,879.17395,2587.6873,2598.5757,2245.8992,2394.1484,2831.22,3003.7217,19.529785,-0.0019570384,-3.2045898,3.0155713830026798e-05,3.0155713830026798e-05,3.0155713830026798e-05
10_1312_16,2023-11-01,0.0,0.0,0.0159923945333528,20.471574783325195,480.46970145518117,-265.98637151176206,1032.4626480998957,-323.55517398095094,470.50898040123735,2819.9661023911053,2819.9667093944167,2678.96779727155,470.50898040123735,86.79258553881849,0.015485165597944781,-13.400879,-12.396484,2338.15,1945.688,2586.428,2546.6975,2325.304,2352.1277,2830.1208,2892.5938,28.406982,-0.00033126815,7.5202637,3.0155713830026798e-05,3.0155713830026798e-05,3.0155713830026798e-05
10_1312_16,2023-12-01,0.0,0.0,0.0159923945333528,-165.8597412109375,672.212204192736,-32.13557458336743,1085.1076355917742,-469.7943032626335,470.50898040123735,2819.9661023911053,2819.9667093944167,2678.96779727155,470.50898040123735,86.79258553881849,0.015485165597944781,-12.269775,27.071533,2338.2466,1217.7767,2584.3328,2580.3035,2342.4062,2425.1133,2853.0808,2966.2087,23.974121,-0.00044494183,3.0863037,3.0155713830026798e-05,3.0155713830026798e-05,3.0155713830026798e-05
10_1312_16,2024-01-01,0.0,0.0,0.0159923945333528,-19.22373390197754,837.4985822013891,-69.45596363656537,157.11990165651525,-616.033432544316,470.50898040123735,2819.9661023911053,2819.9667093944167,2678.96779727155,470.50898040123735,86.79258553881849,0.015485165597944781,-40.075195,39.895508,2338.285,1234.9366,2582.5261,2563.5781,2239.9065,2302.4592,2760.785,2868.6938,20.095703,2.4047158e-05,-7.866455,3.0155713830026798e-05,3.0155713830026798e-05,3.0155713830026798e-05
10_1312_2,2023-10-01,0.0,0.0,0.00847009965384131,-194.054443359375,22628.604674842798,116590.68369663191,109680.57682372048,-4954.659968523608,12112.426286162032,94586.26720258924,142998.08596807992,89856.95384245977,12112.426286162032,1253.4867079748442,0.0016862535384073263,-16.331945,-31.576239,4587.689,-28004.521,26.800781,-350.68073,-8036.4263,-5234.9263,5598.1895,6655.2974,2287.1506,-0.0019570384,231.24414,0.0010029757395386696,0.0010029757395386696,0.0010029757395386696
10_1312_2,2023-11-01,0.0,0.0,0.00847009965384131,2.515505790710449,36939.623479644215,206603.8655258814,169454.54257892293,-9402.97008966687,12112.426286162032,94586.26720258924,142998.08596807992,89856.95384245977,12112.426286162032,1253.4867079748442,0.0016862535384073263,9.810553,-588.8712,4541.0796,-65652.92,-58.402344,216.37555,-5780.179,-3898.0786,5120.461,6246.057,3466.1638,-0.00033126815,-702.2344,0.0010029757395386696,0.0010029757395386696,0.0010029757395386696
10_1312_2,2023-12-01,0.0,0.0,0.00847009965384131,-154.4301300048828,45990.347648203795,154039.65686650763,121267.25529832943,-13851.280210810131,12112.426286162032,94586.26720258924,142998.08596807992,89856.95384245977,12112.426286162032,1253.4867079748442,0.0016862535384073263,-500.77466,-961.1369,4574.0884,6879.861,-169.57227,-327.05103,-6863.905,-5300.3174,3916.869,4446.6313,3754.9167,-0.00044494183,-694.2285,0.0010029757395386696,0.0010029757395386696,0.0010029757395386696
10_1312_2,2024-01-01,0.0,0.0,0.00847009965384131,-28.877635955810547,51714.30127391388,52866.85408659692,-12803.111617913368,-18299.590331953394,12112.426286162032,94586.26720258924,142998.08596807992,89856.95384245977,12112.426286162032,1253.4867079748442,0.0016862535384073263,-1656.0461,-1643.9843,4577.845,-77748.99,-237.16797,-152.57755,-7424.344,-4866.6855,3508.5244,4965.637,3696.2163,2.4047158e-05,651.7129,34213.54296875,0.0010029757395386696,0.0010029757395386696
10_1312_74,2023-10-01,0.0,0.0,0.0,0.0,0.0,0.0,0.0,0.0,0.0,0.0,0.0,0.0,0.0,0.0,0.0,-0.0024689105,0.002335506,0.09430316,0.0027159478,0.0040304437,-0.017199054,-0.23137522,-0.17147456,0.13748975,0.2526892,-0.00017725787,-0.0019570384,-0.002547192,1.3969838619232178e-08,1.3969838619232178e-08,1.3969838619232178e-08
10_1312_74,2023-11-01,6527.525406813761,0.0,0.0,0.0,0.0,0.0,0.0,0.0,0.0,0.0,0.0,0.0,0.0,0.0,0.0,0.00047200356,-0.010625879,0.09177589,0.0038856715,0.0060206745,-0.008824062,-0.25081563,-0.17270093,0.18023823,0.28273693,0.002405007,-0.00033126815,-0.014978557,1.3969838619232178e-08,1.3969838619232178e-08,1.3969838619232178e-08
10_1312_74,2023-12-01,13055.050813627522,0.0,0.0,0.0,0.0,0.0,0.0,0.0,0.0,0.0,0.0,0.0,0.0,0.0,0.0,0.0026063903,-0.017958699,0.09161402,0.1326086,0.007780593,-0.01657749,-0.24625549,-0.17807347,0.17890564,0.26250732,0.000515223,-0.00044494183,-0.007359303,1.3969838619232178e-08,1.3969838619232178e-08,1.3969838619232178e-08
10_1312_74,2024-01-01,16049.081062207388,0.0,0.0,0.0,0.0,0.0,0.0,0.0,0.0,0.0,0.0,0.0,0.0,0.0,0.0,0.00073333527,-0.029180804,0.09117099,-0.00056325237,0.0092493715,0.0009954607,-0.23561794,-0.17931625,0.16024183,0.25620863,0.002408248,2.4047158e-05,-0.020448271,1.3969838619232178e-08,1.3969838619232178e-08,1.3969838619232178e-08
10_1313_74,2023-10-01,0.0,0.0,3518.9316867081016,364.22149658203125,3681.3104669300365,-3406.8412304403273,-9767.734077603147,-1124.8053215953846,5991.152249275564,12226.672474581,12226.672474581,11615.33885085195,2844.923885089693,1.1193852973554383,631.2518062450623,176.00957,-171.69592,1115.858,-982.1911,65.74558,-218.69733,-2431.4824,-1729.6155,2281.3071,2721.599,316.25354,-0.0019570384,-0.002547192,4.880132109974511e-05,4.880132109974511e-05,4.880132109974511e-05
10_1313_74,2023-11-01,0.0,0.0,3518.9316867081016,384.6606750488281,3496.3776168991362,-2794.6424072064965,-11675.624637996261,-1601.1691733122689,5991.152249275564,12226.672474581,12226.672474581,11615.33885085195,2844.923885089693,1.1193852973554383,631.2518062450623,65.73118,-371.3786,1090.3389,6208.4976,96.927376,195.36806,-2071.6868,-1803.0452,1522.37,2299.0652,137.9158,-0.00033126815,-0.014978557,4.880132109974511e-05,4.880132109974511e-05,4.880132109974511e-05
10_1313_74,2023-12-01,0.0,0.0,3518.9316867081016,360.1581726074219,3505.6678300794097,-6076.487402373921,-9002.009000903068,-2077.533025029152,5991.152249275564,12226.672474581,12226.672474581,11615.33885085195,2844.923885089693,1.1193852973554383,631.2518062450623,4.7376375,-222.96536,1090.5702,-3956.897,123.59054,81.11294,-2058.7876,-1568.0521,2093.1143,2898.9473,111.9458,-0.00044494183,-0.007359303,4.880132109974511e-05,4.880132109974511e-05,4.880132109974511e-05
10_1313_74,2024-01-01,0.0,0.0,3518.9316867081016,323.1056823730469,3505.2011306210898,-3626.4127649668553,-11745.838443219887,-2553.896876746037,5991.152249275564,12226.672474581,12226.672474581,11615.33885085195,2844.923885089693,1.1193852973554383,631.2518062450623,-24.825655,-224.96829,1086.5586,-2940.4219,144.64522,88.725876,-2406.5889,-1707.2601,2517.5125,3322.0627,147.01701,2.4047158e-05,-0.020448271,4.880132109974511e-05,4.880132109974511e-05,4.880132109974511e-05
10_1404_2,2023-10-01,0.0,71040.29749283945,47471.37444829567,73820.0,21458.932856917105,66326.73221832066,56897.87249154176,65741.2427539806,46175.780000509396,34848.603699278734,48207.12269546049,33106.173514314796,46708.688430415976,37929.80301556703,47241.574862288464,1428.0625,210.20312,-2552.1328,69022.09,839.9453,765.4336,-29350.83,-19195.445,15656.526,19357.664,6518.6094,53553.668,-325.60547,0.00040096015436574817,0.00040096015436574817,0.00040096015436574817
10_1404_2,2023-11-01,0.0,17953.437535784084,47471.37444829567,62165.609375,26661.474899921053,85775.9223102114,94029.37510826052,69237.88955934973,46175.780000509396,34848.603699278734,48207.12269546049,33106.173514314796,46708.688430415976,37929.80301556703,47241.574862288464,1532.9297,-65.84375,-2376.7422,53089.664,-3881.0078,-4409.5664,-18373.883,-16747.129,5274.0503,11147.522,-9242.215,14730.993,-4092.1016,0.00040096015436574817,0.00040096015436574817,0.00040096015436574817
10_1404_2,2023-12-01,0.0,57624.08644296346,47471.37444829567,71535.65625,27922.788493178283,91657.65311861213,89765.4467809634,72734.53636471888,46175.780000509396,34848.603699278734,48207.12269546049,33106.173514314796,46708.688430415976,37929.80301556703,47241.574862288464,128.88672,1077.8203,-2393.668,77556.2,-2852.9297,-2913.663,-10980.763,-9806.597,4532.3975,5314.7305,-10586.777,9709.302,-16413.84,39349.3046875,0.00040096015436574817,79119.4609375
10_1404_2,2024-01-01,0.0,27979.078507105398,47471.37444829567,74488.453125,28228.583615521373,136908.81671413506,138501.81579541572,76231.18317008801,46175.780000509396,34848.603699278734,48207.12269546049,33106.173514314796,46708.688430415976,37929.80301556703,47241.574862288464,31.484375,630.6367,-2466.254,79477.89,-750.73047,-702.21893,-9056.251,-8010.1255,4957.174,7104.1133,-10424.375,32132.479,-16813.027,0.00040096015436574817,0.00040096015436574817,39559.73046875
10_1407_16,2023-10-01,0.0,0.0,6.094978776337013e-59,2959.329345703125,16017.742240939842,-40673.847262669406,-323365.4289732862,-29236.0536359359,1885.165114492098,486062.2085783725,567195.4961334958,461759.0981494539,1885.165114492098,9.262517362259246,6.165497913608489e-27,-0.0024689105,0.002335506,0.09430316,0.0027159478,488.23956,1034.8823,-27704.014,-14431.91,22524.926,31278.404,-0.00017725787,-0.0019570384,-0.002547192,0.0018746864516288042,0.0018746864516288042,0.0018746864516288042
10_1407_16,2023-11-01,0.0,0.0,6.094978776337013e-59,-156.2274932861328,29737.69760147076,-8185.475121118652,-332285.49226802116,-57819.17800581019,1885.165114492098,486062.2085783725,567195.4961334958,461759.0981494539,1885.165114492098,9.262517362259246,6.165497913608489e-27,0.00047200356,-0.010625879,0.09177589,0.0038856715,716.68146,1641.3534,-20141.535,-14478.716,16339.955,24985.502,0.002405007,-0.00033126815,-0.014978557,0.0018746864516288042,0.0018746864516288042,0.0018746864516288042
10_1407_16,2023-12-01,0.0,0.0,6.094978776337013e-59,1378.3572998046875,41489.48959958673,22944.90912204673,-328830.21680719894,-86402.30237568448,1885.165114492098,486062.2085783725,567195.4961334958,461759.0981494539,1885.165114492098,9.262517362259246,6.165497913608489e-27,0.0026063903,-0.017958699,0.09161402,0.1326086,911.26855,1402.1367,-16148.875,-14985.631,18280.523,32036.877,0.000515223,-0.00044494183,-0.007359303,0.0018746864516288042,0.0018746864516288042,0.0018746864516288042
10_1407_16,2024-01-01,0.0,0.0,6.094978776337013e-59,454.39947509765625,51555.45640034446,3349.9187913252135,-261603.3212660798,-114985.42674555877,1885.165114492098,486062.2085783725,567195.4961334958,461759.0981494539,1885.165114492098,9.262517362259246,6.165497913608489e-27,0.00073333527,-0.029180804,0.09117099,-0.00056325237,1064.255,-1589.4642,-23908.06,-19368.135,12356.459,19137.523,0.002408248,2.4047158e-05,-0.020448271,0.0018746864516288042,0.0018746864516288042,0.0018746864516288042
10_1407_72,2023-10-01,0.0,0.0,7017.651172462272,1548.315185546875,7439.308681679896,-4898.134039242623,-19717.851635101208,-3828.0311719399897,10169.691366095318,29648.631791312382,29648.631791312382,28166.20020174676,5584.749198865922,1.1310055462384179,1262.8460138420921,-0.0024689105,0.002335506,0.09430316,0.0027159478,118.75182,142.20857,-4956.908,-3663.9214,3653.6575,5359.3022,-0.00017725787,-0.0019570384,-0.002547192,9.861585567705333e-05,9.861585567705333e-05,9.861585567705333e-05
10_1407_72,2023-11-01,0.0,0.0,7017.651172462272,1593.5904541015625,7065.51766475248,-11772.197438664309,-12833.198350708892,-4983.172659175863,10169.691366095318,29648.631791312382,29648.631791312382,28166.20020174676,5584.749198865922,1.1310055462384179,1262.8460138420921,0.00047200356,-0.010625879,0.09177589,0.0038856715,174.31448,355.62265,-4415.1055,-2719.079,5023.926,8079.524,0.002405007,-0.00033126815,-0.014978557,9.861585567705333e-05,9.861585567705333e-05,9.861585567705333e-05
10_1407_72,2023-12-01,0.0,0.0,7017.651172462272,1542.97265625,7084.298942733283,-1912.3616382807422,-19173.93065138252,-6138.3141464117425,10169.691366095318,29648.631791312382,29648.631791312382,28166.20020174676,5584.749198865922,1.1310055462384179,1262.8460138420921,0.0026063903,-0.017958699,0.09161402,0.1326086,221.64284,36.681793,-7956.7656,-4941.0986,3869.825,4678.9795,0.000515223,-0.00044494183,-0.007359303,9.861585567705333e-05,9.861585567705333e-05,9.861585567705333e-05
10_1407_72,2024-01-01,0.0,0.0,7017.651172462272,1469.2996826171875,7083.355269967973,-7610.925298430986,-20314.38333798377,-7293.455633647616,10169.691366095318,29648.631791312382,29648.631791312382,28166.20020174676,5584.749198865922,1.1310055462384179,1262.8460138420921,0.00073333527,-0.029180804,0.09117099,-0.00056325237,258.8529,388.64975,-4916.7646,-3525.7925,4129.9595,5794.5635,0.002408248,2.4047158e-05,-0.020448271,9.861585567705333e-05,9.861585567705333e-05,9.861585567705333e-05
10_1501_1,2023-10-01,0.0,0.0,1.744000142090828e-24,182.4443359375,907.4693815186663,-1828.6065997207552,3828.5470687483767,1.7439983980933425e-10,941.8005634051151,1759.8386903059566,2729.2329057707093,1671.8467557906586,1466.7435368429612,119.21875971340253,1.7511423772135928e-10,87.963264,-64.36907,419.8559,-4930.867,72.70246,55.590363,-1178.9229,-865.20593,966.66266,1588.0625,-33.685215,-0.0019570384,22.399414,3.4804859751602635e-05,3.4804859751602635e-05,3.4804859751602635e-05
10_1501_1,2023-11-01,0.0,0.0,1.744000142090828e-24,308.9373474121094,1439.5456090152638,-1875.3542323042275,3486.55397888589,1.7439983980933425e-10,941.8005634051151,1759.8386903059566,2729.2329057707093,1671.8467557906586,1466.7435368429612,119.21875971340253,1.7511423772135928e-10,-31.784822,-295.587,412.50116,-1865.6572,123.19163,108.02295,-1336.2178,-842.80975,780.6958,1055.6067,-13.3722315,-0.00033126815,-68.02197,3.4804859751602635e-05,3.4804859751602635e-05,3.4804859751602635e-05
10_1501_1,2023-12-01,0.0,0.0,1.744000142090828e-24,232.3707275390625,1751.5176905341239,15265.216234691854,21258.18176139202,1.7439983980933425e-10,941.8005634051151,1759.8386903059566,2729.2329057707093,1671.8467557906586,1466.7435368429612,119.21875971340253,1.7511423772135928e-10,-57.88823,-154.95876,413.7792,-1419.8724,172.61565,98.29686,-1135.3148,-681.8209,772.08594,1159.5071,5.226292,-0.00044494183,-67.24634,3.4804859751602635e-05,3.4804859751602635e-05,3.4804859751602635e-05
10_1501_1,2024-01-01,0.0,0.0,1.744000142090828e-24,192.25865173339844,1934.436179685817,10405.985559514582,13470.094879770131,1.7439983980933425e-10,941.8005634051151,1759.8386903059566,2729.2329057707093,1671.8467557906586,1466.7435368429612,119.21875971340253,1.7511423772135928e-10,2.0004,214.01141,413.03748,-11456.681,216.61002,288.0741,-1267.9388,-704.95953,893.5559,1092.0553,24.543795,2.4047158e-05,63.128174,3.4804859751602635e-05,3.4804859751602635e-05,3.4804859751602635e-05
10_1504_53,2023-10-01,0.0,0.0,2.9088954210445584e-55,-2189.824951171875,17367.163036275408,-34150.15403687517,-359280.38319090055,-28207.083021575992,2089.337632077866,377663.52226115606,440040.9003861672,358780.34614809824,2089.337632077866,12.888255380038883,2.9625143527780392e-25,697.85144,-680.74854,4424.2095,-3894.24,698.5996,1000.4038,-28538.338,-19998.152,15805.016,18670.01,1253.8977,-0.0019570384,-0.002547192,0.0019071944989264011,0.0019071944989264011,0.0019071944989264011
10_1504_53,2023-11-01,0.0,0.0,2.9088954210445584e-55,125.47792053222656,32429.557360064035,-11916.12054285821,-349910.1001422256,-56132.09417673113,2089.337632077866,377663.52226115606,440040.9003861672,358780.34614809824,2089.337632077866,12.888255380038883,2.9625143527780392e-25,260.61426,-1472.4603,4323.03,24615.76,1042.2574,1181.9395,-19586.6,-13896.864,15461.046,17587.994,546.8154,-0.00033126815,-0.014978557,0.0019071944989264011,0.0019071944989264011,0.0019071944989264011
10_1504_53,2023-12-01,0.0,0.0,2.9088954210445584e-55,-982.5078735351562,45493.04517850718,7015.059098750564,-359062.8979430897,-84057.10533188627,2089.337632077866,377663.52226115606,440040.9003861672,358780.34614809824,2089.337632077866,12.888255380038883,2.9625143527780392e-25,18.78402,-884.0242,4323.947,-15688.502,1342.9381,3271.7166,-24346.324,-14968.532,17742.4,29853.07,443.84827,-0.00044494183,-0.007359303,0.0019071944989264011,0.0019071944989264011,0.0019071944989264011
10_1504_53,2024-01-01,0.0,0.0,2.9088954210445584e-55,-319.0832824707031,56822.89820944867,-39456.39414033671,-342580.5811144185,-111982.1164870414,2089.337632077866,377663.52226115606,440040.9003861672,358780.34614809824,2089.337632077866,12.888255380038883,2.9625143527780392e-25,-98.42999,-891.96545,4308.041,-11658.33,1586.8674,3589.287,-16338.913,-9425.341,20040.705,36550.266,582.9004,2.4047158e-05,-0.020448271,0.0019071944989264011,0.0019071944989264011,0.0019071944989264011
10_1607_2,2023-10-01,0.0,0.0,808.5848297383662,814.4696655273438,899.8056668520677,-35.030565910781775,423.4727771588207,956.0784292292947,390.4314377766582,1226.0996323803433,1025.528797235468,1164.794650761326,825.2191438308477,325.4151920703228,411.11554000663,-14.121477,-39.08779,158.43637,-2435.0476,21.24879,67.562454,-452.81924,-291.35953,464.82138,608.0401,-7.76956,-0.0019570384,-81.67554,1.1322299542371184e-05,1.1322299542371184e-05,1.1322299542371184e-05
10_1607_2,2023-11-01,0.0,0.0,808.5848297383662,821.0430908203125,809.139733538834,142.20699802236288,366.6285562763338,956.0784292292947,390.4314377766582,1226.0996323803433,1025.528797235468,1164.794650761326,825.2191438308477,325.4151920703228,411.11554000663,-10.251879,-88.38697,154.71913,-484.32626,24.822008,50.21217,-409.4733,-296.7989,368.1236,467.88324,-34.374012,-0.00033126815,-170.59949,1.1322299542371184e-05,1.1322299542371184e-05,1.1322299542371184e-05
10_1607_2,2023-12-01,0.0,0.0,808.5848297383662,813.279296875,818.27538556503,-107.49512268044248,397.88929255487335,956.0784292292947,390.4314377766582,1226.0996323803433,1025.528797235468,1164.794650761326,825.2191438308477,325.4151920703228,411.11554000663,-8.747028,-44.87542,154.7222,1604.5886,25.241072,33.99006,-500.4169,-341.352,498.95654,737.44604,-40.470795,-0.00044494183,-149.67896,1.1322299542371184e-05,1.1322299542371184e-05,1.1322299542371184e-05
10_1607_2,2024-01-01,0.0,0.0,808.5848297383662,802.1094970703125,817.3548618920931,34.48082370663235,627.9140474265355,956.0784292292947,390.4314377766582,1226.0996323803433,1025.528797235468,1164.794650761326,825.2191438308477,325.4151920703228,411.11554000663,-9.584177,-81.58544,154.16476,2732.4385,24.944832,3.70755,-473.91486,-298.74393,230.68623,395.15207,-24.413261,2.4047158e-05,-290.0714,1.1322299542371184e-05,1.1322299542371184e-05,1.1322299542371184e-05
10_1608_16,2023-10-01,143.85730924107463,0.0,143.84373270750692,47.580810546875,143.85730699049492,0.02802142497886695,20.003815919417704,144.5672535406115,6.8588004859852125,1.3907899360999272,4.971518589758886,1.3212504392949307,17.45097314088788,74.96314473734124,142.4988546862225,141.56487,138.86755,111.069565,39.705666,85.72441,99.6397,27.213856,39.9938,143.99963,169.48264,144.6853,133.94308,172.44286,114.315185546875,1.0646431292116176e-07,114.315185546875
10_1608_16,2023-11-01,143.85730924107463,0.0,143.84373270750692,302.1097717285156,143.85730473991524,-1.8915163410353846,15.604727465323752,146.6141842457135,6.8588004859852125,1.3907899360999272,4.971518589758886,1.3212504392949307,17.45097314088788,74.96314473734124,142.4988546862225,115.03484,130.89613,103.07245,50.28091,91.15401,88.67505,23.545904,45.71606,122.704605,131.4324,131.03258,137.82713,168.66922,114.315185546875,24.36042022705078,114.315185546875
10_1608_16,2023-12-01,143.85730924107463,0.0,143.84373270750692,126.0706558227539,143.85730248933558,4.440878408305762,16.852558400483062,148.6611149508155,6.8588004859852125,1.3907899360999272,4.971518589758886,1.3212504392949307,17.45097314088788,74.96314473734124,142.4988546862225,112.20593,130.008,100.95542,31.951122,90.597664,83.685974,39.644306,55.84772,122.38418,144.86089,128.97423,144.5246,188.72084,114.315185546875,8.101516723632812,114.315185546875
10_1608_16,2024-01-01,143.85730924107463,0.0,143.84373270750692,442.0443420410156,143.85730023875598,-4.086814852004534,28.59478653243082,150.7080456559175,6.8588004859852125,1.3907899360999272,4.971518589758886,1.3212504392949307,17.45097314088788,74.96314473734124,142.4988546862225,107.307594,128.84322,100.25808,-15.273457,87.8798,91.2365,49.531837,65.51422,116.70168,132.34802,129.31996,146.50186,174.86296,114.315185546875,1.0646431292116176e-07,114.315185546875
10_1609_53,2023-10-01,1545999.4371947015,762753.9313007467,936891.6102746967,1571488.375,731324.7927687526,1284435.5531747045,1783547.5712505104,1010334.4829405152,906578.1371791675,226388.50400968976,633768.5151725477,215069.07880920527,1264614.344631962,1503610.7430930252,934039.8344267801,783605.1,784267.8,984895.1,1360137.5,958531.3,933771.9,635226.9,712330.4,1203950.5,1450495.1,763167.0,2519528.8,832396.0,100364.1015625,0.009106779471039772,0.009106779471039772
10_1609_53,2023-11-01,2278128.8446825715,762753.9313007467,936891.6102746967,1067237.625,708805.4852167354,1254449.1117515857,1634312.2688658212,1063166.1187171408,906578.1371791675,226388.50400968976,633768.5151725477,215069.07880920527,1264614.344631962,1503610.7430930252,934039.8344267801,791649.5,741483.9,984419.3,1111951.8,961747.75,961246.5,654897.7,735139.3,1149706.0,1198492.9,760550.94,1246903.0,770760.94,0.009106779471039772,0.009106779471039772,0.009106779471039772
10_1609_53,2023-12-01,1566196.1043039656,762753.9313007467,936891.6102746967,1588323.0,692670.1650549655,983585.4845395316,1647079.006391969,1115997.7544937662,906578.1371791675,226388.50400968976,633768.5151725477,215069.07880920527,1264614.344631962,1503610.7430930252,934039.8344267801,768342.4,738958.9,985114.6,1707684.8,976290.4,978252.25,690067.75,801289.7,1160993.6,1227386.9,737016.06,1075632.5,414522.0,0.009106779471039772,0.009106779471039772,0.009106779471039772
10_1609_53,2024-01-01,1600243.532968597,762753.9313007467,936891.6102746967,1251377.5,681109.0388470908,1355135.206179036,2390905.69717225,1168829.3902703917,906578.1371791675,226388.50400968976,633768.5151725477,215069.07880920527,1264614.344631962,1503610.7430930252,934039.8344267801,757559.7,740470.5,985401.56,2256635.8,1007699.5,996476.25,643896.56,691379.4,1163030.0,1222405.4,751006.25,1785914.2,300579.5,0.009106779471039772,0.009106779471039772,0.009106779471039772
10_1701_2,2023-10-01,0.0,0.0,0.0036278615410063816,-846.8441162109375,3363.6466394216113,-9042.295565547905,-4098.341155887518,-4548.972410188084,4166.728727527819,54580.71270225578,52758.46852705003,51851.67706714299,4166.728727527819,373.9620881307767,0.0037054762075277416,-59.753906,-145.65625,273.71875,-3180.6406,-367.0,-605.0098,-4413.1606,-3226.3752,1964.0106,2739.8967,197.6211,-0.0019570384,57.00879,0.0005149529315531254,0.0005149529315531254,0.0005149529315531254
10_1701_2,2023-11-01,0.0,0.0,0.0036278615410063816,41.323570251464844,6387.989007255077,16772.571803452374,19331.207561274117,-8196.015036643668,4166.728727527819,54580.71270225578,52758.46852705003,51851.67706714299,4166.728727527819,373.9620881307767,0.0037054762075277416,82.64844,-333.04688,494.29297,6846.3125,-502.29297,-720.7709,-4815.2036,-3733.6392,2072.2395,4090.5962,538.8594,-0.00033126815,-173.1211,0.0005149529315531254,0.0005149529315531254,0.0005149529315531254
10_1701_2,2023-12-01,0.0,0.0,0.0036278615410063816,-609.5758056640625,9107.25406044905,6303.422884182488,8482.499315919275,-11843.057663099251,4166.728727527819,54580.71270225578,52758.46852705003,51851.67706714299,4166.728727527819,373.9620881307767,0.0037054762075277416,231.04688,36.15625,552.33984,29122.816,-597.85156,-424.1318,-4330.055,-2967.0908,1557.8732,2565.0088,258.4453,-0.00044494183,-171.14746,0.0005149529315531254,0.0005149529315531254,0.0005149529315531254
10_1701_2,2024-01-01,0.0,0.0,0.0036278615410063816,-91.76634216308594,11552.216148130647,-18936.377085116022,-21345.005484510195,-15490.100289554835,4166.728727527819,54580.71270225578,52758.46852705003,51851.67706714299,4166.728727527819,373.9620881307767,0.0037054762075277416,70.05859,738.02734,578.10156,15835.309,-621.58203,-779.37634,-4101.355,-3594.4543,1599.2482,2134.926,344.20703,2.4047158e-05,160.66699,0.0005149529315531254,44320.6015625,9458.6650390625
10_1701_27,2023-10-01,0.0,0.0,16.532859586870938,22.46539306640625,17.57196541319597,0.012418533413597999,-0.012475363472159273,15.04340016846457,31.79573482657843,31.79573482657843,31.79573482657843,30.205948085249506,15.74175826221574,0.17077787260369273,3.1647652152778867,0.18958084,1.5226762,5.3194165,21.207375,0.40445653,0.39114928,-14.913878,-8.819908,9.210434,13.920679,0.010331727,-0.0019570384,-0.002547192,2.3266639459507132e-07,2.3266639459507132e-07,2.3266639459507132e-07
10_1701_27,2023-11-01,0.0,0.0,16.532859586870938,21.641468048095703,16.68895961433195,349.71035984272993,349.75119576641845,15.04340016846457,31.79573482657843,31.79573482657843,31.79573482657843,30.205948085249506,15.74175826221574,0.17077787260369273,3.1647652152778867,0.1893725,-1.9310045,5.197684,-77.13021,0.61655307,1.6832701,-11.853312,-9.874234,9.506308,12.350188,-0.26791736,-0.00033126815,-0.014978557,2.3266639459507132e-07,2.3266639459507132e-07,2.3266639459507132e-07
10_1701_27,2023-12-01,0.0,0.0,16.532859586870938,22.43521499633789,16.73333138621365,0.030264287802463485,-0.03202303498320447,15.043400168464569,31.79573482657843,31.79573482657843,31.79573482657843,30.205948085249506,15.74175826221574,0.17077787260369273,3.1647652152778867,0.3989844,1.868395,5.198775,73.25359,0.8042876,0.46522292,-15.626988,-10.580862,7.8066015,9.588664,-0.17569977,-0.00044494183,-0.007359303,2.3266639459507132e-07,2.3266639459507132e-07,2.3266639459507132e-07
10_1701_27,2024-01-01,0.0,0.0,16.532859586870938,23.246801376342773,16.73110166796893,-0.01168089005079409,0.0637164858681949,15.043400168464569,31.79573482657843,31.79573482657843,31.79573482657843,30.205948085249506,15.74175826221574,0.17077787260369273,3.1647652152778867,0.5695894,6.894356,5.179812,-7.921039,0.95764214,-0.73905414,-15.358152,-9.224226,12.948202,17.065681,-0.37869793,2.4047158e-05,-0.020448271,0.12210366874933243,249.82363891601562,249.82363891601562
10_1703_2,2023-10-01,0.0,0.0,4.4846617047499915e-52,-22.76304817199707,2546.7029174653753,-10535.936574111918,-30999.56020325509,-2294.39380542065,268.40043440741755,28196.729968577136,38393.58451290949,26786.89347014828,268.40043440741755,2.6944512119355224,4.513517066134604e-24,181.92624,-176.69336,922.83765,-4844.258,104.70166,204.77022,-1897.3706,-1093.2924,2223.8755,3204.5322,553.75903,-0.0019570384,-0.002547192,44809.046875,0.00017900002421811223,44809.046875
10_1703_2,2023-11-01,0.0,0.0,4.4846617047499915e-52,1.1523699760437012,4441.832901536524,-5705.5175828692445,-30573.43846592492,-4565.843672780284,268.40043440741755,28196.729968577136,38393.58451290949,26786.89347014828,268.40043440741755,2.6944512119355224,4.513517066134604e-24,289.79092,-338.85873,904.5361,-2334.208,157.44751,-15.433121,-2409.996,-2095.7026,1643.8658,2353.5725,413.17728,-0.00033126815,-0.014978557,44809.046875,0.00017900002421811223,0.00017900002421811223
10_1703_2,2023-12-01,0.0,0.0,4.4846617047499915e-52,-16.173236846923828,5852.094629315906,-3965.627537909897,-34020.404918328124,-6837.293540139917,268.40043440741755,28196.729968577136,38393.58451290949,26786.89347014828,268.40043440741755,2.6944512119355224,4.513517066134604e-24,261.68597,-360.3366,906.1594,-10134.904,203.95557,-1.55513,-2301.5083,-1839.0762,2221.2827,3287.0627,454.32886,-0.00044494183,-0.007359303,44809.046875,0.00017900002421811223,44809.046875
10_1703_2,2024-01-01,0.0,0.0,4.4846617047499915e-52,-2.4042158126831055,6901.54145225458,-18722.796153460004,-44861.62331805275,-9108.74340749955,268.40043440741755,28196.729968577136,38393.58451290949,26786.89347014828,268.40043440741755,2.6944512119355224,4.513517066134604e-24,358.12643,-445.27808,903.6865,-11284.023,242.09752,311.13263,-1657.9756,-1197.522,2438.589,4613.42,453.496,2.4047158e-05,-0.020448271,44809.046875,44809.046875,44809.046875
10_1706_16,2023-10-01,5709.336960505149,5709.336960505149,5709.390911491656,5627.359375,5379.225568302845,5888.575578031921,6437.308106843436,6035.356878988106,5160.450652891186,725.4810172003595,3633.8273763418583,689.2069663403415,5626.819994869618,6104.7970509818715,5714.779859642667,5749.423,5455.9243,5834.576,5812.711,5636.4556,5615.0835,4745.16,4986.8477,6456.3086,6725.0767,5413.594,6264.5537,5782.117,5684.56396484375,1426.162841796875,5704.65087890625
10_1706_16,2023-11-01,3854.476779478043,5709.336960505149,5709.390911491656,5668.4541015625,5086.436458730135,5768.29223412995,6460.541164430248,6352.731389691659,5160.450652891186,725.4810172003595,3633.8273763418583,689.2069663403415,5626.819994869618,6104.7970509818715,5714.779859642667,5786.5527,5375.729,5785.296,4731.145,5519.226,5586.923,4471.8267,4600.1436,6350.679,6703.6875,5222.734,5860.0522,5762.884,5483.6962890625,3.827511318377219e-05,5363.17529296875
10_1706_16,2023-12-01,3854.476779478043,5709.336960505149,5709.390911491656,5496.59326171875,4826.7499871046875,5516.026074170557,6425.3523167567955,6670.105900395213,5160.450652891186,725.4810172003595,3633.8273763418583,689.2069663403415,5626.819994869618,6104.7970509818715,5714.779859642667,5635.086,5327.1655,5767.1924,2758.8833,5426.9263,5320.799,4448.829,4712.878,6070.5146,6612.6787,5167.548,5809.334,5702.211,5463.609375,3.827511318377219e-05,5704.65087890625
10_1706_16,2024-01-01,3853.5776712952866,5709.336960505149,5709.390911491656,5494.08203125,4596.423580348335,8952.923297062607,10281.973564478623,6987.480411098767,5160.450652891186,725.4810172003595,3633.8273763418583,689.2069663403415,5626.819994869618,6104.7970509818715,5714.779859642667,5613.3286,5245.416,5760.4404,2076.7441,5347.7773,5351.6064,4366.007,4614.0806,6166.699,6754.3047,5181.7,6039.1323,5617.587,5443.5224609375,3.827511318377219e-05,5704.65087890625
10_1706_2,2023-10-01,0.0,0.0,8.215228969062803e-17,61.426143646240234,7455.904516005947,-10947.887526792912,-106377.74028523781,-9575.12930453282,28024.54849145563,78614.9057986996,39307.80049457349,74684.16050876462,13475.294563330468,131.18600061504847,8.151796310323597e-07,0.32385167,-53.470264,124.98859,1276.0575,24.856403,34.52472,-5975.145,-4143.142,4231.6865,5021.7935,8.254848,-0.0019570384,156.80634,0.0006180426571518183,0.0006180426571518183,0.0006180426571518183
10_1706_2,2023-11-01,0.0,0.0,8.215228969062803e-17,40.43464660644531,14016.966807115074,1657.304677879456,-99578.25924782848,-19017.824997643664,28024.54849145563,78614.9057986996,39307.80049457349,74684.16050876462,13475.294563330468,131.18600061504847,8.151796310323597e-07,17.237852,-56.114906,122.08673,3300.7068,41.069115,24.072872,-6310.6626,-4139.9126,4421.9683,8955.774,-17.725866,-0.00033126815,124.29401,0.0006180426571518183,0.0006180426571518183,0.0006180426571518183
10_1706_2,2023-12-01,0.0,0.0,8.215228969062803e-17,47.32220458984375,19790.58398466905,9010.474093627323,-99795.34614143378,-28460.520690754507,28024.54849145563,78614.9057986996,39307.80049457349,74684.16050876462,13475.294563330468,131.18600061504847,8.151796310323597e-07,-14.45615,-68.8925,122.098946,1313.5033,56.706997,-497.6896,-7300.56,-4702.4956,5533.379,8326.4,-19.36217,-0.00044494183,-23.39331,0.0006180426571518183,0.0006180426571518183,0.0006180426571518183
10_1706_2,2024-01-01,0.0,0.0,8.215228969062803e-17,38.35449981689453,24871.263581038373,14462.951594829561,-71418.80187758368,-37903.21638386535,28024.54849145563,78614.9057986996,39307.80049457349,74684.16050876462,13475.294563330468,131.18600061504847,8.151796310323597e-07,-11.373897,-51.545322,121.65907,591.3732,71.30643,8.333557,-5915.422,-4359.7393,6315.3696,8153.003,-6.833022,2.4047158e-05,-59.52661,0.0006180426571518183,0.0006180426571518183,0.0006180426571518183
10_1706_72,2023-10-01,0.0,0.0,5.680006358628144e-32,-3509.253662109375,2554.087472058187,12979.654281129795,38569.86658355448,5.6780324180672356e-14,6842.8932217415595,9015.509423306466,25004.455932669585,8564.733952141143,4356.561168117787,104.90683863462027,5.704262172831659e-14,-110.881615,-317.5064,1455.0339,-4851.1064,361.97385,451.4164,-4045.5452,-2292.6006,2842.2134,3374.3743,-385.5003,-0.0019570384,-0.002547192,0.00019467239326331764,0.00019467239326331764,0.00019467239326331764
10_1706_72,2023-11-01,0.0,0.0,5.680006358628144e-32,179.33140563964844,4503.943358659467,15617.057130035548,41254.7715685404,5.6780324180672356e-14,6842.8932217415595,9015.509423306466,25004.455932669585,8564.733952141143,4356.561168117787,104.90683863462027,5.704262172831659e-14,91.5905,-1227.5015,1438.4945,-8592.35,573.62854,752.67413,-3804.3125,-2142.8938,2379.1943,3065.4497,-842.41766,-0.00033126815,-0.014978557,0.00019467239326331764,0.00019467239326331764,0.00019467239326331764
10_1706_72,2023-12-01,0.0,0.0,5.680006358628144e-32,-2490.012451171875,5992.513354835012,20575.446115819053,42235.388367721695,5.6780324180672356e-14,6842.8932217415595,9015.509423306466,25004.455932669585,8564.733952141143,4356.561168117787,104.90683863462027,5.704262172831659e-14,-193.71262,-351.26886,1447.8394,6473.926,769.53735,665.7395,-4105.121,-2049.843,3789.1184,5555.3975,-559.06494,-0.00044494183,-0.007359303,0.00019467239326331764,0.00019467239326331764,0.00019467239326331764
10_1706_72,2024-01-01,0.0,0.0,5.680006358628144e-32,-368.9239501953125,7128.925870621711,-36109.10387336575,-21177.80470021878,5.6780324180672356e-14,6842.8932217415595,9015.509423306466,25004.455932669585,8564.733952141143,4356.561168117787,104.90683863462027,5.704262172831659e-14,-572.3961,-1184.6615,1448.1952,-6487.0854,936.7489,803.3261,-2517.2024,-1387.6957,3087.214,3752.7014,-773.2807,2.4047158e-05,-0.020448271,0.00019467239326331764,0.00019467239326331764,0.00019467239326331764
10_1708_16,2023-10-01,0.0,0.0,8.227453395402888e-11,-1.2167472839355469,0.7857621417300091,4.903596751124275,17.461211012984464,1.2587514558595482e-09,3.983959165712157,2.6080679675699554,7.5880225991701105,2.4776645691914574,2.988822823955843,0.39182326812029755,1.2626022167975232e-09,0.047545217,-0.10391667,0.37424934,2.4023144,0.054310374,0.040026486,-1.2399452,-0.7559244,0.73118365,0.9517647,0.08063753,-0.0019570384,-0.014557838,6.698878962652088e-08,6.698878962652088e-08,6.698878962652088e-08
10_1708_16,2023-11-01,0.0,0.0,8.227453395402888e-11,0.11972803622484207,1.3991357078830524,3.1776687436857767,17.74049292160599,1.2587514558595482e-09,3.983959165712157,2.6080679675699554,7.5880225991701105,2.4776645691914574,2.988822823955843,0.39182326812029755,1.2626022167975232e-09,0.014362362,0.05358977,0.3712851,0.64475,0.124480866,0.107518554,-0.8474785,-0.5466158,0.6390975,0.8485983,0.25545585,-0.00033126815,0.034160137,6.698878962652088e-08,6.698878962652088e-08,6.698878962652088e-08
10_1708_16,2023-12-01,0.0,0.0,8.227453395402888e-11,-0.7547523975372314,1.877941076167867,2.094590530756266,17.62914742742629,1.2587514558595482e-09,3.983959165712157,2.6080679675699554,7.5880225991701105,2.4776645691914574,2.988822823955843,0.39182326812029755,1.2626022167975232e-09,0.02001227,-0.16002584,0.37450722,-1.0561222,0.20020704,0.102753595,-0.970967,-0.6787047,0.74164474,0.893253,0.3967731,-0.00044494183,0.014018536,6.698878962652088e-08,6.698878962652088e-08,6.698878962652088e-08
10_1708_16,2024-01-01,0.0,0.0,8.227453395402888e-11,-0.07432657480239868,2.2517012010721666,0.815750851486273,12.69957115094788,1.2587514558595482e-09,3.983959165712157,2.6080679675699554,7.5880225991701105,2.4776645691914574,2.988822823955843,0.39182326812029755,1.2626022167975232e-09,0.102593414,-0.4730209,0.37520614,-5.136424,0.27481472,0.19116884,-0.78340673,-0.5925017,0.9101706,1.1235617,0.29305288,2.4047158e-05,-0.0357337,6.698878962652088e-08,6.698878962652088e-08,6.698878962652088e-08
11_1205_53,2023-10-01,0.0,0.0,6.600353169607285e-41,-110.55354309082031,258.3316922654028,158.80479627957038,2418.658445839966,-92.64436485505111,117.07002543384446,2042.707585476988,5165.573014110087,1940.5722062031384,117.07002543384446,3.1787057056194663,6.648815530953449e-19,24.820671,-18.228796,185.83296,143.83043,35.794098,37.09333,-540.31805,-337.24905,359.71497,428.05188,-7.4213815,-0.0019570384,-0.002547192,2.8874554118374363e-05,2.8874554118374363e-05,2.8874554118374363e-05
11_1205_53,2023-11-01,0.0,0.0,6.600353169607285e-41,3.024097204208374,470.3216550139863,-6551.259834773254,-4123.022545562065,-184.36228606155169,117.07002543384446,2042.707585476988,5165.573014110087,1940.5722062031384,117.07002543384446,3.1787057056194663,6.648815530953449e-19,87.71393,-173.87779,183.4275,103.096146,55.043438,44.22846,-357.99493,-270.94818,374.9732,600.5694,-40.075447,-0.00033126815,-0.014978557,2.8874554118374363e-05,2.8874554118374363e-05,2.8874554118374363e-05
11_1205_53,2023-12-01,0.0,0.0,6.600353169607285e-41,-83.60832214355469,644.2830606473918,-6384.031984078354,-4199.785752649426,-276.0802072680523,117.07002543384446,2042.707585476988,5165.573014110087,1940.5722062031384,117.07002543384446,3.1787057056194663,6.648815530953449e-19,57.412094,-73.116455,184.44939,-2510.2246,72.47119,75.94173,-435.84656,-320.383,345.79584,497.93225,-44.156948,-0.00044494183,-0.007359303,2.8874554118374363e-05,2.8874554118374363e-05,2.8874554118374363e-05
11_1205_53,2024-01-01,0.0,0.0,6.600353169607285e-41,-14.418084144592285,787.0377942091933,-7384.549749353579,-6078.906231029677,-367.7981284745528,117.07002543384446,2042.707585476988,5165.573014110087,1940.5722062031384,117.07002543384446,3.1787057056194663,6.648815530953449e-19,0.7096591,-171.92827,184.37761,-55.192802,87.086754,136.11119,-325.79483,-222.16635,442.0286,585.23755,-49.091236,2.4047158e-05,-0.020448271,2.8874554118374363e-05,2.8874554118374363e-05,2.8874554118374363e-05
11_1215_53,2023-10-01,0.0,0.0,1.7658484663103936e-21,135.1083221435547,72.20432252373192,-55.398121078924646,583.8404025057647,1.7658007035464139e-09,266.77434701905486,89.21356343328368,483.8070099527425,84.7528852616195,204.48339639157206,24.241897065210814,1.7719988001321708e-09,-3.6802726,1.613166,38.70085,21.744215,7.578987,-0.621192,-105.10723,-87.73443,65.566505,100.66947,7.5315647,-0.0019570384,-31.010223,4.076147433806909e-06,4.076147433806909e-06,4.076147433806909e-06
11_1215_53,2023-11-01,0.0,0.0,1.7658484663103936e-21,8.404662132263184,122.60704111369144,277.2671456242384,946.7000783465626,1.7658007035464139e-09,266.77434701905486,89.21356343328368,483.8070099527425,84.7528852616195,204.48339639157206,24.241897065210814,1.7719988001321708e-09,-2.800101,0.8866289,38.11716,-241.31006,13.33289,8.653603,-93.34606,-65.824615,61.975986,71.879166,12.986646,-0.00033126815,-32.84854,4.076147433806909e-06,4.076147433806909e-06,4.076147433806909e-06
11_1215_53,2023-12-01,0.0,0.0,1.7658484663103936e-21,53.14203643798828,157.79100174740097,707.9053602671661,1379.09994655221,1.7658007035464139e-09,266.77434701905486,89.21356343328368,483.8070099527425,84.7528852616195,204.48339639157206,24.241897065210814,1.7719988001321708e-09,-0.8893755,2.4350839,38.289043,-586.8835,19.28444,19.353252,-72.959694,-39.602993,71.76392,139.88235,14.32974,-0.00044494183,-55.250153,4.076147433806909e-06,4.076147433806909e-06,4.076147433806909e-06
11_1215_53,2024-01-01,0.0,0.0,1.7658484663103936e-21,26.5633487701416,182.35140484678897,922.0333749439299,1429.6697951158271,1.7658007035464139e-09,266.77434701905486,89.21356343328368,483.8070099527425,84.7528852616195,204.48339639157206,24.241897065210814,1.7719988001321708e-09,5.530277,6.193521,38.256683,-1195.2367,24.828585,29.596132,-111.57109,-67.34033,94.539474,123.36277,13.435705,2.4047158e-05,-54.88681,4.076147433806909e-06,4.076147433806909e-06,4.076147433806909e-06
11_1405_16,2023-10-01,0.0,0.0,0.0,0.0,0.0,0.0,0.0,0.0,0.0,0.0,0.0,0.0,0.0,0.0,0.0,-0.0024689105,0.002335506,0.09430316,0.0027159478,0.0040304437,-0.006304234,-0.22658876,-0.15302536,0.1688494,0.20883033,-0.00017725787,-0.0019570384,-0.002547192,1.3969838619232178e-08,1.3969838619232178e-08,1.3969838619232178e-08
11_1405_16,2023-11-01,0.0,0.0,0.0,0.0,0.0,0.0,0.0,0.0,0.0,0.0,0.0,0.0,0.0,0.0,0.0,0.00047200356,-0.010625879,0.09177589,0.0038856715,0.0060206745,-0.00055590994,-0.223218,-0.13332728,0.16631396,0.25289682,0.002405007,-0.00033126815,-0.014978557,1.3969838619232178e-08,1.3969838619232178e-08,1.3969838619232178e-08
11_1405_16,2023-12-01,0.0,0.0,0.0,0.0,0.0,0.0,0.0,0.0,0.0,0.0,0.0,0.0,0.0,0.0,0.0,0.0026063903,-0.017958699,0.09161402,0.1326086,0.007780593,0.009846222,-0.4022128,-0.17841001,0.14677794,0.17908217,0.000515223,-0.00044494183,-0.007359303,1.3969838619232178e-08,1.3969838619232178e-08,1.3969838619232178e-08
11_1405_16,2024-01-01,420.7826295301433,0.0,0.0,0.0,0.0,0.0,0.0,0.0,0.0,0.0,0.0,0.0,0.0,0.0,0.0,0.00073333527,-0.029180804,0.09117099,-0.00056325237,0.0092493715,-0.011655515,-0.2709309,-0.24063022,0.24989767,0.30182415,0.002408248,2.4047158e-05,-0.020448271,1.3969838619232178e-08,1.3969838619232178e-08,1.3969838619232178e-08
11_1407_53,2023-10-01,0.0,0.0,5.889102357738363,-135.9646453857422,7691.388579636712,49998.697753239,100692.8612430842,5.756360579061768,15902.994102750908,9870.822357354615,42981.38043273576,9377.281239486883,11113.470656934314,744.2589137918653,5.753369421769769,464.51434,-397.13077,2340.1191,-14491.917,630.02,527.7446,-7419.5474,-3622.009,4591.229,6430.3613,41.1193,-0.0019570384,151.23242,0.00030824585701338947,0.00030824585701338947,0.00030824585701338947
11_1407_53,2023-11-01,0.0,0.0,5.889102357738363,959.1824951171875,12321.587549745203,3092.9328287580934,62135.02163710624,5.756360579061768,15902.994102750908,9870.822357354615,42981.38043273576,9377.281239486883,11113.470656934314,744.2589137918653,5.753369421769769,-449.39844,89.33265,2312.0342,-28457.719,1049.5187,3.8551636,-5765.3623,-3910.6895,5964.863,9035.158,937.29224,-0.00033126815,-459.26367,0.00030824585701338947,0.00030824585701338947,0.00030824585701338947
11_1407_53,2023-12-01,0.0,0.0,5.889102357738363,424.7584228515625,15108.95712297854,24330.90316496889,79941.68500232958,5.756360579061768,15902.994102750908,9870.822357354615,42981.38043273576,9377.281239486883,11113.470656934314,744.2589137918653,5.753369421769769,-1180.2633,-1092.3987,2326.403,-17863.506,1459.3989,1664.1143,-4370.8022,-3069.7761,6587.287,7891.677,1126.6857,-0.00044494183,-454.02832,0.00030824585701338947,0.00030824585701338947,0.00030824585701338947
11_1407_53,2024-01-01,0.0,0.0,5.889102357738363,597.7174072265625,16786.947461610776,30376.92767712237,66834.70958929766,5.756360579061768,15902.994102750908,9870.822357354615,42981.38043273576,9377.281239486883,11113.470656934314,744.2589137918653,5.753369421769769,-453.93262,-1995.0774,2326.7903,-43306.062,1823.2792,1811.1643,-5703.5815,-4095.2866,5822.9263,7647.9785,1110.2072,2.4047158e-05,426.22363,0.00030824585701338947,0.00030824585701338947,0.00030824585701338947
11_1410_53,2023-10-01,0.0,0.0,0.00631488660226074,-1409.623291015625,717.8164357103342,4858.1016814618615,10122.92883495587,0.006551728681094976,1959.2430922203087,1118.645052812318,5250.960103485102,1062.7128001717022,1369.6067483855609,88.72991562767716,0.006564617681686193,18.463404,9.014353,293.42493,-1357.0856,75.662094,35.47879,-611.3929,-500.4282,659.73706,906.4013,-28.410494,-0.0019570384,16.933838,3.843301965389401e-05,3.843301965389401e-05,3.843301965389401e-05
11_1410_53,2023-11-01,0.0,0.0,0.00631488660226074,117.46577453613281,1209.696006862763,8554.116990973424,14307.23595171441,0.006551728681094976,1959.2430922203087,1118.645052812318,5250.960103485102,1062.7128001717022,1369.6067483855609,88.72991562767716,0.006564617681686193,-44.019142,66.434616,289.88037,-4899.1055,127.2968,25.783237,-821.7145,-472.47,677.6523,803.6457,97.76624,-0.00033126815,-51.424072,3.843301965389401e-05,3.843301965389401e-05,3.843301965389401e-05
11_1410_53,2023-12-01,0.0,0.0,0.00631488660226074,-658.8602905273438,1546.753645112121,3691.48784986805,10015.610186118238,0.006551728681094976,1959.2430922203087,1118.645052812318,5250.960103485102,1062.7128001717022,1369.6067483855609,88.72991562767716,0.006564617681686193,-47.90338,-68.29271,291.66595,-297.94995,177.78152,121.53869,-530.0438,-479.47116,778.64185,889.6407,94.313484,-0.00044494183,-50.83789,3.843301965389401e-05,3.843301965389401e-05,3.843301965389401e-05
11_1410_53,2024-01-01,0.0,0.0,0.00631488660226074,-149.71922302246094,1777.7204470796473,4039.741352738356,8314.954228128148,0.006551728681094976,1959.2430922203087,1118.645052812318,5250.960103485102,1062.7128001717022,1369.6067483855609,88.72991562767716,0.006564617681686193,-7.656749,-56.89887,291.70364,-5552.911,222.73978,309.43372,-272.00558,-189.99097,891.76196,1194.8339,113.588234,2.4047158e-05,47.724487,3.843301965389401e-05,3.843301965389401e-05,3.843301965389401e-05
11_1410_75,2023-10-01,0.0,0.0,0.5301146495812112,-2983.65478515625,10885.47971492069,10071.873454233139,48910.34616270218,-1484.5363854446764,14271.125104672556,57463.287749845535,59436.61367793448,54590.12336235325,14271.125104672556,3204.3807895790815,0.6277338082197124,35.8125,-291.2578,1909.6523,-10306.609,-389.15234,-313.8742,-2113.7527,-1810.7423,1199.9253,1599.9678,179.16016,-0.0019570384,4617.5312,0.0006343902787193656,0.0006343902787193656,0.0006343902787193656
11_1410_75,2023-11-01,0.0,0.0,0.5301146495812112,522.7946166992188,18836.797149532118,21130.30816494605,53825.60447553138,-2860.6498885599576,14271.125104672556,57463.287749845535,59436.61367793448,54590.12336235325,14271.125104672556,3204.3807895790815,0.6277338082197124,-325.76172,131.0664,2150.1367,11079.064,-302.02344,-307.6282,-2898.034,-1897.0118,1216.5977,1766.2762,166.1211,-0.00033126815,4112.6934,0.0006343902787193656,0.0006343902787193656,0.0006343902787193656
11_1410_75,2023-12-01,0.0,0.0,0.5301146495812112,-1814.8394775390625,24644.85068522476,37746.39737924826,73145.11539018754,-4236.763391675239,14271.125104672556,57463.287749845535,59436.61367793448,54590.12336235325,14271.125104672556,3204.3807895790815,0.6277338082197124,-324.05078,232.13672,2224.2422,13889.699,-463.125,-431.04913,-2289.7917,-1906.7408,834.5113,1412.2029,40.20703,-0.00044494183,3187.83,0.0006343902787193656,0.0006343902787193656,0.0006343902787193656
11_1410_75,2024-01-01,0.0,0.0,0.5301146495812112,-107.27716827392578,28887.353408941053,46695.43208912345,66150.67266509758,-5612.876894790521,14271.125104672556,57463.287749845535,59436.61367793448,54590.12336235325,14271.125104672556,3204.3807895790815,0.6277338082197124,39.46875,17.867188,2250.5312,-14839.156,-655.7383,-568.3977,-2574.1467,-2171.2153,1120.9768,1796.1097,185.8125,2.4047158e-05,2985.371,0.0006343902787193656,0.0006343902787193656,0.0006343902787193656
11_1412_53,2023-10-01,0.0,0.0,5.565896413568151e-08,-134.9038543701172,164.27577576012277,659.8396104565376,1976.7891332126678,10.051667741885641,486.12172032934734,265.0480747687976,1338.9556713039785,251.79567103035774,342.7537143164204,23.62090657472772,4.4752616727114444e-08,15.372897,2.0209713,72.649155,-604.36646,18.55636,23.203966,-253.85646,-147.72214,134.2095,177.9647,8.133879,-0.0019570384,4.5729675,9.047073035617359e-06,9.047073035617359e-06,9.047073035617359e-06
11_1412_53,2023-11-01,0.0,0.0,5.565896413568151e-08,4.406669616699219,277.96903215298414,1105.2390171452862,2592.3235032919415,19.826258128712233,486.12172032934734,265.0480747687976,1338.9556713039785,251.79567103035774,342.7537143164204,23.62090657472772,4.4752616727114444e-08,-13.661257,3.2462723,71.71974,-958.3112,31.052896,16.120184,-141.51987,-70.41116,123.562805,153.55418,23.466269,-0.00033126815,-13.886993,9.047073035617359e-06,9.047073035617359e-06,9.047073035617359e-06
11_1412_53,2023-12-01,0.0,0.0,5.565896413568151e-08,-100.92115020751953,356.65474518280917,1506.9481093758013,3059.355641853623,29.60084851553883,486.12172032934734,265.0480747687976,1338.9556713039785,251.79567103035774,342.7537143164204,23.62090657472772,4.4752616727114444e-08,-28.268028,1.7922877,72.13326,-201.54411,43.295708,17.099953,-149.60486,-126.800224,161.99948,208.05527,34.819336,-0.00044494183,-13.728699,9.047073035617359e-06,9.047073035617359e-06,9.047073035617359e-06
11_1412_53,2024-01-01,0.0,0.0,5.565896413568151e-08,-16.85882568359375,411.1121653627515,1275.2123491801635,2336.5487452111847,39.37543890236542,486.12172032934734,265.0480747687976,1338.9556713039785,251.79567103035774,342.7537143164204,23.62090657472772,4.4752616727114444e-08,-12.970031,-1.3164945,72.12524,-1718.5282,54.19369,41.548878,-122.68418,-107.99394,209.8657,258.17764,34.1422,2.4047158e-05,12.88797,9.047073035617359e-06,9.047073035617359e-06,9.047073035617359e-06
11_1501_53,2023-10-01,0.0,0.0,4.7239143922056564e-33,-12.956995010375977,261.05929974819196,3783.891329812427,3837.9751137656667,4.7239143917394595e-15,575.0559706438629,844.6572124740802,1762.1638341805092,802.4243518503762,366.82651383919983,8.938070444233244,4.740313296686717e-15,-8.365367,-19.654604,132.98854,-58.024895,31.404564,40.868767,-247.23882,-163.32555,230.3059,281.3035,-25.680412,-0.0019570384,-0.002547192,1.571245775267016e-05,1.571245775267016e-05,1.571245775267016e-05
11_1501_53,2023-11-01,0.0,0.0,4.7239143922056564e-33,0.06176462024450302,447.20729602108185,4028.4622331048577,3784.087230469011,4.7239143917394595e-15,575.0559706438629,844.6572124740802,1762.1638341805092,802.4243518503762,366.82651383919983,8.938070444233244,4.740313296686717e-15,-7.9136124,-82.52653,131.25858,-271.33496,49.720673,22.405823,-379.7641,-258.04633,233.74289,351.32834,-41.318405,-0.00033126815,-0.014978557,1.571245775267016e-05,1.571245775267016e-05,1.571245775267016e-05
11_1501_53,2023-12-01,0.0,0.0,4.7239143922056564e-33,-10.278427124023438,579.9398841718772,4282.9481064713345,3843.353646251957,4.7239143917394595e-15,575.0559706438629,844.6572124740802,1762.1638341805092,802.4243518503762,366.82651383919983,8.938070444233244,4.740313296686717e-15,-38.727245,-31.55658,131.98785,982.3403,66.652504,53.29811,-262.85538,-156.43512,322.2501,395.95587,-30.755644,-0.00044494183,-0.007359303,1.571245775267016e-05,1.571245775267016e-05,1.571245775267016e-05
11_1501_53,2024-01-01,0.0,0.0,4.7239143922056564e-33,-2.0066301822662354,674.5846845992805,-176.3644489833257,-1499.912595808164,4.7239143917394595e-15,575.0559706438629,844.6572124740802,1762.1638341805092,802.4243518503762,366.82651383919983,8.938070444233244,4.740313296686717e-15,-71.70102,-91.48109,131.94238,101.41179,81.10113,115.71176,-218.47006,-129.9964,279.3404,397.382,-45.220646,2.4047158e-05,-0.020448271,1.571245775267016e-05,1.571245775267016e-05,1.571245775267016e-05
12_1151_53,2023-10-01,0.0,0.0,0.0,0.0,0.0,0.0,0.0,0.0,0.0,0.0,0.0,0.0,0.0,0.0,0.0,-0.0024689105,0.002335506,0.09430316,0.0027159478,0.0040304437,0.011384098,-0.155219,-0.119135685,0.19115773,0.21410453,-0.00017725787,-0.0019570384,-0.002547192,1.3969838619232178e-08,1.3969838619232178e-08,1.3969838619232178e-08
12_1151_53,2023-11-01,927806.816842128,0.0,0.0,0.0,0.0,0.0,0.0,0.0,0.0,0.0,0.0,0.0,0.0,0.0,0.0,0.00047200356,-0.010625879,0.09177589,0.0038856715,0.0060206745,0.0013883287,-0.19852109,-0.14410275,0.14247805,0.1870277,0.002405007,-0.00033126815,-0.014978557,1.3969838619232178e-08,1.3969838619232178e-08,1.3969838619232178e-08
12_1151_53,2023-12-01,0.0,0.0,0.0,0.0,0.0,0.0,0.0,0.0,0.0,0.0,0.0,0.0,0.0,0.0,0.0,0.0026063903,-0.017958699,0.09161402,0.1326086,0.007780593,0.010408476,-0.32856092,-0.2813082,0.19204828,0.2528705,0.000515223,-0.00044494183,-0.007359303,1.3969838619232178e-08,1.3969838619232178e-08,1.3969838619232178e-08
12_1151_53,2024-01-01,0.0,0.0,0.0,0.0,0.0,0.0,0.0,0.0,0.0,0.0,0.0,0.0,0.0,0.0,0.0,0.00073333527,-0.029180804,0.09117099,-0.00056325237,0.0092493715,-0.00045071356,-0.21494038,-0.15085831,0.19464497,0.2777609,0.002408248,2.4047158e-05,-0.020448271,1.3969838619232178e-08,1.3969838619232178e-08,1.3969838619232178e-08
12_1201_53,2023-10-01,0.0,57927.741998649726,57927.741998649726,62507.93359375,57043.52890316116,56163.01524777678,34504.92644849522,61087.13863184851,26828.262541217104,3586.564870611006,18793.231901658994,3407.2366270804555,36952.3455882165,56138.460520702436,57927.74184123691,58468.703,56896.023,58162.227,48323.492,56744.367,57017.04,44463.59,47327.754,70383.89,76024.39,57363.06,57927.74,51822.812,57978.19140625,57542.265625,56234.484375
12_1201_53,2023-11-01,0.0,57927.741998649726,57927.741998649726,64965.16015625,56183.560663041004,57176.061309987,36234.38249145164,64207.82870193447,26828.262541217104,3586.564870611006,18793.231901658994,3407.2366270804555,36952.3455882165,56138.460520702436,57927.74184123691,58144.477,56175.477,57164.758,28848.867,55245.273,54992.508,40941.543,46651.996,69064.51,71207.84,57392.31,57927.742,50234.61,57978.19140625,56888.375,42175.86328125
12_1201_53,2023-12-01,0.0,57927.741998649726,57927.741998649726,69440.0703125,55347.172491695565,55750.3387336193,35266.135459922196,67328.51877202043,26828.262541217104,3586.564870611006,18793.231901658994,3407.2366270804555,36952.3455882165,56138.460520702436,57927.74184123691,56888.9,56839.938,56820.32,34256.934,53697.887,53412.08,43089.293,45105.242,66516.51,72456.6,56849.184,57927.742,42465.535,57978.19140625,57215.31640625,30078.91015625
12_1201_53,2024-01-01,0.0,57927.741998649726,57927.741998649726,72554.0234375,54533.7178307783,63709.355332886604,54712.0408822112,70449.20884210638,26828.262541217104,3586.564870611006,18793.231901658994,3407.2366270804555,36952.3455882165,56138.460520702436,57927.74184123691,56504.848,57496.406,56694.863,31681.602,52254.69,49878.82,34110.297,40692.867,59674.797,61605.367,57249.027,57927.742,16337.867,57978.19140625,57215.31640625,11552.0458984375
12_1205_53,2023-10-01,498.1059332472209,0.0,0.0,0.0,0.0,0.0,0.0,0.0,0.0,0.0,0.0,0.0,0.0,0.0,0.0,-0.0024689105,0.002335506,0.09430316,0.0027159478,0.0040304437,0.002600303,-0.30961967,-0.22200339,0.12783484,0.1817666,-0.00017725787,-0.0019570384,-0.002547192,1.3969838619232178e-08,1.3969838619232178e-08,1.3969838619232178e-08
12_1205_53,2023-11-01,237.36456024777314,0.0,0.0,0.0,0.0,0.0,0.0,0.0,0.0,0.0,0.0,0.0,0.0,0.0,0.0,0.00047200356,-0.010625879,0.09177589,0.0038856715,0.0060206745,0.037847612,-0.25216442,-0.17822659,0.2007733,0.21958275,0.002405007,-0.00033126815,-0.014978557,1.3969838619232178e-08,1.3969838619232178e-08,1.3969838619232178e-08
12_1205_53,2023-12-01,237.36456024777314,0.0,0.0,0.0,0.0,0.0,0.0,0.0,0.0,0.0,0.0,0.0,0.0,0.0,0.0,0.0026063903,-0.017958699,0.09161402,0.1326086,0.007780593,0.033543475,-0.23343237,-0.15638274,0.19928207,0.28504214,0.000515223,-0.00044494183,-0.007359303,1.3969838619232178e-08,1.3969838619232178e-08,1.3969838619232178e-08
12_1205_53,2024-01-01,237.36456024777314,0.0,0.0,0.0,0.0,0.0,0.0,0.0,0.0,0.0,0.0,0.0,0.0,0.0,0.0,0.00073333527,-0.029180804,0.09117099,-0.00056325237,0.0092493715,-0.015272156,-0.2296356,-0.19224647,0.15373997,0.20071705,0.002408248,2.4047158e-05,-0.020448271,1.3969838619232178e-08,1.3969838619232178e-08,1.3969838619232178e-08
12_1407_53,2023-10-01,0.0,0.0,27.92387976295948,15.714981079101562,27.517548033059708,-9.040100473309808,-60.51803846986942,5.682257009671267e-38,0.4592114414430291,575.4292369642985,575.4292369642985,546.6577751160836,0.4592114414430291,0.0005487720842020974,5.796501184285002e-38,-0.0024689105,0.002335506,0.09430316,0.0027159478,0.0040304437,-0.0126751475,-0.2455483,-0.1922339,0.18217354,0.2568332,-0.00017725787,-0.0019570384,-0.002547192,3.827930470379215e-07,3.827930470379215e-07,3.827930470379215e-07
12_1407_53,2023-11-01,0.0,0.0,27.92387976295948,15.815159797668457,26.2525444779997,12.099328678632538,-89.65392545005056,5.682257009671267e-38,0.4592114414430291,575.4292369642985,575.4292369642985,546.6577751160836,0.4592114414430291,0.0005487720842020974,5.796501184285002e-38,0.00047200356,-0.010625879,0.09177589,0.0038856715,0.0060206745,-0.0014854406,-0.2258391,-0.18139766,0.17533271,0.22114855,0.002405007,-0.00033126815,-0.014978557,3.827930470379215e-07,3.827930470379215e-07,3.827930470379215e-07
12_1407_53,2023-12-01,0.0,0.0,27.92387976295948,15.713112831115723,26.310697696898124,6.731633458117377,-80.35033443906033,5.682257009671267e-38,0.4592114414430291,575.4292369642985,575.4292369642985,546.6577751160836,0.4592114414430291,0.0005487720842020974,5.796501184285002e-38,0.0026063903,-0.017958699,0.09161402,0.1326086,0.007780593,0.0045537837,-0.18638192,-0.15939651,0.17991364,0.23344754,0.000515223,-0.00044494183,-0.007359303,3.827930470379215e-07,3.827930470379215e-07,3.827930470379215e-07
12_1407_53,2024-01-01,0.0,0.0,27.92387976295948,15.59052562713623,26.308024347203002,211.77423234449233,192.16093235105166,5.682257009671267e-38,0.4592114414430291,575.4292369642985,575.4292369642985,546.6577751160836,0.4592114414430291,0.0005487720842020974,5.796501184285002e-38,0.00073333527,-0.029180804,0.09117099,-0.00056325237,0.0092493715,0.012240109,-0.21375467,-0.14890642,0.17312199,0.18978824,0.002408248,2.4047158e-05,-0.020448271,3.827930470379215e-07,3.827930470379215e-07,3.827930470379215e-07
13_1000_58,2023-10-01,471537280.1530027,495114144.1607043,471537280.1530027,463132000.0,455880717.8470123,471463799.9210068,471489840.4116223,497998450.80091673,395149321.17257637,77284985.490828,359789442.764053,73420736.21628658,427164673.5509727,471132303.60825586,471537280.1530027,480055970.0,486663800.0,485678850.0,440526500.0,479658300.0,467230620.0,366422430.0,387509600.0,550577150.0,583909000.0,467720260.0,471537280.0,471537280.0,472048352.0,472048352.0,472048352.0
13_1000_58,2023-11-01,471537280.1530027,518691008.168406,471537280.1530027,459733344.0,441238832.45493317,585132963.8183606,585186676.3849788,524195009.7423516,395149321.17257637,77284985.490828,359789442.764053,73420736.21628658,427164673.5509727,471132303.60825586,471537280.1530027,481080030.0,474571330.0,485266750.0,544466940.0,487099260.0,506897630.0,367029660.0,390683740.0,612727400.0,628889540.0,224261740.0,471537280.0,471537280.0,472048352.0,472048352.0,472048352.0
13_1000_58,2023-12-01,471537280.1530027,542267872.1761075,471537280.1530027,453254080.0,427545864.3790003,942977929.3305857,943027696.6511338,550391568.6837865,395149321.17257637,77284985.490828,359789442.764053,73420736.21628658,427164673.5509727,471132303.60825586,471537280.1530027,469577120.0,451240450.0,485225800.0,622951940.0,494644770.0,491342720.0,381085250.0,413956030.0,595210940.0,629383100.0,221155310.0,471537280.0,471537280.0,472048352.0,472048352.0,472048352.0
13_1000_58,2024-01-01,263022041.82474664,565844736.1838092,471537280.1530027,449306816.0,414740315.7964424,942913815.237534,943056651.9987724,576588127.6252214,395149321.17257637,77284985.490828,359789442.764053,73420736.21628658,427164673.5509727,471132303.60825586,471537280.1530027,461226200.0,404345760.0,485150400.0,483385100.0,501367500.0,497447550.0,326668640.0,374312700.0,575362750.0,595708500.0,229065250.0,471537280.0,471537280.0,472048352.0,472048352.0,472048352.0
13_1000_78,2023-10-01,700556551.1174473,524590517.02902687,524648962.10075617,636110528.0,489812395.03726155,705496055.007838,662186943.7771555,560210942.2049251,591925106.9934196,69875238.00389409,453075179.6952792,66381476.103699386,679015091.3479224,786013954.6601887,530446894.0601796,505666720.0,473496580.0,58651530.0,729605250.0,78010060.0,68558970.0,-2384707.8,16718367.0,121785470.0,135143250.0,499981570.0,660598700.0,465044930.0,465691936.0,492857312.0,267772864.0
13_1000_78,2023-11-01,842561963.6380652,524590517.02902687,524648962.10075617,594264192.0,459687655.96113884,674332638.2164283,611469715.0668682,589680115.4995542,591925106.9934196,69875238.00389409,453075179.6952792,66381476.103699386,679015091.3479224,786013954.6601887,530446894.0601796,510634660.0,467069060.0,54144948.0,344823260.0,69582936.0,72356580.0,25702614.0,34353540.0,97802470.0,106843530.0,493477200.0,556612740.0,472592600.0,242547888.0,357030496.0,81496088.0
13_1000_78,2023-12-01,698895970.2325503,524590517.02902687,524648962.10075617,569685120.0,433593667.7745614,536254313.51301134,638564582.3805547,619149288.7941833,591925106.9934196,69875238.00389409,453075179.6952792,66381476.103699386,679015091.3479224,786013954.6601887,530446894.0601796,487748700.0,459209400.0,51988570.0,502184420.0,65700624.0,64364110.0,25450906.0,32360478.0,101264790.0,108098670.0,487994100.0,551598460.0,429546000.0,17463452.0,15523069.0,3.6973729133605957
13_1000_78,2024-01-01,5915728.142965136,524590517.02902687,524648962.10075617,535111456.0,410991107.87319016,710959168.6441963,956162522.659002,648618462.0888124,591925106.9934196,69875238.00389409,453075179.6952792,66381476.103699386,679015091.3479224,786013954.6601887,530446894.0601796,472713540.0,426441150.0,50978336.0,668450370.0,61849390.0,60948640.0,29488350.0,39078410.0,85101976.0,92044190.0,490160130.0,630398200.0,335954140.0,3.6973729133605957,9701919.0,3.6973729133605957
13_1100_53,2023-10-01,2670.351302787448,0.0,0.0,0.0,0.0,0.0,0.0,0.0,0.0,0.0,0.0,0.0,0.0,0.0,0.0,-0.0024689105,0.002335506,0.09430316,0.0027159478,0.0040304437,0.008283094,-0.2921164,-0.23008218,0.21139859,0.23702729,-0.00017725787,-0.0019570384,-0.002547192,1.3969838619232178e-08,1.3969838619232178e-08,1.3969838619232178e-08
13_1100_53,2023-11-01,5637.408305884612,0.0,0.0,0.0,0.0,0.0,0.0,0.0,0.0,0.0,0.0,0.0,0.0,0.0,0.0,0.00047200356,-0.010625879,0.09177589,0.0038856715,0.0060206745,0.0068485113,-0.18504348,-0.13103381,0.20347385,0.28074512,0.002405007,-0.00033126815,-0.014978557,1.3969838619232178e-08,1.3969838619232178e-08,1.3969838619232178e-08
13_1100_53,2023-12-01,8604.465308981777,0.0,0.0,0.0,0.0,0.0,0.0,0.0,0.0,0.0,0.0,0.0,0.0,0.0,0.0,0.0026063903,-0.017958699,0.09161402,0.1326086,0.007780593,-0.007972906,-0.22058746,-0.16067195,0.16527924,0.22445087,0.000515223,-0.00044494183,-0.007359303,1.3969838619232178e-08,1.3969838619232178e-08,1.3969838619232178e-08
13_1100_53,2024-01-01,11571.522312078941,0.0,0.0,0.0,0.0,0.0,0.0,0.0,0.0,0.0,0.0,0.0,0.0,0.0,0.0,0.00073333527,-0.029180804,0.09117099,-0.00056325237,0.0092493715,0.023289088,-0.2536082,-0.13936886,0.20964576,0.2989527,0.002408248,2.4047158e-05,-0.020448271,1.3969838619232178e-08,1.3969838619232178e-08,1.3969838619232178e-08
13_1201_53,2023-10-01,0.0,29451.11392501675,55408.53979175487,-29748.8984375,35630.55633391913,85976.94376341527,118519.18527165713,63121.77707731158,48503.86059170259,43592.47360041813,82601.65612956042,41412.849920397224,48503.86059170259,16790.34760756974,48503.76878806033,801.6836,91.88672,-2924.1562,51878.03,-2802.539,-2839.419,-12092.175,-9252.589,3870.4314,6550.0166,-1482.8867,85943.836,1012.3125,0.0007730457582511008,0.0007730457582511008,0.0007730457582511008
13_1201_53,2023-11-01,28748.085035463253,52627.51137345457,55408.53979175487,9693.5810546875,47249.0269569307,159431.05587594336,192165.8046905218,63616.11784908439,48503.86059170259,43592.47360041813,82601.65612956042,41412.849920397224,48503.86059170259,16790.34760756974,48503.76878806033,993.0781,-1285.9883,-2753.3555,27981.143,-2775.836,-1905.5305,-13558.237,-8783.58,5295.4844,5844.0566,-2791.504,23395.271,3399.3438,0.0007730457582511008,0.0007730457582511008,0.0007730457582511008
13_1201_53,2023-12-01,0.0,52627.51137345457,55408.53979175487,-4207.01904296875,51037.59703573348,-14852.752960323727,15065.32051784276,64110.45862085719,48503.86059170259,43592.47360041813,82601.65612956042,41412.849920397224,48503.86059170259,16790.34760756974,48503.76878806033,1168.7539,-445.25,-2764.6523,68337.92,-2795.3242,-2106.049,-9663.931,-7659.9746,3491.461,7160.9614,-1964.8555,15809.107,7106.211,2028.4747314453125,0.0007730457582511008,0.0007730457582511008
13_1201_53,2024-01-01,0.0,52627.51137345457,55408.53979175487,919.6200561523438,52272.98022064007,2723.010524860052,25482.081124405217,64604.79939263,48503.86059170259,43592.47360041813,82601.65612956042,41412.849920397224,48503.86059170259,16790.34760756974,48503.76878806033,1608.3164,78.8125,-2828.246,109665.94,-2871.3555,-2470.0745,-11064.426,-9086.401,2689.6685,6586.633,-2424.3594,52634.367,14129.078,3245.55908203125,0.0007730457582511008,0.0007730457582511008
13_1215_53,2023-10-01,0.0,-4.21121063131357,5.413530341744682e-53,8.904805183410645,231.97921954393337,-1094.6127616127562,-1634.1877866639811,5.413261391174302e-25,318.14717843486955,768.1840357954374,1388.164766056115,729.7748340056654,169.80852357877964,0.26880228614429236,5.457700849671837e-25,21.960703,-21.329031,111.39768,-584.7606,10.611961,-5.5148644,-330.25128,-233.56557,172.80534,231.75668,66.84543,-0.0019570384,-0.002547192,9.032719390233979e-06,9.032719390233979e-06,1351.0069580078125
13_1215_53,2023-11-01,0.0,-8.141849510790427,5.413530341744682e-53,1.2709789276123047,369.304909052237,-725.5308764548419,-1745.1346658422335,5.413261391174302e-25,318.14717843486955,768.1840357954374,1388.164766056115,729.7748340056654,169.80852357877964,0.26880228614429236,5.457700849671837e-25,34.981274,-40.904354,109.18846,-281.7672,15.930035,0.23172617,-187.75362,-166.75705,188.85898,384.29672,49.875504,-0.00033126815,-0.014978557,9.032719390233979e-06,9.032719390233979e-06,1360.4876708984375
13_1215_53,2023-12-01,0.0,0.0,5.413530341744682e-53,1.393122911453247,450.5981603874478,-660.9056083446297,-1601.7054499006035,5.413261391174302e-25,318.14717843486955,768.1840357954374,1388.164766056115,729.7748340056654,169.80852357877964,0.26880228614429236,5.457700849671837e-25,31.588669,-43.496994,109.38442,-1223.4058,20.605318,-19.499344,-291.1807,-177.19856,213.84097,287.59006,54.843,-0.00044494183,-0.007359303,9.032719390233979e-06,9.032719390233979e-06,1355.747314453125
13_1215_53,2024-01-01,0.0,0.0,5.413530341744682e-53,0.9699119329452515,498.7216596126248,-1033.5632066009487,-2198.278920818755,5.413261391174302e-25,318.14717843486955,768.1840357954374,1388.164766056115,729.7748340056654,169.80852357877964,0.26880228614429236,5.457700849671837e-25,43.230198,-53.75046,109.085915,-1362.1184,24.420717,19.465729,-199.08461,-175.13466,191.3444,275.37164,54.742462,2.4047158e-05,-0.020448271,9.032719390233979e-06,9.032719390233979e-06,1355.747314453125
13_1304_53,2023-10-01,0.0,0.0,0.3830398311296466,1944.8310546875,189.74955810397148,-139.91468654623725,656.3542027255785,553.186214693229,209.84185976449808,209.84185976449808,209.84185976449808,199.34976677627316,218.80852402086114,236.07209223506035,36.670442696617386,12.695899,3.5283458,57.514145,770.12476,19.979061,40.750565,-104.30289,-69.51934,162.67868,192.62291,-5.2868443,1976.0826,-40.996674,2.5126773834927008e-06,2.5126773834927008e-06,2.5126773834927008e-06
13_1304_53,2023-11-01,0.0,0.0,0.3830398311296466,1667.9437255859375,180.21447905870755,-170.97316775989748,718.7339217100179,587.5237966146167,209.84185976449808,209.84185976449808,209.84185976449808,199.34976677627316,218.80852402086114,236.07209223506035,36.670442696617386,29.237602,-12.443455,56.138123,187.83394,29.350554,18.277958,-96.34984,-78.19226,124.69345,157.37874,-1.0617857,537.9209,-93.514984,2.5126773834927008e-06,2.5126773834927008e-06,2.5126773834927008e-06
13_1304_53,2023-12-01,0.0,0.0,0.3830398311296466,2135.206298828125,180.69362500933798,-1.519353655144073,841.8849369208742,621.8613785360042,209.84185976449808,209.84185976449808,209.84185976449808,199.34976677627316,218.80852402086114,236.07209223506035,36.670442696617386,39.51451,-17.095583,56.13051,404.00983,33.27832,49.18029,-66.532326,-34.741257,155.67654,214.85313,-0.034359053,363.4944,-89.025055,2.5126773834927008e-06,2.5126773834927008e-06,2.5126773834927008e-06
13_1304_53,2024-01-01,0.0,0.0,0.3830398311296466,2733.3671875,180.66954751182425,-128.6008125139869,780.6046005077975,656.1989604573919,209.84185976449808,209.84185976449808,209.84185976449808,199.34976677627316,218.80852402086114,236.07209223506035,36.670442696617386,33.518566,-19.14366,55.926826,884.5944,34.479504,32.563572,-118.14917,-72.654945,143.60262,177.60168,0.8007387,1210.2073,-107.06729,2.5126773834927008e-06,2.5126773834927008e-06,2.5126773834927008e-06
13_1306_53,2023-10-01,1.798216365513433,0.0,7.192865462054336e-16,0.8070321083068848,0.35240979945821405,2.426799191210245,9.113805428502332,7.192865462054716e-08,1.6797561534400092,2.1489893090155916,6.400382786762933,2.041539843564812,1.6797561534400092,0.44907391580468137,7.210726490805409e-08,0.0065665245,-0.010058403,0.06385803,1.0642238,0.12156868,0.096582405,-0.4949025,-0.31143853,0.4793425,0.5543718,0.3738618,-0.0019570384,-0.023309946,4.964346800306885e-08,4.964346800306885e-08,4.964346800306885e-08
13_1306_53,2023-11-01,2.6973245482701493,0.0,7.192865462054336e-16,-0.014760910533368587,0.6512881395914212,2.0078519413972242,9.111543570087546,7.192865462054716e-08,1.6797561534400092,2.1489893090155916,6.400382786762933,2.041539843564812,1.6797561534400092,0.44907391580468137,7.210726490805409e-08,0.028429508,0.09664726,0.096353054,4.627203,0.23096418,0.1916747,-0.35233945,-0.19317956,0.60756326,0.65444976,-0.0034008026,-0.00033126815,0.004513502,4.964346800306885e-08,4.964346800306885e-08,4.964346800306885e-08
13_1306_53,2023-12-01,3.596432731026866,0.0,7.192865462054336e-16,0.5758904218673706,0.9047665114701602,1.6440972714480113,9.096123350319083,7.192865462054716e-08,1.6797561534400092,2.1489893090155916,6.400382786762933,2.041539843564812,1.6797561534400092,0.44907391580468137,7.210726490805409e-08,0.03232479,0.11622095,0.104901314,5.6491175,0.3049307,0.3515808,0.0033426555,0.09636134,0.81697315,1.1021063,-0.0036463737,-0.00044494183,-0.07343793,4.964346800306885e-08,4.964346800306885e-08,0.18237046897411346
13_1306_53,2024-01-01,4.495540913783582,0.0,7.192865462054336e-16,0.10459086298942566,1.1197412231928638,1.3440516968375762,6.56644066517759,7.192865462054716e-08,1.6797561534400092,2.1489893090155916,6.400382786762933,2.041539843564812,1.6797561534400092,0.44907391580468137,7.210726490805409e-08,0.025945663,0.12048912,0.10870266,6.09109,0.3615656,0.37512833,-0.24876653,-0.056081735,0.7845259,0.9274823,0.01675415,2.4047158e-05,-0.13293457,4.964346800306885e-08,4.964346800306885e-08,1.0681697130203247
13_1308_53,2023-10-01,0.0,-367.81698385502045,639.7466211030163,-897.1776733398438,92.22801808401017,68.99639479753851,264.5023173873799,620.692835062456,106.8123311637697,95.97457113612391,126.13333024657872,91.17584257931772,262.8828494385773,687.817759808888,641.2785282710142,-52.62844,20.872509,37.12275,749.1736,-99.35777,-123.46096,-548.1991,-452.84808,72.48969,135.81073,-1.7896214,-545.86896,13.571899,2.368531795582385e-06,2.368531795582385e-06,2.368531795582385e-06
13_1308_53,2023-11-01,647.3578915848358,0.0,639.7466211030163,-581.1629638671875,130.8481736490986,75.57176790947888,204.8837450319158,660.2042945544788,106.8123311637697,95.97457113612391,126.13333024657872,91.17584257931772,262.8828494385773,687.817759808888,641.2785282710142,-68.33994,-26.22827,36.159565,-117.239395,-85.11966,-89.86804,-250.03757,-169.80061,-0.68002486,33.259357,-15.612666,-94.718124,22.68161,2.368531795582385e-06,2.368531795582385e-06,2.368531795582385e-06
13_1308_53,2023-12-01,1294.7157831696716,0.0,639.7466211030163,157.64056396484375,147.0202268587102,-166.23993377995677,297.4507100213409,699.7157540465015,106.8123311637697,95.97457113612391,126.13333024657872,91.17584257931772,262.8828494385773,687.817759808888,641.2785282710142,-72.23474,20.854774,36.145065,385.33954,-81.81361,-89.38937,-183.94621,-143.46092,6.815587,53.330162,-34.216263,-120.39723,-31.845398,2543.191650390625,2.368531795582385e-06,2.368531795582385e-06
13_1308_53,2024-01-01,2589.431566339343,0.0,639.7466211030163,415.2248229980469,153.79221679991406,-15.739188681579321,583.8409978073869,739.2272135385242,106.8123311637697,95.97457113612391,126.13333024657872,91.17584257931772,262.8828494385773,687.817759808888,641.2785282710142,-71.37034,28.435371,36.03334,440.20322,-79.858345,-86.1082,-201.56163,-167.18977,-18.89414,12.828985,-23.562885,5.0395317,1.6927795,2.368531795582385e-06,2.368531795582385e-06,2.368531795582385e-06
13_1311_53,2023-10-01,0.0,0.0,7.102846740006385e-07,21.99260139465332,3.246797389343982,16.236853694068643,33.0871365729565,0.007092056362775279,19.99864747917879,3.4607199348101894,20.240071634116667,3.2876839380696796,22.15463374614681,15.089915262555593,0.034331575937063236,0.27358657,-0.14704637,1.4561144,33.0703,0.10263123,0.08565134,-4.3528767,-3.4473917,5.295514,6.3322406,-0.16969498,28.244318,-0.8977623,1.8003235879859858e-07,1.8003235879859858e-07,1.8003235879859858e-07
13_1311_53,2023-11-01,0.0,0.0,7.102846740006385e-07,7.27249002456665,5.499148683352019,9.0393213539984,33.206891277112554,0.007092056362775279,19.99864747917879,3.4607199348101894,20.240071634116667,3.2876839380696796,22.15463374614681,15.089915262555593,0.034331575937063236,0.41299203,-0.33387518,1.4322354,11.7238245,0.080310635,0.06431873,-4.139917,-3.004868,2.6075816,4.389692,-0.4769874,7.298324,-0.32397842,1.8003235879859858e-07,1.8003235879859858e-07,1.8003235879859858e-07
13_1311_53,2023-12-01,0.0,0.0,7.102846740006385e-07,12.752875328063965,7.061638036173848,7.314237171341068,32.65114036412068,0.007092056362775279,19.99864747917879,3.4607199348101894,20.240071634116667,3.2876839380696796,22.15463374614681,15.089915262555593,0.034331575937063236,0.5481515,-1.2598151,1.4388264,5.4428644,0.21291254,-0.06071289,-5.136662,-3.2410622,2.8264372,4.493045,-0.30384287,5.3671794,0.5433235,1.8003235879859858e-07,1.8003235879859858e-07,1.8003235879859858e-07
13_1311_53,2024-01-01,0.0,0.0,7.102846740006385e-07,7.967109203338623,8.145559973296354,24.40217460155801,52.53247376240186,0.007092056362775279,19.99864747917879,3.4607199348101894,20.240071634116667,3.2876839380696796,22.15463374614681,15.089915262555593,0.034331575937063236,0.5926167,-1.8250041,1.438553,23.186234,0.38680303,0.38832822,-3.5630531,-2.28816,3.302644,4.307887,-0.18561165,18.666615,0.6346512,1.8003235879859858e-07,1.8003235879859858e-07,1.8003235879859858e-07
13_1312_53,2023-10-01,0.0,0.0,3.7798506204653735e-61,3.1865596771240234,196.66743097078358,-269.27778233764127,-1415.8031247319018,-104.08317613829234,141.57289043739013,1441.7954686840612,1908.1442659626841,1369.705695249858,74.91203983911558,0.050454448404093466,3.8153128023109215e-29,-0.0024689105,0.002335506,0.09430316,0.0027159478,3.0278914,0.80162954,-117.18365,-90.077515,108.135155,134.32265,-0.00017725787,-0.0019570384,-0.002547192,7.540424121543765e-06,7.540424121543765e-06,7.540424121543765e-06
13_1312_53,2023-11-01,0.0,0.0,3.7798506204653735e-61,3.7733373641967773,311.9721019099302,-123.08819376935168,-1366.8947496771648,-207.1255204975029,141.57289043739013,1441.7954686840612,1908.1442659626841,1369.705695249858,74.91203983911558,0.050454448404093466,3.8153128023109215e-29,0.00047200356,-0.010625879,0.09177589,0.0038856715,4.444608,14.228034,-113.95152,-88.94315,118.912285,149.1508,0.002405007,-0.00033126815,-0.014978557,1080.3206787109375,7.540424121543765e-06,7.540424121543765e-06
13_1312_53,2023-12-01,0.0,0.0,3.7798506204653735e-61,3.030292510986328,379.5743839693322,4.852339007827027,-1719.0565624013204,-310.16786485671344,141.57289043739013,1441.7954686840612,1908.1442659626841,1369.705695249858,74.91203983911558,0.050454448404093466,3.8153128023109215e-29,0.0026063903,-0.017958699,0.09161402,0.1326086,5.6513696,-0.8679178,-136.48672,-107.00876,111.33839,131.00446,0.000515223,-0.00044494183,-0.007359303,7.540424121543765e-06,7.540424121543765e-06,7.540424121543765e-06
13_1312_53,2024-01-01,0.0,0.0,3.7798506204653735e-61,2.614537239074707,419.2091056368598,-758.2761768367832,-1879.7877002611476,-413.21020921592395,141.57289043739013,1441.7954686840612,1908.1442659626841,1369.705695249858,74.91203983911558,0.050454448404093466,3.8153128023109215e-29,0.00073333527,-0.029180804,0.09117099,-0.00056325237,6.600138,8.3205185,-131.22603,-88.53588,112.6969,158.65823,0.002408248,2.4047158e-05,-0.020448271,7.540424121543765e-06,7.540424121543765e-06,7.540424121543765e-06
13_1408_60,2023-10-01,0.0,0.0,2094.2909822218558,1178.635498046875,2069.557598330187,-678.0075354982357,-4538.852885240481,4.261692757253449e-36,34.44085810822718,43157.19277232239,43157.19277232239,40999.33313370627,34.44085810822718,0.04115790631515731,4.347375888213754e-36,-0.0024689105,0.002335506,0.09430316,0.0027159478,0.0040304437,0.016045928,-0.39344105,-0.24308826,0.16538124,0.26774558,-0.00017725787,-0.0019570384,-0.002547192,2.8709475373034365e-05,2.8709475373034365e-05,2.8709475373034365e-05
13_1408_60,2023-11-01,0.0,0.0,2094.2909822218558,1186.1490478515625,1979.2856529742066,907.4496508974405,-6724.044408754293,4.261692757253449e-36,34.44085810822718,43157.19277232239,43157.19277232239,40999.33313370627,34.44085810822718,0.04115790631515731,4.347375888213754e-36,0.00047200356,-0.010625879,0.09177589,0.0038856715,0.0060206745,0.0057504596,-0.25448668,-0.18343337,0.20913598,0.279674,0.002405007,-0.00033126815,-0.014978557,2.8709475373034365e-05,2.8709475373034365e-05,2.8709475373034365e-05
13_1408_60,2023-12-01,0.0,0.0,2094.2909822218558,1178.4954833984375,1983.2232211409146,504.87250935880337,-6026.275082929974,4.261692757253449e-36,34.44085810822718,43157.19277232239,43157.19277232239,40999.33313370627,34.44085810822718,0.04115790631515731,4.347375888213754e-36,0.0026063903,-0.017958699,0.09161402,0.1326086,0.007780593,-0.035921697,-0.28488964,-0.202377,0.23021995,0.28222805,0.000515223,-0.00044494183,-0.007359303,2.8709475373034365e-05,2.8709475373034365e-05,2.8709475373034365e-05
13_1408_60,2024-01-01,0.0,0.0,2094.2909822218558,1169.3013916015625,1983.0514685215783,15883.067425836929,14412.069926327493,4.261692757253449e-36,34.44085810822718,43157.19277232239,43157.19277232239,40999.33313370627,34.44085810822718,0.04115790631515731,4.347375888213754e-36,0.00073333527,-0.029180804,0.09117099,-0.00056325237,0.0092493715,0.0026030308,-0.22255115,-0.15641493,0.14548773,0.24712245,0.002408248,2.4047158e-05,-0.020448271,2.8709475373034365e-05,2.8709475373034365e-05,2.8709475373034365e-05
13_1408_75,2023-10-01,0.0,0.0,1.078929819309766e-16,-168.79598999023438,707.4830853748626,3632.4098111517824,12826.58576840917,1.0789298193080644e-06,3605.2294841771413,2688.4054473110555,7687.103355760476,2553.9851749455024,2672.73342721319,336.5070420327262,1.0823937886141727e-06,-19.407227,-21.88086,-36.56836,4848.586,271.90332,314.32782,-956.1352,-428.01605,1077.2107,1218.7284,1006.3008,-0.0019570384,-12.477295,6.459632277255878e-05,6.459632277255878e-05,6.459632277255878e-05
13_1408_75,2023-11-01,0.0,0.0,1.078929819309766e-16,6.582363128662109,1267.4700550384814,1918.5735376803843,13227.295960056868,1.0789298193080644e-06,3605.2294841771413,2688.4054473110555,7687.103355760476,2553.9851749455024,2672.73342721319,336.5070420327262,1.0823937886141727e-06,-19.09082,198.24707,14.108398,8289.385,403.34473,379.98578,-354.23718,-257.70892,1058.435,1533.4999,-219.07422,-0.00033126815,29.281006,6.459632277255878e-05,6.459632277255878e-05,6.459632277255878e-05
13_1408_75,2023-12-01,0.0,0.0,1.078929819309766e-16,-131.08872985839844,1710.71090796557,2676.125735810003,13089.87356734023,1.0789298193080644e-06,3605.2294841771413,2688.4054473110555,7687.103355760476,2553.9851749455024,2672.73342721319,336.5070420327262,1.0823937886141727e-06,4.2646484,261.05762,26.756836,7859.1157,530.32227,622.33264,-304.0884,-99.51057,1060.0354,1246.3796,-218.9336,-0.00044494183,12.016113,6.459632277255878e-05,6.459632277255878e-05,6.459632277255878e-05
13_1408_75,2024-01-01,0.0,0.0,1.078929819309766e-16,-21.054479598999023,2061.544881515967,2055.745391975861,8780.593983510842,1.0789298193080644e-06,3605.2294841771413,2688.4054473110555,7687.103355760476,2553.9851749455024,2672.73342721319,336.5070420327262,1.0823937886141727e-06,-84.04004,45.475586,32.808594,6872.6772,648.19727,604.0661,-473.4886,-96.70039,1214.5842,1481.7594,-180.45312,2.4047158e-05,-30.628906,6.459632277255878e-05,6.459632277255878e-05,6.459632277255878e-05
13_1408_87,2023-10-01,0.0,0.0,4.315719277239064e-16,618.44189453125,4591.26691717661,4325.814674961204,24883.909881151383,-1698.4328031606228,7219.2389585637875,35122.3301895198,42866.43461618863,33366.21368004381,7219.2389585637875,1348.6211162287595,4.323276789182001e-06,-0.58984375,-3.1289062,117.33594,14703.852,94.14453,-34.025875,-3860.039,-2936.3801,1740.4126,2673.9116,659.70703,-0.0019570384,-49.90918,0.00043064216151833534,0.00043064216151833534,0.00043064216151833534
13_1408_87,2023-11-01,0.0,0.0,4.315719277239064e-16,19.755889892578125,8245.270391843618,2059.721434263518,25557.14530218047,-3379.881281572069,7219.2389585637875,35122.3301895198,42866.43461618863,33366.21368004381,7219.2389585637875,1348.6211162287595,4.323276789182001e-06,50.152344,69.61328,317.41406,30870.176,43.476562,234.82837,-2855.3743,-2669.3157,3063.0396,3729.6465,863.14453,-0.00033126815,117.12402,0.00043064216151833534,0.00043064216151833534,0.00043064216151833534
13_1408_87,2023-12-01,0.0,0.0,4.315719277239064e-16,511.62481689453125,11153.343835129548,6710.18412304039,24947.10381140736,-5061.329759983515,7219.2389585637875,35122.3301895198,42866.43461618863,33366.21368004381,7219.2389585637875,1348.6211162287595,4.323276789182001e-06,15.355469,233.67578,368.7422,20281.031,-36.070312,-15.990578,-3121.926,-1992.4834,1928.7389,2221.91,831.1328,-0.00044494183,48.064453,0.00043064216151833534,10848.0595703125,0.00043064216151833534
13_1408_87,2024-01-01,0.0,0.0,4.315719277239064e-16,118.54240417480469,13467.761763348833,-10022.012041130274,-8161.705206309431,-6742.778238394961,7219.2389585637875,35122.3301895198,42866.43461618863,33366.21368004381,7219.2389585637875,1348.6211162287595,4.323276789182001e-06,-220.70703,998.60547,392.46094,16637.725,-103.28906,-150.17339,-2799.8564,-2041.7399,1787.557,2903.9314,781.3281,2.4047158e-05,-122.515625,0.00043064216151833534,43392.234375,0.00043064216151833534
13_1410_53,2023-10-01,5097.943396230582,4911.18661976647,4687.909061462312,4846.7431640625,4585.966245817075,4657.492060555343,4236.562178885586,4946.5165405651305,3425.81403491758,687.2110258107158,3607.4917552363854,652.85047452018,3836.438684708687,4512.417191934632,4683.809423166779,4798.395,4655.0073,5278.2896,4105.2793,4846.9536,4746.43,3192.0579,3441.1357,5761.1304,6122.4673,4478.648,5070.781,4271.615,4695.53662109375,4361.9736328125,3887.28857421875
13_1410_53,2023-11-01,5507.936727567645,5134.423174639422,4687.909061462312,4875.49267578125,4488.094775857982,5123.219448359323,4657.252589935812,5206.5950412937045,3425.81403491758,687.2110258107158,3607.4917552363854,652.85047452018,3836.438684708687,4512.417191934632,4683.809423166779,4841.464,4562.4194,5327.5234,3709.4468,5059.756,5093.3066,3218.4631,4086.2305,6108.1367,6305.7764,3773.5503,4782.3706,4262.321,4631.39013671875,2706.989501953125,2745.477783203125
13_1410_53,2023-12-01,5917.930058904708,5357.659729512372,4687.909061462312,5070.201171875,4394.169830521569,5505.438817337075,5124.773649734789,5466.6735420222785,3425.81403491758,687.2110258107158,3607.4917552363854,652.85047452018,3836.438684708687,4512.417191934632,4683.809423166779,4720.0005,4683.5474,5359.8184,3887.3413,5267.4185,5150.2466,3640.4404,4301.145,6034.481,6512.556,3736.7427,4764.528,3919.2073,4785.341796875,821.0774536132812,1193.128173828125
13_1410_53,2024-01-01,6327.92339024177,5580.896284385323,4687.909061462312,5133.43408203125,4304.032271944636,6740.855053529902,6798.610933576034,5726.7520427508525,3425.81403491758,687.2110258107158,3607.4917552363854,652.85047452018,3836.438684708687,4512.417191934632,4683.809423166779,4666.963,4567.84,5377.8403,3533.2124,5465.658,5551.865,4201.783,4444.176,6897.7065,7528.6533,3747.3223,4982.014,3255.8804,4785.341796875,2.4446117095067166e-05,25.658693313598633
13_1502_53,2023-10-01,0.0,0.0,1.289088890794115,2.8275468349456787,1.355159705706615,-2.2177696217014753,2.0174466862810085,2.5607819447777924,1.798216365513433,1.798216365513433,1.798216365513433,1.708305547237761,1.2678296323394609,0.21072848033360542,0.2540871032384274,0.023711804,-0.02754761,0.41028118,5.373414,0.027647957,-0.02426255,-1.0016398,-0.6988183,0.7235903,1.0686954,-0.047484245,-0.0019570384,-1.811837,1.794342274763494e-08,1.794342274763494e-08,1.794342274763494e-08
13_1502_53,2023-11-01,0.0,0.0,1.289088890794115,2.6431522369384766,1.2870617936036917,-2.505967787581554,1.5832304469620753,2.6886620063211724,1.798216365513433,1.798216365513433,1.798216365513433,1.708305547237761,1.2678296323394609,0.21072848033360542,0.2540871032384274,-0.06038381,-0.116692476,0.40081194,1.7659746,0.03161762,0.0076396316,-1.0625368,-0.70983845,0.72201455,0.9564715,-0.04634321,-0.00033126815,-1.7225316,1.794342274763494e-08,1.794342274763494e-08,1.794342274763494e-08
13_1502_53,2023-12-01,0.0,0.0,1.289088890794115,2.8155364990234375,1.2904837708165984,-1.5535281376468433,1.96543247471732,2.8165420678645523,1.798216365513433,1.798216365513433,1.798216365513433,1.708305547237761,1.2678296323394609,0.21072848033360542,0.2540871032384274,-0.023397299,0.020362329,0.40086904,-5.952715,0.03614262,0.12798214,-0.6585341,-0.51860374,0.9025943,1.4038943,-0.063881174,-0.00044494183,-1.9755275,1.794342274763494e-08,1.794342274763494e-08,1.794342274763494e-08
13_1502_53,2024-01-01,0.0,0.0,1.289088890794115,2.9980528354644775,1.2903118135908327,-0.5266914298793328,3.6588369487170134,2.9444221294079322,1.798216365513433,1.798216365513433,1.798216365513433,1.708305547237761,1.2678296323394609,0.21072848033360542,0.2540871032384274,0.029208342,-0.02899884,0.3994226,-4.178025,0.04054209,-0.0066397525,-1.3471624,-0.91501385,0.7640818,1.1710626,-0.07713501,2.4047158e-05,-2.629863,1.794342274763494e-08,1.794342274763494e-08,1.794342274763494e-08
13_1600_10,2023-10-01,0.0,0.0,0.0,0.0,0.0,0.0,0.0,0.0,0.0,0.0,0.0,0.0,0.0,0.0,0.0,-0.0024689105,0.002335506,0.09430316,0.0027159478,0.0040304437,0.014264686,-0.20664722,-0.1654885,0.18746829,0.2246266,-0.00017725787,-0.0019570384,-0.002547192,1.3969838619232178e-08,1.3969838619232178e-08,1.3969838619232178e-08
13_1600_10,2023-11-01,13265981.593302248,0.0,0.0,0.0,0.0,0.0,0.0,0.0,0.0,0.0,0.0,0.0,0.0,0.0,0.0,0.00047200356,-0.010625879,0.09177589,0.0038856715,0.0060206745,0.0039078686,-0.32572097,-0.23044153,0.13058396,0.23936573,0.002405007,-0.00033126815,-0.014978557,1.3969838619232178e-08,1.3969838619232178e-08,1.3969838619232178e-08
13_1600_10,2023-12-01,0.0,0.0,0.0,0.0,0.0,0.0,0.0,0.0,0.0,0.0,0.0,0.0,0.0,0.0,0.0,0.0026063903,-0.017958699,0.09161402,0.1326086,0.007780593,-0.008905539,-0.24836004,-0.16368596,0.15884925,0.21860158,0.000515223,-0.00044494183,-0.007359303,1.3969838619232178e-08,1.3969838619232178e-08,1.3969838619232178e-08
13_1600_10,2024-01-01,0.0,0.0,0.0,0.0,0.0,0.0,0.0,0.0,0.0,0.0,0.0,0.0,0.0,0.0,0.0,0.00073333527,-0.029180804,0.09117099,-0.00056325237,0.0092493715,0.006882863,-0.16203627,-0.13306248,0.17348348,0.21811385,0.002408248,2.4047158e-05,-0.020448271,1.3969838619232178e-08,1.3969838619232178e-08,1.3969838619232178e-08
14_1501_53,2023-10-01,366.8361385647403,284.5455188971475,363.34917699482173,314.62646484375,293.813573931989,381.456527947272,214.87783509054643,327.5857691785845,337.7590947888084,248.25907054057785,248.26220510490987,235.84611701354896,348.9264717005865,366.65887917934833,366.7473324169571,371.96344,374.80505,377.71985,359.46527,373.15747,370.50412,270.52728,314.13492,429.09528,485.92398,378.9088,366.8342,366.83362,366.1056213378906,366.1056213378906,366.1056213378906
14_1501_53,2023-11-01,366.8361385647403,245.46781282354647,363.34917699482173,282.4609069824219,263.9433013064155,717.885862188118,611.8061129030011,334.44526400923945,337.7590947888084,248.25907054057785,248.26220510490987,235.84611701354896,348.9264717005865,366.65887917934833,366.7473324169571,374.57474,363.80365,377.40735,361.9975,378.95193,390.988,306.67923,313.25153,454.00824,480.47873,217.37408,366.83582,366.82117,366.1056213378906,366.1056213378906,366.1056213378906
14_1501_53,2023-12-01,0.0,245.46781282354647,363.34917699482173,264.5843505859375,251.7247057091046,668.6249627412425,636.2064733619995,341.3047588398944,337.7590947888084,248.25907054057785,248.26220510490987,235.84611701354896,348.9264717005865,366.65887917934833,366.7473324169571,370.26205,350.0299,377.37808,536.7666,384.83368,379.4416,258.22473,293.54495,451.0722,470.69492,213.05402,366.8357,366.8288,366.1056213378906,366.1056213378906,366.1056213378906
14_1501_53,2024-01-01,0.0,245.46781282354647,363.34917699482173,243.09100341796875,246.7266234939859,580.0428906115499,529.4556607783915,348.1642536705494,337.7590947888084,248.25907054057785,248.26220510490987,235.84611701354896,348.9264717005865,366.65887917934833,366.7473324169571,365.56815,316.97186,377.3212,369.77448,390.08356,393.1809,284.12247,314.00626,469.79022,494.32272,217.43936,366.83618,366.8157,3.4535105442046188e-06,366.1056213378906,366.1056213378906
14_1701_53,2023-10-01,0.0,924.5155872243095,54.89244985347641,931.1790161132812,2195.5666055761976,229.7804322206468,-10206.49926364854,0.0421547927834921,1732.9483444400564,22600.740425505675,25259.57924506832,21470.70340423039,1478.7441053023385,0.12285635035074458,1389.2764398990641,-0.0024689105,0.002335506,0.09430316,0.0027159478,0.0040304437,-0.026916567,-0.21978554,-0.15768503,0.11161593,0.17249769,-0.00017725787,-0.0019570384,-0.002547192,5.713185964850709e-05,5.713185964850709e-05,61344.8671875
14_1701_53,2023-11-01,0.0,0.0,54.89244985347641,38.86245346069336,3133.0884528376123,-224.57798338757124,-10607.003245235644,0.0421547927834921,1732.9483444400564,22600.740425505675,25259.57924506832,21470.70340423039,1478.7441053023385,0.12285635035074458,1389.2764398990641,0.00047200356,-0.010625879,0.09177589,0.0038856715,0.0060206745,-0.016843067,-0.22666447,-0.17280445,0.1327333,0.18481505,0.002405007,-0.00033126815,-0.014978557,5.713185964850709e-05,5.713185964850709e-05,61344.8671875
14_1701_53,2023-12-01,0.0,0.0,54.89244985347641,-81.90950012207031,3533.416646871966,-612.1517656174656,-11458.296624896571,0.0421547927834921,1732.9483444400564,22600.740425505675,25259.57924506832,21470.70340423039,1478.7441053023385,0.12285635035074458,1389.2764398990641,0.0026063903,-0.017958699,0.09161402,0.1326086,0.007780593,0.005966924,-0.2631706,-0.17040442,0.17403036,0.22539839,0.000515223,-0.00044494183,-0.007359303,5.713185964850709e-05,5.713185964850709e-05,61344.8671875
14_1701_53,2024-01-01,0.0,0.0,54.89244985347641,-46.95060729980469,3704.3595037311943,-5561.299136589911,-14323.186738512928,0.0421547927834921,1732.9483444400564,22600.740425505675,25259.57924506832,21470.70340423039,1478.7441053023385,0.12285635035074458,1389.2764398990641,0.00073333527,-0.029180804,0.09117099,-0.00056325237,0.0092493715,0.00828816,-0.19023469,-0.123627394,0.18358806,0.29230738,0.002408248,2.4047158e-05,-0.020448271,5.713185964850709e-05,5.713185964850709e-05,5.713185964850709e-05
15_1000_68,2023-10-01,0.0,0.0,1.1428755621009446e-61,-28666.51953125,279707.7195169446,-172923.39113637782,-5224412.190849667,-1203058.060126713,26589.893995889368,11428755.62106355,11428755.62106355,10857317.840010371,26589.893995889368,87.19448563433494,1.1499973744173594e-27,-0.0024689105,0.002335506,0.09430316,0.0027159478,0.0040304437,0.008287699,-0.17248568,-0.16041954,0.16013485,0.19205809,-0.00017725787,-0.0019570384,-0.002547192,0.030411025509238243,0.030411025509238243,0.030411025509238243
15_1000_68,2023-11-01,0.0,0.0,1.1428755621009446e-61,1491.8140869140625,523476.1681723106,959355.2013763251,-5339266.41575945,-1347784.4526149263,26589.893995889368,11428755.62106355,11428755.62106355,10857317.840010371,26589.893995889368,87.19448563433494,1.1499973744173594e-27,0.00047200356,-0.010625879,0.09177589,0.0038856715,0.0060206745,0.018597314,-0.23419091,-0.14470081,0.17937598,0.2683473,0.002405007,-0.00033126815,-0.014978557,0.030411025509238243,0.030411025509238243,0.030411025509238243
15_1000_68,2023-12-01,0.0,0.0,1.1428755621009446e-61,-12359.04296875,735923.1348218813,785886.7777800902,-5935822.030375312,-1488624.673380248,26589.893995889368,11428755.62106355,11428755.62106355,10857317.840010371,26589.893995889368,87.19448563433494,1.1499973744173594e-27,0.0026063903,-0.017958699,0.09161402,0.1326086,0.007780593,0.02234035,-0.2150503,-0.16382785,0.18128319,0.26549992,0.000515223,-0.00044494183,-0.007359303,0.030411025509238243,0.030411025509238243,13055052.0
15_1000_68,2024-01-01,0.0,0.0,1.1428755621009446e-61,-4426.8515625,921073.0748061684,2100349.3852815405,-1969596.6084418772,-1625860.137523831,26589.893995889368,11428755.62106355,11428755.62106355,10857317.840010371,26589.893995889368,87.19448563433494,1.1499973744173594e-27,0.00073333527,-0.029180804,0.09117099,-0.00056325237,0.0092493715,0.0016779769,-0.19055974,-0.15978873,0.20299958,0.31150743,0.002408248,2.4047158e-05,-0.020448271,0.030411025509238243,0.030411025509238243,12959294.0
16_1110_1,2023-10-01,0.0,11011.087192592877,2147.7934781557838,4956.5390625,11011.087192592877,171.32569887425234,-11577.906099775755,9735.971094772289,11995.279871023216,24011.820896275305,22525.037950375765,22811.22985146154,9376.660046755733,2197.1473476748997,2115.0483190282525,506.56815,93.14437,1043.2375,-16545.389,-12.167781,44.851414,-2937.561,-2397.5852,1995.3754,3501.7427,-573.9461,-0.0019570384,-758.2539,0.0002479063405189663,520.4057006835938,0.0002479063405189663
16_1110_1,2023-11-01,0.0,15203.51908385067,2147.7934781557838,5246.099609375,15203.51908385067,2817.309460628081,-11917.792860069956,9538.331847990214,11995.279871023216,24011.820896275305,22525.037950375765,22811.22985146154,9376.660046755733,2197.1473476748997,2115.0483190282525,-542.14935,-5.6522546,1027.8726,12462.847,96.43718,93.70346,-2804.6458,-2457.7803,2307.199,5270.4824,-574.43207,-0.00033126815,-1263.8672,0.0002479063405189663,0.0002479063405189663,22247.333984375
16_1110_1,2023-12-01,0.0,16799.772465138853,2147.7934781557838,4842.0712890625,16799.772465138853,22479.736627203652,11379.090650568905,9348.082029932351,11995.279871023216,24011.820896275305,22525.037950375765,22811.22985146154,9376.660046755733,2197.1473476748997,2115.0483190282525,-611.7973,-610.2793,1032.8438,8486.817,228.27153,296.72754,-2449.957,-1779.76,2405.6462,3529.6006,-627.23846,-0.00044494183,-2133.0215,0.0002479063405189663,0.0002479063405189663,22117.232421875
16_1110_1,2024-01-01,0.0,17407.540205525333,2147.7934781557838,4643.046875,17407.540205525333,11958.138955013776,2164.8960674682676,9164.569558582089,11995.279871023216,24011.820896275305,22525.037950375765,22811.22985146154,9376.660046755733,2197.1473476748997,2115.0483190282525,-539.37177,115.01501,1032.3062,-6457.1206,372.3672,505.91818,-2021.4226,-1318.5386,2494.7195,3456.2537,-448.9375,2.4047158e-05,-3802.7754,0.0002479063405189663,22897.83984375,0.0002479063405189663
16_1200_53,2023-10-01,2588.5324581565865,2441.1985408252194,2755.0280020874916,3003.882080078125,2576.4870848017117,2786.862184935836,2190.315383788895,2733.7665644733324,1743.2620168582157,410.8659779157784,2006.452394363058,390.32267901998944,1985.3920122126408,2476.1846542006447,2588.509736130412,2651.2617,2625.564,2909.813,2231.628,2626.538,2732.9263,923.05,1371.0266,3791.3367,4161.806,2497.9954,2553.048,2419.5754,2515.845947265625,2371.332763671875,2588.102783203125
16_1200_53,2023-11-01,2588.5324581565865,2293.8646234938524,2921.502737777425,3179.4931640625,2564.550864167098,3100.3555819161415,2390.496262564995,2877.5708074314743,1743.2620168582157,410.8659779157784,2006.452394363058,390.32267901998944,1985.3920122126408,2476.1846542006447,2588.509736130412,2662.104,2573.6108,2934.4282,1792.6587,2692.3086,2455.9072,1105.2527,1493.0902,3749.9468,3948.8638,2027.2507,2571.366,2322.9075,2285.938232421875,2042.8931884765625,2588.102783203125
16_1200_53,2023-12-01,0.0,2146.5307061624853,3087.9774734673583,3658.554931640625,2552.7228071330246,3323.0319210058005,2587.5691970222165,3021.3750503896163,1743.2620168582157,410.8659779157784,2006.452394363058,390.32267901998944,1985.3920122126408,2476.1846542006447,2588.509736130412,2612.7993,2555.7017,2951.296,2141.6926,2785.0325,2736.4424,1480.9404,1937.2728,3817.7234,4182.187,1999.0337,2588.1626,2131.247,1904.94873046875,1839.2607421875,2561.827392578125
16_1200_53,2024-01-01,0.0,1999.1967888311183,3254.4522091572917,3931.075927734375,2541.0019335429706,3815.6391961093013,3300.522827662508,3165.179293347758,1743.2620168582157,410.8659779157784,2006.452394363058,390.32267901998944,1985.3920122126408,2476.1846542006447,2588.509736130412,2584.2505,2430.04,2960.9678,1726.5139,2890.1406,2839.599,1634.0895,1962.7933,3591.107,3871.7559,2006.6627,2595.5525,1491.8337,1392.5831298828125,1379.445556640625,2581.533935546875
16_1200_72,2023-10-01,0.0,0.004154807528302579,53.05013621143356,2.4448111057281494,392.0181538031096,284.475236010156,-1996.7109840182343,-0.01729729019850746,257.3660512377161,2451.3474780612323,3245.547532497596,2328.7801041581706,221.2266582678427,0.020295992551661948,178.6293933952846,-0.0024689105,0.002335506,0.09430316,0.0027159478,0.0040304437,-0.009896424,-0.2579679,-0.18225212,0.13358258,0.17551002,-0.00017725787,-0.0019570384,-0.002547192,8.484846148348879e-06,8.484846148348879e-06,8.484846148348879e-06
16_1200_72,2023-11-01,0.0,0.0,53.05013621143356,2.9351959228515625,519.4377394216779,163.69209665760752,-1493.6598421552721,-0.01729729019850746,257.3660512377161,2451.3474780612323,3245.547532497596,2328.7801041581706,221.2266582678427,0.020295992551661948,178.6293933952846,0.00047200356,-0.010625879,0.09177589,0.0038856715,0.0060206745,0.0007973539,-0.2772396,-0.17618638,0.20430245,0.2463575,0.002405007,-0.00033126815,-0.014978557,8.484846148348879e-06,8.484846148348879e-06,8.484846148348879e-06
16_1200_72,2023-12-01,0.0,0.0,53.05013621143356,2.3154983520507812,560.8535530560689,-92.62630645025902,-2000.725057676797,-0.01729729019850746,257.3660512377161,2451.3474780612323,3245.547532497596,2328.7801041581706,221.2266582678427,0.020295992551661948,178.6293933952846,0.0026063903,-0.017958699,0.09161402,0.1326086,0.007780593,0.041289285,-0.23986036,-0.20243213,0.24400616,0.32928026,0.000515223,-0.00044494183,-0.007359303,8.484846148348879e-06,8.484846148348879e-06,8.484846148348879e-06
16_1200_72,2024-01-01,0.0,0.0,53.05013621143356,1.9439901113510132,574.3151383427554,-776.4908902302166,-2137.74443860654,-0.01729729019850746,257.3660512377161,2451.3474780612323,3245.547532497596,2328.7801041581706,221.2266582678427,0.020295992551661948,178.6293933952846,0.00073333527,-0.029180804,0.09117099,-0.00056325237,0.0092493715,-0.008173283,-0.28149894,-0.18827654,0.16844581,0.2752653,0.002408248,2.4047158e-05,-0.020448271,8.484846148348879e-06,8.484846148348879e-06,8.484846148348879e-06
16_1205_2,2023-10-01,0.0,0.0,0.6353622422904484,18.788015365600586,565.105598762344,5687.9154120160265,3787.1713019124877,23.164514919121643,330.8433407071563,3059.665145921106,1786.151464916349,2906.6818886250508,185.2971294644158,1.329818812693785,0.3326154408318305,10.688299,-0.18484226,81.69218,694.42004,6.355695,-13.584326,-170.80363,-140.63951,142.57108,221.6022,5.38626,-0.0019570384,-0.002547192,1.3237461644166615e-05,1.3237461644166615e-05,1.3237461644166615e-05
16_1205_2,2023-11-01,0.0,0.0,0.6353622422904484,21.260679244995117,829.3828992324594,437.0074636415485,-1454.1915348028847,-2.5159725079615782,330.8433407071563,3059.665145921106,1786.151464916349,2906.6818886250508,185.2971294644158,1.329818812693785,0.3326154408318305,0.953979,-37.90663,79.82415,-287.7582,9.596976,1.7563491,-121.84816,-76.40899,149.92352,254.24553,-0.19651169,-0.00033126815,-0.014978557,1.3237461644166615e-05,1.3237461644166615e-05,1.3237461644166615e-05
16_1205_2,2023-12-01,0.0,0.0,0.6353622422904484,18.59983253479004,952.9748291243875,348.7554263911602,-1795.013222294307,-28.196459935044885,330.8433407071563,3059.665145921106,1786.151464916349,2906.6818886250508,185.2971294644158,1.329818812693785,0.3326154408318305,9.254001,-16.110878,79.84138,-550.1319,12.428734,-8.560707,-138.8322,-106.94348,150.64397,221.4479,2.6451848,-0.00044494183,-0.007359303,1.3237461644166615e-05,1.3237461644166615e-05,1.3237461644166615e-05
16_1205_2,2024-01-01,0.0,0.0,0.6353622422904484,17.4321231842041,1010.773834590385,1514.8620580939642,15.378493539185001,-53.876947362128135,330.8433407071563,3059.665145921106,1786.151464916349,2906.6818886250508,185.2971294644158,1.329818812693785,0.3326154408318305,3.7192338,-27.831474,79.54971,889.55206,14.714698,8.48966,-212.34018,-103.67948,160.45433,241.24854,-1.6257951,2.4047158e-05,-0.020448271,1.3237461644166615e-05,1.3237461644166615e-05,1.3237461644166615e-05
16_1300_73,2023-10-01,0.0,0.0,1.617718779450213,8.397921562194824,107.72633198856833,-17.734301213525626,-24.848502665037344,-55.1199412713176,14.169410981197943,472.1037737112787,472.1030255361378,448.4985850257147,14.169410981197943,0.5401169194865725,0.502447490772486,3.4677393,-1.628251,16.689846,19.084206,3.5221627,3.095378,-54.0984,-33.771362,27.004013,38.833466,-1.0443281,-0.0019570384,-0.002547192,3.024065108547802e-06,3.024065108547802e-06,3.024065108547802e-06
16_1300_73,2023-11-01,0.0,0.0,1.617718779450213,8.958220481872559,162.95829787545347,399.1276341270634,339.5476167794329,-80.53082992347186,14.169410981197943,472.1037737112787,472.1030255361378,448.4985850257147,14.169410981197943,0.5401169194865725,0.502447490772486,6.9141936,-8.968012,16.487108,-162.35857,5.4729795,5.8400793,-36.609627,-26.5577,38.068657,55.983948,-3.2668848,-0.00033126815,-0.014978557,3.024065108547802e-06,3.024065108547802e-06,3.024065108547802e-06
16_1300_73,2023-12-01,0.0,0.0,1.617718779450213,8.319374084472656,191.27607310661756,-309.7929067682508,-391.03183663276,-105.94171857562624,14.169410981197943,472.1037737112787,472.1030255361378,448.4985850257147,14.169410981197943,0.5401169194865725,0.502447490772486,6.345585,1.1927558,16.586905,-70.92397,7.2500005,4.97116,-49.401695,-17.92807,32.30796,41.184315,-2.7448132,-0.00044494183,-0.007359303,3.024065108547802e-06,3.024065108547802e-06,3.024065108547802e-06
16_1300_73,2024-01-01,0.0,0.0,1.617718779450213,8.05033016204834,205.79477402856213,-176.38940115254945,-310.41221409352,-131.35260722778054,14.169410981197943,472.1037737112787,472.1030255361378,448.4985850257147,14.169410981197943,0.5401169194865725,0.502447490772486,5.7103214,-5.520199,16.585808,-94.5059,8.747932,9.364399,-37.02469,-26.172878,39.931343,51.69383,-2.7614553,2.4047158e-05,-0.020448271,3.024065108547802e-06,3.024065108547802e-06,3.024065108547802e-06
16_1300_99,2023-10-01,323.6789457924179,719.2865462053732,589.0713434822148,563.1173706054688,584.1750388134958,440.15442220603023,243.14104648146778,556.4650193721127,153.74515250239583,40.58346331688093,105.39686995713258,38.55429015103688,246.58248231181705,518.3920616206693,588.5498863995664,725.09607,699.14417,620.25146,342.03345,622.70953,610.4186,203.59113,306.2331,898.239,1004.778,683.925,693.4246,530.83905,359.3419189453125,719.4371948242188,1.4354737913890858e-06
16_1300_99,2023-11-01,0.0,719.2865462053732,589.0713434822148,657.2854614257812,481.8034574084013,457.9875419856054,246.18080542546608,578.4172068010963,153.74515250239583,40.58346331688093,105.39686995713258,38.55429015103688,246.58248231181705,518.3920616206693,588.5498863995664,677.9116,659.2617,587.72986,188.70853,598.6882,558.7816,348.3258,384.86545,824.7548,880.4769,668.0087,703.88257,380.93002,359.3419189453125,719.4371948242188,1.4354737913890858e-06
16_1300_99,2023-12-01,0.0,719.2865462053732,589.0713434822148,650.6265869140625,404.23833448379446,446.05266359378976,246.23858189625335,600.3693942300799,153.74515250239583,40.58346331688093,105.39686995713258,38.55429015103688,246.58248231181705,518.3920616206693,588.5498863995664,666.2826,661.4634,578.6875,193.98921,564.7639,569.3878,349.2228,426.4232,746.37805,887.54016,662.6766,720.9603,197.6603,359.3419189453125,719.4371948242188,1.4354737913890858e-06
16_1300_99,2024-01-01,0.0,719.2865462053732,589.0713434822148,709.3995361328125,345.46862308799143,451.9526646511733,377.64402536398563,622.3215816590636,153.74515250239583,40.58346331688093,105.39686995713258,38.55429015103688,246.58248231181705,518.3920616206693,588.5498863995664,657.75085,655.6664,575.65204,-43.219246,534.7882,525.693,347.3535,410.396,661.30493,681.025,664.5211,726.11237,-15.346802,359.3419189453125,359.3419189453125,1.4354737913890858e-06
16_1307_15,2023-10-01,0.0,37686.20510959849,37720.35630719024,-12197.9287109375,28919.387519928045,-96287.72720018664,18051.6546209648,44984.944425190784,32547.296598427056,31221.511890453487,41314.9787220084,29660.43629593081,31073.016376150954,11070.375138818279,34527.94772955815,7257.809,-456.3127,4623.5225,33856.062,-991.25116,-403.89874,-17133.535,-11328.486,8242.883,11866.259,4681.3525,80374.96,-19378.363,0.0005264702485874295,0.0005264702485874295,0.0005264702485874295
16_1307_15,2023-11-01,0.0,37686.20510959849,37720.35630719024,5992.24169921875,35028.0899014706,-69936.08101170673,15069.599771615842,45592.73163151412,32547.296598427056,31221.511890453487,41314.9787220084,29660.43629593081,31073.016376150954,11070.375138818279,34527.94772955815,51.17166,-1476.159,4556.735,22741.355,-1403.3351,-647.3548,-13687.05,-9490.094,8606.948,13306.877,5426.016,21879.334,-26017.59,0.0005264702485874295,0.0005264702485874295,0.0005264702485874295
16_1307_15,2023-12-01,0.0,37686.20510959849,37720.35630719024,2803.568603515625,36318.4438123392,-48430.53169823003,7591.421143411782,46200.518837837466,32547.296598427056,31221.511890453487,41314.9787220084,29660.43629593081,31073.016376150954,11070.375138818279,34527.94772955815,-5740.4517,-2941.9514,4579.521,-37781.94,-1429.8573,-554.14417,-15720.541,-8902.86,8706.806,12127.573,5335.7993,14784.7295,-39898.652,0.0005264702485874295,0.0005264702485874295,0.0005264702485874295
16_1307_15,2024-01-01,0.0,37686.20510959849,37720.35630719024,2411.41064453125,36591.00795301902,-29605.789041749646,19549.35023267657,46808.30604416081,32547.296598427056,31221.511890453487,41314.9787220084,29660.43629593081,31073.016376150954,11070.375138818279,34527.94772955815,-6396.0757,-4052.668,4577.4565,-17865.285,-1305.396,-1280.124,-15777.669,-11299.427,6406.0566,11980.1455,4457.7095,49223.832,-55010.168,0.0005264702485874295,0.0005264702485874295,0.0005264702485874295
16_1309_1,2023-10-01,0.0,0.0,4.5809561911490125e-61,9.629743576049805,187.7228400279471,-246.99469531122895,-2423.1684963993275,-240.37503486384495,15.225541918851011,4580.95619114547,4580.95619114547,4351.908381588197,15.225541918851011,0.06989984422524216,4.607818225183946e-29,-0.0024689105,0.002335506,0.09430316,0.0027159478,3.669453,7.716835,-159.13889,-118.10073,156.88051,201.90324,-0.00017725787,-0.0019570384,-0.002547192,1.5236956642183941e-05,1.5236956642183941e-05,1.5236956642183941e-05
16_1309_1,2023-11-01,0.0,0.0,4.5809561911490125e-61,-0.3891769349575043,353.2743632131144,-5.566437412274752,-2427.925240742741,-478.3463193771077,15.225541918851011,4580.95619114547,4580.95619114547,4351.908381588197,15.225541918851011,0.06989984422524216,4.607818225183946e-29,0.00047200356,-0.010625879,0.09177589,0.0038856715,5.3866253,-0.58114815,-174.98373,-121.75428,101.78006,150.38126,0.002405007,-0.00033126815,-0.014978557,1.5236956642183941e-05,1.5236956642183941e-05,1.5236956642183941e-05
16_1309_1,2023-12-01,0.0,0.0,4.5809561911490125e-61,5.270305633544922,499.27314964128004,229.58775940148973,-2415.696889358015,-716.3176038903705,15.225541918851011,4580.95619114547,4580.95619114547,4351.908381588197,15.225541918851011,0.06989984422524216,4.607818225183946e-29,0.0026063903,-0.017958699,0.09161402,0.1326086,6.8490844,-0.96653485,-201.86583,-138.97162,137.55467,165.68724,0.000515223,-0.00044494183,-0.007359303,1.5236956642183941e-05,1.5236956642183941e-05,1.5236956642183941e-05
16_1309_1,2024-01-01,0.0,0.0,4.5809561911490125e-61,1.6641221046447754,628.0285076614889,580.3651926116889,-1379.947064461972,-954.2888884036332,15.225541918851011,4580.95619114547,4580.95619114547,4351.908381588197,15.225541918851011,0.06989984422524216,4.607818225183946e-29,0.00073333527,-0.029180804,0.09117099,-0.00056325237,7.9989142,4.249552,-188.88214,-97.90136,120.75026,148.72366,0.002408248,2.4047158e-05,-0.020448271,1.5236956642183941e-05,1.5236956642183941e-05,1.5236956642183941e-05
16_1310_1,2023-10-01,0.0,32540.869133527296,2891.6856751704745,2783.65380859375,32540.869133527296,847.5271775563597,14100.406220340854,253.27071031441574,38597.98348577013,88517.98089463206,88517.44068637259,84092.08184990045,38597.98348577013,16487.566304033324,2884.428136826323,-1767.2188,960.375,-3802.2266,18410.18,426.48438,-107.368286,-11854.507,-9829.04,7462.4795,11290.796,8628.316,28232.582,13453.242,0.0010539606446400285,0.0010539606446400285,0.0010539606446400285
16_1310_1,2023-11-01,0.0,50740.31559744581,2891.6856751704745,4244.671875,50740.31559744581,75241.69040038213,105236.74950901642,-1929.1517562224808,38597.98348577013,88517.98089463206,88517.44068637259,84092.08184990045,38597.98348577013,16487.566304033324,2884.428136826323,-234.01172,389.875,-3546.332,34281.035,-574.03906,-489.02377,-10853.056,-7161.9224,10074.552,15955.836,-3481.4805,7442.999,11794.844,56971.265625,0.0010539606446400285,82414.75
16_1310_1,2023-12-01,176351.07896590236,60918.89596153867,2891.6856751704745,3059.522216796875,60918.89596153867,114685.61678567759,129927.65946614993,-4111.574222759376,38597.98348577013,88517.98089463206,88517.44068637259,84092.08184990045,38597.98348577013,16487.566304033324,2884.428136826323,1021.6172,641.58203,-3569.914,40410.938,-621.41016,-1293.0923,-11027.194,-8153.5864,7245.616,9488.373,-4615.2266,5286.6777,6899.4453,227331.953125,0.0010539606446400285,82414.75
16_1310_1,2024-01-01,116063.17798751626,66611.569001551,2891.6856751704745,3804.292724609375,66611.569001551,122226.28908870746,137258.68003130765,-6293.996689296273,38597.98348577013,88517.98089463206,88517.44068637259,84092.08184990045,38597.98348577013,16487.566304033324,2884.428136826323,1659.2695,2275.3008,-3675.5117,-30871.285,-681.7617,-776.08203,-14827.184,-11390.934,7258.3755,11933.349,-4088.2969,17978.713,2388.7422,227331.953125,0.0010539606446400285,82414.75
16_1404_1,2023-10-01,0.0,0.0,6.800656467891369e-61,-137.80682373046875,1386.2645186838236,-1065.613737705081,-18895.59548875629,-1706.0450030426791,93.58230382997453,32411.364661661715,32411.278595455748,30790.79642857863,93.58230382997453,0.3478872031288672,7.195938657105282e-29,-0.0024689105,0.002335506,0.09430316,0.0027159478,5.44473,16.038853,-190.03117,-156.87659,202.43509,433.00833,-0.00017725787,-0.0019570384,-0.002547192,0.00010400008613942191,0.00010400008613942191,0.00010400008613942191
16_1404_1,2023-11-01,0.0,0.0,6.800656467891369e-61,7.756883144378662,2603.833541957223,2489.025417356865,-16835.2340627576,-3395.0295557535,93.58230382997453,32411.364661661715,32411.278595455748,30790.79642857863,93.58230382997453,0.3478872031288672,7.195938657105282e-29,0.00047200356,-0.010625879,0.09177589,0.0038856715,7.992683,-21.482021,-260.60437,-207.71492,210.434,265.2573,0.002405007,-0.00033126815,-0.014978557,0.00010400008613942191,0.00010400008613942191,0.00010400008613942191
16_1404_1,2023-12-01,0.0,0.0,6.800656467891369e-61,-57.46537780761719,3673.2357422259456,2345.146201199007,-16262.467181998201,-5084.014108464322,93.58230382997453,32411.364661661715,32411.278595455748,30790.79642857863,93.58230382997453,0.3478872031288672,7.195938657105282e-29,0.0026063903,-0.017958699,0.09161402,0.1326086,10.162754,-25.317476,-362.02237,-315.23807,150.95174,201.01303,0.000515223,-0.00044494183,-0.007359303,0.00010400008613942191,0.00010400008613942191,0.00010400008613942191
16_1404_1,2024-01-01,0.0,0.0,6.800656467891369e-61,-19.968242645263672,4612.501643443597,4789.810865584959,-9301.174775207899,-6772.998661175143,93.58230382997453,32411.364661661715,32411.278595455748,30790.79642857863,93.58230382997453,0.3478872031288672,7.195938657105282e-29,0.00073333527,-0.029180804,0.09117099,-0.00056325237,11.868656,11.364334,-283.56363,-187.93156,162.9937,227.63057,0.002408248,2.4047158e-05,-0.020448271,0.00010400008613942191,0.00010400008613942191,0.00010400008613942191
16_1504_73,2023-10-01,29888.15421119877,18504.678764812477,44375.65232967337,25308.87109375,41292.27909439353,32341.991143215302,11078.145548093851,45640.233115434865,4378.22666527856,1160.5276379864204,2925.681940257063,1102.5012560870994,10428.280068102249,35168.16701443758,44388.87649373107,44153.24,43566.426,40375.547,20100.332,44876.59,45030.562,8707.932,23525.754,66730.35,81929.984,44425.203,40511.234,46348.305,43476.24609375,44653.20703125,44831.53515625
16_1504_73,2023-11-01,30909.541106810397,10518.50904642136,44375.65232967337,19310.232421875,38512.87063241411,34219.735721269295,11111.241062822646,46876.715880062366,4378.22666527856,1160.5276379864204,2925.681940257063,1102.5012560870994,10428.280068102249,35168.16701443758,44388.87649373107,38829.723,40988.75,38684.7,14093.479,43087.926,42604.547,18804.623,28501.977,64042.117,68461.055,44871.6,42585.69,45123.945,45259.5234375,44546.21484375,44831.53515625
16_1504_73,2023-12-01,31602.753515715827,5978.976126299116,44375.65232967337,14031.7265625,36007.325028686966,31369.104286938447,12337.008411305804,48113.198644689866,4378.22666527856,1160.5276379864204,2925.681940257063,1102.5012560870994,10428.280068102249,35168.16701443758,44388.87649373107,38033.13,40710.625,38199.93,19129.87,40699.85,41473.594,19584.316,26796.488,57211.965,61484.48,44362.812,44339.992,45614.336,45794.50390625,44581.875,44902.8671875
16_1504_73,2024-01-01,29635.50481184413,3398.595310522372,44375.65232967337,10565.6337890625,33748.657812899044,29855.208480571728,18544.757657205722,49349.68140931737,4378.22666527856,1160.5276379864204,2925.681940257063,1102.5012560870994,10428.280068102249,35168.16701443758,44388.87649373107,37086.242,39742.754,38034.414,3523.7258,38409.88,38985.95,21665.14,26570.873,49136.88,55861.734,44599.594,45151.85,38482.617,45295.1875,22219.607421875,45830.16796875
16_1508_15,2023-10-01,0.0,0.0,0.0,0.0,0.0,0.0,0.0,0.0,0.0,0.0,0.0,0.0,0.0,0.0,0.0,-0.0024689105,0.002335506,0.09430316,0.0027159478,0.0040304437,0.009868791,-0.21450503,-0.14521874,0.17064512,0.25361946,-0.00017725787,-0.0019570384,-0.002547192,1.3969838619232178e-08,1.3969838619232178e-08,0.007331392262130976
16_1508_15,2023-11-01,593.4114006194328,0.0,0.0,0.0,0.0,0.0,0.0,0.0,0.0,0.0,0.0,0.0,0.0,0.0,0.0,0.00047200356,-0.010625879,0.09177589,0.0038856715,0.0060206745,0.0034537222,-0.24571452,-0.1798011,0.21419635,0.26248792,0.002405007,-0.00033126815,-0.014978557,1.3969838619232178e-08,1.3969838619232178e-08,1.3969838619232178e-08
16_1508_15,2023-12-01,0.0,0.0,0.0,0.0,0.0,0.0,0.0,0.0,0.0,0.0,0.0,0.0,0.0,0.0,0.0,0.0026063903,-0.017958699,0.09161402,0.1326086,0.007780593,0.008042415,-0.20255256,-0.13115045,0.14395311,0.16403873,0.000515223,-0.00044494183,-0.007359303,1.3969838619232178e-08,1.3969838619232178e-08,1.3969838619232178e-08
16_1508_15,2024-01-01,0.0,0.0,0.0,0.0,0.0,0.0,0.0,0.0,0.0,0.0,0.0,0.0,0.0,0.0,0.0,0.00073333527,-0.029180804,0.09117099,-0.00056325237,0.0092493715,-0.020271515,-0.27004763,-0.1854118,0.16862528,0.25656718,0.002408248,2.4047158e-05,-0.020448271,1.3969838619232178e-08,1.3969838619232178e-08,1.3969838619232178e-08
16_1600_73,2023-10-01,0.0,-1592.151988900856,-2505.4276880973935,1019.1224365234375,6341.282588681939,10790.7349123231,10527.599442340901,-2405.907865574044,900.7816102133016,14829.41362761776,15742.47844343162,14087.942946236872,900.7816102133016,66.5791300235333,599.7273853516108,113.56813,-89.83126,566.20374,990.1001,153.70291,244.66058,-2012.3378,-911.9299,1117.6245,1697.4464,-74.64496,-0.0019570384,-0.002547192,0.0001386207150062546,0.0001386207150062546,0.0001386207150062546
16_1600_73,2023-11-01,0.0,-2421.2739591896316,-3633.9426509048253,1060.0936279296875,8554.493570423158,-12151.466628557908,-13379.032291759231,-3533.363821494301,900.7816102133016,14829.41362761776,15742.47844343162,14087.942946236872,900.7816102133016,66.5791300235333,599.7273853516108,212.88846,-484.19156,560.09766,-2065.3997,247.2715,376.76028,-1040.0741,-830.0721,1597.4205,2276.726,-269.7245,-0.00033126815,-0.014978557,0.0001386207150062546,0.0001386207150062546,5965.3544921875
16_1600_73,2023-12-01,0.0,-3250.395929478407,-4762.457613712258,1015.3362426757812,9326.940276779143,1081.3623965984766,-2418.5451889008477,-4660.819777414559,900.7816102133016,14829.41362761776,15742.47844343162,14087.942946236872,900.7816102133016,66.5791300235333,599.7273853516108,179.1267,-278.72443,563.9413,-9169.13,334.81403,307.72223,-1433.702,-873.5681,1731.9187,2290.1255,-119.08361,-0.00044494183,-0.007359303,0.0001386207150062546,0.0001386207150062546,0.0001386207150062546
16_1600_73,2024-01-01,0.0,-4079.517899767183,-5890.97257651969,993.4111938476562,9596.536767616535,3919.95427201399,-2632.5655478423923,-5788.275733334817,900.7816102133016,14829.41362761776,15742.47844343162,14087.942946236872,900.7816102133016,66.5791300235333,599.7273853516108,147.23692,-491.31317,564.2195,-5695.361,410.0652,520.29,-976.6437,-666.8919,1429.533,1778.9562,-210.30743,2.4047158e-05,-0.020448271,0.0001386207150062546,0.0001386207150062546,11348.72265625
16_1600_99,2023-10-01,10176.106412440517,18573.776839388247,19522.753752540633,23734.66015625,16010.032773641164,22102.727272894215,23554.889719423532,22788.11323938713,15460.122819308448,2645.8367256885203,11337.899006544349,2513.544889404094,18994.36600235115,21715.50667983394,19508.350272059473,18956.867,18315.291,22127.732,30075.953,17938.574,17457.969,13631.872,14959.8,21275.89,21828.248,18429.844,23565.148,16083.156,13679.9736328125,18378.146484375,9672.7080078125
16_1600_99,2023-11-01,9778.700595662049,18573.776839388247,19522.753752540633,16865.548828125,14159.736829062476,17570.126914818287,22565.06765836507,23995.221951007923,15460.122819308448,2645.8367256885203,11337.899006544349,2513.544889404094,18994.36600235115,21715.50667983394,19508.350272059473,19096.34,18106.242,22432.207,14099.269,18802.016,18648.17,13807.486,14755.762,23701.746,24412.834,18277.36,19478.441,16297.15,7945.43896484375,10501.7978515625,0.00013165149721316993
16_1600_99,2023-12-01,17831.1134804312,18573.776839388247,19522.753752540633,19295.505859375,12824.348040350957,16786.814268286747,23558.241039531524,25202.330662628716,15460.122819308448,2645.8367256885203,11337.899006544349,2513.544889404094,18994.36600235115,21715.50667983394,19508.350272059473,18808.824,17547.412,22630.365,6754.898,19723.596,19543.148,11779.844,16231.38,23745.97,25564.703,18123.77,19670.375,16181.595,0.00013165149721316993,0.00013165149721316993,276.36322021484375
16_1600_99,2024-01-01,9977.403504051283,18573.776839388247,19522.753752540633,16069.9140625,11860.576151728856,24263.680932148556,35980.035290467946,26409.439374249512,15460.122819308448,2645.8367256885203,11337.899006544349,2513.544889404094,18994.36600235115,21715.50667983394,19508.350272059473,18637.777,17298.865,22741.424,11504.3955,20558.781,20651.062,15800.442,16670.814,24838.176,28179.771,18276.871,23224.8,15551.244,0.00013165149721316993,0.00013165149721316993,483.63555908203125
16_1603_16,2023-10-01,0.0,0.0,0.0,0.0,0.0,0.0,0.0,0.0,0.0,0.0,0.0,0.0,0.0,0.0,0.0,-0.0024689105,0.002335506,0.09430316,0.0027159478,0.0040304437,-0.004417053,-0.28036645,-0.16669944,0.15463819,0.19645542,-0.00017725787,-0.0019570384,-0.002547192,1.3969838619232178e-08,1.3969838619232178e-08,1.3969838619232178e-08
16_1603_16,2023-11-01,0.0,0.0,0.0,0.0,0.0,0.0,0.0,0.0,0.0,0.0,0.0,0.0,0.0,0.0,0.0,0.00047200356,-0.010625879,0.09177589,0.0038856715,0.0060206745,0.02838432,-0.16995233,-0.14709112,0.15776484,0.18494673,0.002405007,-0.00033126815,-0.014978557,1.3969838619232178e-08,1.3969838619232178e-08,1.3969838619232178e-08
16_1603_16,2023-12-01,0.0,0.0,0.0,0.0,0.0,0.0,0.0,0.0,0.0,0.0,0.0,0.0,0.0,0.0,0.0,0.0026063903,-0.017958699,0.09161402,0.1326086,0.007780593,-0.00025930838,-0.14686091,-0.11910977,0.1883163,0.24479155,0.000515223,-0.00044494183,-0.007359303,1.3969838619232178e-08,1.3969838619232178e-08,1.3969838619232178e-08
16_1603_16,2024-01-01,16183.947289620895,0.0,0.0,0.0,0.0,0.0,0.0,0.0,0.0,0.0,0.0,0.0,0.0,0.0,0.0,0.00073333527,-0.029180804,0.09117099,-0.00056325237,0.0092493715,0.01348015,-0.22946018,-0.14656329,0.21814638,0.33022216,0.002408248,2.4047158e-05,-0.020448271,1.3969838619232178e-08,1.3969838619232178e-08,1.3969838619232178e-08
16_1603_2,2023-10-01,0.0,10143.428240405594,9098.874114596705,9436.091796875,8249.339188223907,8410.46544099226,8719.24152108835,9088.948421681012,6103.23212949238,5092.3947759603925,6166.049657808141,4837.775037162372,6103.23212949238,7667.952491702594,9088.942585082717,9034.405,9031.801,10133.961,7137.8164,9928.377,9794.771,8515.625,8741.923,11022.654,11370.236,8413.482,8372.542,9220.451,8597.322265625,8513.853515625,12729.0458984375
16_1603_2,2023-11-01,0.0,10287.649392014368,9098.874114596705,7969.94384765625,7612.581204244614,8527.73024107,8758.656280043757,9088.948421681012,6103.23212949238,5092.3947759603925,6166.049657808141,4837.775037162372,6103.23212949238,7667.952491702594,9088.942585082717,8947.339,8855.286,10168.745,3853.4878,10841.34,10974.405,8974.614,9613.696,12303.27,12881.846,8107.224,8743.152,8965.289,10767.5205078125,8138.24267578125,12729.0458984375
16_1603_2,2023-12-01,0.0,9653.963090411482,9098.874114596705,8522.728515625,7135.364006649524,2955.0682529847086,2625.3972213730394,9088.948421681012,6103.23212949238,5092.3947759603925,6166.049657808141,4837.775037162372,6103.23212949238,7667.952491702594,9088.942585082717,8969.808,9098.28,10177.502,7286.608,11667.2705,11702.786,8642.934,9532.86,13293.918,13723.005,8009.8633,9080.273,8785.716,12895.984375,8138.24267578125,12729.0458984375
16_1603_2,2024-01-01,0.0,8488.033595630808,9098.874114596705,7556.72119140625,6777.714382443291,-3426.3962507939377,-4797.630382938727,9088.948421681012,6103.23212949238,5092.3947759603925,6166.049657808141,4837.775037162372,6103.23212949238,7667.952491702594,9088.942585082717,9056.903,9057.914,10178.273,5884.792,12371.719,12512.65,9971.3,10615.779,14544.913,15215.65,8103.1543,9226.704,7893.8315,14815.7744140625,7595.69287109375,12729.0458984375
16_1608_14,2023-10-01,22.47770456891791,22.47770456891791,22.47770456891791,22.168764114379883,21.37060907808405,21.804753914433704,20.55437386586537,23.739443529592194,17.145422146193354,2.2018698296320203,12.581467680557084,2.091776338150419,19.179180245734713,22.39341317678447,22.477704568917908,22.591759,20.6833,12.078678,18.947208,13.093134,13.990295,0.44653863,4.449736,22.932718,26.322462,21.637651,22.475748,22.475159,22.509092330932617,22.509092330932617,22.509092330932617
16_1608_14,2023-11-01,22.47770456891791,22.47770456891791,22.47770456891791,22.12441062927246,20.361218921911522,21.90619318032133,20.62780970815884,24.988565100659727,17.145422146193354,2.2018698296320203,12.581467680557084,2.091776338150419,19.179180245734713,22.39341317678447,22.477704568917908,22.586164,19.780813,11.126923,14.189598,11.402784,11.581209,2.2738454,7.379915,17.634483,19.936811,21.419823,22.477373,22.462727,22.509092330932617,22.509092330932617,22.509092330932617
16_1608_14,2023-12-01,22.47770456891791,22.47770456891791,22.47770456891791,21.88224220275879,19.44091123769308,21.068516710877503,20.514733777553356,26.237686671727264,17.145422146193354,2.2018698296320203,12.581467680557084,2.091776338150419,19.179180245734713,22.39341317678447,22.477704568917908,21.830002,19.33534,10.811474,8.870075,10.514364,10.6413555,5.818121,6.883487,14.634287,15.635643,21.301083,22.47726,22.470346,22.509092330932617,22.509092330932617,22.509092330932617
16_1608_14,2024-01-01,22.47770456891791,22.47770456891791,22.47770456891791,21.79888153076172,18.601824162737735,29.59284049596223,31.673208523942545,27.486808242794798,17.145422146193354,2.2018698296320203,12.581467680557084,2.091776338150419,19.179180245734713,22.39341317678447,22.477704568917908,21.551067,18.896315,10.707993,5.9174833,9.896345,10.2314415,5.0483074,6.806181,12.0382,12.41742,21.354313,22.47773,22.457256,22.509092330932617,22.509092330932617,22.509092330932617
16_1608_16,2023-10-01,0.0,0.0,0.050080325779504165,-15.393357276916504,26.0764310239662,144.37123669079173,186.85328368987382,247.12280278059825,64.38795287686118,33.90678793469811,53.67600032677313,32.2114485379632,126.87853398280095,219.10142528552734,5.010953072439328,-5.288308,6.388871,12.169157,322.7055,-8.351178,-11.578421,-104.56351,-71.84669,50.367958,88.5195,1.7531877,281.9586,-24.167984,124.83364868164062,9.994486163122929e-07,9.994486163122929e-07
16_1608_16,2023-11-01,0.0,0.0,0.050080325779504165,99.4524154663086,41.36562056381349,135.4149598781175,183.29002962039957,262.7322435317278,64.38795287686118,33.90678793469811,53.67600032677313,32.2114485379632,126.87853398280095,219.10142528552734,5.010953072439328,-6.0066943,-4.546243,11.876445,-9.346558,-8.031116,-6.5496507,-43.80161,-33.429386,15.996423,20.836117,-0.60075516,76.79317,-11.360382,124.83364868164062,9.994486163122929e-07,9.994486163122929e-07
16_1608_16,2023-12-01,0.0,0.0,0.050080325779504165,62.09805679321289,50.33001130311879,93.61453647606669,181.58589631480208,278.3416842828574,64.38795287686118,33.90678793469811,53.67600032677313,32.2114485379632,126.87853398280095,219.10142528552734,5.010953072439328,-3.2537146,3.6159472,11.8860035,141.50262,-9.86858,-9.760267,-38.98808,-29.992785,11.912366,16.0514,-3.051737,51.09803,-3.0271454,9.994486163122929e-07,9.994486163122929e-07,9.994486163122929e-07
16_1608_16,2024-01-01,0.0,0.0,0.050080325779504165,55.67256546020508,55.5860323052461,122.54038745092873,286.2829119997489,293.95112503398684,64.38795287686118,33.90678793469811,53.67600032677313,32.2114485379632,126.87853398280095,219.10142528552734,5.010953072439328,-3.469848,8.434971,11.859646,235.89526,-10.396326,-11.61521,-48.289295,-42.496742,8.865301,17.297094,-0.7306793,169.35979,12.203842,9.994486163122929e-07,9.994486163122929e-07,9.994486163122929e-07
16_1609_16,2023-10-01,0.0,0.0,24.869705413885093,13.99589729309082,24.507066140982406,-8.051339484041547,-53.89887801222241,5.06076014923847e-38,0.4089851900351977,512.4916641713284,512.4916641713284,486.8670809627619,0.4089851900351977,0.000488750137492493,5.162508867253831e-38,-0.0024689105,0.002335506,0.09430316,0.0027159478,0.0040304437,0.0009036267,-0.24613185,-0.16705328,0.18689167,0.26347792,-0.00017725787,-0.0019570384,-0.002547192,3.4092502687599335e-07,3.4092502687599335e-07,3.4092502687599335e-07
16_1609_16,2023-11-01,0.0,0.0,24.869705413885093,14.08511734008789,23.379904262599677,10.775964604407102,-79.84802735394817,5.06076014923847e-38,0.4089851900351977,512.4916641713284,512.4916641713284,486.8670809627619,0.4089851900351977,0.000488750137492493,5.162508867253831e-38,0.00047200356,-0.010625879,0.09177589,0.0038856715,0.0060206745,0.026544003,-0.2960816,-0.14851218,0.17523962,0.19382057,0.002405007,-0.00033126815,-0.014978557,3.4092502687599335e-07,3.4092502687599335e-07,3.4092502687599335e-07
16_1609_16,2023-12-01,0.0,0.0,24.869705413885093,13.994233131408691,23.43174620454289,5.995361048635785,-71.56201660978827,5.06076014923847e-38,0.4089851900351977,512.4916641713284,512.4916641713284,486.8670809627619,0.4089851900351977,0.000488750137492493,5.162508867253831e-38,0.0026063903,-0.017958699,0.09161402,0.1326086,0.007780593,-0.02244451,-0.27011153,-0.1869272,0.19830997,0.22421995,0.000515223,-0.00044494183,-0.007359303,3.4092502687599335e-07,3.4092502687599335e-07,3.4092502687599335e-07
16_1609_16,2024-01-01,0.0,0.0,24.869705413885093,13.885055541992188,23.429361820368808,188.61142568181347,171.14333037513282,5.06076014923847e-38,0.4089851900351977,512.4916641713284,512.4916641713284,486.8670809627619,0.4089851900351977,0.000488750137492493,5.162508867253831e-38,0.00073333527,-0.029180804,0.09117099,-0.00056325237,0.0092493715,-0.019280983,-0.28398535,-0.17269978,0.18184087,0.28655142,0.002408248,2.4047158e-05,-0.020448271,3.4092502687599335e-07,3.4092502687599335e-07,3.4092502687599335e-07
16_1609_2,2023-10-01,11623.67058667883,6279.3715483729075,5326.660815830433,5328.3056640625,5401.594178840192,6405.684716267687,7337.133583990175,5805.758660469117,5116.857391810113,1192.2850467194094,3803.991490878304,1132.6707943834388,5442.055771785551,5433.563622575237,5326.204274394571,6302.8936,5960.662,5219.198,6693.2764,4175.4053,4661.9756,920.5888,2179.6294,7226.3643,7671.8457,5968.369,5818.577,4251.359,6246.38427734375,1204.659912109375,4.250856363796629e-05
16_1609_2,2023-11-01,16968.86873316751,6279.3715483729075,5326.660815830433,5325.068359375,4763.407015957246,5766.477766325217,7401.760577564795,6109.650478228797,5116.857391810113,1192.2850467194094,3803.991490878304,1132.6707943834388,5442.055771785551,5433.563622575237,5326.204274394571,6298.5117,6034.051,4942.526,4428.7734,4359.144,4186.7373,1643.6106,2491.1409,5753.9385,6620.475,5846.841,6079.34,4318.8887,6268.69287109375,4.250856363796629e-05,4.250856363796629e-05
16_1609_2,2023-12-01,22313.167771473432,6279.3715483729075,5326.660815830433,5326.4306640625,4299.413674359248,6350.3360257296345,7342.968435739809,6413.542295988476,5116.857391810113,1192.2850467194094,3803.991490878304,1132.6707943834388,5442.055771785551,5433.563622575237,5326.204274394571,6123.384,5834.4688,4867.8467,715.62897,4368.6973,4405.5874,2626.4202,2915.0754,5575.179,6449.5483,5845.3896,6332.6,4172.337,6268.69287109375,4.250856363796629e-05,4.250856363796629e-05
16_1609_2,2024-01-01,7013.942933685145,6279.3715483729075,5326.660815830433,5324.7275390625,3962.0677771545384,14519.280528543673,14971.843589743141,6717.434113748155,5116.857391810113,1192.2850467194094,3803.991490878304,1132.6707943834388,5442.055771785551,5433.563622575237,5326.204274394571,6072.6377,5588.077,4843.2354,700.53015,4321.3857,4219.6255,2546.8179,3252.932,5274.7905,5702.8374,5894.0723,6400.7427,3487.514,6268.69287109375,4.250856363796629e-05,4.250856363796629e-05
16_1609_74,2023-10-01,34871.01176003649,34875.50730095027,35527.28426363792,35868.828125,32453.61467926047,31596.024037933854,20087.879572676495,34454.745952153695,14830.7457407791,2369.3356139444372,12846.692116625907,2250.868833247215,20059.507622267894,30216.939810497937,32739.409127492356,33038.55,31985.242,31402.324,25291.816,31131.979,30579.842,21061.715,24338.352,40129.34,43478.207,31933.777,32184.4,28740.041,34774.26171875,32769.2578125,32393.322265625
16_1609_74,2023-11-01,36449.84572895728,36990.20974679406,38293.68219447122,39014.6875,32151.785255909497,33438.10003095218,19249.783818015683,36153.56999474887,14830.7457407791,2369.3356139444372,12846.692116625907,2250.868833247215,20059.507622267894,30216.939810497937,32739.409127492356,32690.508,31465.807,30506.11,17049.268,29905.934,29440.504,19952.213,22970.621,34538.52,40904.57,31998.436,32447.098,27139.545,32769.2578125,27944.72265625,31014.8828125
16_1609_74,2023-12-01,38454.856976504765,39104.91219263786,41060.08012530452,42726.00390625,31855.223034967737,34117.83907933506,19710.011544391033,37852.39403734404,14830.7457407791,2369.3356139444372,12846.692116625907,2250.868833247215,20059.507622267894,30216.939810497937,32739.409127492356,31914.725,31725.195,30220.24,15178.054,28692.898,28655.828,22586.867,23930.666,33964.79,35663.207,31781.648,32768.355,23654.713,30513.630859375,20801.90234375,26879.56640625
16_1609_74,2024-01-01,40954.37772456843,41219.61463848165,43826.478056137814,46531.1796875,31563.83609888484,41120.24353614029,30252.381976115343,39551.21807993921,14830.7457407791,2369.3356139444372,12846.692116625907,2250.868833247215,20059.507622267894,30216.939810497937,32739.409127492356,31642.959,31965.281,30120.1,10834.774,27635.137,28249.156,22789.35,23584.719,35432.895,37199.99,31952.693,32882.445,12715.913,27882.06640625,13596.423828125,21303.15234375
16_1611_16,2023-10-01,0.0,0.0,6.845305825891087,1.6355682611465454,7.272687908679639,1.1176041152481462,-20.595553547937023,-0.08958888514916834,2.9209033025005144,72.37820871191569,72.37820871191568,68.7592982763199,2.4381213856568884,0.00013805047743209014,1.1964965727106933,-0.0024689105,0.002335506,0.09430316,0.0027159478,0.0040304437,0.0034952823,-0.14637549,-0.10020291,0.22342521,0.2815247,-0.00017725787,-0.0019570384,-0.002547192,9.629637531816115e-08,9.629637531816115e-08,9.629637531816115e-08
16_1611_16,2023-11-01,0.0,0.0,6.845305825891087,1.5594764947891235,6.907230128373407,-2.1760736946405577,-17.208769950238583,-0.17828188144684498,2.9209033025005144,72.37820871191569,72.37820871191568,68.7592982763199,2.4381213856568884,0.00013805047743209014,1.1964965727106933,0.00047200356,-0.010625879,0.09177589,0.0038856715,0.0060206745,0.02492028,-0.21700431,-0.14019723,0.18616915,0.27063572,0.002405007,-0.00033126815,-0.014978557,9.629637531816115e-08,9.629637531816115e-08,9.629637531816115e-08
16_1611_16,2023-12-01,0.0,0.0,6.845305825891087,1.6339787244796753,6.92559464378551,1.7087826660108885,-18.765663412027425,-0.2669748777445216,2.9209033025005144,72.37820871191569,72.37820871191568,68.7592982763199,2.4381213856568884,0.00013805047743209014,1.1964965727106933,0.0026063903,-0.017958699,0.09161402,0.1326086,0.007780593,0.021612918,-0.21130547,-0.17190322,0.15973721,0.23630427,0.000515223,-0.00044494183,-0.007359303,9.629637531816115e-08,9.629637531816115e-08,9.629637531816115e-08
16_1611_16,2024-01-01,0.0,0.0,6.845305825891087,1.7342554330825806,6.92467181372279,-9.549838089760058,-24.13519539755574,-0.35566787404219824,2.9209033025005144,72.37820871191569,72.37820871191568,68.7592982763199,2.4381213856568884,0.00013805047743209014,1.1964965727106933,0.00073333527,-0.029180804,0.09117099,-0.00056325237,0.0092493715,0.026114037,-0.17314692,-0.1560666,0.2126456,0.34449765,0.002408248,2.4047158e-05,-0.020448271,9.629637531816115e-08,9.629637531816115e-08,9.629637531816115e-08
16_1611_2,2023-10-01,0.0,0.0,31.29907210288347,-14.849278450012207,33.427280607341416,665.2733795314167,665.3617194281031,20.287349154463246,46.854480733537926,66.53400552399702,66.53400552399702,63.20730524779717,25.69623336699947,0.16243653692382085,5.96013705916104,1.3239605,-0.022896426,10.119217,86.01787,0.78728056,-1.7157772,-24.392557,-18.29183,13.498866,20.03197,0.6671965,-0.0019570384,-0.002547192,4.4260440290599945e-07,4.4260440290599945e-07,4.4260440290599945e-07
16_1611_2,2023-11-01,0.0,0.0,31.29907210288347,-16.5721378326416,31.74753084081397,0.005370358970793632,0.021858800573944848,19.423276344222547,46.854480733537926,66.53400552399702,66.53400552399702,63.20730524779717,25.69623336699947,0.16243653692382085,5.96013705916104,0.118169464,-4.695498,9.887825,-35.644634,1.1887784,2.3634565,-20.453928,-13.062081,20.995155,25.449167,-0.02434192,-0.00033126815,-0.014978557,4.4260440290599945e-07,4.4260440290599945e-07,4.4260440290599945e-07
16_1611_2,2023-12-01,0.0,0.0,31.29907210288347,-14.19255542755127,31.831939719636413,0.08316310260569537,0.04996244771309222,18.55920353398185,46.854480733537926,66.53400552399702,66.53400552399702,63.20730524779717,25.69623336699947,0.16243653692382085,5.96013705916104,1.146294,-1.9956559,9.889959,-68.14489,1.5395485,2.6350303,-25.583822,-20.717113,18.200907,21.444063,0.32765928,-0.00044494183,-0.007359303,4.4260440290599945e-07,4.4260440290599945e-07,4.4260440290599945e-07
16_1611_2,2024-01-01,0.0,0.0,31.29907210288347,-10.507264137268066,31.827698100458342,-0.08143308669339433,-0.05216286164299078,17.69513072374115,46.854480733537926,66.53400552399702,66.53400552399702,63.20730524779717,25.69623336699947,0.16243653692382085,5.96013705916104,0.46070182,-3.447487,9.853829,110.18889,1.8227111,4.040132,-29.22775,-16.68697,14.071777,20.415062,-0.20138739,2.4047158e-05,-0.020448271,4.4260440290599945e-07,4.4260440290599945e-07,4.4260440290599945e-07
16_1700_16,2023-10-01,0.0,0.0,1.6237893780598505e-37,29.308507919311523,83.3546466634009,0.23594216569813398,0.0058431873095514675,-90.94255479160665,45.87119816641005,1623.7893780586298,1623.7893780586298,1542.5999091556982,45.87119816641005,1.5857318145103807,1.629730537240303e-17,7.871034,-2.777636,47.407295,133.18471,10.909714,13.186789,-140.22816,-78.51062,94.00604,126.38251,-0.7314962,-0.0019570384,-0.002547192,1.1882133549079299e-05,1.1882133549079299e-05,1.1882133549079299e-05
16_1700_16,2023-11-01,0.0,0.0,1.6237893780598505e-37,-0.8546404838562012,158.3644349534734,0.23259484316906764,-0.004304504306560375,-180.9756840352972,45.87119816641005,1623.7893780586298,1623.7893780586298,1542.5999091556982,45.87119816641005,1.5857318145103807,1.629730537240303e-17,21.25862,-41.215797,46.885433,-333.66962,16.97494,4.2599044,-164.93059,-79.63098,105.00246,153.45352,-8.735491,-0.00033126815,-0.014978557,1.1882133549079299e-05,1.1882133549079299e-05,1.1882133549079299e-05
16_1700_16,2023-12-01,0.0,0.0,1.6237893780598505e-37,21.47694969177246,225.86479113687915,-1623.4416234512928,-1623.7862217871009,-271.00881327898776,45.87119816641005,1623.7893780586298,1623.7893780586298,1542.5999091556982,45.87119816641005,1.5857318145103807,1.629730537240303e-17,14.648758,-3.0729,47.198517,-309.6246,22.518501,19.074266,-75.43491,-57.18013,107.0905,168.03285,-9.886796,-0.00044494183,-0.007359303,1.1882133549079299e-05,1.1882133549079299e-05,1.1882133549079299e-05
16_1700_16,2024-01-01,0.0,0.0,1.6237893780598505e-37,4.06096887588501,286.6075047046985,-1623.267788871305,-1623.7881415666627,-361.0419425226783,45.87119816641005,1623.7893780586298,1623.7893780586298,1542.5999091556982,45.87119816641005,1.5857318145103807,1.629730537240303e-17,4.1890054,-23.55135,47.213833,-50.21647,27.209286,26.491192,-66.54541,-47.267998,105.63347,126.923485,-10.593254,2.4047158e-05,-0.020448271,1.1882133549079299e-05,1.1882133549079299e-05,1.1882133549079299e-05
16_1704_1,2023-10-01,0.0,114099.27598641101,2.1377801415552843e-11,-16009.021484375,61756.48025001623,-572.9657995740126,55408.74879757207,-7047.3345021819005,157809.2475074173,274415.9707431392,274415.2904324677,260695.17220598224,119398.51341413794,19734.95615222025,6.017430748491285,325.0525,-2692.9219,14254.793,-79615.94,-1370.5018,-3611.9114,-48806.895,-31942.467,18399.84,31561.828,-1601.154,-0.0019570384,10839.875,0.002897291211411357,0.002897291211411357,0.002897291211411357
16_1704_1,2023-11-01,249252.56864018244,223237.55336361463,2.1377801415552843e-11,2464.85986328125,101999.96540627204,-2323.0824706071,54413.04770175167,-13860.425440888193,157809.2475074173,274415.9707431392,274415.2904324677,260695.17220598224,119398.51341413794,19734.95615222025,6.017430748491285,-796.16943,-605.6022,14070.482,116460.375,84.21514,579.96814,-30956.846,-22688.576,26985.252,38513.31,-1742.9824,-0.00033126815,11201.781,0.002897291211411357,0.002897291211411357,0.002897291211411357
16_1704_1,2023-12-01,420915.6975411913,301410.4891938011,2.1377801415552843e-11,-10225.9228515625,128224.55092288842,606960.9099230929,680498.3286459649,-20673.516379594483,157809.2475074173,274415.9707431392,274415.2904324677,260695.17220598224,119398.51341413794,19734.95615222025,6.017430748491285,-1507.793,-7416.554,14152.562,-56069.375,1980.9932,2372.3208,-45387.6,-24586.377,20556.643,30359.82,-1613.7893,-0.00044494183,7881.672,0.002897291211411357,0.002897291211411357,0.002897291211411357
16_1704_1,2024-01-01,565803.3847597052,337039.9667427939,2.1377801415552843e-11,-394.8294982910156,145313.74890979336,468372.1207256876,505992.17150233744,-27486.607318300776,157809.2475074173,274415.9707431392,274415.2904324677,260695.17220598224,119398.51341413794,19734.95615222025,6.017430748491285,-719.121,-6862.9365,14153.885,-360147.1,4060.7407,3913.5662,-27680.082,-21555.414,29829.291,36965.453,-1026.1854,2.4047158e-05,5568.5312,0.002897291211411357,0.002897291211411357,0.002897291211411357
16_1705_27,2023-10-01,0.0,0.0,3.0933921549035066,1985.44287109375,1552.6848952200871,1.0975299379902026,-1.102546326362699,1329.6158354669647,2810.0400195448324,2810.0400195448324,2810.0400195448324,2669.538018567591,1350.5598561700465,15.092988386227127,279.6952784988134,16.754717,134.5708,470.11868,1874.2632,35.74457,56.39727,-737.38385,-519.3769,1037.0883,1166.0607,0.91309613,-0.0019570384,-0.002547192,2.056256380456034e-05,2.056256380456034e-05,2.056256380456034e-05
16_1705_27,2023-11-01,0.0,0.0,3.0933921549035066,1912.6260986328125,1474.662601432502,30906.664424783194,30910.273417106662,1329.6158354669644,2810.0400195448324,2810.0400195448324,2810.0400195448324,2669.538018567591,1350.5598561700465,15.092988386227127,279.6952784988134,16.736324,-170.65817,459.36053,-6816.6055,54.49024,-42.212414,-974.7428,-767.92053,677.35004,1185.1791,-23.678045,-0.00033126815,-0.014978557,2.056256380456034e-05,2.056256380456034e-05,2.056256380456034e-05
16_1705_27,2023-12-01,0.0,0.0,3.0933921549035066,1982.7757568359375,1478.5832155549272,2.6746944930800964,-2.8301283282025906,1329.6158354669647,2810.0400195448324,2810.0400195448324,2810.0400195448324,2669.538018567591,1350.5598561700465,15.092988386227127,279.6952784988134,35.261387,165.12474,459.45667,6473.9976,71.08124,112.40288,-964.85187,-633.46405,916.6609,1253.3636,-15.527936,-0.00044494183,-0.007359303,2.056256380456034e-05,2.056256380456034e-05,2.056256380456034e-05
16_1705_27,2024-01-01,0.0,0.0,3.0933921549035066,2054.501953125,1478.3862050038301,-1.0323319064464158,5.631128707794687,1329.6158354669649,2810.0400195448324,2810.0400195448324,2810.0400195448324,2669.538018567591,1350.5598561700465,15.092988386227127,279.6952784988134,50.339077,609.3085,457.7806,-700.04474,84.634384,66.34102,-1089.957,-802.7578,830.22125,1323.4257,-33.46852,2.4047158e-05,-0.020448271,2.056256380456034e-05,2.056256380456034e-05,2.056256380456034e-05
17_1000_27,2023-10-01,4900139.596024104,1900257.994205533,2566675.636986407,1287163.875,1609192.5781838633,3579410.474643766,2694684.248214811,4045324.7661239468,2434515.969033009,1436129.3951711701,2041793.2679991808,1364322.9254126116,2457440.001487158,2091860.6489967355,2569574.148421603,-359954.97,112725.445,246109.61,-787921.1,665334.56,586962.7,-630575.44,-165552.81,1555437.6,1993133.6,-591608.1,-1470456.5,199189.0,9793851.0,0.02654629573225975,0.02654629573225975
17_1000_27,2023-11-01,4900139.596024104,1900257.994205533,2566675.636986407,1630011.0,1855675.0603817038,3511404.3842289913,3011736.46977795,4248658.269096918,2434515.969033009,1436129.3951711701,2041793.2679991808,1364322.9254126116,2457440.001487158,2091860.6489967355,2569574.148421603,-494493.34,10144.2295,241540.36,2675800.5,549222.3,584910.9,-67845.6,98239.336,1047336.56,1290030.2,-1141507.0,-259496.06,213626.25,0.02654629573225975,0.02654629573225975,0.02654629573225975
17_1000_27,2023-12-01,0.0,1900257.994205533,2566675.636986407,1443658.75,1893429.158215647,18282667.825564645,18205224.525071852,4451991.772069889,2434515.969033009,1436129.3951711701,2041793.2679991808,1364322.9254126116,2457440.001487158,2091860.6489967355,2569574.148421603,-668572.0,-259999.17,242355.56,4142094.0,491659.53,419900.94,-365841.53,5870.1763,874665.06,1164435.1,-1199640.9,-323011.16,-76623.5,0.02654629573225975,0.02654629573225975,0.02654629573225975
17_1000_27,2024-01-01,4900139.596024104,1900257.994205533,2566675.636986407,1345241.875,1899212.010978834,7570140.844636392,6885830.357249077,4655325.275042861,2434515.969033009,1436129.3951711701,2041793.2679991808,1364322.9254126116,2457440.001487158,2091860.6489967355,2569574.148421603,-744095.1,-320146.16,242128.25,-784472.75,476248.78,435326.44,-127731.84,-65590.25,1067467.9,1287708.6,-1128313.0,14182.232,-438094.0,0.02654629573225975,0.02654629573225975,0.02654629573225975
17_1000_56,2023-10-01,0.0,303.2991602135552,169.217443673789,89.67012786865234,254.56300724240566,-198.2704002003809,-517.2445905458274,-68.92781408688336,91.48107907920794,1062.1156270259069,718.1599926105303,1009.0098456746115,59.02209389762562,1.5288695945668462,1.8147724515252565e-10,-1.8388519,-12.957771,22.457073,-148.69669,5.1015296,5.885434,-74.40875,-42.34605,44.76366,70.17606,-9.198386,-0.0019570384,-0.002547192,4.2370402297819965e-06,4.2370402297819965e-06,4.2370402297819965e-06
17_1000_56,2023-11-01,0.0,303.2991602135552,169.217443673789,93.79753875732422,307.05372667037517,840.6325046397016,482.7825146421363,-100.55905884878968,91.48107907920794,1062.1156270259069,718.1599926105303,1009.0098456746115,59.02209389762562,1.5288695945668462,1.8147724515252565e-10,-1.7099937,-43.503796,22.150463,-40.92752,8.032293,2.2006414,-59.84579,-35.54285,49.961723,64.63567,-15.298859,-0.00033126815,-0.014978557,4.2370402297819965e-06,4.2370402297819965e-06,4.2370402297819965e-06
17_1000_56,2023-12-01,0.0,303.2991602135552,169.217443673789,89.43717193603516,317.8772774129311,921.2321669413361,489.91907079360027,-132.19030361069602,91.48107907920794,1062.1156270259069,718.1599926105303,1009.0098456746115,59.02209389762562,1.5288695945668462,1.8147724515252565e-10,-4.02284,-29.593029,22.265682,174.99066,10.715606,11.182834,-52.08359,-30.602175,56.254852,72.73683,-13.462006,-0.00044494183,-0.007359303,4.2370402297819965e-06,4.2370402297819965e-06,4.2370402297819965e-06
17_1000_56,2024-01-01,0.0,303.2991602135552,169.217443673789,86.1899642944336,320.1090862346304,605.1164764673995,278.00879059504155,-163.8215483726023,91.48107907920794,1062.1156270259069,718.1599926105303,1009.0098456746115,59.02209389762562,1.5288695945668462,1.8147724515252565e-10,-6.7268276,-26.469585,22.252872,-435.63943,12.981388,15.105581,-31.442598,-22.023207,66.04078,88.683044,-14.104401,2.4047158e-05,-0.020448271,4.2370402297819965e-06,4.2370402297819965e-06,4.2370402297819965e-06
17_1000_6,2023-10-01,0.0,26973.24548270149,26973.245482701488,26224.755859375,24566.47826314607,23273.558878599106,14436.78090606338,28177.204673424414,6473.474615986042,2013.9808469126776,3948.5827162486485,1913.2818045670438,11759.646798639329,25287.417640032647,26973.245212291495,27275.68,26862.477,27135.582,24148.012,27327.904,28324.863,16382.018,21574.508,35402.434,38898.87,27082.275,26973.244,28407.395,26969.48046875,26969.48046875,26969.48046875
17_1000_6,2023-11-01,0.0,26973.24548270149,26973.245482701488,26418.80078125,22471.239076641858,22445.91905836922,14626.899097299887,29368.23109721681,6473.474615986042,2013.9808469126776,3948.5827162486485,1913.2818045670438,11759.646798639329,25287.417640032647,26973.245212291495,26452.566,26145.484,26675.047,9014.607,26879.102,26200.152,20115.791,20711.346,35606.98,39429.113,26946.678,26973.246,26136.652,26969.48046875,26969.48046875,26969.48046875
17_1000_6,2023-12-01,0.0,26973.24548270149,26973.245482701488,25872.91015625,20647.204241451705,21576.581208764255,14943.883849802336,30559.2575210092,6473.474615986042,2013.9808469126776,3948.5827162486485,1913.2818045670438,11759.646798639329,25287.417640032647,26973.245212291495,26310.1,26477.758,26519.31,12887.557,26186.877,26545.99,20654.71,21555.914,33444.29,35344.094,26836.803,26973.246,23874.465,26969.48046875,26969.48046875,26969.48046875
17_1000_6,2024-01-01,0.0,26973.24548270149,26973.245482701488,25916.078125,19059.269507595254,21396.902233908582,20250.54229185078,31750.283944801595,6473.474615986042,2013.9808469126776,3948.5827162486485,1913.2818045670438,11759.646798639329,25287.417640032647,26973.245212291495,26153.61,26452.658,26462.465,9484.143,25422.86,25433.223,19113.22,21452.557,30195.154,32298.201,26961.469,26973.246,20288.438,26969.48046875,26969.48046875,26969.48046875
17_1000_63,2023-10-01,0.0,0.0,0.04433195174734528,87309.921875,501515.4992821752,-319430.9041529122,-2378438.0037649125,-868724.6989737721,207862.97764400922,4141624.325946467,2523886.8024106654,3934543.1096491436,207862.97764400922,14324.631424824991,0.03411648229804144,42588.25,-75977.75,-94681.5,-616807.75,-11430.25,52738.195,-516632.72,-463885.72,430213.56,526464.94,-10328.75,-0.0019570384,1496.5938,0.04493650048971176,0.04493650048971176,0.04493650048971176
17_1000_63,2023-11-01,0.0,0.0,0.04433195174734528,-4099.77099609375,924839.2660039705,-482992.0189784769,-3647877.6225657696,-1314557.6905909344,207862.97764400922,4141624.325946467,2523886.8024106654,3934543.1096491436,207862.97764400922,14324.631424824991,0.03411648229804144,65988.5,-106228.5,-88965.625,-389194.62,-22391.5,-59868.11,-410875.25,-322786.3,444657.4,679029.3,-19994.125,-0.00033126815,-4544.8438,0.04493650048971176,1155552.25,0.04493650048971176
17_1000_63,2023-12-01,0.0,0.0,0.04433195174734528,52290.9296875,1282162.2435151825,-120454.43261177914,-3891172.8287592307,-1760390.6822080966,207862.97764400922,4141624.325946467,2523886.8024106654,3934543.1096491436,207862.97764400922,14324.631424824991,0.03411648229804144,49019.875,-45637.5,-89313.375,-1326446.2,-25276.75,-45875.645,-526938.1,-394874.66,344021.3,560565.25,-16983.625,-0.00044494183,-4493.0312,0.04493650048971176,0.04493650048971176,0.04493650048971176
17_1000_63,2024-01-01,0.0,0.0,0.04433195174734528,12302.21484375,1583774.674223303,-1602807.450998959,-5249999.128029445,-2206223.673825259,207862.97764400922,4141624.325946467,2523886.8024106654,3934543.1096491436,207862.97764400922,14324.631424824991,0.03411648229804144,42687.875,-151789.0,-91418.625,-1372309.5,-13161.0,24553.092,-452043.16,-359321.47,356218.3,420077.88,-26571.5,2.4047158e-05,4217.875,0.04493650048971176,1155552.25,0.04493650048971176
17_1000_92,2023-10-01,1751250.550478953,2623490.6834103507,2606345.3694202593,2522974.5,2447687.112981627,2792127.81954467,2302037.1081004757,2769430.1999493386,1633910.9795034102,278368.5274047233,1261088.0703220416,264450.10103448713,2063321.2258043282,2656742.826302344,2606438.072751423,2644488.8,2591518.5,2829820.0,2399465.5,2572480.5,2532340.0,1915581.0,2103403.5,2898141.2,3103359.8,2584344.5,2436906.5,2427427.8,2671453.5,2332106.75,2620912.5
17_1000_92,2023-11-01,1751250.550478953,2623490.6834103507,2606345.3694202593,2702989.0,2290744.5875136945,2688621.7467375943,2279385.636407984,2914238.7368070832,1633910.9795034102,278368.5274047233,1261088.0703220416,264450.10103448713,2063321.2258043282,2656742.826302344,2606438.072751423,2654225.5,2596011.2,2830207.8,1892332.5,2573956.8,2681079.5,1868562.5,2244823.0,3259454.2,3309799.8,2590842.0,2572560.2,2406772.8,2346547.0,2332106.75,2036080.625
17_1000_92,2023-12-01,1751250.550478953,2623490.6834103507,2606345.3694202593,2641556.5,2150639.604206549,2542964.1743948767,2309885.0042862906,3059047.273664828,1633910.9795034102,278368.5274047233,1261088.0703220416,264450.10103448713,2063321.2258043282,2656742.826302344,2606438.072751423,2596350.5,2507686.0,2830799.8,1385776.8,2568780.0,2530333.0,1753003.8,2009357.4,2925686.0,3063756.0,2586404.0,2590445.8,2294329.2,2101062.0,2332106.75,2332106.75
17_1000_92,2024-01-01,6895025.986325559,2623490.6834103507,2606345.3694202593,2779173.75,2025565.7512851106,3451212.8993477123,3508264.0432249247,3203855.8105225726,1633910.9795034102,278368.5274047233,1261088.0703220416,264450.10103448713,2063321.2258043282,2656742.826302344,2606438.072751423,2583884.0,2497687.2,2831080.8,1277608.2,2562744.5,2543539.2,1842226.0,2063532.0,2987796.5,3240905.2,2593692.5,2628275.8,2009988.5,2339327.0,2332106.75,2332106.75
17_1101_14,2023-10-01,0.0,0.0,2.6395093979589334e-10,-265.2534484863281,954.8799014454762,-14211.61118786173,-18443.299966952196,-2640.7584310662555,697.9154701288036,25768.04084288576,17293.921204790862,24479.63880074147,697.9154701288036,27.32060106287379,1.9362391242445006e-10,91.324165,123.6225,734.07117,-2473.0503,168.13231,-142.8865,-1522.9534,-1161.6871,1498.9773,2035.458,-46.377937,-0.0019570384,-0.002547192,0.00020427690469659865,0.00020427690469659865,12114.1220703125
17_1101_14,2023-11-01,0.0,0.0,2.6395093979589334e-10,8.946338653564453,1852.4587201433878,-14165.764447803724,-18686.138314384247,-4599.743003576603,697.9154701288036,25768.04084288576,17293.921204790862,24479.63880074147,697.9154701288036,27.32060106287379,1.9362391242445006e-10,302.65372,-294.14966,725.4299,807.638,262.81445,270.11517,-1732.5399,-1023.4186,1691.7068,2142.5615,-21.587769,-0.00033126815,-0.014978557,0.00020427690469659865,0.00020427690469659865,12114.1220703125
17_1101_14,2023-12-01,0.0,0.0,2.6395093979589334e-10,-170.3980255126953,2696.175018450189,-11695.758127879286,-16044.872732034288,-6558.72757608695,697.9154701288036,25768.04084288576,17293.921204790862,24479.63880074147,697.9154701288036,27.32060106287379,1.9362391242445006e-10,70.622314,103.96256,729.99243,-6278.341,349.9068,580.3709,-1640.3632,-1366.559,2188.9165,2613.014,55.146954,-0.00044494183,-0.007359303,0.00020427690469659865,0.00020427690469659865,12114.1220703125
17_1101_14,2024-01-01,0.0,0.0,2.6395093979589334e-10,-44.41830062866211,3489.26101513313,-25528.868861496838,-28429.971106548583,-8517.712148597297,697.9154701288036,25768.04084288576,17293.921204790862,24479.63880074147,697.9154701288036,27.32060106287379,1.9362391242445006e-10,-151.37071,-349.76395,730.0563,-10230.576,424.16898,483.96503,-1291.7096,-579.09283,2296.4075,3222.566,-19.981535,2.4047158e-05,-0.020448271,0.00020427690469659865,0.00020427690469659865,12114.1220703125
17_1106_16,2023-10-01,0.0,4.195838186198008,4.201734566931235,1.0888240337371826,2.6333067887440986,-2.4641810155689825,7.79650676250828,0.2920198652380607,3.1700677459089173,4.481356657197916,7.1577794226990505,4.25728882433802,3.229382219656105,0.21689187680430022,0.2949761677646933,-0.008777601,-0.18204941,0.6968659,-9.721819,0.11974176,0.18207428,-1.318058,-0.9098062,1.2296891,2.1149669,-0.043632288,-0.0019570384,0.053120136,5.86151784887079e-08,5.86151784887079e-08,5.86151784887079e-08
17_1106_16,2023-11-01,0.0,4.195838186198008,4.201734566931235,1.2248954772949219,3.5323559934521547,-2.142396913696638,8.16489633214826,0.2920198652380607,3.1700677459089173,4.481356657197916,7.1577794226990505,4.25728882433802,3.229382219656105,0.21689187680430022,0.2949761677646933,-0.33873975,-0.5321429,0.6841279,-5.666473,0.19417982,0.2062543,-1.4239675,-1.0549101,1.0329052,1.2595793,-0.029859416,-0.00033126815,-0.16131401,5.86151784887079e-08,5.86151784887079e-08,5.86151784887079e-08
17_1106_16,2023-12-01,0.0,4.195838186198008,4.201734566931235,1.0744996070861816,3.8393044568599013,15.50127973772775,28.60903153435364,0.2920198652380607,3.1700677459089173,4.481356657197916,7.1577794226990505,4.25728882433802,3.229382219656105,0.21689187680430022,0.2949761677646933,-0.37658542,-0.45114627,0.6859753,-4.4409804,0.2670086,0.35522848,-1.3903551,-0.5999005,1.4124777,2.0401833,-0.025205018,-0.00044494183,-0.15947485,5.86151784887079e-08,5.86151784887079e-08,5.86151784887079e-08
17_1106_16,2024-01-01,0.0,4.195838186198008,4.201734566931235,0.9641777276992798,3.9441011228209946,11.65780893138503,20.026251781120955,0.2920198652380607,3.1700677459089173,4.481356657197916,7.1577794226990505,4.25728882433802,3.229382219656105,0.21689187680430022,0.2949761677646933,-0.13348816,0.263483,0.6845768,-20.324253,0.33119994,0.33756047,-1.6302109,-0.82959974,1.8172562,2.2700531,0.0072238212,2.4047158e-05,0.14970827,5.86151784887079e-08,5.86151784887079e-08,5.86151784887079e-08
17_1108_14,2023-10-01,0.0,0.0,1.0954638343672009e-39,-4468.67919921875,4328.324801169787,-44340.84698425085,-44256.63815939724,-8649.886350312157,2780.944471225232,149607.23758685324,140630.9434572037,142126.87570751057,2780.944471225232,64.32192583153153,1.1056034214618904e-17,729.70264,-408.04633,4129.8945,-2369.023,808.6642,394.30145,-7420.6655,-5428.6753,8303.275,9988.632,122.28473,-0.0019570384,-0.0013074143,0.0009950166568160057,0.0009950166568160057,0.0009950166568160057
17_1108_14,2023-11-01,0.0,0.0,1.0954638343672009e-39,222.8825225830078,8393.289854034381,-153858.01061363996,-154249.98403919436,-17213.273837121185,2780.944471225232,149607.23758685324,140630.9434572037,142126.87570751057,2780.944471225232,64.32192583153153,1.1056034214618904e-17,2018.4021,-3664.1624,4075.8357,4800.479,1242.3984,609.7948,-18944.576,-7190.6694,6619.3154,8371.227,-305.27264,-0.00033126815,-0.010178814,0.0009950166568160057,0.0009950166568160057,0.0009950166568160057
17_1108_14,2023-12-01,0.0,0.0,1.0954638343672009e-39,-3181.947265625,12210.919454415729,-153897.77179081747,-154062.83393586625,-25776.661323930213,2780.944471225232,149607.23758685324,140630.9434572037,142126.87570751057,2780.944471225232,64.32192583153153,1.1056034214618904e-17,1052.4862,-1513.0425,4098.2104,-53333.246,1635.4905,1913.2727,-9534.677,-6462.099,14486.341,19401.77,-777.7353,-0.00044494183,-0.0022766462,0.0009950166568160057,0.0009950166568160057,0.0009950166568160057
17_1108_14,2024-01-01,0.0,0.0,1.0954638343672009e-39,-475.6883850097656,15796.2628893949,-153833.03863653523,-153999.7799177434,-34340.048810739245,2780.944471225232,149607.23758685324,140630.9434572037,142126.87570751057,2780.944471225232,64.32192583153153,1.1056034214618904e-17,-408.61118,-4081.2798,4096.4087,-8638.235,1965.6279,1361.4949,-6482.414,-4563.845,8840.064,9517.281,-1007.34534,2.4047158e-05,-0.016474351,0.0009950166568160057,0.0009950166568160057,0.0009950166568160057
17_1112_14,2023-10-01,0.0,0.0,0.2472592367297001,7.437330722808838,1007.7157350271518,-729.9468495317261,-5189.544688740662,-2177.3308787715787,32.9828827175053,7752.054647377805,9923.662592233237,7364.4519150089145,32.9828827175053,0.1793798750235606,0.2208946768556824,-0.0024689105,0.002335506,0.09430316,0.0027159478,12.650654,47.402817,-536.73395,-430.90515,363.25034,460.217,-0.00017725787,-0.0019570384,-0.0013074143,3.057140565942973e-05,3.057140565942973e-05,3.057140565942973e-05
17_1112_14,2023-11-01,0.0,0.0,0.2472592367297001,8.222087860107422,1574.4796911346134,-732.2191173086668,-5374.636176457689,-2569.718905096878,32.9828827175053,7752.054647377805,9923.662592233237,7364.4519150089145,32.9828827175053,0.1793798750235606,0.2208946768556824,0.00047200356,-0.010625879,0.09177589,0.0038856715,18.570004,97.650505,-418.01807,-273.35843,461.19443,512.4124,0.002405007,-0.00033126815,-0.010178814,3.057140565942973e-05,3.057140565942973e-05,3.057140565942973e-05
17_1112_14,2023-12-01,0.0,0.0,0.2472592367297001,7.285335063934326,1893.241590723217,211.60636247614082,-5681.253392451051,-2962.1069314221786,32.9828827175053,7752.054647377805,9923.662592233237,7364.4519150089145,32.9828827175053,0.1793798750235606,0.2208946768556824,0.0026063903,-0.017958699,0.09161402,0.1326086,23.612125,-55.541965,-900.4751,-665.60187,302.73013,366.75848,0.000515223,-0.00044494183,-0.0022766462,3.057140565942973e-05,3.057140565942973e-05,3.057140565942973e-05
17_1112_14,2024-01-01,0.0,0.0,0.2472592367297001,6.919495105743408,2072.5210730092595,5.2863650051149875,-4449.737428100629,-3354.494957747479,32.9828827175053,7752.054647377805,9923.662592233237,7364.4519150089145,32.9828827175053,0.1793798750235606,0.2208946768556824,0.00073333527,-0.029180804,0.09117099,-0.00056325237,27.575638,20.449627,-441.74283,-308.13156,419.99295,518.66486,0.002408248,2.4047158e-05,-0.016474351,3.057140565942973e-05,3.057140565942973e-05,3.057140565942973e-05
17_1114_14,2023-10-01,0.0,0.0,0.007218389937365852,0.9169468879699707,1018.3748122084339,-2393.3506535414367,-9600.930475671397,-1445.97734349349,80.71382827561683,10852.340075100194,10852.27894538499,10309.723071345183,80.71382827561683,0.7743628559973825,0.007436054843992966,7.503963,61.37882,117.21902,-184.49113,33.766254,135.88231,-658.6119,-404.70316,677.19073,827.10876,50.609276,-0.0019570384,-0.0013074143,5.694405626854859e-05,5.694405626854859e-05,4871.13623046875
17_1114_14,2023-11-01,0.0,0.0,0.007218389937365852,0.6947112083435059,1809.220159243217,-2025.889309998931,-9375.72438782371,-2237.053985466346,80.71382827561683,10852.340075100194,10852.27894538499,10309.723071345183,80.71382827561683,0.7743628559973825,0.007436054843992966,6.330209,-22.810116,115.19426,498.05356,50.96476,95.212875,-602.3777,-422.7173,830.76117,1145.5337,45.86782,-0.00033126815,-0.010178814,4064.2607421875,5.694405626854859e-05,4871.13623046875
17_1114_14,2023-12-01,0.0,0.0,0.007218389937365852,0.7397416234016418,2423.3716046921218,-436.99212882460984,-9582.929856189941,-3028.1306274392023,80.71382827561683,10852.340075100194,10852.27894538499,10309.723071345183,80.71382827561683,0.7743628559973825,0.007436054843992966,-9.695404,17.348736,115.55948,-1416.2631,66.26745,26.040325,-900.46265,-674.31177,730.14056,835.21063,48.222286,-0.00044494183,-0.0022766462,8158.40576171875,5.694405626854859e-05,4871.13623046875
17_1114_14,2024-01-01,0.0,0.0,0.007218389937365852,0.6608465909957886,2900.3068226347896,-300.3493570201463,-8131.21630703338,-3819.2072694120584,80.71382827561683,10852.340075100194,10852.27894538499,10309.723071345183,80.71382827561683,0.7743628559973825,0.007436054843992966,-30.061914,-5.6060753,115.340996,-1765.028,78.91785,-10.4019165,-875.1149,-684.00323,478.55753,650.83746,54.53234,2.4047158e-05,-0.016474351,13029.5419921875,4871.13623046875,4871.13623046875
17_1115_2,2023-10-01,0.0,0.0,22.11349346618469,274.4804992675781,23.17352288786339,26.429860643868412,49.46635800062303,75.71945464977117,24.275920934431344,24.275920934431344,24.275920934431344,23.062124887709775,28.486821062099324,57.65531221927444,4.523225135593364,3.6963227,3.6012623,7.033502,152.4486,1.1267399,-0.5705121,-33.85801,-22.017838,14.811448,20.809631,-1.1016041,-107.188225,2.6204605,3.0683253271490685e-07,3.0683253271490685e-07,3.0683253271490685e-07
17_1115_2,2023-11-01,0.0,0.0,22.11349346618469,277.87506103515625,22.00903475279487,-12.405840306684292,66.131645592853,80.51128189423898,24.275920934431344,24.275920934431344,24.275920934431344,23.062124887709775,28.486821062099324,57.65531221927444,4.523225135593364,3.4587657,-0.28928432,6.858447,-20.779396,3.3022175,3.1966324,-16.507223,-10.684031,22.52645,28.456867,-0.6425311,-21.529377,-1.995533,3.0683253271490685e-07,3.0683253271490685e-07,3.0683253271490685e-07
17_1115_2,2023-12-01,0.0,0.0,22.11349346618469,373.0010681152344,22.067551216747166,-22.97053306848251,41.80465224142084,85.30310913870679,24.275920934431344,24.275920934431344,24.275920934431344,23.062124887709775,28.486821062099324,57.65531221927444,4.523225135593364,5.972853,2.9137177,6.8551044,-14.487695,4.444095,2.1527536,-11.507875,-8.248315,15.555613,21.332838,-0.4650184,-22.707296,-2.4610023,3.0683253271490685e-07,3.0683253271490685e-07,3.0683253271490685e-07
17_1115_2,2024-01-01,0.0,0.0,22.11349346618469,500.69183349609375,22.064610717440765,15.521478130548516,90.02241201857322,90.0949363831746,24.275920934431344,24.275920934431344,24.275920934431344,23.062124887709775,28.486821062099324,57.65531221927444,4.523225135593364,7.600683,0.035776343,6.829628,27.941446,4.8902745,5.744748,-11.323907,-7.045607,15.806353,20.922619,-0.37839723,1.5258561,-9.41758,3.0683253271490685e-07,3.0683253271490685e-07,3.0683253271490685e-07
17_1116_14,2023-10-01,0.0,0.0,0.2472592367297001,7.437330722808838,1007.7157350271518,-729.9468495317261,-5189.544688740662,-2177.3308787715787,32.9828827175053,7752.054647377805,9923.662592233237,7364.4519150089145,32.9828827175053,0.1793798750235606,0.2208946768556824,-0.0024689105,0.002335506,0.09430316,0.0027159478,12.650654,26.051416,-508.16016,-343.73306,427.93124,587.8689,-0.00017725787,-0.0019570384,-0.0013074143,3.057140565942973e-05,3.057140565942973e-05,3.057140565942973e-05
17_1116_14,2023-11-01,0.0,0.0,0.2472592367297001,8.222087860107422,1574.4796911346134,-732.2191173086668,-5374.636176457689,-2569.718905096878,32.9828827175053,7752.054647377805,9923.662592233237,7364.4519150089145,32.9828827175053,0.1793798750235606,0.2208946768556824,0.00047200356,-0.010625879,0.09177589,0.0038856715,18.570004,-11.103767,-527.0092,-378.2536,407.39795,671.671,0.002405007,-0.00033126815,-0.010178814,3.057140565942973e-05,3.057140565942973e-05,3.057140565942973e-05
17_1116_14,2023-12-01,0.0,0.0,0.2472592367297001,7.285335063934326,1893.241590723217,211.60636247614082,-5681.253392451051,-2962.1069314221786,32.9828827175053,7752.054647377805,9923.662592233237,7364.4519150089145,32.9828827175053,0.1793798750235606,0.2208946768556824,0.0026063903,-0.017958699,0.09161402,0.1326086,23.612125,-32.021088,-426.63004,-331.38287,510.438,838.53253,0.000515223,-0.00044494183,-0.0022766462,3.057140565942973e-05,3.057140565942973e-05,3.057140565942973e-05
17_1116_14,2024-01-01,0.0,0.0,0.2472592367297001,6.919495105743408,2072.5210730092595,5.2863650051149875,-4449.737428100629,-3354.494957747479,32.9828827175053,7752.054647377805,9923.662592233237,7364.4519150089145,32.9828827175053,0.1793798750235606,0.2208946768556824,0.00073333527,-0.029180804,0.09117099,-0.00056325237,27.575638,42.43537,-524.4643,-359.0509,565.77356,995.41455,0.002408248,2.4047158e-05,-0.016474351,3.057140565942973e-05,3.057140565942973e-05,3.057140565942973e-05
17_1116_16,2023-10-01,385.71741040263134,385.71741040263134,385.71741040263134,381.72247314453125,373.22112350711853,688.2015638302637,685.4011070973422,407.3954778172386,336.52862640439764,93.61679817014937,325.2607113309733,88.9359582616419,357.7413438136231,385.40943950897713,385.7174104020002,389.12662,385.8283,387.96176,414.6882,384.8176,385.03198,373.84644,375.63715,397.8562,405.5231,391.68906,385.71545,385.27856,385.59259033203125,380.87103271484375,385.59259033203125
17_1116_16,2023-11-01,385.71741040263134,385.71741040263134,385.71741040263134,379.44927978515625,361.57631408918314,765.0175214411797,760.8330349542912,428.85676455832277,336.52862640439764,93.61679817014937,325.2607113309733,88.9359582616419,357.7413438136231,385.40943950897713,385.7174104020002,389.28827,372.6186,387.88855,359.35703,384.15402,384.1187,373.7375,375.9556,396.42468,403.05374,220.0107,385.71707,385.14523,385.59259033203125,380.87103271484375,385.59259033203125
17_1116_16,2023-12-01,385.71741040263134,385.71741040263134,385.71741040263134,376.3378601074219,350.72496380298503,764.7621503346819,761.6882855434344,450.318051299407,336.52862640439764,93.61679817014937,325.2607113309733,88.9359582616419,357.7413438136231,385.40943950897713,385.7174104020002,384.59616,367.48404,387.8623,506.29288,383.63696,383.53137,373.06952,376.01886,390.6771,393.0023,217.57686,385.71695,384.93198,96.00469207763672,380.87103271484375,385.59259033203125
17_1116_16,2024-01-01,193.30825929269403,385.71741040263134,385.71741040263134,373.9263916015625,340.6130075821808,765.0749427471312,763.7822998276881,471.7793380404912,336.52862640439764,93.61679817014937,325.2607113309733,88.9359582616419,357.7413438136231,385.40943950897713,385.7174104020002,377.1867,333.29758,387.84058,436.60086,383.27335,382.33228,375.06354,377.8048,388.991,391.08908,219.62465,385.71744,383.27353,2.998943955390132e-06,380.87103271484375,193.58322143554688
17_1151_16,2023-10-01,0.0,0.0,0.042610140596701054,0.07854925096035004,0.04517198389404496,-0.08156165574930564,0.10307652727073988,0.06801728220140776,0.06422201305405117,0.06422201305405117,0.06422201305405117,0.061010912401348615,0.038730257523232614,0.0035121413388934236,0.008384824930656676,-0.0006504892,0.00491953,0.013675246,-0.17522539,0.00071438565,-0.002406173,-0.032194555,-0.025202071,0.022217346,0.03035446,-0.0003033754,-0.0019570384,0.013662197,5.981141137922918e-10,5.981141137922918e-10,5.981141137922918e-10
17_1151_16,2023-11-01,0.0,0.0,0.042610140596701054,0.0742877796292305,0.04290205257447476,-0.06177423082196509,0.06484991870819706,0.07057197661623152,0.06422201305405117,0.06422201305405117,0.06422201305405117,0.061010912401348615,0.038730257523232614,0.0035121413388934236,0.008384824930656676,-0.0034046916,0.005374936,0.01336076,-0.14570391,0.0009950043,-0.0003698823,-0.03404562,-0.021750703,0.025984371,0.03767292,-0.00042417616,-0.00033126815,0.0048304945,5.981141137922918e-10,5.981141137922918e-10,5.981141137922918e-10
17_1151_16,2023-12-01,0.0,0.0,0.042610140596701054,0.07831814885139465,0.043016118589544,-0.08541315283037507,0.08794809401092518,0.07312667103105527,0.06422201305405117,0.06422201305405117,0.06422201305405117,0.061010912401348615,0.038730257523232614,0.0035121413388934236,0.008384824930656676,-0.00044739473,0.0016527814,0.013363053,-0.1106398,0.0012821633,0.004519309,-0.035265706,-0.027116014,0.02780282,0.042461164,-0.0010205803,-0.00044494183,0.004632026,5.981141137922918e-10,5.981141137922918e-10,5.981141137922918e-10
17_1151_16,2024-01-01,0.0,0.0,0.042610140596701054,0.0825318694114685,0.043010386673480464,-0.015241348400387766,0.14731598828677792,0.07568136544587903,0.06422201305405117,0.06422201305405117,0.06422201305405117,0.061010912401348615,0.038730257523232614,0.0035121413388934236,0.008384824930656676,0.0061539616,0.008339662,0.01331466,-0.31685433,0.0015424802,0.004550051,-0.033176698,-0.028911682,0.024018422,0.033505224,-0.0013499726,2.4047158e-05,0.016338646,5.981141137922918e-10,5.981141137922918e-10,5.981141137922918e-10
17_1151_73,2023-10-01,0.0,0.0,200.78084518579055,-51505.5546875,360361.1867429259,2578238.119938561,3255570.1818789197,-109497.61304779767,103732.59377282638,1416083.9736009543,1799313.8666531218,1345279.7749209064,103732.59377282638,6746.291487768109,212.33492263104472,-3756.7944,-13496.121,68373.26,394731.5,-883.875,3612.7795,-214716.47,-151661.03,139333.62,203484.66,11331.679,-0.0019570384,-0.0013074143,0.012732969596982002,0.012732969596982002,0.012732969596982002
17_1151_73,2023-11-01,0.0,0.0,200.78084518579055,3816.392333984375,578247.7010367597,-55794.059078595485,784174.6997384459,-177679.778740963,103732.59377282638,1416083.9736009543,1799313.8666531218,1345279.7749209064,103732.59377282638,6746.291487768109,212.33492263104472,10674.723,-51237.492,67625.09,-393137.22,-4488.3125,-10401.642,-263815.6,-134138.06,136636.47,176877.03,8593.38,-0.00033126815,-0.010178814,0.012732969596982002,0.012732969596982002,13364.55078125
17_1151_73,2023-12-01,0.0,0.0,200.78084518579055,-26642.732421875,709989.2283089082,-67602.18697073212,560963.3509289369,-245861.9444341283,103732.59377282638,1416083.9736009543,1799313.8666531218,1345279.7749209064,103732.59377282638,6746.291487768109,212.33492263104472,4781.649,-40523.156,68085.68,-374718.44,-7097.8125,-13180.942,-238749.62,-173684.33,127229.55,151194.78,5452.6743,-0.00044494183,-0.0022766462,0.012732969596982002,0.012732969596982002,588039.6875
17_1151_73,2024-01-01,0.0,0.0,200.78084518579055,-6557.833984375,789644.5941503793,-441252.7729714658,-302691.5265786664,-314044.1101272936,103732.59377282638,1416083.9736009543,1799313.8666531218,1345279.7749209064,103732.59377282638,6746.291487768109,212.33492263104472,-2844.1416,-49599.16,68118.234,192510.0,-5794.875,-12889.719,-226755.25,-169548.44,144425.16,211636.64,6544.1016,2.4047158e-05,-0.016474351,0.012732969596982002,0.012732969596982002,0.012732969596982002
17_1151_99,2023-10-01,2936673.4402772663,2599724.720681025,2801830.6770720193,2747476.5,2654627.372118959,2778251.6560678626,2180823.973212556,2964955.7420804347,1605249.322844337,296381.3872381133,1310205.6274535202,281562.31787620764,2086054.211410585,2886867.4583941223,2807418.228125614,2828759.0,2769419.0,2911027.2,2630124.5,2822109.8,2780019.8,1935312.2,2214269.5,3295444.8,3560980.5,2748213.8,2654894.0,2651486.8,2513497.75,2662183.75,2180725.0
17_1151_99,2023-11-01,3018617.260945531,2599724.720681025,2801830.6770720193,2542813.0,2519273.7325688424,2786949.5865199445,2181486.999047595,3120921.172280279,1605249.322844337,296381.3872381133,1310205.6274535202,281562.31787620764,2086054.211410585,2886867.4583941223,2807418.228125614,2833112.2,2749179.5,2885741.8,1705840.5,2757446.2,2717567.5,1792186.0,2084567.6,3300386.0,3793889.8,2773861.5,2751884.5,2648028.5,1932915.25,1805470.375,1713426.75
17_1151_99,2023-12-01,2882147.9236421683,2599724.720681025,2801830.6770720193,2442444.75,2394767.8927551294,2647818.756197798,2214853.741591413,3276886.6024801238,1605249.322844337,296381.3872381133,1310205.6274535202,281562.31787620764,2086054.211410585,2886867.4583941223,2807418.228125614,2761395.0,2712400.8,2876356.5,1122538.1,2706050.2,2761532.5,2057153.1,2256262.8,3361901.2,3503119.5,2762776.5,2782718.2,2522042.8,1904594.25,0.013491366058588028,715107.875
17_1151_99,2024-01-01,1837959.644515828,2599724.720681025,2801830.6770720193,2278313.25,2280240.465201338,3449728.6723110904,3381048.799549712,3432852.0326799685,1605249.322844337,296381.3872381133,1310205.6274535202,281562.31787620764,2086054.211410585,2886867.4583941223,2807418.228125614,2747232.5,2738439.8,2872797.5,707541.1,2657213.2,2634447.0,1995116.9,2234406.0,3049230.2,3239709.8,2771581.5,2809641.0,2416107.5,1911674.5,0.013491366058588028,0.013491366058588028
17_1215_16,2023-10-01,0.0,0.0,0.0,0.0,0.0,0.0,0.0,0.0,0.0,0.0,0.0,0.0,0.0,0.0,0.0,-0.0024689105,0.002335506,0.09430316,0.0027159478,0.0040304437,-0.019776002,-0.17908822,-0.12632275,0.1508505,0.22415072,-0.00017725787,-0.0019570384,-0.0013074143,1.3969838619232178e-08,1.3969838619232178e-08,1.3969838619232178e-08
17_1215_16,2023-11-01,50.35005823437612,0.0,0.0,0.0,0.0,0.0,0.0,0.0,0.0,0.0,0.0,0.0,0.0,0.0,0.0,0.00047200356,-0.010625879,0.09177589,0.0038856715,0.0060206745,0.009635941,-0.19525002,-0.14024647,0.17431661,0.25706849,0.002405007,-0.00033126815,-0.010178814,1.3969838619232178e-08,1.3969838619232178e-08,1.3969838619232178e-08
17_1215_16,2023-12-01,0.0,0.0,0.0,0.0,0.0,0.0,0.0,0.0,0.0,0.0,0.0,0.0,0.0,0.0,0.0,0.0026063903,-0.017958699,0.09161402,0.1326086,0.007780593,0.023640256,-0.26779944,-0.14909364,0.21247828,0.28436863,0.000515223,-0.00044494183,-0.0022766462,1.3969838619232178e-08,1.3969838619232178e-08,15.0
17_1215_16,2024-01-01,0.0,0.0,0.0,0.0,0.0,0.0,0.0,0.0,0.0,0.0,0.0,0.0,0.0,0.0,0.0,0.00073333527,-0.029180804,0.09117099,-0.00056325237,0.0092493715,-0.00427173,-0.30738705,-0.21993446,0.15893212,0.31202677,0.002408248,2.4047158e-05,-0.016474351,1.3969838619232178e-08,1.3969838619232178e-08,1.3969838619232178e-08
17_1303_2,2023-10-01,0.0,-11022.821109274777,8733.279161725186,-9209.3271484375,3332.963725796673,9032.998447899492,11127.452208120036,13400.439799089225,5281.608813159682,2774.0469964025465,4896.072371784029,2635.344646582419,6710.177811974667,9088.013416379285,8708.435542203972,486.02182,297.21628,775.955,8201.229,1593.6672,1487.5586,-3596.6497,-2422.7666,6323.0103,9627.711,-420.3326,-7494.6987,9285.092,7.201533298939466e-05,7.201533298939466e-05,7.201533298939466e-05
17_1303_2,2023-11-01,0.0,0.0,8733.279161725186,-0.1055518165230751,4413.449746504124,11378.678633512964,10775.690762745726,14171.24167583538,5281.608813159682,2774.0469964025465,4896.072371784029,2635.344646582419,6710.177811974667,9088.013416379285,8708.435542203972,331.16858,-275.0056,759.5554,-3972.8098,1433.0559,1340.6248,-592.7811,-224.58626,3721.0369,4396.766,-153.46909,-1222.7809,-25263.93,7.201533298939466e-05,7.201533298939466e-05,7.201533298939466e-05
17_1303_2,2023-12-01,0.0,0.0,8733.279161725186,0.04531832039356232,4763.723597944007,9450.465997552663,11301.061402553834,14942.04355258153,5281.608813159682,2774.0469964025465,4896.072371784029,2635.344646582419,6710.177811974667,9088.013416379285,8708.435542203972,99.33175,354.82465,761.0857,-6622.497,1359.0172,1384.4318,-881.14606,-127.02437,2574.4746,2783.5403,-372.8507,-1684.8514,-49639.42,7.201533298939466e-05,7.201533298939466e-05,7.201533298939466e-05
17_1303_2,2024-01-01,0.0,0.0,8733.279161725186,0.013912603259086609,4877.275988859899,15447.985930417684,17234.00351335956,15712.84542932768,5281.608813159682,2774.0469964025465,4896.072371784029,2635.344646582419,6710.177811974667,9088.013416379285,8708.435542203972,85.35278,786.122,759.7812,-10870.735,1360.6608,1356.5696,-1664.2902,-429.01416,3004.6968,3998.9297,-238.22275,62.283394,-55752.56,7.201533298939466e-05,7.201533298939466e-05,7.201533298939466e-05
17_1304_2,2023-10-01,3905.725945895176,3905.725945895176,3905.725855975366,3824.3759765625,3497.3856331449538,3383.629583414817,3291.5324359984484,4215.382688753654,2276.8700593359504,470.96300038030734,1760.247392696475,447.41485036129194,2913.54611129262,3853.5601105885926,3905.7168498287556,3963.1194,3882.7954,4152.9097,3852.0583,3900.5896,4043.4355,2761.5872,3204.4617,5003.566,5279.1416,3899.7727,3905.5476,3560.2253,2891.371337890625,5204.46875,11597.0283203125
17_1304_2,2023-11-01,11022.167212414586,3905.725945895176,3905.725855975366,3296.701171875,3161.1707862646463,3185.350565035096,3407.550466595881,4435.840150606918,2276.8700593359504,470.96300038030734,1760.247392696475,447.41485036129194,2913.54611129262,3853.5601105885926,3905.7168498287556,3974.995,3864.548,4139.662,2236.718,3874.4226,3965.6025,2897.8254,3121.2422,4669.257,4811.626,3908.8857,3905.6265,3467.1538,2901.885498046875,2901.885498046875,11607.5419921875
17_1304_2,2023-12-01,3992.040331439821,3905.725945895176,3905.725855975366,3281.86328125,2884.3418283265783,2987.113360840608,3325.9537011022803,4656.297612460181,2276.8700593359504,470.96300038030734,1760.247392696475,447.41485036129194,2913.54611129262,3853.5601105885926,3905.7168498287556,3880.4167,3755.0103,4134.826,851.8983,3841.9817,3874.651,2869.9285,3234.638,4474.848,4933.193,3877.1633,3905.7307,3339.9702,2901.885498046875,4352.828125,11607.5419921875
17_1304_2,2024-01-01,3992.040331439821,3905.725945895176,3905.725855975366,2935.877197265625,2656.409383747895,3883.079161206915,5104.401788417121,4876.755074313444,2276.8700593359504,470.96300038030734,1760.247392696475,447.41485036129194,2913.54611129262,3853.5601105885926,3905.7168498287556,3856.8347,3751.31,4132.952,423.04108,3807.5867,3748.1426,2177.342,2980.2778,4574.9277,4851.7837,3903.5735,3905.766,3207.9626,2.0034427507198416e-05,2.0034427507198416e-05,11607.5419921875
17_1306_2,2023-10-01,0.0,0.0,1.3655527705770798,950.3450927734375,683.9447254780163,-0.6868212528338518,303.1920724053617,629.5312149297508,1134.449749593287,1134.449749593287,1134.449749593287,1077.7272621136226,606.377832267233,13.294333003046331,124.42676864231004,-141.91568,-86.94314,207.0475,-2755.9937,14.385384,5.3256655,-618.5382,-493.33014,431.5884,547.1024,19.966965,-0.0019570384,-0.0013074143,9.05604611034505e-06,9.05604611034505e-06,9.05604611034505e-06
17_1306_2,2023-11-01,0.0,0.0,1.3655527705770798,911.5964965820312,649.5759416107337,0.34364236537476245,-209.01341015977073,629.5312149297508,1134.449749593287,1134.449749593287,1134.449749593287,1077.7272621136226,606.377832267233,13.294333003046331,124.42676864231004,-293.6075,-413.36276,202.30429,1304.4711,22.099806,24.660664,-476.88284,-316.87683,391.1782,513.643,-286.06342,-0.00033126815,-0.010178814,9.05604611034505e-06,9.05604611034505e-06,9.05604611034505e-06
17_1306_2,2023-12-01,0.0,0.0,1.3655527705770798,948.7667236328125,651.3030012114791,13612.59244855795,13689.811029842955,629.5312149297508,1134.449749593287,1134.449749593287,1134.449749593287,1077.7272621136226,606.377832267233,13.294333003046331,124.42676864231004,-353.09717,-343.3876,202.34494,2267.3657,29.085615,66.188354,-288.8982,-236.1197,493.05194,622.617,-326.53625,-0.00044494183,-0.0022766462,9.05604611034505e-06,9.05604611034505e-06,9.05604611034505e-06
17_1306_2,2024-01-01,0.0,0.0,1.3655527705770798,986.9732666015625,651.2162150488949,-0.8955561351142478,117.73959083696127,629.5312149297508,1134.449749593287,1134.449749593287,1134.449749593287,1077.7272621136226,606.377832267233,13.294333003046331,124.42676864231004,-422.669,-212.10374,201.60861,-2711.7158,34.898605,27.478428,-518.23016,-310.47375,355.1161,465.7076,-290.0682,2.4047158e-05,-0.016474351,9.05604611034505e-06,9.05604611034505e-06,9.05604611034505e-06
17_1307_2,2023-10-01,0.0,0.0,0.7220205921039451,-1743.6324462890625,7318.555193546956,-31227.82373320232,-60446.6895276898,-3573.3009368884104,16485.924040275568,31028.081497290324,14433.840183292541,29476.677422425808,13489.233484918797,7408.903145955454,74.38389142718334,152.36537,1834.6588,2433.9753,7814.758,-757.81934,-991.29443,-3064.7031,-2797.2368,1151.2426,1842.0967,1392.1222,10684.45,326.9209,0.0004662921419367194,100086.53125,0.0004662921419367194
17_1307_2,2023-11-01,107473.09840945859,0.0,0.7220205921039451,3192.14990234375,12634.064951150542,-26467.561240778232,-61046.75904767541,-7184.4640977908675,16485.924040275568,31028.081497290324,14433.840183292541,29476.677422425808,13489.233484918797,7408.903145955454,74.38389142718334,277.75757,-361.49582,2394.578,11559.056,-1287.5737,-1214.073,-3378.2847,-2560.8213,118.726456,532.67365,1420.4349,2796.9705,-8.223633,0.0004662921419367194,100086.53125,100331.2421875
17_1307_2,2023-12-01,107473.09840945859,0.0,0.7220205921039451,-475.15283203125,16494.751006793344,-15885.89285898149,-59425.900056700535,-10795.627258693325,16485.924040275568,31028.081497290324,14433.840183292541,29476.677422425808,13489.233484918797,7408.903145955454,74.38389142718334,-179.84897,736.2438,2404.2107,-26601.027,-1476.5337,-1522.0524,-3112.8694,-2617.9146,-209.21979,313.4777,1599.1472,2009.1362,-38.68164,0.0004662921419367194,100086.53125,100331.2421875
17_1307_2,2024-01-01,107473.09840945859,0.0,0.7220205921039451,1943.657958984375,19298.790035959646,-39437.9651575009,-89662.99551444157,-14406.790419595782,16485.924040275568,31028.081497290324,14433.840183292541,29476.677422425808,13489.233484918797,7408.903145955454,74.38389142718334,-316.19623,169.12125,2401.4006,-26985.299,-1583.1821,-1467.9861,-3753.3516,-2744.0068,-540.8846,-143.53021,1678.9825,6891.8584,-337.2041,0.0004662921419367194,100331.2421875,100331.2421875
17_1311_2,2023-10-01,0.0,0.0,0.0,0.0,0.0,0.0,0.0,0.0,0.0,0.0,0.0,0.0,0.0,0.0,0.0,-0.0024689105,0.002335506,0.09430316,0.0027159478,0.0040304437,0.006845669,-0.23732023,-0.16806147,0.16440347,0.23231499,-0.00017725787,-0.0019570384,-0.0013074143,1.3969838619232178e-08,1.3969838619232178e-08,1.3969838619232178e-08
17_1311_2,2023-11-01,1793.7208245996494,0.0,0.0,0.0,0.0,0.0,0.0,0.0,0.0,0.0,0.0,0.0,0.0,0.0,0.0,0.00047200356,-0.010625879,0.09177589,0.0038856715,0.0060206745,0.00948609,-0.14910062,-0.11409928,0.19128577,0.44564867,0.002405007,-0.00033126815,-0.010178814,1.3969838619232178e-08,1.3969838619232178e-08,1.3969838619232178e-08
17_1311_2,2023-12-01,3587.441649199299,0.0,0.0,0.0,0.0,0.0,0.0,0.0,0.0,0.0,0.0,0.0,0.0,0.0,0.0,0.0026063903,-0.017958699,0.09161402,0.1326086,0.007780593,-1.530908e-05,-0.18279263,-0.1563578,0.21764858,0.3786001,0.000515223,-0.00044494183,-0.0022766462,1.3969838619232178e-08,1.3969838619232178e-08,1.3969838619232178e-08
17_1311_2,2024-01-01,0.0,0.0,0.0,0.0,0.0,0.0,0.0,0.0,0.0,0.0,0.0,0.0,0.0,0.0,0.0,0.00073333527,-0.029180804,0.09117099,-0.00056325237,0.0092493715,0.016536351,-0.252651,-0.12430112,0.20253786,0.2634607,0.002408248,2.4047158e-05,-0.016474351,1.3969838619232178e-08,1.3969838619232178e-08,1.3969838619232178e-08
17_1312_2,2023-10-01,0.0,0.0,3.630904952340759e-56,28.857528686523438,2237.0561996265687,-3035.7701682962997,-27444.22851155443,-2164.0273317096394,175.31232646428057,28786.77182391309,37184.44328865475,27347.433232717434,175.31232646428057,1.2540573966441593,3.6754710904213476e-26,87.1117,-84.97677,552.2671,-486.11188,65.37105,90.506516,-1409.716,-1137.7794,1768.1978,2107.966,156.5221,-0.0019570384,-0.0013074143,0.0001543696562293917,0.0001543696562293917,0.0001543696562293917
17_1312_2,2023-11-01,0.0,0.0,3.630904952340759e-56,34.22798156738281,3898.803266817078,-1951.464640109024,-27950.081837897545,-4306.414389064015,175.31232646428057,28786.77182391309,37184.44328865475,27347.433232717434,175.31232646428057,1.2540573966441593,3.6754710904213476e-26,32.53207,-183.80492,539.637,3072.7466,97.48215,-75.862915,-2452.6252,-1531.9171,1914.9773,2865.1807,68.25811,-0.00033126815,-0.010178814,0.0001543696562293917,0.0001543696562293917,0.0001543696562293917
17_1312_2,2023-12-01,0.0,0.0,3.630904952340759e-56,28.449207305908203,5133.194837210893,-607.1807531778486,-27933.207928860425,-6448.801446418391,175.31232646428057,28786.77182391309,37184.44328865475,27347.433232717434,175.31232646428057,1.2540573966441593,3.6754710904213476e-26,2.3447797,-110.35135,539.75146,-1958.3711,125.50624,198.58698,-2054.639,-1702.4476,1511.8234,2462.14,55.40488,-0.00044494183,-0.0022766462,0.0001543696562293917,0.0001543696562293917,0.0001543696562293917
17_1312_2,2024-01-01,0.0,0.0,3.630904952340759e-56,26.296323776245117,6050.1349535159825,-13084.941156388475,-39120.046881333445,-8591.188503772766,175.31232646428057,28786.77182391309,37184.44328865475,27347.433232717434,175.31232646428057,1.2540573966441593,3.6754710904213476e-26,-12.286861,-111.34265,537.76605,-1455.2911,148.20424,81.16188,-3172.2373,-1837.6636,1790.0643,2284.3364,72.76254,2.4047158e-05,-0.016474351,0.0001543696562293917,0.0001543696562293917,0.0001543696562293917
17_1312_73,2023-10-01,0.0,0.0,-1468.2765553538752,281.5704650878906,1621.3879975697919,1164.5833643932456,-313.99067602046307,-1326.235828319339,390.600720648105,7440.316286914156,6853.423466590127,7068.300472568448,390.600720648105,26.3595065008373,6.763562577124547e-13,54.781284,5.9260144,200.43428,-40.90996,-21.021973,-62.71989,-696.44165,-512.7322,323.75702,485.54877,-23.916006,-0.0019570384,-0.0013074143,6.539899914059788e-05,6.539899914059788e-05,6.539899914059788e-05
17_1312_73,2023-11-01,0.0,0.0,-2026.8475494730965,305.2146911621094,2599.669151252976,1129.0225244290816,-86.6597335796273,-1856.521860282292,390.600720648105,7440.316286914156,6853.423466590127,7068.300472568448,390.600720648105,26.3595065008373,6.763562577124547e-13,86.4761,-151.53354,198.96333,-1016.6019,-22.855957,4.3556194,-598.3992,-437.67047,296.17194,399.53067,-61.828506,-0.00033126815,-0.010178814,6.539899914059788e-05,6.539899914059788e-05,6.539899914059788e-05
17_1312_73,2023-12-01,0.0,0.0,-2585.4185435923177,277.9580383300781,3189.9251646724324,1737.2700585148373,-180.7360500202699,-2386.8078922452473,390.600720648105,7440.316286914156,6853.423466590127,7068.300472568448,390.600720648105,26.3595065008373,6.763562577124547e-13,16.170153,-2.266775,200.72266,-1084.8617,-18.300781,41.626373,-421.90314,-298.17474,365.82812,704.62103,-26.717379,-0.00044494183,-0.0022766462,6.539899914059788e-05,6.539899914059788e-05,6.539899914059788e-05
17_1312_73,2024-01-01,0.0,0.0,-3143.989537711539,265.09417724609375,3546.06221184554,-3510.3270832606254,-7558.898594728675,-2917.0939242082013,390.600720648105,7440.316286914156,6853.423466590127,7068.300472568448,390.600720648105,26.3595065008373,6.763562577124547e-13,-69.71442,-112.48723,201.0755,-2261.6077,-5.112793,52.929592,-541.83563,-312.5708,358.9307,415.32092,-48.334106,2.4047158e-05,-0.016474351,6.539899914059788e-05,6.539899914059788e-05,12355.71484375
17_1312_74,2023-10-01,0.0,0.0,460.52586077815914,259.1689453125,453.7964444692488,-149.0910320246639,-998.0748375773055,9.37128480266878e-37,7.573401194423704,9490.086868997143,9490.086868997141,9015.582525547285,7.573401194423704,0.009050452107426778,9.559698437520026e-37,-0.0024689105,0.002335506,0.09430316,0.0027159478,0.0040304437,-0.0042183585,-0.2200249,-0.119564936,0.18408659,0.23617572,-0.00017725787,-0.0019570384,-0.0013074143,6.313094672805164e-06,6.313094672805164e-06,6778.6337890625
17_1312_74,2023-11-01,0.0,0.0,460.52586077815914,260.8210754394531,432.9118295656194,199.54439719213516,-1478.589348633197,9.37128480266878e-37,7.573401194423704,9490.086868997143,9490.086868997141,9015.582525547285,7.573401194423704,0.009050452107426778,9.559698437520026e-37,0.00047200356,-0.010625879,0.09177589,0.0038856715,0.0060206745,0.010137826,-0.25280604,-0.1344044,0.21041183,0.33914357,0.002405007,-0.00033126815,-0.010178814,6.313094672805164e-06,6.313094672805164e-06,6.313094672805164e-06
17_1312_74,2023-12-01,0.0,0.0,460.52586077815914,259.13812255859375,433.87298107967115,111.01936117254527,-1325.1527812566376,9.37128480266878e-37,7.573401194423704,9490.086868997143,9490.086868997141,9015.582525547285,7.573401194423704,0.009050452107426778,9.559698437520026e-37,0.0026063903,-0.017958699,0.09161402,0.1326086,0.007780593,0.019086959,-0.2086045,-0.15681556,0.1801417,0.2602125,0.000515223,-0.00044494183,-0.0022766462,6.313094672805164e-06,6.313094672805164e-06,6.313094672805164e-06
17_1312_74,2024-01-01,0.0,0.0,460.52586077815914,257.1164245605469,433.82874697541655,3492.6203474939325,3169.1541265082665,9.37128480266878e-37,7.573401194423704,9490.086868997143,9490.086868997141,9015.582525547285,7.573401194423704,0.009050452107426778,9.559698437520026e-37,0.00073333527,-0.029180804,0.09117099,-0.00056325237,0.0092493715,-0.002036754,-0.23087057,-0.17648114,0.18396437,0.24067211,0.002408248,2.4047158e-05,-0.016474351,6.313094672805164e-06,6.313094672805164e-06,6.313094672805164e-06
17_1312_99,2023-10-01,6743.311370675373,6743.311370675373,6743.354523552426,6801.49169921875,6353.579044616265,6586.849274961545,6131.261633926502,7126.112970240975,4143.04265830804,939.6348953929464,3275.3625488725606,892.6531506232991,5259.051893799694,6824.863292564478,6747.585525337729,6832.133,6658.6714,7149.5913,5572.8374,6733.6724,6773.7256,4660.516,5253.2734,7889.1567,8552.64,6677.4004,6616.6675,6758.8945,3.6173943954054266e-05,6739.3564453125,3.6173943954054266e-05
17_1312_99,2023-11-01,6743.311370675373,6743.311370675373,6743.354523552426,6802.17431640625,6003.845117880937,6669.802980479365,6010.801244502663,7500.856717347305,4143.04265830804,939.6348953929464,3275.3625488725606,892.6531506232991,5259.051893799694,6824.863292564478,6747.585525337729,6843.501,6611.8105,7122.285,3971.9128,6647.9526,6666.8945,4322.6187,5367.299,8038.146,8688.968,6684.164,6724.284,6752.4385,3.6173943954054266e-05,6739.3564453125,3.6173943954054266e-05
17_1312_99,2023-12-01,6743.311370675373,6743.311370675373,6743.354523552426,6793.30517578125,5690.004537227743,6368.761996888939,6071.541818173395,7875.600464453634,4143.04265830804,939.6348953929464,3275.3625488725606,892.6531506232991,5259.051893799694,6824.863292564478,6747.585525337729,6697.88,6380.29,7112.074,2573.1235,6574.7715,6576.331,5304.174,5646.768,7908.035,8588.988,6669.7974,6713.969,6759.039,3.6173943954054266e-05,6739.3564453125,3.6173943954054266e-05
17_1312_99,2024-01-01,6999.557202761038,6743.311370675373,6743.354523552426,6792.07666015625,5408.373552827208,8583.06930994379,9098.332843443328,8250.344211559965,4143.04265830804,939.6348953929464,3275.3625488725606,892.6531506232991,5259.051893799694,6824.863292564478,6747.585525337729,6682.3896,6443.8604,7108.118,1283.5558,6506.9106,6595.3193,4677.3325,5289.289,7419.737,7774.7964,6690.2236,6744.3193,6770.3135,3.6173943954054266e-05,6739.3564453125,3.6173943954054266e-05
17_1313_2,2023-10-01,0.0,0.0,0.0005614432650862325,286.3096923828125,3216.882282053003,-49982.56510297909,-16734.758519723844,0.0006046789997921936,2940.557995068538,6136.099562538517,7907.71094299412,5829.29458441159,2862.6933799225963,70.6159917951259,0.0006055420168451604,-241.11328,-295.62656,1261.8977,-2836.523,116.34932,201.76,-2776.9985,-1663.668,2290.8145,2996.1646,713.93365,-0.0019570384,-314.6026,0.000106165258330293,0.000106165258330293,0.000106165258330293
17_1313_2,2023-11-01,0.0,0.0,0.0005614432650862325,270.71209716796875,4927.014313642191,-50084.170207343646,-17348.229600319773,0.0006046789997921936,2940.557995068538,6136.099562538517,7907.71094299412,5829.29458441159,2862.6933799225963,70.6159917951259,0.0006055420168451604,-370.54294,-790.9319,1240.1747,1444.5919,186.72427,411.54663,-3094.1082,-1618.4482,2750.1174,3581.801,512.5707,-0.00033126815,-394.377,0.000106165258330293,0.000106165258330293,0.000106165258330293
17_1313_2,2023-12-01,0.0,0.0,0.0005614432650862325,216.8834686279297,5836.140389465185,-47134.828953398275,-15322.669352153403,0.0006046789997921936,2940.557995068538,6136.099562538517,7907.71094299412,5829.29458441159,2862.6933799225963,70.6159917951259,0.0006055420168451604,-977.3489,-820.01776,1244.166,-7873.6235,252.05818,349.7358,-2835.5374,-1835.7015,3096.4204,3912.1008,727.82495,-0.00044494183,-477.6402,0.000106165258330293,0.000106165258330293,0.000106165258330293
17_1313_2,2024-01-01,0.0,0.0,0.0005614432650862325,177.3714599609375,6319.442383974496,-45800.63022584879,-24207.423077691616,0.0006046789997921936,2940.557995068538,6136.099562538517,7907.71094299412,5829.29458441159,2862.6933799225963,70.6159917951259,0.0006055420168451604,-1243.8348,-947.34595,1241.8757,-1479.7167,308.55386,360.26892,-2055.1018,-1457.829,2964.7534,3980.1633,893.23663,2.4047158e-05,-507.13373,0.000106165258330293,0.000106165258330293,0.000106165258330293
17_1313_73,2023-10-01,0.0,0.08413202635514468,124.31238280102062,-0.0928831472992897,130.43546785937292,-45.307081332672226,205.85037072597237,202.30872226580095,63.90236562087829,247.47746512905513,261.72191194387693,235.10359187260238,111.30807434036217,5.547427244782162,125.28363341551211,-7.209181,24.312553,46.573547,-411.66776,5.3020062,16.842474,-74.23427,-58.942043,105.11591,128.21408,12.565205,-0.0019570384,-0.0013074143,2.8338645279291086e-06,2.8338645279291086e-06,2.8338645279291086e-06
17_1313_73,2023-11-01,0.0,0.0,124.31238280102062,-0.11083763092756271,173.1136080061561,-96.51211724456306,213.54674464511032,202.30872226580095,63.90236562087829,247.47746512905513,261.72191194387693,235.10359187260238,111.30807434036217,5.547427244782162,125.28363341551211,-48.128876,2.1889758,45.62737,214.70348,8.671243,2.6837015,-90.19714,-62.99592,73.47588,88.6653,-44.819183,-0.00033126815,-0.010178814,2.8338645279291086e-06,2.8338645279291086e-06,2.8338645279291086e-06
17_1313_73,2023-12-01,0.0,0.0,124.31238280102062,-0.08305101841688156,187.07778259977363,2755.7627984518977,3012.225624468141,202.30872226580095,63.90236562087829,247.47746512905513,261.72191194387693,235.10359187260238,111.30807434036217,5.547427244782162,125.28363341551211,-62.385464,-0.4639807,45.69929,312.78543,11.840125,4.7710133,-96.006065,-54.338993,98.319374,108.74061,-52.377205,-0.00044494183,-0.0022766462,2.8338645279291086e-06,2.8338645279291086e-06,2.8338645279291086e-06
17_1313_73,2024-01-01,0.0,0.0,124.31238280102062,-0.06221521273255348,191.6468235985232,830.0875191768164,1043.5128035914424,202.30872226580095,63.90236562087829,247.47746512905513,261.72191194387693,235.10359187260238,111.30807434036217,5.547427244782162,125.28363341551211,-72.51927,21.108648,45.572433,-715.2738,14.595344,11.015953,-94.532814,-64.5657,123.76627,140.24979,-45.70004,2.4047158e-05,-0.016474351,2.8338645279291086e-06,2.8338645279291086e-06,2.8338645279291086e-06
17_1313_99,2023-10-01,0.0,550.2542078471106,915.9070172645041,932.0419311523438,607.0044499941425,957.7983730295718,1758.5602985560934,1078.3310412187143,1100.0843166710463,308.5052519457561,713.0232806719431,293.07998934846825,1220.6930570232519,1011.9813811060733,916.8923001814592,561.0826,523.3653,725.20654,928.9329,578.91595,603.54663,319.78622,391.3152,779.32495,895.3185,556.8793,688.4963,618.178,1.0181098332395777e-05,550.3336791992188,1.0181098332395777e-05
17_1313_99,2023-11-01,0.0,550.2542078471106,915.9070172645041,905.6173095703125,638.8415158463081,785.0615295241037,1760.3226454136616,1135.551170192125,1100.0843166710463,308.5052519457561,713.0232806719431,293.07998934846825,1220.6930570232519,1011.9813811060733,916.8923001814592,567.7401,524.0357,724.9856,759.5376,576.9587,570.7185,280.0657,397.8724,753.78265,836.3999,549.90314,552.1234,564.7125,1.0181098332395777e-05,1.0181098332395777e-05,550.3336791992188
17_1313_99,2023-12-01,0.0,550.2542078471106,915.9070172645041,908.7645874023438,656.7022107742528,490.37127587380087,1737.663848633048,1192.7712991655358,1100.0843166710463,308.5052519457561,713.0232806719431,293.07998934846825,1220.6930570232519,1011.9813811060733,916.8923001814592,564.7011,462.30383,725.3523,313.59283,591.4443,598.8087,363.2563,435.03735,744.1647,768.9768,546.98,598.2557,448.7113,1.0181098332395777e-05,1.0181098332395777e-05,1.0181098332395777e-05
17_1313_99,2024-01-01,5220.2221090854955,550.2542078471106,915.9070172645041,895.681884765625,666.7221172816676,1413.083510384858,2645.17538569575,1249.9914281389465,1100.0843166710463,308.5052519457561,713.0232806719431,293.07998934846825,1220.6930570232519,1011.9813811060733,916.8923001814592,568.4089,466.0003,725.4207,265.84818,612.4924,625.2438,424.63898,498.44098,751.533,821.6403,552.31335,754.06067,368.24536,1.0181098332395777e-05,1.0181098332395777e-05,1.0181098332395777e-05
17_1404_2,2023-10-01,25956.354128003648,0.0,0.0,0.0,0.0,0.0,0.0,0.0,0.0,0.0,0.0,0.0,0.0,0.0,0.0,-0.0024689105,0.002335506,0.09430316,0.0027159478,0.0040304437,-0.0077700657,-0.14982569,-0.13511615,0.14094266,0.19317119,-0.00017725787,-0.0019570384,-0.0013074143,1.3969838619232178e-08,1.3969838619232178e-08,1.3969838619232178e-08
17_1404_2,2023-11-01,51913.60736419005,0.0,0.0,0.0,0.0,0.0,0.0,0.0,0.0,0.0,0.0,0.0,0.0,0.0,0.0,0.00047200356,-0.010625879,0.09177589,0.0038856715,0.0060206745,0.005785981,-0.22390518,-0.18074971,0.19790481,0.2536863,0.002405007,-0.00033126815,-0.010178814,1.3969838619232178e-08,1.3969838619232178e-08,1.3969838619232178e-08
17_1404_2,2023-12-01,77869.9614921937,0.0,0.0,0.0,0.0,0.0,0.0,0.0,0.0,0.0,0.0,0.0,0.0,0.0,0.0,0.0026063903,-0.017958699,0.09161402,0.1326086,0.007780593,0.02896073,-0.15677838,-0.11447948,0.19056958,0.2738878,0.000515223,-0.00044494183,-0.0022766462,1.3969838619232178e-08,1.3969838619232178e-08,1.3969838619232178e-08
17_1404_2,2024-01-01,0.0,0.0,0.0,0.0,0.0,0.0,0.0,0.0,0.0,0.0,0.0,0.0,0.0,0.0,0.0,0.00073333527,-0.029180804,0.09117099,-0.00056325237,0.0092493715,0.016909556,-0.2243396,-0.16156042,0.16401768,0.2439431,0.002408248,2.4047158e-05,-0.016474351,1.3969838619232178e-08,1.3969838619232178e-08,1.3969838619232178e-08
17_1405_2,2023-10-01,0.0,0.0,0.0,0.0,0.0,0.0,0.0,0.0,0.0,0.0,0.0,0.0,0.0,0.0,0.0,-0.0024689105,0.002335506,0.09430316,0.0027159478,0.0040304437,-0.00034966075,-0.2594409,-0.22678831,0.18235888,0.27415076,-0.00017725787,-0.0019570384,-0.0013074143,1.3969838619232178e-08,1.3969838619232178e-08,15.0
17_1405_2,2023-11-01,1673.2403281102493,0.0,0.0,0.0,0.0,0.0,0.0,0.0,0.0,0.0,0.0,0.0,0.0,0.0,0.0,0.00047200356,-0.010625879,0.09177589,0.0038856715,0.0060206745,-0.0039655054,-0.30150336,-0.22600882,0.18202122,0.29948646,0.002405007,-0.00033126815,-0.010178814,1.3969838619232178e-08,1.3969838619232178e-08,15.0
17_1405_2,2023-12-01,0.0,0.0,0.0,0.0,0.0,0.0,0.0,0.0,0.0,0.0,0.0,0.0,0.0,0.0,0.0,0.0026063903,-0.017958699,0.09161402,0.1326086,0.007780593,-0.01717343,-0.24139768,-0.16183242,0.13282979,0.20241769,0.000515223,-0.00044494183,-0.0022766462,1.3969838619232178e-08,1.3969838619232178e-08,15.0
17_1405_2,2024-01-01,0.0,0.0,0.0,0.0,0.0,0.0,0.0,0.0,0.0,0.0,0.0,0.0,0.0,0.0,0.0,0.00073333527,-0.029180804,0.09117099,-0.00056325237,0.0092493715,0.013872583,-0.2170451,-0.15259781,0.24143302,0.2947336,0.002408248,2.4047158e-05,-0.016474351,1.3969838619232178e-08,1.3969838619232178e-08,15.0
17_1407_5,2023-10-01,0.0,0.0,73.32770337401519,-1041.27587890625,2489.3028622149295,447.8310560440441,15164.7020553661,78.56525334845998,8394.185427901186,3757.567094854028,10901.185371458207,3569.6887401113263,6734.873284740285,1257.9032737260602,73.23353044822638,-183.04204,-265.3808,869.0641,3912.2168,-87.67516,-346.89655,-2491.8672,-1985.1814,1129.7959,1594.9529,86.311775,-0.0019570384,427.81055,0.00012005406460957602,0.00012005406460957602,0.00012005406460957602
17_1407_5,2023-11-01,0.0,0.0,73.32770337401519,-202.77574157714844,4120.073770405284,20898.762205365576,39067.23983874815,82.5459974742211,8394.185427901186,3757.567094854028,10901.185371458207,3569.6887401113263,6734.873284740285,1257.9032737260602,73.23353044822638,-251.70467,-403.2572,858.78076,97.160515,2.3061938,182.92441,-2429.573,-1654.325,1690.7312,2238.8855,243.82956,-0.00033126815,94.03418,0.00012005406460957602,0.00012005406460957602,0.00012005406460957602
17_1407_5,2023-12-01,0.0,0.0,73.32770337401519,-1017.67919921875,5188.4105306152105,21316.71503032134,39403.71267129534,86.5267415999822,8394.185427901186,3757.567094854028,10901.185371458207,3569.6887401113263,6734.873284740285,1257.9032737260602,73.23353044822638,-203.55592,19.682384,864.35455,-4431.814,121.77124,-208.16962,-2108.8062,-1588.5593,1704.3933,2827.0244,331.32755,-0.00044494183,-726.3203,0.00012005406460957602,0.00012005406460957602,0.00012005406460957602
17_1407_5,2024-01-01,0.0,0.0,73.32770337401519,-393.8188171386719,5888.290217874517,33301.04554466921,45276.89394721769,90.50748572574332,8394.185427901186,3757.567094854028,10901.185371458207,3569.6887401113263,6734.873284740285,1257.9032737260602,73.23353044822638,-133.95308,19.205322,864.80255,-17707.182,252.88838,23.654198,-2043.8312,-1449.5955,1572.8069,2327.066,231.15689,2.4047158e-05,-246.90625,0.00012005406460957602,0.00012005406460957602,0.00012005406460957602
17_1407_73,2023-10-01,0.0,0.0,3.5499488380826447e-48,154.5439910888672,1900.4492961404685,-11583.977319105454,-16177.787639862549,3.5499488024788945e-22,1810.5599147122607,9065.24218074143,14965.878175833688,8611.980071704358,1035.9747419128003,4.0625940376033896,3.5770022924797467e-22,54.714485,447.5384,854.692,-1345.2009,118.12965,136.59265,-2836.7275,-1736.0388,1941.8546,2580.7163,369.01276,-0.0019570384,-0.0013074143,9.446135663893074e-05,9.446135663893074e-05,9.446135663893074e-05
17_1407_73,2023-11-01,0.0,0.0,3.5499488380826447e-48,-0.05896929278969765,3165.7247279245744,-12591.297713883321,-16693.22942672559,3.5499488024788945e-22,1810.5599147122607,9065.24218074143,14965.878175833688,8611.980071704358,1035.9747419128003,4.0625940376033896,3.5770022924797467e-22,46.156124,-166.3179,839.9287,3631.5137,178.90315,157.09464,-2510.1392,-1656.0752,2160.1746,2713.1367,334.44083,-0.00033126815,-0.010178814,9.446135663893074e-05,9.446135663893074e-05,9.446135663893074e-05
17_1407_73,2023-12-01,0.0,0.0,3.5499488380826447e-48,0.1263056993484497,4008.116009569231,-7301.722385667377,-16982.22619534818,3.5499488024788945e-22,1810.5599147122607,9065.24218074143,14965.878175833688,8611.980071704358,1035.9747419128003,4.0625940376033896,3.5770022924797467e-22,-70.69327,126.49688,842.5919,-10326.558,233.04135,252.51059,-1533.6411,-1150.2483,2116.2012,4018.5454,351.60852,-0.00044494183,-0.0022766462,9.446135663893074e-05,9.446135663893074e-05,9.446135663893074e-05
17_1407_73,2024-01-01,0.0,0.0,3.5499488380826447e-48,0.03904706612229347,4568.960750220143,-10689.704447789894,-23157.825283008537,3.5499488024788945e-22,1810.5599147122607,9065.24218074143,14965.878175833688,8611.980071704358,1035.9747419128003,4.0625940376033896,3.5770022924797467e-22,-219.19392,-40.87609,840.9985,-12869.546,277.79248,180.6069,-2341.6863,-1477.9437,2222.6982,3189.8445,397.61777,2.4047158e-05,-0.016474351,9.446135663893074e-05,9.446135663893074e-05,9.446135663893074e-05
17_1408_16,2023-10-01,0.0,0.0,228.80399707453233,50.24052047729492,242.27763049392246,-4.035756110513518,-536.0824041314817,-0.0091779375218159,189.10574603878266,1607.3057280414234,1607.3057280414234,1526.9404416393522,119.59118586475525,0.009197077148674527,40.258792791449466,-0.0024689105,0.002335506,0.09430316,0.0027159478,0.0040304437,0.01057929,-0.3174147,-0.17180783,0.19276586,0.23616016,-0.00017725787,-0.0019570384,-0.0013074143,3.2076859497465193e-06,3.2076859497465193e-06,3.2076859497465193e-06
17_1408_16,2023-11-01,0.0,0.0,228.80399707453233,48.86359405517578,230.1029255678459,47.26823026691293,-727.926201277028,-0.0091779375218159,189.10574603878266,1607.3057280414234,1607.3057280414234,1526.9404416393522,119.59118586475525,0.009197077148674527,40.258792791449466,0.00047200356,-0.010625879,0.09177589,0.0038856715,0.0060206745,0.030726368,-0.24907261,-0.19969003,0.1735172,0.24288766,0.002405007,-0.00033126815,-0.010178814,3.2076859497465193e-06,3.2076859497465193e-06,3.2076859497465193e-06
17_1408_16,2023-12-01,0.0,0.0,228.80399707453233,50.2596549987793,230.7147172538338,-125.65940697667318,-734.3360184291234,-0.0091779375218159,189.10574603878266,1607.3057280414234,1607.3057280414234,1526.9404416393522,119.59118586475525,0.009197077148674527,40.258792791449466,0.0026063903,-0.017958699,0.09161402,0.1326086,0.007780593,-0.01784329,-0.26101884,-0.2095828,0.16315906,0.2468174,0.000515223,-0.00044494183,-0.0022766462,3.2076859497465193e-06,3.2076859497465193e-06,3.2076859497465193e-06
17_1408_16,2024-01-01,0.0,0.0,228.80399707453233,52.204166412353516,230.68397408023603,-306.3712815602729,-643.5505112602203,-0.0091779375218159,189.10574603878266,1607.3057280414234,1607.3057280414234,1526.9404416393522,119.59118586475525,0.009197077148674527,40.258792791449466,0.00073333527,-0.029180804,0.09117099,-0.00056325237,0.0092493715,0.007956529,-0.26986158,-0.2048798,0.13970491,0.174356,0.002408248,2.4047158e-05,-0.016474351,3.2076859497465193e-06,3.2076859497465193e-06,3.2076859497465193e-06
17_1500_15,2023-10-01,0.0,0.0,310.32607029574814,-155.0432891845703,331.3843315907345,6596.095657000532,6596.971534383935,201.17370963721152,489.2423854692494,659.6756736886028,659.6756736886028,626.6918900041727,263.07210198821883,1.6105363127163155,59.09395351765479,13.126888,-0.227023,100.33053,852.85565,7.805781,1.4413645,-408.57574,-256.56836,161.9453,219.41783,6.6151476,-0.0019570384,-0.0013074143,4.388363322505029e-06,4.388363322505029e-06,4.388363322505029e-06
17_1500_15,2023-11-01,0.0,0.0,310.32607029574814,-173.04690551757812,314.73220593627354,0.053246449087396286,0.21672705379194213,192.60649827382923,489.2423854692494,659.6756736886028,659.6756736886028,626.6918900041727,263.07210198821883,1.6105363127163155,59.09395351765479,1.1716293,-46.55522,98.0365,-353.41177,11.786578,17.361553,-228.7089,-137.43489,202.90787,262.48178,-0.2413629,-0.00033126815,-0.010178814,4.388363322505029e-06,4.388363322505029e-06,4.388363322505029e-06
17_1500_15,2023-12-01,0.0,0.0,310.32607029574814,-148.14418029785156,315.56897841577154,0.824550989694103,0.4953709173785228,184.03928691044698,489.2423854692494,659.6756736886028,659.6756736886028,626.6918900041727,263.07210198821883,1.6105363127163155,59.09395351765479,11.365343,-19.786655,98.05764,-675.6474,15.264417,4.554899,-227.33034,-150.33,222.74664,313.1258,3.2486653,-0.00044494183,-0.0022766462,4.388363322505029e-06,4.388363322505029e-06,4.388363322505029e-06
17_1500_15,2024-01-01,0.0,0.0,310.32607029574814,-109.5484390258789,315.52693043961676,-0.807397984477916,-0.5171877242880782,175.4720755470647,489.2423854692494,659.6756736886028,659.6756736886028,626.6918900041727,263.07210198821883,1.6105363127163155,59.09395351765479,4.5677843,-34.18137,97.69942,1092.5079,18.071936,9.57729,-193.82243,-145.51746,160.32576,223.87161,-1.9967608,2.4047158e-05,-0.016474351,4.388363322505029e-06,4.388363322505029e-06,4.388363322505029e-06
17_1501_16,2023-10-01,0.0,0.0,2239.975098672787,1260.6925048828125,2210.4558257215936,-725.1714346863308,-4854.586839069616,4.558146759679891e-36,36.83665030038072,46159.31499454707,46159.314994547065,43851.349244819714,36.83665030038072,0.04402095317320544,4.649790223437622e-36,-0.0024689105,0.002335506,0.09430316,0.0027159478,0.0040304437,0.013838133,-0.23549171,-0.15913212,0.1840159,0.2658529,-0.00017725787,-0.0019570384,-0.0013074143,3.0706582037964836e-05,3.0706582037964836e-05,3.0706582037964836e-05
17_1501_16,2023-11-01,0.0,0.0,2239.975098672787,1268.7291259765625,2111.656123365726,970.5741172379935,-7191.785747937409,4.558146759679891e-36,36.83665030038072,46159.31499454707,46159.314994547065,43851.349244819714,36.83665030038072,0.04402095317320544,4.649790223437622e-36,0.00047200356,-0.010625879,0.09177589,0.0038856715,0.0060206745,0.007003669,-0.2769466,-0.19274348,0.2102652,0.26762807,0.002405007,-0.00033126815,-0.010178814,3.0706582037964836e-05,3.0706582037964836e-05,3.0706582037964836e-05
17_1501_16,2023-12-01,0.0,0.0,2239.975098672787,1260.542724609375,2116.07212710216,539.9927032910755,-6445.477843385512,4.558146759679891e-36,36.83665030038072,46159.31499454707,46159.314994547065,43851.349244819714,36.83665030038072,0.04402095317320544,4.649790223437622e-36,0.0026063903,-0.017958699,0.09161402,0.1326086,0.007780593,0.01314482,-0.23358734,-0.15258874,0.14478827,0.2853383,0.000515223,-0.00044494183,-0.0022766462,3.0706582037964836e-05,3.0706582037964836e-05,3.0706582037964836e-05
17_1501_16,2024-01-01,0.0,0.0,2239.975098672787,1250.70849609375,2115.8747470642124,16987.933303646707,15414.609540578913,4.558146759679891e-36,36.83665030038072,46159.31499454707,46159.314994547065,43851.349244819714,36.83665030038072,0.04402095317320544,4.649790223437622e-36,0.00073333527,-0.029180804,0.09117099,-0.00056325237,0.0092493715,0.0029538563,-0.23128936,-0.14706522,0.17387089,0.29110426,0.002408248,2.4047158e-05,-0.016474351,3.0706582037964836e-05,3.0706582037964836e-05,3.0706582037964836e-05
17_1504_2,2023-10-01,3978.5537086984705,3978.5537086984705,3978.5537086984705,3968.004150390625,3784.3987109622985,3977.801877297443,3978.6535832316085,4201.378074674583,3410.158275740966,886.7271865819415,3102.1988158896042,842.3908272528444,3655.018501239134,3976.611055520395,3978.5537086984705,4034.162,4064.9812,4096.5938,3898.612,4047.112,4103.8945,3049.101,3315.888,4834.6636,5055.4126,4109.489,3978.5518,3978.5525,3972.44287109375,2.9113209166098386e-05,3972.44287109375
17_1504_2,2023-11-01,3315.91097800677,3978.5537086984705,3978.5537086984705,3950.029296875,3609.6812880261687,7955.859662037111,7957.625821934046,4421.974196990935,3410.158275740966,886.7271865819415,3102.1988158896042,842.3908272528444,3655.018501239134,3976.611055520395,3978.5537086984705,4062.4832,3945.6643,4093.2046,3926.0757,4109.956,4112.092,3223.035,3404.1748,4760.333,4971.0117,2357.5498,3978.5535,3978.5435,3972.44287109375,2.9113209166098386e-05,3972.44287109375
17_1504_2,2023-12-01,3315.91097800677,3978.5537086984705,3978.5537086984705,3941.740234375,3452.45547239755,7956.4077581603215,7956.443295688256,4642.570319307286,3410.158275740966,886.7271865819415,3102.1988158896042,842.3908272528444,3655.018501239134,3976.611055520395,3978.5537086984705,4015.7097,3796.2803,4092.8872,5821.55,4173.747,4190.8574,2861.5508,3276.783,5053.032,5092.873,2310.6958,3978.5532,3978.5515,3972.44287109375,2.9113209166098386e-05,3972.44287109375
17_1504_2,2024-01-01,3315.91097800677,3978.5537086984705,3978.5537086984705,3925.805419921875,3310.9701145856884,7955.504694669614,7957.537774171392,4863.166441623637,3410.158275740966,886.7271865819415,3102.1988158896042,842.3908272528444,3655.018501239134,3976.611055520395,3978.5537086984705,3964.8015,3437.746,4092.2703,4010.4216,4230.685,4305.5127,3332.9084,3583.1064,4963.8237,5156.1934,2358.2573,3978.5537,3978.5374,3972.44287109375,2.9113209166098386e-05,3972.44287109375
17_1507_16,2023-10-01,0.0,0.0,3.461572900325979e-17,-118.59622192382812,883.5512927048644,2112.3014703510717,6500.087043888521,-248.07766340949433,1228.5798772189742,7298.206166077149,7309.677286205603,6933.295857773291,1228.5798772189742,180.32387362026145,1.4764179532087038e-05,13.92334,-86.788574,-358.98145,-215.81738,28.686523,13.72738,-1225.1776,-922.52484,558.07886,839.12146,88.52588,-0.0019570384,627.49304,7.72153289290145e-05,7.72153289290145e-05,7.72153289290145e-05
17_1507_16,2023-11-01,0.0,0.0,3.461572900325979e-17,2.8036110401153564,1600.8878209548907,3207.751370107101,7838.445143471352,-493.6745505277255,1228.5798772189742,7298.206166077149,7309.677286205603,6933.295857773291,1228.5798772189742,180.32387362026145,1.4764179532087038e-05,9.572754,-75.83057,-330.97803,792.92334,31.903809,-30.809746,-1028.8527,-766.35443,694.42975,987.70264,137.125,-0.00033126815,485.47314,7.72153289290145e-05,7.72153289290145e-05,7.72153289290145e-05
17_1507_16,2023-12-01,0.0,0.0,3.461572900325979e-17,-92.74476623535156,2183.2781122830993,4682.164022675486,9097.554836190156,-739.2714376459567,1228.5798772189742,7298.206166077149,7309.677286205603,6933.295857773291,1228.5798772189742,180.32387362026145,1.4764179532087038e-05,15.629883,-125.24951,-329.09717,2342.4138,20.444824,-27.432251,-1051.5349,-849.47186,583.881,790.1655,128.32324,-0.00044494183,490.51147,7.72153289290145e-05,7.72153289290145e-05,7.72153289290145e-05
17_1507_16,2024-01-01,9710.368373772537,0.0,3.461572900325979e-17,-16.343210220336914,2656.108420061787,3615.363311380324,5465.762653062359,-984.8683247641878,1228.5798772189742,7298.206166077149,7309.677286205603,6933.295857773291,1228.5798772189742,180.32387362026145,1.4764179532087038e-05,-3.293457,-85.13916,-331.85938,-1850.0532,9.19043,53.302032,-1191.8961,-786.72144,745.93994,983.0015,117.725586,2.4047158e-05,758.9857,7.72153289290145e-05,7.72153289290145e-05,7.72153289290145e-05
17_1600_16,2023-10-01,0.0,0.0,0.0,0.0,0.0,0.0,0.0,0.0,0.0,0.0,0.0,0.0,0.0,0.0,0.0,-0.0024689105,0.002335506,0.09430316,0.0027159478,0.0040304437,0.016729346,-0.2032946,-0.13651223,0.22435836,0.32060468,-0.00017725787,-0.0019570384,-0.0013074143,1.3969838619232178e-08,1.3969838619232178e-08,1.3969838619232178e-08
17_1600_16,2023-11-01,26973.24548270149,0.0,0.0,0.0,0.0,0.0,0.0,0.0,0.0,0.0,0.0,0.0,0.0,0.0,0.0,0.00047200356,-0.010625879,0.09177589,0.0038856715,0.0060206745,0.008287722,-0.24946882,-0.1878773,0.16452585,0.24621658,0.002405007,-0.00033126815,-0.010178814,1.3969838619232178e-08,1.3969838619232178e-08,1.3969838619232178e-08
17_1600_16,2023-12-01,26973.24548270149,0.0,0.0,0.0,0.0,0.0,0.0,0.0,0.0,0.0,0.0,0.0,0.0,0.0,0.0,0.0026063903,-0.017958699,0.09161402,0.1326086,0.007780593,-0.002851421,-0.1930267,-0.17123437,0.21657775,0.28430536,0.000515223,-0.00044494183,-0.0022766462,1.3969838619232178e-08,1.3969838619232178e-08,1.3969838619232178e-08
17_1600_16,2024-01-01,26973.24548270149,0.0,0.0,0.0,0.0,0.0,0.0,0.0,0.0,0.0,0.0,0.0,0.0,0.0,0.0,0.00073333527,-0.029180804,0.09117099,-0.00056325237,0.0092493715,-0.00837646,-0.3431892,-0.22071922,0.20554,0.24068856,0.002408248,2.4047158e-05,-0.016474351,1.3969838619232178e-08,1.3969838619232178e-08,1.3969838619232178e-08
17_1608_74,2023-10-01,0.0,0.0,7.831232271803109e-26,-74.57331085205078,48.877927604837566,118.27927465942727,670.8040624907684,7.831232271821395e-12,173.50261969082672,202.36885400842027,524.1263546530195,192.25041130799926,117.14049571950991,6.094251188085343,7.865560202701134e-12,3.1703086,3.246987,23.276695,-146.88739,6.56843,3.6538317,-74.85007,-58.252926,44.702858,49.85301,22.596329,-0.0019570384,1.0058289,4.167658971709898e-06,4.167658971709898e-06,4.167658971709898e-06
17_1608_74,2023-11-01,0.0,0.0,7.831232271803109e-26,5.882779598236084,87.03261188487744,137.28649294946433,657.056483670319,7.831232271821395e-12,173.50261969082672,202.36885400842027,524.1263546530195,192.25041130799926,117.14049571950991,6.094251188085343,7.865560202701134e-12,2.293247,-8.8825865,23.103382,-311.24557,11.100657,13.081169,-52.608604,-35.71491,50.639336,63.230152,19.420818,-0.00033126815,-3.054428,4.167658971709898e-06,4.167658971709898e-06,4.167658971709898e-06
17_1608_74,2023-12-01,0.0,0.0,7.831232271803109e-26,-47.6611213684082,116.81660649854103,195.29991011166922,696.653591217537,7.831232271821395e-12,173.50261969082672,202.36885400842027,524.1263546530195,192.25041130799926,117.14049571950991,6.094251188085343,7.865560202701134e-12,-5.2709303,0.85620236,23.307005,-180.11589,15.5147505,13.30695,-73.380615,-39.125168,61.877792,82.8034,34.380688,-0.00044494183,-3.0196,4.167658971709898e-06,4.167658971709898e-06,4.167658971709898e-06
17_1608_74,2024-01-01,0.0,0.0,7.831232271803109e-26,-5.679623603820801,140.06634245850574,-33.600508209368144,243.1171224988179,7.831232271821395e-12,173.50261969082672,202.36885400842027,524.1263546530195,192.25041130799926,117.14049571950991,6.094251188085343,7.865560202701134e-12,-14.719446,-2.9076777,23.348824,-507.239,19.448668,18.855946,-23.787434,-12.128765,59.268417,74.33604,26.90038,2.4047158e-05,2.8347015,4.167658971709898e-06,4.167658971709898e-06,4.167658971709898e-06
17_1608_99,2023-10-01,797.5089581052075,797.5089581052075,797.5089581052076,798.4912719726562,731.3197410412533,790.5457713752693,707.4827868579719,842.2247504749436,506.72503051782843,101.02947612286098,322.12242705837025,95.97800231671793,641.3091533834606,813.938755288551,797.5089638883306,805.1478,797.2139,890.4294,718.465,809.684,807.79126,590.6992,633.49725,958.90607,994.6625,785.5663,797.507,799.70215,797.4885864257812,797.4885864257812,797.4885864257812
17_1608_99,2023-11-01,797.5089581052075,797.5089581052075,797.5089581052076,797.9362182617188,674.7109870500285,740.8432601966263,730.6823015756326,886.493379208684,506.72503051782843,101.02947612286098,322.12242705837025,95.97800231671793,641.3091533834606,813.938755288551,797.5089638883306,811.7502,792.3298,896.89526,690.0092,817.3898,799.04736,612.9599,645.78204,912.8747,1002.39746,794.2881,797.50867,803.9409,797.4885864257812,4609.2138671875,4.292664925742429e-06
17_1608_99,2023-12-01,797.5089581052075,797.5089581052075,797.5089581052076,798.0732421875,626.2959857765933,648.7424719844903,715.3885157663813,930.7620079424245,506.72503051782843,101.02947612286098,322.12242705837025,95.97800231671793,641.3091533834606,813.938755288551,797.5089638883306,792.164,767.8714,900.1735,532.4879,824.43353,817.4313,665.3304,710.6235,1012.70776,1051.1779,793.6267,797.50854,714.0572,797.4885864257812,4609.2138671875,4.292664925742429e-06
17_1608_99,2024-01-01,797.5089581052075,797.5089581052075,797.5089581052076,797.6567993164062,584.88874426285,862.996887767267,1074.249446632936,975.0306366761649,506.72503051782843,101.02947612286098,322.12242705837025,95.97800231671793,641.3091533834606,813.938755288551,797.5089638883306,787.1962,762.70776,901.65436,596.9335,830.4625,825.2621,421.07147,650.20886,997.2486,1132.3785,795.6214,797.509,482.67395,797.4885864257812,4609.2138671875,4.292664925742429e-06
17_1701_16,2023-10-01,0.0,0.0,6.91345051120609e-14,-314.5929870605469,654.7384902934464,59.18588865995662,42.04383302345195,-722.8065502818349,577.6210914599153,8106.338777449655,3482.249419969519,7701.021838577172,577.6210914599153,47.74901574827923,6.863020050507432e-06,61.18103,-15.391663,-60.477417,-1560.0356,-8.271973,1.6537457,-139.53961,-105.952576,108.10436,150.50269,-284.3521,-0.0019570384,-5.4238815,0.00010350305092288181,0.00010350305092288181,0.00010350305092288181
17_1701_16,2023-11-01,0.0,0.0,6.91345051120609e-14,13.62842082977295,1247.828046921053,89.22082216028866,30.295019275537925,-1438.3850418374013,577.6210914599153,8106.338777449655,3482.249419969519,7701.021838577172,577.6210914599153,47.74901574827923,6.863020050507432e-06,83.34717,-227.41858,-57.46289,-1172.2874,-11.662659,-32.149006,-210.42772,-166.07753,73.97929,122.36358,-421.75342,-0.00033126815,-11.329102,0.00010350305092288181,0.00010350305092288181,0.00010350305092288181
17_1701_16,2023-12-01,0.0,0.0,6.91345051120609e-14,-227.44544982910156,1785.0734164778032,59.381974800736316,31.176768710464785,-2153.9635333929673,577.6210914599153,8106.338777449655,3482.249419969519,7701.021838577172,577.6210914599153,47.74901574827923,6.863020050507432e-06,-138.50366,58.737915,-57.524292,-560.3641,-13.611938,-14.474377,-194.88292,-132.60464,86.60113,142.69284,-187.54071,-0.00044494183,-9.939819,0.00010350305092288181,0.00010350305092288181,0.00010350305092288181
17_1701_16,2024-01-01,0.0,0.0,6.91345051120609e-14,-38.38499069213867,2271.732781635699,-12375.22782505773,-12435.641712062927,-2869.542024948534,577.6210914599153,8106.338777449655,3482.249419969519,7701.021838577172,577.6210914599153,47.74901574827923,6.863020050507432e-06,-488.51837,-386.2116,-58.455627,-2184.9941,-11.176941,-21.523314,-141.334,-106.306335,87.46329,120.45347,-345.8294,2.4047158e-05,-19.26294,0.00010350305092288181,0.00010350305092288181,0.00010350305092288181
17_1702_99,2023-10-01,0.0,0.0,0.4702271634252475,2325.971435546875,233.58474569249026,-172.22062464427344,807.9046851432283,680.9231054822819,258.2938007241656,258.2938007241656,258.2938007241656,245.37911068795728,269.33084449223344,290.58052581468627,45.137552769390254,15.62735,4.343032,70.794014,947.94464,24.591953,27.60119,-140.71272,-108.97692,214.434,314.3354,-6.507563,2432.355,-50.46295,3.0928481464798097e-06,3.0928481464798097e-06,3.0928481464798097e-06
17_1702_99,2023-11-01,0.0,0.0,0.4702271634252475,1989.7408447265625,221.84690687585166,-210.45042858520114,884.6877193903794,723.1891237306328,258.2938007241656,258.2938007241656,258.2938007241656,245.37911068795728,269.33084449223344,290.58052581468627,45.137552769390254,35.98849,-15.316616,69.10027,231.20432,36.127472,22.672424,-165.54752,-117.76067,149.84236,208.21602,-1.3069494,662.1255,-115.10748,3.0928481464798097e-06,3.0928481464798097e-06,3.0928481464798097e-06
17_1702_99,2023-12-01,0.0,0.0,0.4702271634252475,2530.969482421875,222.43674359518423,-1.870168471970942,1036.273984482796,765.4551419789838,258.2938007241656,258.2938007241656,258.2938007241656,245.37911068795728,269.33084449223344,290.58052581468627,45.137552769390254,48.63831,-21.042908,69.0909,497.29468,40.961906,57.672836,-136.69814,-107.58113,167.8587,221.34047,-0.042292472,447.42432,-109.58087,3.0928481464798097e-06,3.0928481464798097e-06,3.0928481464798097e-06
17_1702_99,2024-01-01,5391.0526638092715,0.0,0.4702271634252475,3219.41455078125,222.40710378150916,-158.294406453184,960.8441773906944,807.7211602273346,258.2938007241656,258.2938007241656,258.2938007241656,245.37911068795728,269.33084449223344,290.58052581468627,45.137552769390254,41.25792,-23.563883,68.84019,1088.845,42.44042,41.34102,-166.3592,-97.26685,207.1488,260.75955,0.98562723,1489.641,-131.789,3.0928481464798097e-06,3.0928481464798097e-06,3.0928481464798097e-06
17_1705_15,2023-10-01,0.0,0.0,6.781973022541345e-25,70.94793701171875,353.08325616854086,-710.9815415715404,1488.8245883158565,6.781966240561987e-11,366.2422874550076,684.3565108510506,1061.3292678366995,650.1386853084981,570.3792595973835,46.36114370872791,6.809747358520456e-11,34.206676,-25.031496,163.27129,-1917.4889,28.272345,27.741753,-459.41608,-352.50888,365.7228,401.50168,-13.099322,-0.0019570384,8.710449,1.3534724530472886e-05,1.3534724530472886e-05,1.3534724530472886e-05
17_1705_15,2023-11-01,0.0,0.0,6.781973022541345e-25,120.1378402709961,560.1042932420978,-729.0434466469043,1355.8321731573965,6.781966240561987e-11,366.2422874550076,684.3565108510506,1061.3292678366995,650.1386853084981,570.3792595973835,46.36114370872791,6.809747358520456e-11,-12.360309,-114.946266,160.41121,-725.50665,47.905987,46.65586,-286.28842,-216.2831,386.42966,694.3068,-5.200121,-0.00033126815,-26.451904,1.3534724530472886e-05,1.3534724530472886e-05,1.3534724530472886e-05
17_1705_15,2023-12-01,0.0,0.0,6.781973022541345e-25,90.363037109375,681.4856078251755,5936.488492959808,8266.76625386292,6.781966240561987e-11,366.2422874550076,684.3565108510506,1061.3292678366995,650.1386853084981,570.3792595973835,46.36114370872791,6.809747358520456e-11,-22.511261,-60.259518,160.90822,-552.1523,67.126144,124.15551,-500.70663,-193.77681,391.1852,745.3346,2.032372,-0.00044494183,-26.15039,1.3534724530472886e-05,1.3534724530472886e-05,1.3534724530472886e-05
17_1705_15,2024-01-01,0.0,0.0,6.781973022541345e-25,74.76448059082031,752.6543341449124,4046.857262209583,5238.177330415989,6.781966240561987e-11,366.2422874550076,684.3565108510506,1061.3292678366995,650.1386853084981,570.3792595973835,46.36114370872791,6.809747358520456e-11,0.7779047,83.223595,160.61977,-4455.212,84.23412,66.318825,-197.48683,-124.43702,403.0877,485.34616,9.544457,2.4047158e-05,24.54895,1.3534724530472886e-05,1.3534724530472886e-05,1.3534724530472886e-05
17_1706_16,2023-10-01,0.0,0.0,3.5982309473730025e-68,0.09454454481601715,0.659262802776686,1.1278642903053835,-5.437720587398536,-0.398660062694306,0.03765342161791161,19.780380020647762,17.54304174291215,18.791361019615373,0.03765342161791161,9.603511473536705e-05,3.812876468096308e-34,-0.0024689105,0.002335506,0.09430316,0.0027159478,0.0040304437,-0.0048723216,-0.3108737,-0.2419337,0.13460328,0.1688208,-0.00017725787,-0.0019570384,-0.0025472068,4.545667309230339e-08,4.545667309230339e-08,4.545667309230339e-08
17_1706_16,2023-11-01,0.0,0.0,3.5982309473730025e-68,-0.0024102539755403996,1.254558588623575,1.9269532171680877,-5.676939889991154,-0.793333524735566,0.03765342161791161,19.780380020647762,17.54304174291215,18.791361019615373,0.03765342161791161,9.603511473536705e-05,3.812876468096308e-34,0.00047200356,-0.010625879,0.09177589,0.0038856715,0.0060206745,0.0065865153,-0.18622701,-0.16511357,0.11656832,0.22571026,0.002405007,-0.00033126815,-0.014978557,4.545667309230339e-08,4.545667309230339e-08,4.545667309230339e-08
17_1706_16,2023-12-01,0.0,0.0,3.5982309473730025e-68,0.0718095526099205,1.792093955634269,1.5423246347955213,-5.883503651557539,-1.188006986776826,0.03765342161791161,19.780380020647762,17.54304174291215,18.791361019615373,0.03765342161791161,9.603511473536705e-05,3.812876468096308e-34,0.0026063903,-0.017958699,0.09161402,0.1326086,0.007780593,-0.010074045,-0.15666103,-0.12244361,0.17145868,0.26030558,0.000515223,-0.00044494183,-0.007359303,4.545667309230339e-08,4.545667309230339e-08,4.545667309230339e-08
17_1706_16,2024-01-01,0.0,0.0,3.5982309473730025e-68,0.012518957257270813,2.277473287483997,6.291037339383431,-0.09555919111210276,-1.582680448818086,0.03765342161791161,19.780380020647762,17.54304174291215,18.791361019615373,0.03765342161791161,9.603511473536705e-05,3.812876468096308e-34,0.00073333527,-0.029180804,0.09117099,-0.00056325237,0.0092493715,0.03513913,-0.18698683,-0.10591483,0.19662404,0.26181796,0.002408248,2.4047158e-05,-0.020448271,4.545667309230339e-08,4.545667309230339e-08,4.545667309230339e-08
17_1708_14,2023-10-01,0.0,2691.684687851262,16660.856501328548,2030.028076171875,5180.533954912955,14226.663093836421,21285.491965187608,25147.536748510116,10081.941289741575,5502.932377407819,7430.83001536807,5227.785758537428,11426.45443455313,10456.8529425063,16705.51304550837,447.3116,-498.77896,1579.4039,1910.1796,3864.8232,3964.688,-4373.2056,-2264.7896,7307.468,9227.31,168.31863,-5463.623,2419.9414,0.00012723321560770273,0.00012723321560770273,0.00012723321560770273
17_1708_14,2023-11-01,0.0,0.0,16660.856501328548,90.5519790649414,7254.200876426426,11904.356990812877,19735.267256422878,26655.565095310227,10081.941289741575,5502.932377407819,7430.83001536807,5227.785758537428,11426.45443455313,10456.8529425063,16705.51304550837,521.2235,-1243.1643,1546.0732,26218.832,3231.2456,3129.3523,-928.0749,510.58557,6027.723,7432.6353,657.19196,-964.1827,1947.7402,0.00012723321560770273,0.00012723321560770273,0.00012723321560770273
17_1708_14,2023-12-01,59945.3407607558,0.0,16660.856501328548,56.40083312988281,8084.249388568917,4202.414602665227,20813.17894162395,28163.593442110337,10081.941289741575,5502.932377407819,7430.83001536807,5227.785758537428,11426.45443455313,10456.8529425063,16705.51304550837,89.06363,-662.69495,1548.6421,26189.504,2934.0151,2413.4077,-3296.6409,-584.47626,5394.113,6385.792,701.41046,-1200.1791,1101.0742,0.00012723321560770273,18228.76953125,18228.76953125
17_1708_14,2024-01-01,0.0,0.0,16660.856501328548,18.099458694458008,8416.501654042251,18548.199183910383,31737.595601662855,29671.62178891045,10081.941289741575,5502.932377407819,7430.83001536807,5227.785758537428,11426.45443455313,10456.8529425063,16705.51304550837,49.343548,-496.88837,1545.2532,30209.643,2841.4407,2637.7886,-247.13197,850.5084,5417.1343,6074.5366,743.75757,52.695454,384.22852,0.00012723321560770273,0.00012723321560770273,0.00012723321560770273
18_1000_15,2023-10-01,2887758.35870257,2887758.35870257,2876524.2069989624,2803842.0,2702734.5563026797,2555985.531715323,1406522.9797753105,3022111.9272014205,909371.1804572861,194963.36765791848,532662.5438408572,185215.19927502255,1457286.3542272947,2696624.3396756966,2876388.05637525,2907130.5,2856094.2,2868301.0,2003939.1,2844887.5,2812061.0,1382869.5,2072165.4,3669425.5,4278616.0,2850780.2,2801142.5,2425568.2,2740798.5,2900715.75,2811872.75
18_1000_15,2023-11-01,4575672.132355409,2887758.35870257,2876524.2069989624,3217615.5,2532713.4029197744,2732240.6080787033,1515335.1005079811,3157514.424757728,909371.1804572861,194963.36765791848,532662.5438408572,185215.19927502255,1457286.3542272947,2696624.3396756966,2876388.05637525,2890840.2,2789351.0,2811067.5,819328.9,2779083.8,2852483.8,2051863.0,2233975.0,3377258.0,3576429.8,2846432.0,2847753.0,2187234.5,2674166.5,2896273.5,2731914.25
18_1000_15,2023-12-01,4823309.902699361,2887758.35870257,2876524.2069989624,3208456.0,2376478.4092448717,2512339.4027855475,1601506.4632746622,3292916.9223140352,909371.1804572861,194963.36765791848,532662.5438408572,185215.19927502255,1457286.3542272947,2696624.3396756966,2876388.05637525,2874388.0,2856695.5,2791898.2,1505367.9,2696491.2,2654470.2,1624730.1,1970875.5,3179097.0,3416644.8,2826259.0,2884166.2,2012393.0,2656398.0,2905157.75,2736356.5
18_1000_15,2024-01-01,1939161.4633505584,2887758.35870257,2876524.2069989624,3585141.0,2232911.724965155,2781292.8900611466,2269697.705435462,3428319.4198703426,909371.1804572861,194963.36765791848,532662.5438408572,185215.19927502255,1457286.3542272947,2696624.3396756966,2876388.05637525,2854702.2,2861324.8,2784992.0,1310929.9,2614219.5,2668949.2,2217491.0,2276736.5,3187756.2,3512526.0,2841482.2,2901763.5,978294.8,2665282.25,2905157.75,2745240.75
18_1000_26,2023-10-01,0.0,0.0,2696.090466486849,575.0570678710938,2995.732484057929,292.4758731039641,-6950.451463707057,-2228.6496089926986,811.886291492569,13412.125206208046,12245.879184057892,12741.518945897642,857.1157833370735,0.24174610748036585,904.229455807359,-0.0024689105,0.002335506,0.09430316,0.0027159478,22.562256,-16.149298,-1027.8596,-749.32513,811.74567,1041.7968,-0.00017725787,-0.0019570384,-0.0025472068,3.7473044358193874e-05,28200.86328125,3.7473044358193874e-05
18_1000_26,2023-11-01,0.0,0.0,2696.090466486849,563.6737670898438,2677.029315364588,-1176.5750011957766,-7530.858627262722,-2658.932891232278,811.886291492569,13412.125206208046,12245.879184057892,12741.518945897642,857.1157833370735,0.24174610748036585,904.229455807359,0.00047200356,-0.010625879,0.09177589,0.0038856715,33.118885,9.139569,-1111.2657,-774.72974,866.1027,1114.925,0.002405007,-0.00033126815,-0.014978557,3.7473044358193874e-05,28181.1953125,3.7473044358193874e-05
18_1000_26,2023-12-01,0.0,0.0,2696.090466486849,575.3618774414062,2710.9347826503686,1452.6268161103476,-8179.651536368764,-3089.2161734718584,811.886291492569,13412.125206208046,12245.879184057892,12741.518945897642,857.1157833370735,0.24174610748036585,904.229455807359,0.0026063903,-0.017958699,0.09161402,0.1326086,42.11104,96.49033,-1001.5192,-725.51434,739.9466,1023.15265,0.000515223,-0.00044494183,-0.007359303,3.7473044358193874e-05,3.7473044358193874e-05,28161.53125
18_1000_26,2024-01-01,0.0,0.0,2696.090466486849,591.7590942382812,2707.3277249716502,-1820.6778624227059,-9574.918257914363,-3519.4994557114387,811.886291492569,13412.125206208046,12245.879184057892,12741.518945897642,857.1157833370735,0.24174610748036585,904.229455807359,0.00073333527,-0.029180804,0.09117099,-0.00056325237,49.180763,26.156445,-1123.5812,-618.04865,779.7148,961.93964,0.002408248,2.4047158e-05,-0.020448271,3.7473044358193874e-05,3.7473044358193874e-05,3.7473044358193874e-05
18_1100_73,2023-10-01,0.0,1.7881352515689504e-92,-18286.287644791664,-466.6895446777344,20205.76652783388,-13289.536211077479,-11345.911761309166,-18042.78910420805,4193.515128532371,79489.5320728509,79489.42595268722,75515.05546920835,4193.515128532371,273.9054377991811,569.9895866207347,841.2024,28.69309,2411.3374,-6770.0186,-478.21094,-1069.5226,-20593.71,-13445.917,12313.321,17029.717,-40.439953,-0.0019570384,-0.0025472068,0.0007341175223700702,68577.21875,0.0007341175223700702
18_1100_73,2023-11-01,0.0,1.7881352515689504e-92,-24731.41297642418,-50.54237365722656,32394.46101003955,-11819.824905487636,-11372.898556098995,-24474.778968631606,4193.515128532371,79489.5320728509,79489.42595268722,75515.05546920835,4193.515128532371,273.9054377991811,569.9895866207347,1340.5974,-1479.4779,2391.1682,-19483.48,-380.3789,-744.08344,-14881.128,-9106.374,7280.7573,10276.189,-520.31995,-0.00033126815,-0.014978557,0.0007341175223700702,65880.359375,0.0007341175223700702
18_1100_73,2023-12-01,0.0,1.7881352515689504e-92,-31176.538308056697,-428.32958984375,39747.02904926244,-6354.929264665101,-8121.609720352091,-30906.768833055146,4193.515128532371,79489.5320728509,79489.42595268722,75515.05546920835,4193.515128532371,273.9054377991811,569.9895866207347,905.0589,186.89922,2410.934,-21094.49,198.625,-613.6304,-15981.174,-11505.368,9995.446,14196.22,491.93497,-0.00044494183,-0.007359303,0.0007341175223700702,66650.890625,0.0007341175223700702
18_1100_73,2024-01-01,0.0,1.7881352515689504e-92,-37621.66363968921,-130.95916748046875,44182.307729052525,-39794.029191689304,-48941.29010186936,-37338.7586974787,4193.515128532371,79489.5320728509,79489.42595268722,75515.05546920835,4193.515128532371,273.9054377991811,569.9895866207347,645.94165,-1106.8844,2414.278,-36795.75,1357.9609,2502.6733,-8009.558,-6865.484,11755.491,15304.8545,29.90616,2.4047158e-05,-0.020448271,0.0007341175223700702,65495.09375,0.0007341175223700702
18_1100_99,2023-10-01,65956.7780706672,66800.141546093,66800.24315792166,65447.11328125,62617.195378123244,64983.34750872996,60652.78764462788,70560.00604814927,41091.86963466573,9496.079411619274,32654.497634243064,9021.27544103831,52006.26945683735,67102.8951537883,66810.43003332806,67687.516,65931.39,70953.8,55697.453,66313.24,65518.78,49403.97,53163.016,75603.31,79927.59,66440.54,66981.99,65524.68,65801.4140625,68070.4375,65990.5
18_1100_99,2023-11-01,66400.03840476627,66800.141546093,66800.24315792166,65338.95703125,58898.909412246256,65564.97094473263,61282.47813051545,74272.09027957208,41091.86963466573,9496.079411619274,32654.497634243064,9021.27544103831,52006.26945683735,67102.8951537883,66810.43003332806,67831.13,65493.96,70712.945,38340.637,65642.65,65082.234,49381.1,53064.37,73439.37,84597.58,66462.266,66821.84,64058.7,65612.3359375,66935.921875,63721.48828125
18_1100_99,2023-12-01,65155.67267983097,66800.141546093,66800.24315792166,64089.6953125,55593.66713351324,63073.99473624806,62352.323206585716,77984.17451099488,41091.86963466573,9496.079411619274,32654.497634243064,9021.27544103831,52006.26945683735,67102.8951537883,66810.43003332806,66448.88,63207.152,70623.62,23200.012,65008.844,65530.086,52554.906,56021.305,81930.055,89326.85,66278.4,66847.98,62641.227,65801.4140625,66368.671875,64855.99609375
18_1100_99,2024-01-01,65851.58241328468,66800.141546093,66800.24315792166,63755.52734375,52655.5858182566,85284.6716426684,92293.4021637834,81696.25874241769,41091.86963466573,9496.079411619274,32654.497634243064,9021.27544103831,52006.26945683735,67102.8951537883,66810.43003332806,66250.016,63708.312,70589.01,10564.559,64419.92,65490.2,43490.133,50815.81,85847.15,92470.61,66518.78,67009.875,61178.516,65612.3359375,66746.8359375,64099.66015625
18_1101_16,2023-10-01,160.94036471345225,160.94036471345225,160.94036471345225,160.11363220214844,152.67767828864095,160.9169795258009,160.94038128039676,169.9540509303391,133.8901837304462,30.587575724374325,111.46093257140998,29.058196938155607,145.14203378125504,160.78319638853677,160.94036471345225,164.17159,166.66243,165.93422,148.02536,163.79709,165.80437,108.6849,126.7398,201.71524,218.27797,157.94405,160.93842,160.93782,160.69314575195312,160.69314575195312,160.69314575195312
18_1101_16,2023-11-01,160.94036471345225,160.94036471345225,160.94036471345225,159.8785858154297,145.24219172745308,160.91731129185519,160.94067627762522,178.87760028505704,133.8901837304462,30.587575724374325,111.46093257140998,29.058196938155607,145.14203378125504,160.78319638853677,160.94036471345225,164.29825,162.98964,165.78867,194.42012,166.41283,166.7513,130.65451,137.17747,197.56146,210.09547,73.094696,160.94003,160.92538,160.69314575195312,160.69314575195312,1.0706243074309896e-06
18_1101_16,2023-12-01,160.94036471345225,160.94036471345225,160.94036471345225,159.22325134277344,138.55109181646165,321.8462620523592,321.88186678309296,187.80114963977502,133.8901837304462,30.587575724374325,111.46093257140998,29.058196938155607,145.14203378125504,160.78319638853677,160.94036471345225,159.80365,154.24669,165.77419,205.56642,169.06543,171.59338,117.56783,130.16638,198.13121,205.52469,72.09783,160.93993,160.93301,160.69314575195312,160.69314575195312,1.0706243074309896e-06
18_1101_16,2024-01-01,160.94036471345225,160.94036471345225,160.94036471345225,158.90538024902344,132.52985599679562,321.829032599947,321.88164121213816,196.724698994493,133.8901837304462,30.587575724374325,111.46093257140998,29.058196938155607,145.14203378125504,160.78319638853677,160.94036471345225,156.71593,137.85141,165.74757,165.85832,171.42863,170.27121,128.29326,141.05829,204.18126,227.241,74.901,160.9404,160.91992,160.69314575195312,160.69314575195312,1.0706243074309896e-06
18_1102_14,2023-10-01,0.0,0.0,-237.51977228174076,-17.040409088134766,994.8052577799444,1683.4255096230568,-11915.340915121902,5.4205341200878756e-05,52.5041543543395,36381.51350706778,32238.510613111648,34562.437831714386,52.5041543543395,0.11112634705092472,2.606650302749801e-32,-0.0024689105,0.002335506,0.09430316,0.0027159478,0.0040304437,0.022826638,-0.24677795,-0.1648881,0.22764206,0.26531136,-0.00017725787,-0.0019570384,-0.0025472068,6.028990901540965e-05,6.028990901540965e-05,6.028990901540965e-05
18_1102_14,2023-11-01,0.0,0.0,-355.17532040944616,-0.3053530752658844,1910.24963183211,2796.6663518893274,-12099.835216269721,5.4205341200878756e-05,52.5041543543395,36381.51350706778,32238.510613111648,34562.437831714386,52.5041543543395,0.11112634705092472,2.606650302749801e-32,0.00047200356,-0.010625879,0.09177589,0.0038856715,0.0060206745,0.011502994,-0.19975314,-0.1459199,0.13789752,0.16011614,0.002405007,-0.00033126815,-0.014978557,6.028990901540965e-05,6.028990901540965e-05,6.028990901540965e-05
18_1102_14,2023-12-01,0.0,0.0,-449.3017427669788,-14.050867080688477,2752.6641601328247,2200.6340909990904,-11315.491729288882,5.4205341200878756e-05,52.5041543543395,36381.51350706778,32238.510613111648,34562.437831714386,52.5041543543395,0.11112634705092472,2.606650302749801e-32,0.0026063903,-0.017958699,0.09161402,0.1326086,0.007780593,0.0032669697,-0.22020403,-0.15178034,0.19785441,0.24358924,0.000515223,-0.00044494183,-0.007359303,6.028990901540965e-05,38854.1328125,6.028990901540965e-05
18_1102_14,2024-01-01,0.0,0.0,-524.6044677707504,-3.0608606338500977,3527.8748202309725,13056.599040871142,4611.7076893395515,5.4205341200878756e-05,52.5041543543395,36381.51350706778,32238.510613111648,34562.437831714386,52.5041543543395,0.11112634705092472,2.606650302749801e-32,0.00073333527,-0.029180804,0.09117099,-0.00056325237,0.0092493715,0.01893802,-0.19928285,-0.13312191,0.24000612,0.2833089,0.002408248,2.4047158e-05,-0.020448271,6.028990901540965e-05,25881.662109375,6.028990901540965e-05
18_1102_16,2023-10-01,0.0,0.0,9.890190010317329e-20,-0.4928937554359436,0.7627347515227854,0.9767742352867899,3.644995666788618,-0.5173102197727285,1.6623016246540032,9.890190010323881,9.890190010323881,9.395680509807686,1.6623016246540032,0.3090684378226213,9.906949691465343e-10,-0.00013446808,-0.0007162094,0.026890755,3.3696337,0.021574974,0.07350363,-0.789658,-0.3776532,0.44401202,0.6460453,0.15118313,-0.0019570384,-0.01143837,1.0526807869837285e-07,1.0526807869837285e-07,1.0526807869837285e-07
18_1102_16,2023-11-01,0.0,0.0,9.890190010317329e-20,0.022856684401631355,1.4353962539305956,0.8207951395092454,3.5750691679959594,-1.0294473383268585,1.6623016246540032,9.890190010323881,9.890190010323881,9.395680509807686,1.6623016246540032,0.3090684378226213,9.906949691465343e-10,0.011493683,0.015954018,0.0727396,7.074415,0.009963036,-0.06719634,-0.47677726,-0.3983058,0.5455303,0.7423085,0.19780445,-0.00033126815,0.02684021,1.0526807869837285e-07,1.0526807869837285e-07,1.0526807869837285e-07
18_1102_16,2023-12-01,0.0,0.0,9.890190010317329e-20,-0.3664020895957947,2.0286214818596733,1.7942689107513399,3.2987024696751295,-1.5415844568809884,1.6623016246540032,9.890190010323881,9.890190010323881,9.395680509807686,1.6623016246540032,0.3090684378226213,9.906949691465343e-10,0.0035190582,0.053551674,0.08450222,4.6477365,-0.008267403,-0.04518934,-0.71879154,-0.4815976,0.5031299,0.72220314,0.19046783,-0.00044494183,0.011013985,1.0526807869837285e-07,1.0526807869837285e-07,1.0526807869837285e-07
18_1102_16,2024-01-01,0.0,0.0,9.890190010317329e-20,-0.05607747659087181,2.5517912630821935,1.4839769581551323,0.5616515164541884,-2.0537215754351186,1.6623016246540032,9.890190010323881,9.890190010323881,9.395680509807686,1.6623016246540032,0.3090684378226213,9.906949691465343e-10,-0.05057907,0.2288475,0.089938164,3.8128123,-0.023670197,0.015343507,-0.6115507,-0.44805807,0.5449201,0.8126278,0.17905521,2.4047158e-05,-0.028077126,1.0526807869837285e-07,1.0526807869837285e-07,1.0526807869837285e-07
18_1102_2,2023-10-01,0.0,0.0,46.284664929227034,-2359.535888671875,7906.288762931032,-47642.63311864504,-4222.417213039475,-5040.293365851011,6606.8544599179695,46026.568908729474,33049.99430737002,43725.240463293,6606.8544599179695,1160.4487874335086,46.509302278932815,196.72266,-426.4336,-2772.0078,-9456.871,-181.0039,-799.99756,-6774.831,-5346.635,5666.449,7463.9663,688.53125,-0.0019570384,1672.665,0.0005921879783272743,0.0005921879783272743,310.7811584472656
18_1102_2,2023-11-01,0.0,0.0,46.284664929227034,277.77032470703125,14147.528499888947,-51815.703585479685,-1898.829660491152,-8449.900257687485,6606.8544599179695,46026.568908729474,33049.99430737002,43725.240463293,6606.8544599179695,1160.4487874335086,46.509302278932815,191.6914,-1066.3359,-2520.6562,16545.445,-157.59375,685.79675,-5939.317,-5160.946,6316.8335,8870.612,557.8125,-0.00033126815,1256.9043,0.0005921879783272743,0.0005921879783272743,0.0005921879783272743
18_1102_2,2023-12-01,0.0,0.0,46.284664929227034,-1465.719482421875,19074.3752951661,-55331.69784154161,-5740.629815091457,-11859.507149523957,6606.8544599179695,46026.568908729474,33049.99430737002,43725.240463293,6606.8544599179695,1160.4487874335086,46.509302278932815,94.09375,-1064.3438,-2486.7188,23067.494,70.07031,-27.753563,-6908.642,-5588.606,4120.1284,5503.096,-13.4296875,-0.00044494183,1072.0537,0.0005921879783272743,0.0005921879783272743,0.0005921879783272743
18_1102_2,2024-01-01,0.0,0.0,46.284664929227034,-114.05587005615234,22963.637744162206,-68438.48983147321,-30870.339859020653,-15269.11404136043,6606.8544599179695,46026.568908729474,33049.99430737002,43725.240463293,6606.8544599179695,1160.4487874335086,46.509302278932815,74.70703,-724.8789,-2485.2852,21545.92,561.22656,948.3231,-6089.075,-3179.4883,7121.836,9746.04,173.71875,2.4047158e-05,1006.8828,0.0005921879783272743,0.0005921879783272743,0.0005921879783272743
18_1104_16,2023-10-01,4.495540913783582,4.495540913783582,4.495540913783582,4.489835739135742,4.212915631363954,4.427353224336795,3.6337826100311696,4.745908612354922,2.5129764428550896,0.5326360468141513,1.698254240818873,0.5060042444734437,3.274369139770908,4.460419500394648,4.495540913783537,4.5425406,4.5023975,4.741368,4.5615892,4.4574447,4.442525,3.0274684,3.3173013,5.3206,5.561085,4.4567537,4.493584,4.249507,4.493343353271484,4.493343353271484,4.493343353271484
18_1104_16,2023-11-01,4.495540913783582,4.495540913783582,4.495540913783582,4.447399616241455,3.960279926635759,4.345174981222497,3.39501126218115,4.993772633940592,2.5129764428550896,0.5326360468141513,1.698254240818873,0.5060042444734437,3.274369139770908,4.460419500394648,4.495540913783537,4.560556,4.477662,4.717252,3.3858624,4.4080963,4.4290013,3.4672463,3.8364067,5.204199,5.341858,4.4808726,4.4952097,4.201827,4.493343353271484,2.9882383346557617,4.493343353271484
18_1104_16,2023-12-01,4.495540913783582,4.495540913783582,4.495540913783582,4.443229675292969,3.7344515833357863,4.275909609577404,3.4936633518180944,5.2416366555262615,2.5129764428550896,0.5326360468141513,1.698254240818873,0.5060042444734437,3.274369139770908,4.460419500394648,4.495540913783537,4.4385686,4.3650994,4.708278,2.3007016,4.3553133,4.333693,3.1729875,3.4439075,5.461746,5.6746807,4.4595337,4.495096,3.608984,4.493343353271484,2.0933992317395678e-08,2.0933992317395678e-08
18_1104_16,2024-01-01,4.495540913783582,4.495540913783582,4.495540913783582,4.408807277679443,3.5325860525214527,5.381869668546754,5.2621751931275655,5.4895006771119315,2.5129764428550896,0.5326360468141513,1.698254240818873,0.5060042444734437,3.274369139770908,4.460419500394648,4.495540913783537,4.3997655,4.3507295,4.704817,2.3888743,4.304155,4.267276,3.171659,3.4364226,5.2012367,5.404888,4.483921,4.495565,2.1589756,4.493343353271484,2.0933992317395678e-08,2.0933992317395678e-08
18_1106_14,2023-10-01,0.0,0.0,1.299506341563459,1675.92724609375,650.5806288593635,-65.57687976091097,1074.6393603727056,1448.1233430522877,809.1973644810448,809.1973644810448,809.1973644810448,768.7374962569926,659.9028122075529,202.2993411202612,123.19447395219802,0.5103375,-84.26042,196.9615,2010.8589,26.036211,21.284615,-603.70966,-438.51266,339.54523,574.4408,13.008327,-0.0019570384,247.1012,8.612843885202892e-06,8.612843885202892e-06,8.612843885202892e-06
18_1106_14,2023-11-01,0.0,0.0,1.299506341563459,1542.964111328125,617.88814506432,-1025.9657465111047,1279.0014093354398,1527.4830351049923,809.1973644810448,809.1973644810448,809.1973644810448,768.7374962569926,659.9028122075529,202.2993411202612,123.19447395219802,27.16404,-88.42794,192.38884,5201.3765,28.315498,42.592842,-364.96863,-275.45352,377.39273,480.9381,-27.933094,-0.00033126815,195.86707,8.612843885202892e-06,8.612843885202892e-06,8.612843885202892e-06
18_1106_14,2023-12-01,0.0,0.0,1.299506341563459,1665.54345703125,619.5309829375643,-1066.1152145590097,1218.9359977589693,1606.8427271576966,809.1973644810448,809.1973644810448,809.1973644810448,768.7374962569926,659.9028122075529,202.2993411202612,123.19447395219802,-22.780548,-108.56335,192.40805,2069.8674,29.359827,-11.448902,-414.02893,-327.45734,317.1469,393.27753,-30.511595,-0.00044494183,-36.864014,8.612843885202892e-06,8.612843885202892e-06,8.612843885202892e-06
18_1106_14,2024-01-01,0.0,0.0,1.299506341563459,1797.33740234375,619.4484282961156,562.107931323704,1884.0318447435209,1686.2024192104009,809.1973644810448,809.1973644810448,809.1973644810448,768.7374962569926,659.9028122075529,202.2993411202612,123.19447395219802,-17.923424,-81.22704,191.71481,931.9079,29.962088,24.595095,-450.95673,-386.8932,319.71716,452.0509,-10.767761,2.4047158e-05,-93.8042,8.612843885202892e-06,8.612843885202892e-06,8.612843885202892e-06
18_1107_14,2023-10-01,0.0,0.0,846.8984124059334,371.5177307128906,5463.152170756794,4259.345365426129,-5229.613691635932,259.559321349382,4632.693634002403,17160.921144782114,9133.77430542527,16302.875087543009,4632.693634002403,3547.9234738717373,828.0750495830893,190.04199,-37.320312,-861.8467,3164.3604,3152.5996,3289.6829,898.33276,1303.039,5409.0474,6162.742,-202.13574,-4001.1624,-223.37427,0.0002243914786959067,38743.2890625,235.52174377441406
18_1107_14,2023-11-01,0.0,0.0,846.8984124059334,2957.5087890625,9127.448870675147,31475.69213274938,23236.223958892868,-501.4802908883588,4632.693634002403,17160.921144782114,9133.77430542527,16302.875087543009,4632.693634002403,3547.9234738717373,828.0750495830893,139.11719,60.791992,-802.9512,743.7705,2697.1025,2676.6895,-222.61917,693.40955,4491.622,5291.8296,-194.92773,-601.1407,10.069458,0.0002243914786959067,38861.05078125,0.0002243914786959067
18_1107_14,2023-12-01,0.0,0.0,846.8984124059334,1641.83251953125,11585.200345529734,31002.333743470725,22501.009174198673,-1262.5199031260995,4632.693634002403,17160.921144782114,9133.77430542527,16302.875087543009,4632.693634002403,3547.9234738717373,828.0750495830893,55.801758,29.11621,-807.7637,19020.559,2632.3867,2883.9795,134.87654,625.2307,4959.394,6901.905,-230.10449,-927.0336,6.4158936,12953.68359375,38861.05078125,0.0002243914786959067
18_1107_14,2024-01-01,0.0,0.0,846.8984124059334,1994.8790283203125,13233.686482660629,24576.597795774207,14760.741095001646,-2023.55951536384,4632.693634002403,17160.921144782114,9133.77430542527,16302.875087543009,4632.693634002403,3547.9234738717373,828.0750495830893,-21.623047,411.25684,-831.3428,4554.0986,2665.5576,2886.0051,298.42374,706.0435,5458.5225,6529.5205,-233.60938,31.835686,173.6344,38861.05078125,38861.05078125,0.0002243914786959067
18_1107_2,2023-10-01,0.0,-26.555358889863378,4.458947190146104e-52,116.04339599609375,1874.178692835153,-9346.336942485548,-13456.215473476515,4.458739388702437e-24,2723.538077358338,4054.6636254390696,13528.194333192341,3851.930444167116,1452.0624638341285,2.2374604013598445,4.495342840464803e-24,180.8831,-175.68022,917.5462,-4816.4814,88.22858,-31.290058,-2796.4678,-2161.3384,1788.2911,3052.1758,550.58386,-0.0019570384,-0.0025472068,7.758496940368786e-05,7.758496940368786e-05,244.29986572265625
18_1107_2,2023-11-01,0.0,-40.609619276493675,4.458947190146104e-52,8.675196647644043,3019.733986001387,-6113.188627107781,-12252.748086212212,4.458739388702437e-24,2723.538077358338,4054.6636254390696,13528.194333192341,3851.930444167116,1452.0624638341285,2.2374604013598445,4.495342840464803e-24,288.1293,-336.91574,899.34955,-2320.824,132.46846,308.51135,-3273.6946,-1796.6886,2339.3486,4295.347,410.80817,-0.00033126815,-0.014978557,7.758496940368786e-05,7.758496940368786e-05,81.43334197998047
18_1107_2,2023-12-01,13836.37582444311,0.0,4.458947190146104e-52,16.08045768737793,3719.9323900905983,-5480.051524148594,-15249.538971762624,4.458739388702437e-24,2723.538077358338,4054.6636254390696,13528.194333192341,3851.930444167116,1452.0624638341285,2.2374604013598445,4.495342840464803e-24,260.18552,-358.27048,900.9636,-10076.792,171.35957,296.65845,-2047.013,-1572.2631,2131.6746,2879.9539,451.7238,-0.00044494183,-0.007359303,7.758496940368786e-05,7.758496940368786e-05,7.758496940368786e-05
18_1107_2,2024-01-01,42290.45248414492,0.0,4.458947190146104e-52,10.651719093322754,4147.915053183171,-9034.684856723516,-19230.960328839275,4.458739388702437e-24,2723.538077358338,4054.6636254390696,13528.194333192341,3851.930444167116,1452.0624638341285,2.2374604013598445,4.495342840464803e-24,356.07297,-442.7249,898.5049,-11219.322,203.10936,294.16577,-1718.5557,-1407.9877,1734.4922,2003.0994,450.89572,2.4047158e-05,-0.020448271,7.758496940368786e-05,285.0165100097656,7.758496940368786e-05
18_1110_14,2023-10-01,0.0,0.0,1.9618540547725824e-33,-48.137229919433594,106.71951551351845,-0.10727120002707125,-13.379343725048443,-110.18199286320034,79.17280752864747,1961.8540547751552,1961.8540547751552,1863.7613520363973,79.17280752864747,3.831746200732725,1.9683071606178228e-15,6.5316343,1.3430313,58.274155,-237.08563,15.17379,3.2805467,-116.51062,-76.83269,111.772934,158.07237,-14.609419,-0.0019570384,-0.0025472068,1.5661018551327288e-05,1.5661018551327288e-05,1.5661018551327288e-05
18_1110_14,2023-11-01,0.0,0.0,1.9618540547725824e-33,1.5459100008010864,202.66135736256035,0.2537332433522579,-15.556072134692158,-219.2621657977686,79.17280752864747,1961.8540547751552,1961.8540547751552,1863.7613520363973,79.17280752864747,3.831746200732725,1.9683071606178228e-15,22.748169,-38.61293,57.74081,-216.33107,24.01781,27.223583,-165.66383,-86.56139,141.12874,234.05527,-26.360516,-0.00033126815,-0.014978557,1.5661018551327288e-05,1.5661018551327288e-05,1.5661018551327288e-05
18_1110_14,2023-12-01,0.0,0.0,1.9618540547725824e-33,-35.04285430908203,288.91396985891845,0.29721802991502955,-13.25037349788363,-328.3423387323369,79.17280752864747,1961.8540547751552,1961.8540547751552,1863.7613520363973,79.17280752864747,3.831746200732725,1.9683071606178228e-15,5.286642,1.3619179,58.1889,-87.70994,32.215317,49.263374,-128.01888,-70.998924,145.75943,167.82088,-15.423977,-0.00044494183,-0.007359303,1.5661018551327288e-05,1.5661018551327288e-05,1.5661018551327288e-05
18_1110_14,2024-01-01,0.0,0.0,1.9618540547725824e-33,-6.506567001342773,366.4558746115131,-1961.622670273825,-1969.6650643022072,-437.42251166690517,79.17280752864747,1961.8540547751552,1961.8540547751552,1863.7613520363973,79.17280752864747,3.831746200732725,1.9683071606178228e-15,-21.474583,-37.55905,58.24912,-451.2905,39.227444,34.934284,-169.24199,-104.69116,126.90064,146.82112,-22.000116,2.4047158e-05,-0.020448271,1.5661018551327288e-05,1.5661018551327288e-05,1.5661018551327288e-05
18_1115_16,2023-10-01,447486.14255801775,776645.3667977145,772540.7055166237,362892.09375,696347.3966663621,584371.942267881,1244310.0901095176,165814.01269762428,848985.1600889879,1165668.0730253258,842793.6115256617,1107384.6693740594,477696.9426462101,228459.5149761637,267996.7153511193,426834.66,453444.03,598395.2,-518058.47,355950.25,344021.56,165080.3,235664.78,458621.2,528597.44,205925.3,415307.4,529056.8,0.010849609971046448,0.010849609971046448,0.010849609971046448
18_1115_16,2023-11-01,0.0,776645.3667977145,772540.7055166237,340333.84375,757056.7800804791,-1102665.5376480774,-650020.908563163,150398.42161906726,848985.1600889879,1165668.0730253258,842793.6115256617,1107384.6693740594,477696.9426462101,228459.5149761637,267996.7153511193,433557.06,413237.38,600682.25,268677.5,410800.0,411502.0,221820.98,272598.06,527872.7,549348.44,158457.9,428319.75,520279.62,0.010849609971046448,0.010849609971046448,0.010849609971046448
18_1115_16,2023-12-01,0.0,776645.3667977145,772540.7055166237,330590.53125,771866.7562164898,2298122.1004245174,2608522.8913579457,134982.83054051021,848985.1600889879,1165668.0730253258,842793.6115256617,1107384.6693740594,477696.9426462101,228459.5149761637,267996.7153511193,393746.53,442717.94,601515.75,16291.034,445815.9,440638.88,279276.3,324575.22,590129.2,634891.3,199917.64,449568.75,584392.8,0.010849609971046448,0.010849609971046448,0.010849609971046448
18_1115_16,2024-01-01,0.0,776645.3667977145,772540.7055166237,319818.6875,775479.6308795885,-311801.02624530403,2055.0159162987256,119567.2394619532,848985.1600889879,1165668.0730253258,842793.6115256617,1107384.6693740594,477696.9426462101,228459.5149761637,267996.7153511193,362274.78,401574.38,601641.44,-709724.75,471391.4,454477.38,248355.23,325933.84,594687.7,630985.8,184742.55,455979.2,552325.6,0.010849609971046448,0.010849609971046448,0.010849609971046448
18_1151_16,2023-10-01,0.0,0.0,2.118874307810573e-43,2364.98193359375,10088.239545645483,-211812.99331000916,-211649.8497283224,-11891.053113077129,2933.0378036691045,211887.43078117882,211887.43078117882,201293.05924211987,2933.0378036691045,51.730329780561235,2.1281853220916147e-19,1091.5677,-269.42096,5614.898,-22694.25,936.182,489.2951,-26645.111,-11765.293,13535.943,16642.768,2497.9854,-0.0019570384,-0.0025472068,0.0012685859110206366,0.0012685859110206366,0.0012685859110206366
18_1151_16,2023-11-01,0.0,0.0,2.118874307810573e-43,-78.39826202392578,19158.93414658564,-211834.21693341175,-211841.830854934,-23663.19569502348,2933.0378036691045,211887.43078117882,211887.43078117882,201293.05924211987,2933.0378036691045,51.730329780561235,2.1281853220916147e-19,1533.4834,-3764.3726,5530.621,14778.6875,1427.4613,1089.0681,-10698.062,-7559.303,10327.741,13696.8955,1190.246,-0.00033126815,-0.014978557,0.0012685859110206366,0.0012685859110206366,0.0012685859110206366
18_1151_16,2023-12-01,0.0,0.0,2.118874307810573e-43,1617.103515625,27314.717935347828,-211891.4929022613,-211946.6556558605,-35435.33827696984,2933.0378036691045,211887.43078117882,211887.43078117882,201293.05924211987,2933.0378036691045,51.730329780561235,2.1281853220916147e-19,-1493.5988,-1643.5657,5555.0107,-54873.094,1868.9016,2266.705,-15258.661,-7523.066,13564.537,16026.731,2013.7416,-0.00044494183,-0.007359303,0.0012685859110206366,0.0012685859110206366,0.0012685859110206366
18_1151_16,2024-01-01,0.0,0.0,2.118874307810573e-43,359.2874755859375,34647.872906979406,-211794.2915226772,-211822.53638442728,-47207.48085891619,2933.0378036691045,211887.43078117882,211887.43078117882,201293.05924211987,2933.0378036691045,51.730329780561235,2.1281853220916147e-19,-3865.685,-4701.7974,5548.797,-36880.145,2236.2346,2224.5596,-12523.602,-9238.349,11501.453,15613.085,3293.0967,2.4047158e-05,-0.020448271,0.0012685859110206366,0.0012685859110206366,0.0012685859110206366
18_1200_74,2023-10-01,34323.45487673765,-1141.132457349584,3.468705422588768e-28,1467.90966796875,5496.2406903356095,-722.6370815048394,12891.203647164348,-2410.338583565125,3916.3449101021934,77921.03133714564,67931.72181518516,74024.97977028835,3916.3449101021934,230.0919273334551,3.5324847447486792e-12,472.6087,83.77897,2400.191,-6138.2886,141.20312,-847.159,-6762.7046,-6031.7563,5226.425,8852.743,-632.9437,-0.0019570384,-0.0025472068,0.0006228897254914045,0.0006228897254914045,0.0006228897254914045
18_1200_74,2023-11-01,0.0,-1141.132457349584,3.468705422588768e-28,-89.37654876708984,10337.077088276259,-1661.3830047125666,14100.707332714202,-4782.5777239569725,3916.3449101021934,77921.03133714564,67931.72181518516,74024.97977028835,3916.3449101021934,230.0919273334551,3.5324847447486792e-12,1046.5806,-1697.4882,2380.8562,-10640.402,81.71094,756.9033,-8467.019,-6210.0034,6697.1196,9438.879,-1147.4019,-0.00033126815,-0.014978557,0.0006228897254914045,0.0006228897254914045,0.0006228897254914045
18_1200_74,2023-12-01,34323.45487673765,-1141.132457349584,3.468705422588768e-28,1005.6070556640625,14600.663483397559,655.7367690036917,13320.135381468557,-7154.816864348821,3916.3449101021934,77921.03133714564,67931.72181518516,74024.97977028835,3916.3449101021934,230.0919273334551,3.5324847447486792e-12,243.1939,48.194862,2400.9077,-7982.099,4.4804688,743.55365,-6473.345,-4579.2197,8183.044,10787.375,-655.3594,-0.00044494183,-0.007359303,0.0006228897254914045,653.7863159179688,0.0006228897254914045
18_1200_74,2024-01-01,0.0,-1141.132457349584,3.468705422588768e-28,138.80470275878906,18355.834584903212,-47924.99983583359,-39058.0523983858,-9527.056004740669,3916.3449101021934,77921.03133714564,67931.72181518516,74024.97977028835,3916.3449101021934,230.0919273334551,3.5324847447486792e-12,-849.15796,-1560.3021,2404.4302,-22951.758,16.863281,603.71497,-8531.698,-5123.886,5084.1143,6625.5947,-956.68695,2.4047158e-05,-0.020448271,0.0006228897254914045,3595.82177734375,0.0006228897254914045
18_1203_2,2023-10-01,1163.445988487191,1225.7981075544562,1163.3878161871849,1023.1849975585938,1105.8428722754438,828.8183669815905,162.66616301973448,1185.8417834210622,99.72233515578499,41.07158495943229,69.70502048000589,39.018005711460674,234.63275802904846,799.8691170849438,1157.6248865748394,1158.3867,1140.0514,969.9689,548.4751,1016.0134,936.27563,199.33989,394.8398,1625.8414,1777.484,1129.7314,1093.0874,1275.9927,1163.2835693359375,1163.2835693359375,1.5479192825296195e-06
18_1203_2,2023-11-01,1163.445988487191,1751.8522096113638,1163.3878161871849,1570.212890625,1052.4181525370072,808.3062799812209,221.1434784196756,1213.7947065182839,99.72233515578499,41.07158495943229,69.70502048000589,39.018005711460674,234.63275802904846,799.8691170849438,1157.6248865748394,1011.44214,1085.6802,912.65204,371.25443,964.4485,932.3318,460.7065,559.18854,1398.7424,1778.7374,1071.0089,1120.133,1110.8484,1161.6588134765625,1163.2835693359375,1.5479192825296195e-06
18_1203_2,2023-12-01,1163.445988487191,1863.9063372655364,1163.3878161871849,1481.2440185546875,1002.868738081051,793.2656291944655,255.16559727209176,1241.7476296155055,99.72233515578499,41.07158495943229,69.70502048000589,39.018005711460674,234.63275802904846,799.8691170849438,1157.6248865748394,993.47186,1085.3165,897.1065,346.22385,901.457,934.2008,584.95074,680.8722,1212.0635,1330.0942,1062.0441,1166.5435,989.78265,1163.2835693359375,1163.2835693359375,1.5479192825296195e-06
18_1203_2,2024-01-01,1163.445988487191,2345.5857524813828,1163.3878161871849,2087.47412109375,956.9135232488843,771.487725397033,371.1464194764834,1269.7005527127271,99.72233515578499,41.07158495943229,69.70502048000589,39.018005711460674,234.63275802904846,799.8691170849438,1157.6248865748394,966.8945,1062.646,891.9228,-1.2376447,846.384,823.1328,494.54865,604.042,1063.7018,1111.9911,1061.6925,1180.1693,698.5525,1163.2835693359375,1163.2835693359375,1.5479192825296195e-06
18_1205_16,2023-10-01,0.0,0.0,4.429906016432131e-57,-21.2226619720459,185.89070144800962,-296.1037190064734,-2937.406630011905,-248.6424412569193,21.03342970755381,4429.906016442342,4429.906016442342,4208.410715620224,21.03342970755381,0.1351900029431867,4.45425427622612e-27,10.628492,-10.367992,67.38206,-59.310425,6.548972,-3.1341586,-234.2635,-159.80833,183.47165,263.84,19.097178,-0.0019570384,-0.0025472068,1.7681450117379427e-05,1.7681450117379427e-05,1.7681450117379427e-05
18_1205_16,2023-11-01,0.0,0.0,4.429906016432131e-57,1.0013818740844727,351.166672552524,-25.66806734483049,-3036.821267083901,-494.79845810126517,21.03342970755381,4429.906016442342,4429.906016442342,4208.410715620224,21.03342970755381,0.1351900029431867,4.45425427622612e-27,3.969236,-22.426,65.84104,374.90524,9.757526,34.766167,-259.8058,-191.46016,147.24947,186.62404,8.328124,-0.00033126815,-0.014978557,1.7681450117379427e-05,1.7681450117379427e-05,1.7681450117379427e-05
18_1205_16,2023-12-01,0.0,0.0,4.429906016432131e-57,-11.210597038269043,498.11402608747267,3.5553635852583625,-3162.845657339719,-740.9544749456111,21.03342970755381,4429.906016442342,4429.906016442342,4208.410715620224,21.03342970755381,0.1351900029431867,4.45425427622612e-27,0.2860848,-13.463941,65.85498,-238.94054,12.551653,17.90334,-221.25323,-183.32365,214.33592,306.1147,6.7599096,-0.00044494183,-0.007359303,1.7681450117379427e-05,1.7681450117379427e-05,1.7681450117379427e-05
18_1205_16,2024-01-01,0.0,0.0,4.429906016432131e-57,-3.447870969772339,628.7653516650441,490.7162071794523,-2264.2139189024474,-987.110491789957,21.03342970755381,4429.906016442342,4429.906016442342,4208.410715620224,21.03342970755381,0.1351900029431867,4.45425427622612e-27,-1.4991177,-13.584893,65.61273,-177.5598,14.80959,17.815165,-240.0604,-169.36482,204.30272,237.91287,8.877704,2.4047158e-05,-0.020448271,1.7681450117379427e-05,1.7681450117379427e-05,1.7681450117379427e-05
18_1211_16,2023-10-01,0.0,-237.36456024777272,-1.1853038422352842,-0.5392422676086426,83.9796760428876,72.06816248193653,-743.5725540176934,-25.802671668990175,6.454695118941159,3966.1999622673925,2774.329718435676,3767.889964154023,6.454695118941159,0.01511524109424152,1.0152111208120974e-31,-0.0024689105,0.002335506,0.09430316,0.0027159478,0.0040304437,-7.093011e-05,-0.20789191,-0.17077433,0.17808206,0.39695597,-0.00017725787,-0.0019570384,-0.0025472068,6.978197234275285e-06,6.978197234275285e-06,6.978197234275285e-06
18_1211_16,2023-11-01,0.0,-474.72912049554543,-1.652340855542892,-0.002360333688557148,163.8463478600322,291.8158226609047,-935.8696059368933,-49.28734805717623,6.454695118941159,3966.1999622673925,2774.329718435676,3767.889964154023,6.454695118941159,0.01511524109424152,1.0152111208120974e-31,0.00047200356,-0.010625879,0.09177589,0.0038856715,0.0060206745,-0.0025894977,-0.32980585,-0.19078529,0.19765887,0.27778962,0.002405007,-0.00033126815,-0.014978557,6.978197234275285e-06,6.978197234275285e-06,6.978197234275285e-06
18_1211_16,2023-12-01,0.0,-712.093680743319,-2.025970466188978,-0.4347679615020752,239.80145471100332,229.26933470298593,-789.5160296407732,-71.02068717651183,6.454695118941159,3966.1999622673925,2774.329718435676,3767.889964154023,6.454695118941159,0.01511524109424152,1.0152111208120974e-31,0.0026063903,-0.017958699,0.09161402,0.1326086,0.007780593,0.015715014,-0.23781255,-0.17604584,0.15172042,0.19153428,0.000515223,-0.00044494183,-0.007359303,6.978197234275285e-06,6.978197234275285e-06,6.978197234275285e-06
18_1211_16,2024-01-01,0.0,-949.4582409910918,-2.324874154705847,-0.08885457366704941,312.03657012874623,1521.8280005253646,603.3162177879841,-91.23319879795186,6.454695118941159,3966.1999622673925,2774.329718435676,3767.889964154023,6.454695118941159,0.01511524109424152,1.0152111208120974e-31,0.00073333527,-0.029180804,0.09117099,-0.00056325237,0.0092493715,0.018886918,-0.18909709,-0.13634913,0.18899773,0.23946033,0.002408248,2.4047158e-05,-0.020448271,6.978197234275285e-06,6.978197234275285e-06,6.978197234275285e-06
18_1212_16,2023-10-01,0.0,0.0,1.992333005078663e-11,-253.96487426757812,408.205352363334,11.18352414199444,1207.6746257480668,-607.8857091493496,1061.0604062236685,7245.363161590909,6312.987290840072,6883.095003511363,1061.0604062236685,194.80186256374344,6.242168279677055e-07,-13.712402,-13.958008,-13.239746,2083.018,8.068848,30.16053,-549.24146,-370.71597,477.54974,687.89764,93.12695,-0.0019570384,-7.2055664,7.79300753492862e-05,7.79300753492862e-05,7.79300753492862e-05
18_1212_16,2023-11-01,0.0,0.0,1.992333005078663e-11,28.204002380371094,783.4352359101003,-319.5115532722855,865.717388870613,-1101.5899197020126,1061.0604062236685,7245.363161590909,6312.987290840072,6883.095003511363,1061.0604062236685,194.80186256374344,6.242168279677055e-07,8.390625,-28.308105,17.21045,4701.646,2.871582,-64.22601,-416.2033,-364.439,320.1554,444.68185,130.1123,-0.00033126815,16.909668,7.79300753492862e-05,7.79300753492862e-05,7.79300753492862e-05
18_1212_16,2023-12-01,0.0,0.0,1.992333005078663e-11,-159.32476806640625,1128.3534607480715,-97.09489570343538,1058.1048561418415,-1595.2941302546756,1061.0604062236685,7245.363161590909,6312.987290840072,6883.095003511363,1061.0604062236685,194.80186256374344,6.242168279677055e-07,-2.6362305,10.3125,24.893066,2726.2861,-3.2539062,19.902466,-586.43695,-354.50992,355.06412,437.20526,111.12402,-0.00044494183,6.9396973,7.79300753492862e-05,7.79300753492862e-05,7.79300753492862e-05
18_1212_16,2024-01-01,0.0,0.0,1.992333005078663e-11,-26.2469482421875,1445.408650225137,-382.16845503295315,-476.6557363984496,-2088.9983408073385,1061.0604062236685,7245.363161590909,6312.987290840072,6883.095003511363,1061.0604062236685,194.80186256374344,6.242168279677055e-07,-22.251465,113.367676,28.499023,2285.7156,-4.5112305,-3.9121943,-402.20877,-292.43665,296.29166,477.36325,103.50781,2.4047158e-05,-17.688232,7.79300753492862e-05,7.79300753492862e-05,7.79300753492862e-05
18_1212_53,2023-10-01,77893.33830494537,66395.01418043123,51923.69931407657,34524.67578125,47037.166187368144,171990.32101163937,156224.66599447798,52370.561647999435,15693.161045866504,18786.125327369253,27156.14092630856,17846.819061000788,21035.635962567158,26485.075177793165,51409.29993117449,52598.758,53497.348,66927.63,13504.675,39757.336,38660.117,23876.41,29175.438,49258.793,54292.832,51318.6,48194.68,61394.83,0.0005074113141745329,0.0005074113141745329,71099.359375
18_1212_53,2023-11-01,103857.78440659383,28731.907484004776,51923.69931407657,0.2953575551509857,43691.56222747022,310936.5494318214,298222.76695718453,53321.91049616179,15693.161045866504,18786.125327369253,27156.14092630856,17846.819061000788,21035.635962567158,26485.075177793165,51409.29993117449,51831.832,51476.414,66988.8,-34626.703,46024.69,47766.266,31251.324,38189.48,56995.473,61980.023,51565.64,49704.71,60376.273,0.0005074113141745329,0.0005074113141745329,0.0005074113141745329
18_1212_53,2023-12-01,129822.23050824228,0.0,51923.69931407657,0.40496960282325745,41403.39935407194,243232.2520281853,227202.49947434786,54273.25934432415,15693.161045866504,18786.125327369253,27156.14092630856,17846.819061000788,21035.635962567158,26485.075177793165,51409.29993117449,51442.42,52503.863,67074.98,75993.23,50023.92,48767.445,35477.95,40112.59,61023.36,66556.586,52024.9,52170.566,67816.34,0.0005074113141745329,0.0005074113141745329,0.0005074113141745329
18_1212_53,2024-01-01,155786.67660989074,0.0,51923.69931407657,0.11453526467084885,39838.45341368095,72278.30554323371,56171.010689593735,55224.60819248651,15693.161045866504,18786.125327369253,27156.14092630856,17846.819061000788,21035.635962567158,26485.075177793165,51409.29993117449,52130.277,55016.51,67104.195,-39036.11,53026.543,52575.383,36183.51,40218.363,63420.203,67025.16,51732.77,52914.473,64095.08,0.0005074113141745329,0.0005074113141745329,0.0005074113141745329
18_1215_16,2023-10-01,0.0,0.0,3.772680682272274e-57,141.94268798828125,338.904593352805,-1330.8889931148735,-7327.680934293468,-706.3767612209116,48.54786043160787,12068.459404688578,11599.593990689886,11465.036434454149,48.54786043160787,0.25576894914449255,3.8913843269896745e-27,9.049418,-8.827636,57.371124,-50.498726,14.269809,13.980328,-357.67474,-223.83089,353.91345,421.58725,16.259974,-0.0019570384,-0.0025472068,4.571685349219479e-05,4.571685349219479e-05,4.571685349219479e-05
18_1215_16,2023-11-01,0.0,0.0,3.772680682272274e-57,-5.607563495635986,655.4269524526189,-1196.5235776779214,-7243.628247941948,-1405.6897529606517,48.54786043160787,12068.459404688578,11599.593990689886,11465.036434454149,48.54786043160787,0.25576894914449255,3.8913843269896745e-27,3.3795264,-19.094193,56.05907,319.2059,21.266869,-14.144209,-570.26886,-388.96558,445.53802,705.3709,7.0908523,-0.00033126815,-0.014978557,4.571685349219479e-05,4.571685349219479e-05,4.571685349219479e-05
18_1215_16,2023-12-01,0.0,0.0,3.772680682272274e-57,104.1290054321289,951.0452644352363,-1280.1593995965372,-7832.345926943317,-2105.002744700392,48.54786043160787,12068.459404688578,11599.593990689886,11465.036434454149,48.54786043160787,0.25576894914449255,3.8913843269896745e-27,0.24358259,-11.463621,56.070965,-203.44131,27.379261,42.686653,-372.46008,-255.33975,311.4418,445.2836,5.7556214,-0.00044494183,-0.007359303,4.571685349219479e-05,4.571685349219479e-05,4.571685349219479e-05
18_1215_16,2024-01-01,0.0,0.0,3.772680682272274e-57,16.66779327392578,1227.1400927057848,-741.2170007380334,-4703.423690995373,-2804.3157364401327,48.54786043160787,12068.459404688578,11599.593990689886,11465.036434454149,48.54786043160787,0.25576894914449255,3.8913843269896745e-27,-1.2763952,-11.566601,55.864708,-151.1799,32.333637,34.897568,-468.1484,-321.39395,304.3825,639.0448,7.558786,2.4047158e-05,-0.020448271,4.571685349219479e-05,4.571685349219479e-05,4.571685349219479e-05
18_1302_16,2023-10-01,0.0,0.0,1.1568671485181968e-11,-25.913711547851562,234.3463168694443,222.62177905251707,637.2395689693884,-128.2943749554803,386.4222316107442,2759.3566572472505,2299.0949645730643,2621.388824384888,386.4222316107442,71.50937988636119,2.2922928435785744e-07,-0.03125,-0.16577148,6.2214355,779.6105,4.991455,11.672827,-148.00145,-97.59395,129.27715,175.3136,34.97827,-0.0019570384,-2.6462402,2.5877405278151855e-05,2.5877405278151855e-05,2281.519775390625
18_1302_16,2023-11-01,0.0,0.0,1.1568671485181968e-11,1.2661585807800293,441.7198635346256,270.5961494937333,587.1716553323379,-255.3058063879401,386.4222316107442,2759.3566572472505,2299.0949645730643,2621.388824384888,386.4222316107442,71.50937988636119,2.2922928435785744e-07,2.6591797,3.690918,16.82959,1636.7625,2.3049316,0.6117592,-100.5703,-81.819534,160.66692,195.31035,45.76465,-0.00033126815,6.210022,2.5877405278151855e-05,2.5877405278151855e-05,2281.519775390625
18_1302_16,2023-12-01,0.0,0.0,1.1568671485181968e-11,-20.082761764526367,625.2251493482438,474.4776055875973,684.5346592516993,-382.3172378203999,386.4222316107442,2759.3566572472505,2299.0949645730643,2621.388824384888,386.4222316107442,71.50937988636119,2.2922928435785744e-07,0.814209,12.389648,19.550781,1075.3171,-1.9125977,7.136699,-154.60979,-129.74167,92.5433,137.50572,44.067383,-0.00044494183,2.548584,2.5877405278151855e-05,2.5877405278151855e-05,2281.519775390625
18_1302_16,2024-01-01,0.0,0.0,1.1568671485181968e-11,-3.0229239463806152,787.6093611392828,1218.0520407346671,1041.020635031608,-509.32866925285964,386.4222316107442,2759.3566572472505,2299.0949645730643,2621.388824384888,386.4222316107442,71.50937988636119,2.2922928435785744e-07,-11.702148,52.946777,20.80835,882.146,-5.4763184,1.4128568,-114.558174,-105.07452,115.30998,172.22601,41.426758,2.4047158e-05,-6.4958496,2.5877405278151855e-05,2.5877405278151855e-05,2281.519775390625
18_1303_16,2023-10-01,431.5719277232239,0.0,2.143130891068072,429.8661193847656,11539.689027429122,16651.120709997413,39372.846516569465,-4091.317343242564,4332.179846419741,49972.59097445498,29983.8919841136,47473.961425732225,4332.179846419741,838.5646161766887,2.0931047988703426,-278.8597,-489.06274,2542.6003,15429.263,86.96998,-143.55164,-6620.165,-5187.313,4537.0024,6704.198,1564.121,-0.0019570384,964.7759,0.0005395683110691607,0.0005395683110691607,0.0005395683110691607
18_1303_16,2023-11-01,431.5719277232239,0.0,2.143130891068072,1352.0909423828125,19606.53437910009,-97092.43702957896,-66450.41351558741,-7482.878686974351,4332.179846419741,49972.59097445498,29983.8919841136,47473.961425732225,4332.179846419741,838.5646161766887,2.0931047988703426,568.9276,-2336.4175,2511.069,24824.156,233.29308,-106.90027,-5413.997,-4430.0127,5031.018,6256.7754,1253.4752,-0.00033126815,764.7383,0.0005395683110691607,0.0005395683110691607,0.0005395683110691607
18_1303_16,2023-12-01,0.0,0.0,2.143130891068072,902.1724853515625,25245.680613725533,-96984.90525000001,-65423.8236248154,-10874.440030706137,4332.179846419741,49972.59097445498,29983.8919841136,47473.961425732225,4332.179846419741,838.5646161766887,2.0931047988703426,456.81842,-1578.6439,2526.0193,-20651.316,386.49652,370.9594,-6326.3447,-3790.9868,4982.2524,7601.6147,1398.8503,-0.00044494183,-143.93066,0.0005395683110691607,0.0005395683110691607,0.0005395683110691607
18_1303_16,2024-01-01,4589.048164790281,0.0,2.143130891068072,977.3695678710938,29187.738366066515,-85788.63161951429,-63792.529446483946,-14266.001374437925,4332.179846419741,49972.59097445498,29983.8919841136,47473.961425732225,4332.179846419741,838.5646161766887,2.0931047988703426,-679.9183,-2165.5593,2525.825,15975.203,536.50903,688.61945,-4364.935,-2992.9639,5969.2837,6915.6846,1026.199,2.4047158e-05,-366.24658,0.0005395683110691607,0.0005395683110691607,0.0005395683110691607
18_1306_1,2023-10-01,0.0,603.1438318916179,874.938361745886,2486.228515625,24212.79003441587,89165.01981921466,80847.69817496066,-11916.506928850074,7944.1876578603815,102678.89777521028,102927.67670940817,97544.95288644976,7944.1876578603815,705.9301196409992,603.1393622794359,-783.5781,-821.16406,-5063.4375,9083.773,-917.14844,-299.01935,-23151.293,-17186.697,14572.59,21434.303,1108.2891,-0.0019570384,112.24609,0.0010464603547006845,0.0010464603547006845,0.0010464603547006845
18_1306_1,2023-11-01,0.0,603.1438318916179,874.938361745886,2677.0087890625,39965.93576636417,15993.622247302577,1243.2071244903127,-19861.35357922924,7944.1876578603815,102678.89777521028,102927.67670940817,97544.95288644976,7944.1876578603815,705.9301196409992,603.1393622794359,-79.92969,-1550.7344,-4690.1406,24628.652,-1352.625,-177.39645,-20291.934,-15345.868,12567.26,17377.967,1886.4375,-0.00033126815,-340.8623,0.0010464603547006845,0.0010464603547006845,0.0010464603547006845
18_1306_1,2023-12-01,0.0,603.1438318916179,874.938361745886,2487.0263671875,50215.13051423362,15024.623511099597,187.80233930714166,-27806.20022960842,7944.1876578603815,102678.89777521028,102927.67670940817,97544.95288644976,7944.1876578603815,705.9301196409992,603.1393622794359,-100.5,-529.91406,-4730.867,40685.477,-1294.9609,-756.73566,-22179.264,-16718.525,10314.05,12049.028,685.08594,-0.00044494183,-336.97656,0.0010464603547006845,0.0010464603547006845,0.0010464603547006845
18_1306_1,2024-01-01,0.0,603.1438318916179,874.938361745886,2441.64990234375,56883.38552610185,-13429.841405753916,-57588.25952442158,-35751.0468799876,7944.1876578603815,102678.89777521028,102927.67670940817,97544.95288644976,7944.1876578603815,705.9301196409992,603.1393622794359,-431.47656,325.96094,-4894.828,51874.53,-529.41406,-1647.7821,-21494.486,-16179.536,14045.071,23965.387,1014.3203,2.4047158e-05,316.34082,0.0010464603547006845,0.0010464603547006845,174640.15625
18_1310_16,2023-10-01,4631.306249379846,16843.53705317246,13893.455575543796,13319.6943359375,13576.936864929652,10800.618792768733,5861.520525488645,14359.595365764957,6083.39501227678,1290.3415023719513,6572.048468298019,1225.8244272533536,7216.455502628755,10472.153147231522,13847.15800197887,14192.811,12590.422,6528.846,7474.037,8195.048,7906.077,3989.5967,4648.543,12179.676,14101.923,14840.377,13240.878,15079.994,13901.3701171875,18459.9375,16180.654296875
18_1310_16,2023-11-01,4631.306249379846,18722.110327516013,13893.455575543796,14127.7734375,13272.345047621815,15277.143519394262,10129.77313012539,14869.340663072526,6083.39501227678,1290.3415023719513,6572.048468298019,1225.8244272533536,7216.455502628755,10472.153147231522,13847.15800197887,13510.859,11443.51,6407.1143,7846.5186,7557.833,7785.882,4838.4854,5210.191,9883.904,10068.345,12009.6455,13533.823,14353.488,13901.3701171875,18550.205078125,16180.654296875
18_1310_16,2023-12-01,4631.306249379846,19918.54904674158,13893.455575543796,14308.83203125,12979.658998086741,16172.023935903575,10908.958122292226,15379.085960380095,6083.39501227678,1290.3415023719513,6572.048468298019,1225.8244272533536,7216.455502628755,10472.153147231522,13847.15800197887,13141.74,11208.49,6361.0264,9271.276,7431.334,7454.375,4925.3574,5686.4453,9249.885,9663.565,11883.248,13919.2705,15876.793,13901.3701171875,18550.205078125,16180.654296875
18_1310_16,2024-01-01,4631.306249379846,20680.54520010553,13893.455575543796,15041.7109375,12698.4133482541,15934.223555278517,11554.421885333948,15888.831257687663,6083.39501227678,1290.3415023719513,6572.048468298019,1225.8244272533536,7216.455502628755,10472.153147231522,13847.15800197887,12770.701,10489.184,6344.224,4419.703,7311.472,7393.834,5842.8735,6104.0156,8736.001,9307.173,11892.47,14051.17,14236.476,13856.236328125,18527.638671875,4039.52197265625
18_1313_74,2023-10-01,0.0,0.0,520.4302954150745,82.42549896240234,545.1545478484842,-503.8527444813636,-1444.5931845579685,-166.3296091772158,886.0578756741866,1808.2564068875497,1808.2564068875497,1717.843586543172,420.748315047766,0.16555081850166775,93.35860802479613,26.030828,-25.392866,165.02916,-145.26057,9.723712,9.740522,-434.245,-244.15205,317.50565,455.43088,46.77213,-0.0019570384,-0.002547192,7.217442544060759e-06,7.217442544060759e-06,7.217442544060759e-06
18_1313_74,2023-11-01,0.0,0.0,520.4302954150745,86.98531341552734,517.7579442313777,-413.3119659741253,-1726.759516946706,-236.78114657091777,886.0578756741866,1808.2564068875497,1808.2564068875497,1717.843586543172,420.748315047766,0.16555081850166775,93.35860802479613,9.721273,-54.924816,161.255,918.202,14.335325,-12.353374,-509.98804,-341.5322,231.49554,342.58023,20.396975,-0.00033126815,-0.014978557,7.217442544060759e-06,7.217442544060759e-06,7.217442544060759e-06
18_1313_74,2023-12-01,0.0,0.0,520.4302954150745,81.56869506835938,519.1347536017022,-898.6784670610612,-1331.3467326932632,-307.2326839646199,886.0578756741866,1808.2564068875497,1808.2564068875497,1717.843586543172,420.748315047766,0.16555081850166775,93.35860802479613,0.70067006,-32.97533,161.28922,-585.2029,18.278297,7.9526396,-309.01065,-236.78221,321.69318,430.36472,16.556156,-0.00044494183,-0.007359303,7.217442544060759e-06,7.217442544060759e-06,7.217442544060759e-06
18_1313_74,2024-01-01,0.0,0.0,520.4302954150745,73.44987487792969,519.0655623957883,-536.3261451472578,-1737.143745640428,-377.68422135832196,886.0578756741866,1808.2564068875497,1808.2564068875497,1717.843586543172,420.748315047766,0.16555081850166775,93.35860802479613,-3.6715755,-33.271553,160.69592,-434.87192,21.392939,-25.989582,-415.33917,-306.1212,292.55673,364.1625,21.742994,2.4047158e-05,-0.020448271,7.217442544060759e-06,7.217442544060759e-06,7.217442544060759e-06
18_1402_2,2023-10-01,0.0,0.0,0.42542072498575845,1439.0447998046875,796.9344269956516,1125.8963576511878,4747.0152155386195,0.398721592744171,2639.5320726750465,2458.1540727889933,3994.1121866014246,2335.2463691495436,2487.511312883201,773.1193315949295,0.39812446438641824,-15.7722645,-102.61016,299.02176,-967.2314,36.153843,71.451164,-724.8111,-537.77295,648.2069,1254.193,-88.56959,-0.0019570384,-266.3789,3.6749923310708255e-05,3.6749923310708255e-05,3.6749923310708255e-05
18_1402_2,2023-11-01,0.0,0.0,0.42542072498575845,431.8866271972656,1310.37385371425,813.596186990334,4639.944265550323,0.398721592744171,2639.5320726750465,2458.1540727889933,3994.1121866014246,2335.2463691495436,2487.511312883201,773.1193315949295,0.39812446438641824,-13.812521,-129.43965,294.6335,3732.188,76.57751,116.24284,-1029.9891,-575.9182,675.1404,915.70526,-93.93128,-0.00033126815,-143.05518,3.6749923310708255e-05,3.6749923310708255e-05,3702.984619140625
18_1402_2,2023-12-01,0.0,0.0,0.42542072498575845,831.4100952148438,1641.1664960937983,2337.144184108597,7695.393709177799,0.398721592744171,2639.5320726750465,2458.1540727889933,3994.1121866014246,2335.2463691495436,2487.511312883201,773.1193315949295,0.39812446438641824,-48.234837,-163.22127,296.0886,425.07666,121.18843,193.31548,-814.6924,-522.4408,931.0901,1266.5322,-100.2919,-0.00044494183,-260.88965,3.6749923310708255e-05,3.6749923310708255e-05,3.6749923310708255e-05
18_1402_2,2024-01-01,1994.221949354397,0.0,0.42542072498575845,545.7772216796875,1854.2856423030662,5981.650937142902,9872.816827091177,0.398721592744171,2639.5320726750465,2458.1540727889933,3994.1121866014246,2335.2463691495436,2487.511312883201,773.1193315949295,0.39812446438641824,-26.27515,-135.14299,295.9734,-372.86578,168.15874,195.47144,-537.7352,-358.8996,814.8779,951.55035,-69.58583,2.4047158e-05,-273.8916,3.6749923310708255e-05,3.6749923310708255e-05,3.6749923310708255e-05
18_1403_2,2023-10-01,0.0,0.0,9.457812892239744,-13866.7578125,11154.056883760648,19190.634998180874,32890.26808592386,28.021469347258588,18423.262510994613,34160.95040931002,105291.71357458635,32452.902888844517,18423.262510994613,4047.1773800120745,9.280981190711953,-479.13672,-1061.9883,-2720.7031,43714.97,-265.04688,-61.82553,-7441.9727,-5768.9688,5297.3564,8590.898,2840.1719,-0.0019570384,2685.0234,0.0005840177182108164,0.0005840177182108164,0.0005840177182108164
18_1403_2,2023-11-01,0.0,0.0,9.457812892239744,1253.2431640625,18673.47648503748,10063.619795506542,35547.4765695798,44.06486364958897,18423.262510994613,34160.95040931002,105291.71357458635,32452.902888844517,18423.262510994613,4047.1773800120745,9.280981190711953,-280.21484,-488.3672,-2402.418,73143.06,-434.1836,-867.6944,-13290.976,-9251.621,4499.4663,5670.4053,579.4336,-0.00033126815,1213.9453,0.0005840177182108164,0.0005840177182108164,0.0005840177182108164
18_1403_2,2023-12-01,0.0,0.0,9.457812892239744,-8323.076171875,23742.63398793547,20462.314486299274,40563.56545828186,60.108257951919356,18423.262510994613,34160.95040931002,105291.71357458635,32452.902888844517,18423.262510994613,4047.1773800120745,9.280981190711953,-308.1875,-18.917969,-2338.621,27024.89,-581.4258,888.78235,-7308.4854,-6325.6255,7602.0493,9027.353,135.86719,-0.00044494183,-1518.8086,0.0005840177182108164,0.0005840177182108164,0.0005840177182108164
18_1403_2,2024-01-01,0.0,0.0,9.457812892239744,-1473.9371337890625,27159.96659493929,24487.351212426453,61380.89540875622,76.15165225424974,18423.262510994613,34160.95040931002,105291.71357458635,32452.902888844517,18423.262510994613,4047.1773800120745,9.280981190711953,-233.4375,-272.96484,-2312.8125,5550.4688,-461.85938,-1012.054,-11918.271,-7364.9863,6845.784,11407.659,610.9453,2.4047158e-05,-1834.6914,0.0005840177182108164,0.0005840177182108164,0.0005840177182108164
18_1403_72,2023-10-01,8250.21668497563,13637.685735675328,13388.091429748301,14049.751953125,12641.531751436076,11467.167274129746,9786.384330126122,14069.754090887433,9469.601825067532,2535.431162919384,8736.305025661175,2408.6596047734147,10799.03090133746,13847.853502338612,13390.305236946337,17765.766,17516.51,19636.322,10988.169,16343.342,17093.492,6274.257,10522.381,26064.182,30827.682,17390.176,16360.834,12725.816,7.275460666278377e-05,7.275460666278377e-05,8247.2373046875
18_1403_72,2023-11-01,8250.21668497563,14404.022869341232,13388.091429748301,16540.166015625,9879.61059725079,13982.987424528179,9867.231617164216,14880.022261200571,9469.601825067532,2535.431162919384,8736.305025661175,2408.6596047734147,10799.03090133746,13847.853502338612,13390.305236946337,17721.371,17300.783,19661.355,13590.348,16721.941,16017.101,3660.0715,8908.969,24773.895,29393.76,13478.387,16775.545,11581.353,7.275460666278377e-05,8247.2373046875,7.275460666278377e-05
18_1403_72,2023-12-01,8250.21668497563,15170.360003007136,13388.091429748301,17144.306640625,8208.151638938572,28854.312381419684,27117.112108268204,15690.290431513708,9469.601825067532,2535.431162919384,8736.305025661175,2408.6596047734147,10799.03090133746,13847.853502338612,13390.305236946337,17345.482,16971.58,19689.385,13811.3125,16583.414,16073.551,924.9004,6490.801,29650.248,33092.246,13258.967,17197.887,10656.63,7.275460666278377e-05,7.275460666278377e-05,7.275460666278377e-05
18_1403_72,2024-01-01,9580.89679545557,15936.69713667304,13388.091429748301,18648.484375,7196.618400530007,22695.20560070686,19394.238779632542,16500.558601826844,9469.601825067532,2535.431162919384,8736.305025661175,2408.6596047734147,10799.03090133746,13847.853502338612,13390.305236946337,17096.107,16164.266,19703.277,6190.2363,16286.199,15369.488,4225.76,5696.9834,25511.453,32202.623,13410.815,17355.871,9017.135,7.275460666278377e-05,7.275460666278377e-05,7.275460666278377e-05
18_1407_2,2023-10-01,0.0,0.0,944.6524018661353,992.41015625,2500.7173416545793,-2227.238347414605,-8137.990227097931,79.999714762145,3328.626226494879,5984.896779155774,5034.7724213838055,5685.651940197985,2770.4653628706837,1234.823930599735,866.6543023003413,383.8401,-177.25935,371.76468,2418.3804,-26.852648,-42.206284,-1413.2103,-1013.2627,660.4173,899.4129,-160.85815,9658.392,-315.68872,7.574156916234642e-05,7.574156916234642e-05,7.574156916234642e-05
18_1407_2,2023-11-01,0.0,0.0,944.6524018661353,1540.329345703125,3824.2696103776625,-1498.701226215097,-8117.818299999564,-517.5731290080557,3328.626226494879,5984.896779155774,5034.7724213838055,5685.651940197985,2770.4653628706837,1234.823930599735,866.6543023003413,-35.207672,-185.052,365.10522,2096.8086,-45.748566,-54.574883,-1601.2465,-947.0101,959.7725,1625.704,-87.3951,2629.1667,-500.261,7.574156916234642e-05,7.574156916234642e-05,2504.20068359375
18_1407_2,2023-12-01,0.0,0.0,944.6524018661353,1257.4049072265625,4524.784850090025,-242.24574053834203,-8053.625348054175,-1115.1459727782562,3328.626226494879,5984.896779155774,5034.7724213838055,5685.651940197985,2770.4653628706837,1234.823930599735,866.6543023003413,-10.047948,-171.30284,366.2355,-448.5259,-56.222275,-51.506374,-1285.9319,-944.4035,583.5247,755.3534,-172.04622,1776.6317,-636.7031,39.749290466308594,7.574156916234642e-05,2384.953125
18_1407_2,2024-01-01,0.0,0.0,944.6524018661353,1223.8670654296875,4895.545879076587,-1119.5920140854782,-7164.930344146604,-1712.7188165484572,3328.626226494879,5984.896779155774,5034.7724213838055,5685.651940197985,2770.4653628706837,1234.823930599735,866.6543023003413,-146.6068,-256.69974,365.61966,1928.7295,-62.88538,-122.660034,-1006.38043,-807.13416,684.9784,1024.2196,-133.19524,5915.064,-883.9243,79.49850463867188,7.574156916234642e-05,6399.6240234375
18_1407_72,2023-10-01,0.0,0.0,23367.342339143754,4346.462890625,24686.3484370118,-16309.784015360396,-65656.41095953665,-12746.714102292008,33862.99116255649,98723.87668305298,98723.87668305298,93787.68284890032,18596.071990619606,3.766017024347419,4205.018802141259,-0.0024689105,0.002335506,0.09430316,0.0027159478,395.3983,729.26404,-16075.171,-11408.755,13218.475,22100.016,-0.00017725787,-0.0019570384,-0.002547192,0.00032837060280144215,0.00032837060280144215,0.00032837060280144215
18_1407_72,2023-11-01,0.0,0.0,23367.342339143754,4473.39794921875,23446.381556233566,-39199.00845352983,-42731.92437149081,-16593.098896997995,33862.99116255649,98723.87668305298,98723.87668305298,93787.68284890032,18596.071990619606,3.766017024347419,4205.018802141259,0.00047200356,-0.010625879,0.09177589,0.0038856715,580.4316,2.4174957,-22705.377,-13011.801,12513.999,19682.523,0.002405007,-0.00033126815,-0.014978557,0.00032837060280144215,0.00032837060280144215,0.00032837060280144215
18_1407_72,2023-12-01,0.0,0.0,23367.342339143754,4330.93701171875,23508.66366609481,-6367.772917141823,-63845.26538965325,-20439.48369170399,33862.99116255649,98723.87668305298,98723.87668305298,93787.68284890032,18596.071990619606,3.766017024347419,4205.018802141259,0.0026063903,-0.017958699,0.09161402,0.1326086,738.023,640.5648,-12838.079,-9449.111,13878.218,17286.332,0.000515223,-0.00044494183,-0.007359303,352585.25,0.00032837060280144215,0.00032837060280144215
18_1407_72,2024-01-01,0.0,0.0,23367.342339143754,4122.29833984375,23505.53530737096,-25342.823773284465,-67642.73945819408,-24285.868486409992,33862.99116255649,98723.87668305298,98723.87668305298,93787.68284890032,18596.071990619606,3.766017024347419,4205.018802141259,0.00073333527,-0.029180804,0.09117099,-0.00056325237,861.9062,-1057.7632,-26599.7,-12111.848,13784.876,16839.719,0.002408248,2.4047158e-05,-0.020448271,0.00032837060280144215,0.00032837060280144215,0.00032837060280144215
18_1411_2,2023-10-01,0.0,-0.012743705961051078,731.6237365208,4.337629795074463,475.41754906455475,-698.61389553821,-2377.758265362297,-776.0444458662073,193.83240149655555,2032.0808260497602,2457.5353329606096,1930.4767847472722,221.99323972646948,0.04932946563147917,230.51250366885185,-0.0024689105,0.002335506,0.09430316,0.0027159478,0.0040304437,-0.011505068,-0.33567503,-0.19319986,0.20242892,0.33946085,-0.00017725787,-0.0019570384,-0.002547192,1.0322851267119404e-05,1.0322851267119404e-05,1.0322851267119404e-05
18_1411_2,2023-11-01,0.0,0.0,731.6237365208,5.30255126953125,630.8993524671886,69.11037172162332,-2091.66716972549,-923.8320919653515,193.83240149655555,2032.0808260497602,2457.5353329606096,1930.4767847472722,221.99323972646948,0.04932946563147917,230.51250366885185,0.00047200356,-0.010625879,0.09177589,0.0038856715,0.0060206745,0.032111116,-0.27451625,-0.14910647,0.16349177,0.2940236,0.002405007,-0.00033126815,-0.014978557,1.0322851267119404e-05,1.0322851267119404e-05,1.0322851267119404e-05
18_1411_2,2023-12-01,0.0,0.0,731.6237365208,4.14669132232666,681.7485296523848,-112.96187410319017,-2084.3998310664797,-1071.6197380644958,193.83240149655555,2032.0808260497602,2457.5353329606096,1930.4767847472722,221.99323972646948,0.04932946563147917,230.51250366885185,0.0026063903,-0.017958699,0.09161402,0.1326086,0.007780593,0.023758706,-0.25778833,-0.18170515,0.18629996,0.21652333,0.000515223,-0.00044494183,-0.007359303,1.0322851267119404e-05,1.0322851267119404e-05,1.0322851267119404e-05
18_1411_2,2024-01-01,0.0,0.0,731.6237365208,3.3737010955810547,698.3783780579616,-1626.004803174217,-2713.676889471304,-1219.4073841636398,193.83240149655555,2032.0808260497602,2457.5353329606096,1930.4767847472722,221.99323972646948,0.04932946563147917,230.51250366885185,0.00073333527,-0.029180804,0.09117099,-0.00056325237,0.0092493715,0.0067279097,-0.2516695,-0.17787836,0.20499472,0.24255463,0.002408248,2.4047158e-05,-0.020448271,1.0322851267119404e-05,1.0322851267119404e-05,1.0322851267119404e-05
18_1504_53,2023-10-01,0.0,3.591833581135644e-149,-1241.1679452303695,-10.566495895385742,4866.238042175006,3573.9090364510553,-29723.131172421396,-0.20467431418458235,148.50282989833136,104031.3482501932,91183.45236920813,98829.78083768353,148.50282989833136,0.3172451418772325,1.5650821238641997e-07,-0.0024689105,0.002335506,0.09430316,0.0027159478,0.0040304437,0.00038305297,-0.29031548,-0.17955582,0.21482165,0.32860544,-0.00017725787,-0.0019570384,-0.002547192,0.00016525234968867153,0.00016525234968867153,0.00016525234968867153
18_1504_53,2023-11-01,0.0,3.591833581135644e-149,-1626.1675099715676,-0.9333075881004333,8728.383225980631,7961.052330728356,-31807.910588256098,-0.21065153405152595,148.50282989833136,104031.3482501932,91183.45236920813,98829.78083768353,148.50282989833136,0.3172451418772325,1.5650821238641997e-07,0.00047200356,-0.010625879,0.09177589,0.0038856715,0.0060206745,-0.02673339,-0.2920294,-0.17609131,0.15253466,0.20742229,0.002405007,-0.00033126815,-0.014978557,0.00016525234968867153,0.00016525234968867153,0.00016525234968867153
18_1504_53,2023-12-01,0.0,3.591833581135644e-149,-1934.2059610219274,-9.515928268432617,11793.61868949817,4605.793492302299,-29041.896204658588,-0.21641841413002688,148.50282989833136,104031.3482501932,91183.45236920813,98829.78083768353,148.50282989833136,0.3172451418772325,1.5650821238641997e-07,0.0026063903,-0.017958699,0.09161402,0.1326086,0.007780593,0.028465152,-0.18284899,-0.13323475,0.17544967,0.2187871,0.000515223,-0.00044494183,-0.007359303,0.00016525234968867153,0.00016525234968867153,0.00016525234968867153
18_1504_53,2024-01-01,0.0,3.591833581135644e-149,-2180.667765178225,-2.72721266746521,14226.377687322121,37799.144026397065,13262.123088159606,-0.22198196321360142,148.50282989833136,104031.3482501932,91183.45236920813,98829.78083768353,148.50282989833136,0.3172451418772325,1.5650821238641997e-07,0.00073333527,-0.029180804,0.09117099,-0.00056325237,0.0092493715,0.0003827121,-0.35672495,-0.2285246,0.17126276,0.22520436,0.002408248,2.4047158e-05,-0.020448271,0.00016525234968867153,0.00016525234968867153,0.00016525234968867153
18_1507_16,2023-10-01,0.0,0.0,174.91611748339176,3165.640869140625,43351.00630834073,6288.5958354043,80887.037568225,-6680.886456077419,31748.405164615226,257143.6802771145,257144.3863175291,244286.49626325877,31748.405164615226,4222.563037999724,171.98521696949445,-260.71875,-1057.1562,-8303.594,48290.25,89253.22,96199.61,-84553.3,-34667.37,249762.38,281287.34,-506.96875,-0.0019570384,-4742.6562,0.0025339906569570303,0.0025339906569570303,0.0025339906569570303
18_1507_16,2023-11-01,0.0,0.0,174.91611748339176,1500.6263427734375,75409.09207296089,4552.015227870601,74464.33398799566,-13188.548578090045,31748.405164615226,257143.6802771145,257144.3863175291,244286.49626325877,31748.405164615226,4222.563037999724,171.98521696949445,-83.25,-2069.9062,-1161.1875,85674.3,87998.95,84026.8,-49663.29,-22287.846,175864.05,227449.17,2332.6562,-0.00033126815,-5023.8203,0.0025339906569570303,0.0025339906569570303,0.0025339906569570303
18_1507_16,2023-12-01,0.0,0.0,174.91611748339176,2361.182373046875,99116.05877130968,33442.579138172696,80360.88708593824,-19696.210700102674,31748.405164615226,257143.6802771145,257144.3863175291,244286.49626325877,31748.405164615226,4222.563037999724,171.98521696949445,8.03125,1640.25,2571.0,75769.94,87532.67,84335.125,-26843.12,16957.242,147761.77,156059.95,1549.9375,-0.00044494183,-8449.875,0.0025339906569570303,0.0025339906569570303,0.0025339906569570303
18_1507_16,2024-01-01,0.0,0.0,174.91611748339176,1789.8778076171875,116647.36972241061,10277.377356668589,9951.09838976269,-26203.8728221153,31748.405164615226,257143.6802771145,257144.3863175291,244286.49626325877,31748.405164615226,4222.563037999724,171.98521696949445,-9.375,4878.0625,4214.2812,81931.47,87844.8,79026.2,8501.981,30759.402,143903.84,173771.39,1345.4375,2.4047158e-05,-8394.297,0.0025339906569570303,0.0025339906569570303,0.0025339906569570303
18_1600_53,2023-10-01,120222.45244094882,140054.00266228098,130808.77811064341,124331.125,112377.3477730609,100400.27780969921,33747.65897593821,117770.05915274349,18469.308590004377,4118.588952220969,11196.58931884797,3912.6595046099205,35767.08771633972,89636.75886271511,114234.1229461176,114818.46,112715.414,100864.05,68182.12,107263.93,108767.8,70480.33,75999.234,148823.66,165031.28,111060.836,109815.69,131310.19,121329.5703125,115741.3125,219876.25
18_1600_53,2023-11-01,125976.74481059182,165593.9907359355,147104.97327648662,155985.015625,110307.41761532545,113585.23190572471,35646.301852768585,121323.7293641047,18469.308590004377,4118.588952220969,11196.58931884797,3912.6595046099205,35767.08771633972,89636.75886271511,114234.1229461176,101532.97,108229.41,95999.016,37606.836,101299.3,100932.15,61860.336,76896.266,133439.52,165690.38,107439.37,111834.43,112068.22,121651.9609375,116063.7109375,219876.25
18_1600_53,2023-12-01,131731.0371802348,191133.97880959004,163401.16844232986,169972.125,108302.13966244599,124673.8059896395,37349.85534118195,124877.39957546593,18469.308590004377,4118.588952220969,11196.58931884797,3912.6595046099205,35767.08771633972,89636.75886271511,114234.1229461176,99773.55,108164.08,94626.195,43991.562,95132.55,92790.85,47578.168,65758.195,118219.82,132224.83,106622.414,114670.805,93550.49,121329.5703125,109078.3984375,219876.25
18_1600_53,2024-01-01,138685.638973858,216673.96688324458,179697.36360817304,208100.78125,106359.49456725901,135907.5602663132,54666.457310431346,128431.06978682715,18469.308590004377,4118.588952220969,11196.58931884797,3912.6595046099205,35767.08771633972,89636.75886271511,114234.1229461176,97608.51,106374.43,94162.9,15373.688,89743.35,91332.914,61292.996,71082.07,109713.945,121101.56,106900.91,115603.12,58856.22,122511.6875,93495.7734375,219876.25
18_1600_72,2023-10-01,0.0,0.0,2.0396653531882993,3714.420654296875,1022.4925598946413,-1027.5008169436105,1658.334438468882,2637.9319554431395,1197.0832122656188,1197.0832122656188,1197.0832122656188,1137.2290516523378,1104.7715777957053,635.95045651611,195.59484966388217,-27.601513,-76.40007,309.67596,-4759.4873,78.71846,21.722048,-1109.8595,-799.522,610.0856,867.1766,-15.186153,-0.0019570384,-159.64111,1.3537714039557613e-05,1.3537714039557613e-05,1.3537714039557613e-05
18_1600_72,2023-11-01,0.0,0.0,2.0396653531882993,3315.905029296875,971.111260125762,-82.12590113517444,1767.881322456007,2796.503102971813,1197.0832122656188,1197.0832122656188,1197.0832122656188,1137.2290516523378,1104.7715777957053,635.95045651611,195.59484966388217,-20.038076,-172.75911,302.4105,-946.65295,95.22009,163.66571,-721.11163,-312.2687,758.23236,948.81903,-67.186676,-0.00033126815,-333.44995,1.3537714039557613e-05,14536.009765625,1.3537714039557613e-05
18_1600_72,2023-12-01,0.0,0.0,2.0396653531882993,3679.76904296875,973.6932231340908,-1429.294502290512,1613.335600301624,2955.0742505004864,1197.0832122656188,1197.0832122656188,1197.0832122656188,1137.2290516523378,1104.7715777957053,635.95045651611,195.59484966388217,-17.096706,-87.71243,302.4166,3136.2915,100.7875,155.49286,-506.61,-475.931,750.569,896.1491,-79.10328,-0.00044494183,-292.55908,1.3537714039557613e-05,14536.009765625,1.3537714039557613e-05
18_1600_72,2024-01-01,0.0,0.0,2.0396653531882993,4082.9677734375,973.5634768449473,-655.2647000553814,3016.9391393138394,3113.64539802916,1197.0832122656188,1197.0832122656188,1197.0832122656188,1137.2290516523378,1104.7715777957053,635.95045651611,195.59484966388217,-18.732962,-159.46504,301.32703,5340.7607,101.698044,131.24936,-538.2998,-366.07816,705.5141,874.6222,-47.717598,2.4047158e-05,-566.9668,1.3537714039557613e-05,14536.009765625,1.3537714039557613e-05
18_1605_2,2023-10-01,6937.518738150824,3228.7402989547368,3233.0328866561977,5569.43017578125,2435.9495286380657,3492.8538577547833,2413.4268949441334,4442.182143473498,3324.7875272428482,4040.4155423033626,3988.219881061421,3838.3947651881945,3832.6184705196742,4735.354483498806,4340.450619611357,7143.4507,6712.104,7297.8613,4332.2856,5396.6807,5361.634,3829.1963,4170.1304,6547.1636,6850.427,6538.4263,6283.2856,3934.9312,6935.63720703125,4.5104978198651224e-05,4.5104978198651224e-05
18_1605_2,2023-11-01,0.0,3228.7402989547368,3233.0328866561977,6028.9404296875,3317.267212145133,2924.126120055923,2161.1550109476225,4562.035585724072,3324.7875272428482,4040.4155423033626,3988.219881061421,3838.3947651881945,3832.6184705196742,4735.354483498806,4340.450619611357,6798.0874,6722.944,7253.6313,5386.632,5962.396,5879.6245,4057.9143,4288.421,7364.3643,7778.6294,6485.302,6604.562,4009.89,4.5104978198651224e-05,4.5104978198651224e-05,4.5104978198651224e-05
18_1605_2,2023-12-01,6937.518738150824,3228.7402989547368,3233.0328866561977,6461.28369140625,3144.7227452910215,10056.406969475072,9047.559603502215,4681.8890279746465,3324.7875272428482,4040.4155423033626,3988.219881061421,3838.3947651881945,3832.6184705196742,4735.354483498806,4340.450619611357,6656.204,6581.9224,7240.274,1601.8947,6289.4126,6205.751,4091.693,4950.32,8102.3945,9549.187,6496.569,6931.749,3548.8271,6935.63720703125,6935.63720703125,4.5104978198651224e-05
18_1605_2,2024-01-01,7536.324787866797,3228.7402989547368,3233.0328866561977,6917.09423828125,3178.503518784069,10637.182832574334,10423.48899518744,4801.742470225221,3324.7875272428482,4040.4155423033626,3988.219881061421,3838.3947651881945,3832.6184705196742,4735.354483498806,4340.450619611357,6540.648,6336.881,7234.948,-1195.3352,6469.211,6396.6733,4125.3423,4807.718,7694.565,8762.7705,6513.5166,7054.14,2448.068,4.5104978198651224e-05,4.5104978198651224e-05,4.5104978198651224e-05
18_1606_16,2023-10-01,0.0,493.757037437221,2.2927594179064207e-17,-220.159912109375,120.95238840821207,1213.8676251075249,4714.81617162036,2.2962309493696788e-07,522.1384437528819,2091.710706172471,2788.5601133578716,1987.1251708638474,522.1384437528819,88.45227296623892,2.3035890755627437e-07,-3.4228516,-32.029297,-141.27856,731.7888,10.639893,44.731834,-440.78482,-221.86227,332.09543,432.46677,28.385498,-0.0019570384,16.203247,2.3561511625302956e-05,2.3561511625302956e-05,2.3561511625302956e-05
18_1606_16,2023-11-01,0.0,1156.614590784981,2.2927594179064207e-17,11.272250175476074,227.81374041539732,908.5585232676805,4632.022125246324,2.296230949369679e-07,522.1384437528819,2091.710706172471,2788.5601133578716,1987.1251708638474,522.1384437528819,88.45227296623892,2.3035890755627437e-07,-5.5563965,-26.468262,-129.91016,973.6798,9.372314,9.135357,-417.7451,-306.27365,290.84702,436.77817,50.646973,-0.00033126815,33.18091,2.3561511625302956e-05,2.3561511625302956e-05,2.3561511625302956e-05
18_1606_16,2023-12-01,0.0,1891.685316326566,2.2927594179064207e-17,-159.9092254638672,322.2256714494788,1090.7586705846472,4710.093461720206,2.296230949369679e-07,522.1384437528819,2091.710706172471,2788.5601133578716,1987.1251708638474,522.1384437528819,88.45227296623892,2.3035890755627437e-07,-6.404297,-23.089844,-129.04858,1370.7478,2.1367188,50.00435,-258.88705,-201.27782,363.9378,477.1909,34.66382,-0.00044494183,36.906982,2.3561511625302956e-05,2.3561511625302956e-05,2.3561511625302956e-05
18_1606_16,2024-01-01,0.0,2598.4564490971698,2.2927594179064207e-17,-23.67901039123535,405.63854761246057,522.034393873652,2857.693056813691,2.296230949369679e-07,522.1384437528819,2091.710706172471,2788.5601133578716,1987.1251708638474,522.1384437528819,88.45227296623892,2.3035890755627437e-07,-9.039795,-36.70459,-129.9812,408.03125,-3.2834473,-22.612154,-565.75214,-353.71027,278.85046,338.6423,42.31909,2.4047158e-05,25.571533,2.3561511625302956e-05,2.3561511625302956e-05,284.39715576171875
18_1609_16,2023-10-01,0.0,1.657778090790844e-33,1.348662274153899e-75,-0.058561019599437714,0.5487187584568916,0.1852855660892147,-2.7364159648601785,-0.002909922300386981,0.015375276918031257,13.486622741350747,13.486622741350747,12.812291604283208,0.015375276918031257,2.5723691446973317e-05,1.358058610981717e-37,-0.0024689105,0.002335506,0.09430316,0.0027159478,0.0040304437,0.025502153,-0.19623546,-0.14924172,0.1767663,0.3378262,-0.00017725787,-0.0019570384,-0.002547192,1.794342274763494e-08,1.794342274763494e-08,1.794342274763494e-08
18_1609_16,2023-11-01,0.0,1.4196540711763977e-33,1.348662274153899e-75,0.003118127351626754,0.9912490685878272,0.33234419815214894,-3.3776213616033974,-0.005544669232466241,0.015375276918031257,13.486622741350747,13.486622741350747,12.812291604283208,0.015375276918031257,2.5723691446973317e-05,1.358058610981717e-37,0.00047200356,-0.010625879,0.09177589,0.0038856715,0.0060206745,0.015920307,-0.24169916,-0.1891412,0.18456464,0.20288807,0.002405007,-0.00033126815,-0.014978557,1.794342274763494e-08,1.794342274763494e-08,1.794342274763494e-08
18_1609_16,2023-12-01,0.0,1.2157342970109254e-33,1.348662274153899e-75,-0.015036978758871555,1.3481405951966579,0.5328360173334658,-3.144319082745821,-0.007965940645286423,0.015375276918031257,13.486622741350747,13.486622741350747,12.812291604283208,0.015375276918031257,2.5723691446973317e-05,1.358058610981717e-37,0.0026063903,-0.017958699,0.09161402,0.1326086,0.007780593,0.016399587,-0.29575795,-0.23055096,0.24544004,0.3431112,0.000515223,-0.00044494183,-0.007359303,1.794342274763494e-08,1.794342274763494e-08,1.794342274763494e-08
18_1609_16,2024-01-01,0.0,1.0411056544950381e-33,1.348662274153899e-75,-0.006284511182457209,1.6359662171918945,4.258988249053621,2.315772116430897,-0.010198833104508928,0.015375276918031257,13.486622741350747,13.486622741350747,12.812291604283208,0.015375276918031257,2.5723691446973317e-05,1.358058610981717e-37,0.00073333527,-0.029180804,0.09117099,-0.00056325237,0.0092493715,0.0002959841,-0.2674238,-0.20762847,0.17253819,0.24244256,0.002408248,2.4047158e-05,-0.020448271,1.794342274763494e-08,1.794342274763494e-08,1.794342274763494e-08
18_1703_16,2023-10-01,0.0,0.0,5.511533160305059e-70,0.8481146097183228,22.066521033899804,36.23689137513816,-163.20015404507387,-1.508091365142019e-37,0.8976171115662198,551.1533160298671,551.1533160298671,523.5956502283738,0.8976171115662198,0.0021024830475992857,5.54790516112854e-34,-0.0024689105,0.002335506,0.09430316,0.0027159478,0.0040304437,0.0068540005,-0.21340604,-0.14887339,0.15313327,0.1997765,-0.00017725787,-0.0019570384,-0.002547192,1.0999318647009204e-06,1.0999318647009204e-06,1.0999318647009204e-06
18_1703_16,2023-11-01,0.0,0.0,5.511533160305059e-70,-0.010452267713844776,40.844532916347234,49.808108726911044,-198.3512011946613,-1.508091365142019e-37,0.8976171115662198,551.1533160298671,551.1533160298671,523.5956502283738,0.8976171115662198,0.0021024830475992857,5.54790516112854e-34,0.00047200356,-0.010625879,0.09177589,0.0038856715,0.0060206745,0.014223637,-0.25034812,-0.19138929,0.15639868,0.22853063,0.002405007,-0.00033126815,-0.014978557,1.0999318647009204e-06,1.0999318647009204e-06,1.0999318647009204e-06
18_1703_16,2023-12-01,0.0,0.0,5.511533160305059e-70,0.6626864671707153,56.82411255718107,39.69235040757911,-180.5648385195698,-1.508091365142019e-37,0.8976171115662198,551.1533160298671,551.1533160298671,523.5956502283738,0.8976171115662198,0.0021024830475992857,5.54790516112854e-34,0.0026063903,-0.017958699,0.09161402,0.1326086,0.007780593,0.0007233494,-0.25557697,-0.19626746,0.17526968,0.19625741,0.000515223,-0.00044494183,-0.007359303,1.0999318647009204e-06,1.0999318647009204e-06,1.0999318647009204e-06
18_1703_16,2024-01-01,0.0,0.0,5.511533160305059e-70,0.12434449791908264,70.42230213636833,172.56236669685836,-1.775248272776679,-1.508091365142019e-37,0.8976171115662198,551.1533160298671,551.1533160298671,523.5956502283738,0.8976171115662198,0.0021024830475992857,5.54790516112854e-34,0.00073333527,-0.029180804,0.09117099,-0.00056325237,0.0092493715,0.011527758,-0.18547352,-0.12706795,0.21632382,0.27224025,0.002408248,2.4047158e-05,-0.020448271,1.0999318647009204e-06,1.0999318647009204e-06,1.0999318647009204e-06
18_1706_16,2023-10-01,7.192865462053732,7.192865462053732,7.192865462053732,7.1768293380737305,6.801417604184479,7.193258745778216,7.2594717791220535,7.5918838535356015,5.724864795129305,1.1666111742164387,4.251569049413981,1.1082806155056166,6.313727076293356,7.178816896698158,7.192865462053732,7.32859,7.38691,7.4218645,8.07518,7.3258533,7.31474,5.5677733,6.0517073,8.946235,9.5139885,7.052855,7.1909084,7.190318,7.186837196350098,7.186837196350098,4.3064208199439236e-08
18_1706_16,2023-11-01,7.192865462053732,7.192865462053732,7.192865462053732,7.133845806121826,6.44951806699234,7.191935168128198,7.249676141429854,7.986912061102652,5.724864795129305,1.1666111742164387,4.251569049413981,1.1082806155056166,6.313727076293356,7.178816896698158,7.192865462053732,7.368495,7.2724247,7.4150887,8.004717,7.445096,7.5542955,5.700953,5.8628473,9.149081,9.547176,3.2635946,7.192534,7.177887,7.186837196350098,7.186837196350098,4.3064208199439236e-08
18_1706_16,2023-12-01,7.192865462053732,7.192865462053732,7.192865462053732,7.121362209320068,6.133171248925443,7.191775732208026,7.251644706082759,8.381940268669702,5.724864795129305,1.1666111742164387,4.251569049413981,1.1082806155056166,6.313727076293356,7.178816896698158,7.192865462053732,7.1404295,6.829502,7.4143763,8.152747,7.565281,7.662141,4.5563655,5.286054,9.175128,9.483502,3.22036,7.1924205,7.185506,7.186837196350098,7.186837196350098,4.3064208199439236e-08
18_1706_16,2024-01-01,7.192865462053732,7.192865462053732,7.192865462053732,7.084759712219238,5.848785227563871,14.38488255876376,14.432522895236769,8.776968476236751,5.724864795129305,1.1666111742164387,4.251569049413981,1.1082806155056166,6.313727076293356,7.178816896698158,7.192865462053732,7.041886,6.0365524,7.4131346,8.8447485,7.671609,7.708647,5.550229,6.2355046,9.407468,10.07514,3.3461523,7.192889,7.172417,7.186837196350098,7.186837196350098,4.3064208199439236e-08
19_1000_6,2023-10-01,0.0,0.0,0.0,0.0,0.0,0.0,0.0,0.0,0.0,0.0,0.0,0.0,0.0,0.0,0.0,-0.0024689105,0.002335506,0.09430316,0.0027159478,0.0040304437,-0.045790102,-0.29846296,-0.24432637,0.15117498,0.21065328,-0.00017725787,-0.0019570384,-0.002547192,1.3969838619232178e-08,1.3969838619232178e-08,1.3969838619232178e-08
19_1000_6,2023-11-01,0.0,0.0,0.0,0.0,0.0,0.0,0.0,0.0,0.0,0.0,0.0,0.0,0.0,0.0,0.0,0.00047200356,-0.010625879,0.09177589,0.0038856715,0.0060206745,-0.0016523742,-0.2546518,-0.15014485,0.13953382,0.1953672,0.002405007,-0.00033126815,-0.014978557,1.3969838619232178e-08,1.3969838619232178e-08,1.3969838619232178e-08
19_1000_6,2023-12-01,0.0,0.0,0.0,0.0,0.0,0.0,0.0,0.0,0.0,0.0,0.0,0.0,0.0,0.0,0.0,0.0026063903,-0.017958699,0.09161402,0.1326086,0.007780593,-0.0012681321,-0.29631475,-0.20096529,0.2230953,0.2797169,0.000515223,-0.00044494183,-0.007359303,1.3969838619232178e-08,1.3969838619232178e-08,1.3969838619232178e-08
19_1000_6,2024-01-01,44955.40913783582,0.0,0.0,0.0,0.0,0.0,0.0,0.0,0.0,0.0,0.0,0.0,0.0,0.0,0.0,0.00073333527,-0.029180804,0.09117099,-0.00056325237,0.0092493715,0.01864028,-0.2977253,-0.21794768,0.17911315,0.22989757,0.002408248,2.4047158e-05,-0.020448271,1.3969838619232178e-08,1.3969838619232178e-08,1.3969838619232178e-08
1_1505_15,2023-10-01,0.0,0.0,550.1876934545486,309.6262512207031,542.3186985592989,-178.1182296381821,-1192.3944767264993,1.1195822014367914e-36,9.047900432182182,11337.754184562194,11337.754184562194,10770.866475334084,9.047900432182182,0.010812524971544451,1.1420918739661547e-36,-0.0024689105,0.002335506,0.09430316,0.0027159478,0.0040304437,0.02124187,-0.23909797,-0.19718646,0.22243693,0.25666848,-0.00017725787,-0.0019570384,-0.002547192,7.542219009337714e-06,7.542219009337714e-06,8098.39599609375
1_1505_15,2023-11-01,0.0,0.0,550.1876934545486,311.60003662109375,517.4122098828086,238.39458537118168,-1766.462499882939,1.1195822014367914e-36,9.047900432182182,11337.754184562194,11337.754184562194,10770.866475334084,9.047900432182182,0.010812524971544451,1.1420918739661547e-36,0.00047200356,-0.010625879,0.09177589,0.0038856715,0.0060206745,0.017162206,-0.21221118,-0.13163203,0.17167169,0.30861554,0.002405007,-0.00033126815,-0.014978557,7.542219009337714e-06,7.542219009337714e-06,7.542219009337714e-06
1_1505_15,2023-12-01,0.0,0.0,550.1876934545486,309.5894470214844,518.5560634505356,132.63421547946905,-1583.152683244512,1.1195822014367914e-36,9.047900432182182,11337.754184562194,11337.754184562194,10770.866475334084,9.047900432182182,0.010812524971544451,1.1420918739661547e-36,0.0026063903,-0.017958699,0.09161402,0.1326086,0.007780593,0.011252461,-0.17076898,-0.12312095,0.16242026,0.21003684,0.000515223,-0.00044494183,-0.007359303,7.542219009337714e-06,7.542219009337714e-06,7.542219009337714e-06
1_1505_15,2024-01-01,0.0,0.0,550.1876934545486,307.1741638183594,518.5035309156851,4172.614171662576,3786.170870228897,1.1195822014367914e-36,9.047900432182182,11337.754184562194,11337.754184562194,10770.866475334084,9.047900432182182,0.010812524971544451,1.1420918739661547e-36,0.00073333527,-0.029180804,0.09117099,-0.00056325237,0.0092493715,0.0050991913,-0.33067718,-0.1609146,0.14604943,0.19367646,0.002408248,2.4047158e-05,-0.020448271,7.542219009337714e-06,7.542219009337714e-06,7.542219009337714e-06
3_1000_63,2023-10-01,0.0,0.0,8.950009756087767e-08,39637.58203125,43421.40536751301,-69083.72731691739,-76089.87776823457,-55037.931247831446,36398.32569740345,686812.3393972781,631354.2327276778,652471.7224274143,36398.32569740345,2376.3160509131776,3.718923782961402e-08,6834.119,-106.17294,20994.592,-34739.594,5840.625,7682.5215,-80952.39,-57496.543,69000.76,87252.695,-5317.0664,-0.0019570384,-0.002547192,0.006198498886078596,0.006198498886078596,0.006198498886078596
3_1000_63,2023-11-01,0.0,0.0,8.950009756087767e-08,-1845.5389404296875,82593.55779804935,-56432.13133774683,-95933.44747247826,-101821.75689135192,36398.32569740345,686812.3393972781,631354.2327276778,652471.7224274143,36398.32569740345,2376.3160509131776,3.718923782961402e-08,13031.084,-14546.831,20829.625,-102222.09,13588.6875,18427.281,-54130.83,-33754.395,81089.9,111838.44,-9323.25,-0.00033126815,-0.014978557,0.006198498886078596,0.006198498886078596,0.006198498886078596
3_1000_63,2023-12-01,0.0,0.0,8.950009756087767e-08,28493.755859375,117932.29253161524,-42574.88594112033,-90013.68124677066,-148605.5825348724,36398.32569740345,686812.3393972781,631354.2327276778,652471.7224274143,36398.32569740345,2376.3160509131776,3.718923782961402e-08,6658.5635,-229.14122,21007.64,-167882.55,24364.375,17675.379,-67174.76,-35022.94,66861.76,98097.51,-4448.1553,-0.00044494183,-0.007359303,0.006198498886078596,0.006198498886078596,0.006198498886078596
3_1000_63,2024-01-01,0.0,0.0,8.950009756087767e-08,4354.8857421875,149812.75084403163,-290322.1593095679,-396526.68032823305,-195389.40817839289,36398.32569740345,686812.3393972781,631354.2327276778,652471.7224274143,36398.32569740345,2376.3160509131776,3.718923782961402e-08,15.192347,-15855.715,21040.38,-275159.72,37939.0,28960.229,-40987.19,-26882.838,93830.55,105984.695,-6692.9663,2.4047158e-05,-0.020448271,0.006198498886078596,0.006198498886078596,0.006198498886078596
3_1000_92,2023-10-01,604200.6988125135,604200.6988125135,604200.6988125135,580224.75,604634.2452950821,592035.0548530556,552239.9063972229,641852.8868927282,376412.72705507436,84886.01254827519,295894.1849689981,80641.71192086143,474583.5740833409,605886.5266551822,604201.055949191,611503.75,596786.06,645303.5,464742.28,599773.06,599323.8,407818.72,468994.2,740071.7,783428.25,600200.5,604200.7,603185.0,604703.875,604703.875,604703.875
3_1000_92,2023-11-01,949458.2409910925,604200.6988125135,604200.6988125135,571000.4375,605047.4323436051,603551.519245758,552035.7157421574,675446.6354861158,376412.72705507436,84886.01254827519,295894.1849689981,80641.71192086143,474583.5740833409,605886.5266551822,604201.055949191,612776.56,593967.2,643937.3,350689.97,595436.8,609640.0,455755.72,507261.22,727331.44,770940.1,600787.1,604200.7,602079.25,604703.875,604703.875,604703.875
3_1000_92,2023-12-01,949458.2409910925,604200.6988125135,604200.6988125135,553108.75,605441.2160413893,573035.5541594771,554335.2384370293,709040.3840795035,376412.72705507436,84886.01254827519,295894.1849689981,80641.71192086143,474583.5740833409,605886.5266551822,604201.055949191,600350.44,571339.6,643456.25,240000.69,591012.6,589974.4,416171.47,488955.56,713468.3,763055.94,599421.4,604200.7,602339.4,604703.875,604703.875,604703.875
3_1000_92,2024-01-01,705194.8236570271,604200.6988125135,604200.6988125135,542552.75,605816.507573868,777005.9929003759,831860.9054351067,742634.1326728911,376412.72705507436,84886.01254827519,295894.1849689981,80641.71192086143,474583.5740833409,605886.5266551822,604201.055949191,598676.6,574366.9,643271.4,142179.98,586836.8,580164.5,436351.34,473553.2,716237.1,762608.5,601407.1,604200.7,600593.56,602971.25,604703.875,0.003301589749753475
3_1100_73,2023-10-01,0.0,0.0,9.890190010327786e-25,-452.243408203125,486.1977962887322,1093.1964649017846,7675.5912580278655,9.890190010323942e-11,786.5980787313899,3127.589645644644,8343.74126565407,2971.2101633624115,786.5980787313899,77.15392521328863,9.926735164326831e-11,-17.43164,3.2773438,-33.39453,-127.33008,-10.452148,-85.45894,-920.3712,-696.468,379.00522,630.99866,19.467773,-0.0019570384,12.702515,6.250292790355161e-05,6.250292790355161e-05,6.250292790355161e-05
3_1100_73,2023-11-01,0.0,0.0,9.890190010327786e-25,16.40491485595703,893.5748428430006,1117.8807845513145,7653.464020101236,9.890190010323942e-11,786.5980787313899,3127.589645644644,8343.74126565407,2971.2101633624115,786.5980787313899,77.15392521328863,9.926735164326831e-11,19.791016,30.949219,13.161133,2467.0107,-16.754883,27.456793,-589.63635,-460.42807,598.47156,962.9168,116.31152,-0.00033126815,-38.57495,6.250292790355161e-05,6.250292790355161e-05,6.250292790355161e-05
3_1100_73,2023-12-01,0.0,0.0,9.890190010327786e-25,-335.252197265625,1234.90929422485,1679.15106519528,7744.81134141188,9.890190010323942e-11,786.5980787313899,3127.589645644644,8343.74126565407,2971.2101633624115,786.5980787313899,77.15392521328863,9.926735164326831e-11,33.277344,52.75293,24.829102,5706.318,-14.652344,-44.22635,-786.76996,-686.5889,593.4772,956.4485,93.956055,-0.00044494183,-38.135254,6.250292790355161e-05,6.250292790355161e-05,6.250292790355161e-05
3_1100_73,2024-01-01,0.0,0.0,9.890190010327786e-25,-54.770286560058594,1520.907753602034,-1119.9631816550423,590.422496263855,9.890190010323942e-11,786.5980787313899,3127.589645644644,8343.74126565407,2971.2101633624115,786.5980787313899,77.15392521328863,9.926735164326831e-11,21.952148,286.95703,30.407227,4630.9395,-2.415039,11.046278,-690.7098,-567.60516,522.65894,907.6711,79.83203,2.4047158e-05,35.799927,6.250292790355161e-05,6.250292790355161e-05,6.250292790355161e-05
3_1100_99,2023-10-01,11756.738597726824,11756.738597726824,11756.738597726824,11691.6640625,11220.192566134741,11664.519725175336,8887.709063412212,12416.297256526681,6480.475323099764,1275.4213538593892,4358.314960117021,1211.6502861664196,8478.671515157812,11650.306666592998,11756.738597724852,11869.885,11750.292,12316.967,11558.242,11625.306,11738.089,8918.684,9364.486,14351.13,15389.102,11650.5625,11756.736,11092.404,11765.267578125,11681.029296875,11765.267578125
3_1100_99,2023-11-01,11756.738597726824,11756.738597726824,11756.738597726824,11477.87109375,10725.760483652748,11466.533855589145,9019.742937682633,13069.26032874048,6480.475323099764,1275.4213538593892,4358.314960117021,1211.6502861664196,8478.671515157812,11650.306666592998,11756.738597724852,11914.75,11676.642,12234.692,8733.381,11468.733,11832.443,8655.561,8982.836,14027.439,15005.685,11713.804,11756.738,10925.353,11765.267578125,5.350489664124325e-05,11765.267578125
3_1100_99,2023-12-01,11756.738597726824,11756.738597726824,11756.738597726824,11430.5439453125,10270.136791008728,11216.465590614836,8884.806237355984,13722.223400954279,6480.475323099764,1275.4213538593892,4358.314960117021,1211.6502861664196,8478.671515157812,11650.306666592998,11756.738597724852,11609.271,11427.563,12204.074,6458.765,11304.927,10971.01,8217.724,8920.949,12911.146,13925.406,11656.218,11756.738,9330.6,11765.267578125,5.350489664124325e-05,11765.267578125
3_1100_99,2024-01-01,11756.738597726824,11756.738597726824,11756.738597726824,11254.037109375,9850.275385056917,14034.69859538139,13554.351760050418,14375.186473168078,6480.475323099764,1275.4213538593892,4358.314960117021,1211.6502861664196,8478.671515157812,11650.306666592998,11756.738597724852,11506.884,11425.351,12192.347,6536.375,11148.827,10901.286,7826.7812,8627.669,13186.097,14084.478,11720.166,11756.738,5319.8755,11765.267578125,5.350489664124325e-05,11765.267578125
3_1101_73,2023-10-01,0.0,0.0,0.0042113904151686865,-161.92599487304688,6116.882713353349,-20290.500433340625,-20814.54107322699,-8738.740508314591,5556.191409528698,128392.62256992537,96375.99798996664,121972.9914414291,5556.191409528698,346.32955386830946,2.7690371919014294e-05,963.28156,22.012987,3133.6394,-2317.2732,221.34375,440.8952,-10212.827,-5735.867,6921.615,9191.202,-667.6527,-0.0019570384,-0.002547192,0.0009858307894319296,0.0009858307894319296,0.0009858307894319296
3_1101_73,2023-11-01,0.0,0.0,0.0042113904151686865,-0.30865857005119324,11784.613387516758,-8083.08669463313,-10639.585842919849,-16380.021795887598,5556.191409528698,128392.62256992537,96375.99798996664,121972.9914414291,5556.191409528698,346.32955386830946,2.7690371919014294e-05,1688.7417,-2303.658,3109.8489,-15858.239,823.58594,692.9022,-10792.963,-8635.895,7932.2114,9746.956,-1019.37494,-0.00033126815,-0.014978557,0.0009858307894319296,19659.849609375,0.0009858307894319296
3_1101_73,2023-12-01,0.0,0.0,0.0042113904151686865,-130.21690368652344,17036.172474096413,-26430.177006932296,-29334.96828167116,-24021.303083460603,5556.191409528698,128392.62256992537,96375.99798996664,121972.9914414291,5556.191409528698,346.32955386830946,2.7690371919014294e-05,635.6335,-18.245169,3136.896,-19771.055,1760.9766,1675.3898,-9778.223,-4702.921,9237.073,12655.238,-563.43164,-0.00044494183,-0.007359303,0.0009858307894319296,51219.0859375,0.0009858307894319296
3_1101_73,2024-01-01,0.0,0.0,0.0042113904151686865,-26.29255485534668,21902.11872760432,-33026.70960975495,-35886.45684463282,-31662.584371033612,5556.191409528698,128392.62256992537,96375.99798996664,121972.9914414291,5556.191409528698,346.32955386830946,2.7690371919014294e-05,-630.2505,-2216.8828,3142.0715,-34107.285,3038.6172,3824.2207,-7812.8364,-5843.515,10726.543,13200.105,-943.99963,2.4047158e-05,-0.020448271,0.0009858307894319296,64153.19921875,1552.094482421875
3_1101_99,2023-10-01,85314.5772454193,90706.52901741133,91384.7464364745,94374.3984375,81720.8526533962,85317.34057555173,73596.86262431668,101250.02366747489,53412.5919086845,11345.180784964341,42348.86867914169,10777.921745716123,69343.99472219076,91329.83927724877,91383.88386483036,92044.17,90403.67,96339.53,78188.59,91306.734,94358.016,72442.98,76577.85,110046.08,119751.69,90944.47,111719.22,85398.44,91048.7734375,89095.984375,90316.4765625
3_1101_99,2023-11-01,85759.63579588388,90706.52901741133,91384.7464364745,93535.484375,74236.78275617748,89084.3675678529,78289.09782111162,106636.23634708818,53412.5919086845,11345.180784964341,42348.86867914169,10777.921745716123,69343.99472219076,91329.83927724877,91383.88386483036,92308.67,89133.12,96008.5,49926.54,90662.58,88385.67,65769.75,75829.336,108457.625,112809.97,90939.16,96346.664,83524.195,91048.7734375,62977.43359375,91536.96875
3_1101_99,2023-12-01,81443.01741046889,90706.52901741133,91384.7464364745,95679.234375,68003.38418300342,88798.29609343129,77095.52305463438,112022.44902670149,53412.5919086845,11345.180784964341,42348.86867914169,10777.921745716123,69343.99472219076,91329.83927724877,91383.88386483036,90291.17,86053.586,95886.625,39223.78,89850.67,89193.625,61190.88,71866.64,108105.89,121240.14,89943.3,94705.56,81193.49,91536.96875,1220.493408203125,86166.796875
3_1101_99,2024-01-01,87040.8649563122,90706.52901741133,91384.7464364745,95735.4921875,62811.65584459121,110949.70974634611,114867.88541133476,117408.6617063148,53412.5919086845,11345.180784964341,42348.86867914169,10777.921745716123,69343.99472219076,91329.83927724877,91383.88386483036,89744.45,87066.266,95839.39,29927.71,88959.414,86646.49,68233.875,70507.414,104683.84,107438.516,90585.41,104516.805,79415.336,91048.7734375,0.0004651264171116054,90072.3828125
3_1102_73,2023-10-01,0.0,0.0,0.035251581840237786,-80.07999420166016,858.628765475723,196.4786500109126,-105.92639827767607,-666.6528114622531,333.85729714816233,8846.339001625489,8288.399201063032,8404.022051544214,333.85729714816233,16.335759941977116,0.02423516826594082,5.370195,-22.162762,232.89612,-1010.4589,61.1418,94.144424,-564.585,-440.9341,471.35754,660.5046,-117.9613,-0.0019570384,-0.002547192,6.743497215211391e-05,6.743497215211391e-05,6.743497215211391e-05
3_1102_73,2023-11-01,0.0,0.0,0.035251581840237786,7.791473388671875,1567.279658862476,652.2272437955553,-109.05850648563091,-1284.591726070997,333.85729714816233,8846.339001625489,8288.399201063032,8404.022051544214,333.85729714816233,16.335759941977116,0.02423516826594082,65.14016,-182.47885,230.71983,-1148.9011,96.860985,95.399185,-445.03326,-369.0262,537.32275,765.8723,-170.72623,-0.00033126815,-0.014978557,6.743497215211391e-05,6.743497215211391e-05,6.743497215211391e-05
3_1102_73,2023-12-01,0.0,0.0,0.035251581840237786,-37.752933502197266,2152.1495221725027,377.4180525731563,-16.754616103840362,-1902.5306406797408,333.85729714816233,8846.339001625489,8288.399201063032,8404.022051544214,333.85729714816233,16.335759941977116,0.02423516826594082,-0.7211617,-21.928444,232.48654,153.68198,129.97798,118.69786,-690.82135,-346.08472,503.88004,695.5952,-126.98891,-0.00044494183,-0.007359303,6.743497215211391e-05,6.743497215211391e-05,6.743497215211391e-05
3_1102_73,2024-01-01,0.0,0.0,0.035251581840237786,-11.031588554382324,2634.859358850292,-7858.609551677948,-7653.719310405742,-2520.4695552884846,333.85729714816233,8846.339001625489,8288.399201063032,8404.022051544214,333.85729714816233,16.335759941977116,0.02423516826594082,-113.3148,-164.88649,232.71223,-1258.6548,158.29791,179.4412,-519.88153,-341.39548,632.116,959.12396,-158.97136,2.4047158e-05,-0.020448271,6.743497215211391e-05,6.743497215211391e-05,6.743497215211391e-05
3_1104_16,2023-10-01,0.0,0.0,2019.7691281044795,1136.6448974609375,1995.0284165937542,-653.8817673600896,-4377.345370073209,4.110047523307845e-36,33.2153375738761,41621.51599617392,41621.51599617392,39540.44019636522,33.2153375738761,0.03969337081544296,4.192681762858147e-36,-0.0024689105,0.002335506,0.09430316,0.0027159478,0.0040304437,0.002816847,-0.24301201,-0.13341779,0.18695296,0.24547136,-0.00017725787,-0.0019570384,-0.002547192,2.768789818219375e-05,2.768789818219375e-05,2.768789818219375e-05
3_1104_16,2023-11-01,0.0,0.0,2019.7691281044795,1143.8907470703125,1907.9754152299497,875.1595674863402,-6484.780495208646,4.110047523307845e-36,33.2153375738761,41621.51599617392,41621.51599617392,39540.44019636522,33.2153375738761,0.03969337081544296,4.192681762858147e-36,0.00047200356,-0.010625879,0.09177589,0.0038856715,0.0060206745,0.02338823,-0.21859224,-0.15444152,0.18929319,0.25495538,0.002405007,-0.00033126815,-0.014978557,2.768789818219375e-05,2.768789818219375e-05,2.768789818219375e-05
3_1104_16,2023-12-01,0.0,0.0,2019.7691281044795,1136.509765625,1911.7739701695257,486.907462567453,-5811.840127895128,4.110047523307845e-36,33.2153375738761,41621.51599617392,41621.51599617392,39540.44019636522,33.2153375738761,0.03969337081544296,4.192681762858147e-36,0.0026063903,-0.017958699,0.09161402,0.1326086,0.007780593,0.005971965,-0.18696548,-0.13580303,0.20589434,0.29576227,0.000515223,-0.00044494183,-0.007359303,130.77561950683594,2.768789818219375e-05,2.768789818219375e-05
3_1104_16,2024-01-01,0.0,0.0,2019.7691281044795,1127.6431884765625,1911.6082203458213,15317.894943267562,13899.24043811679,4.110047523307845e-36,33.2153375738761,41621.51599617392,41621.51599617392,39540.44019636522,33.2153375738761,0.03969337081544296,4.192681762858147e-36,0.00073333527,-0.029180804,0.09117099,-0.00056325237,0.0092493715,0.0017624111,-0.2152894,-0.1681783,0.18963319,0.2847257,0.002408248,2.4047158e-05,-0.020448271,2.768789818219375e-05,2.768789818219375e-05,2.768789818219375e-05
3_1104_73,2023-10-01,0.0,0.0,3.497929541252285e-28,-246.030029296875,2459.9579383718046,-2669.9911108377455,3508.659055297623,-2148.8940346346953,2168.671665731212,28256.55462411949,37617.11587886745,26843.726892913513,2168.671665731212,144.85438610270714,3.5190726088054177e-12,291.67114,14.013783,1169.3473,-1242.4058,-230.00781,-518.3042,-2094.384,-1936.2489,820.96094,1573.1234,-331.857,-0.0019570384,-0.002547192,0.00031428143847733736,0.00031428143847733736,0.00031428143847733736
3_1104_73,2023-11-01,0.0,0.0,3.497929541252285e-28,-5.84782075881958,4524.037128974387,1410.588428901714,7094.780233782459,-4276.299128923029,2168.671665731212,28256.55462411949,37617.11587886745,26843.726892913513,2168.671665731212,144.85438610270714,3.5190726088054177e-12,483.66666,-917.79114,1160.7012,-5776.849,-298.20312,-287.5125,-2439.86,-1878.4706,1195.5106,1340.0488,-581.6006,-0.00033126815,-0.014978557,0.00031428143847733736,0.00031428143847733736,0.00031428143847733736
3_1104_73,2023-12-01,0.0,0.0,3.497929541252285e-28,-204.7367401123047,6255.945971244471,4407.601928606358,6286.701612849189,-6403.704223211362,2168.671665731212,28256.55462411949,37617.11587886745,26843.726892913513,2168.671665731212,144.85438610270714,3.5190726088054177e-12,42.633705,-75.32476,1170.9283,-5474.483,-343.26953,-295.1521,-2876.5383,-1943.8428,1660.9979,2459.9556,-272.26517,-0.00044494183,-0.007359303,0.00031428143847733736,0.00031428143847733736,0.00031428143847733736
3_1104_73,2024-01-01,0.0,0.0,3.497929541252285e-28,-45.785884857177734,7709.140331029492,-22520.683178851657,-30961.016366610485,-8531.109317499693,2168.671665731212,28256.55462411949,37617.11587886745,26843.726892913513,2168.671665731212,144.85438610270714,3.5190726088054177e-12,-503.49832,-754.131,1172.9562,-12380.714,-337.72656,-298.86517,-2543.6543,-1983.4116,994.8524,2855.0972,-452.4377,2.4047158e-05,-0.020448271,0.00031428143847733736,0.00031428143847733736,0.00031428143847733736
3_1104_99,2023-10-01,38435.07659648411,39502.31800941634,42349.947574850674,45330.453125,35104.18826947647,46682.07523062835,36443.36707678315,49455.10646697126,27254.012115885183,5445.777205067285,21058.056283310318,5173.48834481392,34353.07957867243,43982.0718478816,42330.17797584843,40152.344,39103.52,43888.81,45414.49,39801.418,39562.35,28035.906,31198.9,48620.473,57361.17,39820.273,30648.3,39051.62,38480.71875,37881.33203125,245269.640625
3_1104_99,2023-11-01,38135.673571626125,39502.31800941634,42349.947574850674,35790.54296875,31578.07071586315,44100.74635940182,37690.32812436615,52121.45819826763,27254.012115885183,5445.777205067285,21058.056283310318,5173.48834481392,34353.07957867243,43982.0718478816,42330.17797584843,40381.293,39145.816,44169.055,23188.002,39976.06,40604.406,32116.848,33276.246,47758.668,52467.586,39783.617,37790.242,39501.664,39319.8671875,38360.84375,245269.640625
3_1104_99,2023-12-01,40653.176483344934,39502.31800941634,42349.947574850674,38922.4921875,28751.072483184827,42181.90747600065,37271.423293481064,54787.809929564,27254.012115885183,5445.777205067285,21058.056283310318,5173.48834481392,34353.07957867243,43982.0718478816,42330.17797584843,39625.195,37935.652,44308.383,14793.18,40207.78,40093.504,31166.117,33816.234,47641.098,48393.7,39328.56,37564.42,38916.676,39559.62109375,0.00022842515318188816,245269.640625
3_1104_99,2024-01-01,38905.310176065876,39502.31800941634,42349.947574850674,32953.5390625,26484.57997802804,58221.96455012331,58230.52711026428,57454.16166086037,27254.012115885183,5445.777205067285,21058.056283310318,5173.48834481392,34353.07957867243,43982.0718478816,42330.17797584843,39373.555,37768.027,44370.645,11758.811,40430.168,40119.07,32355.523,33569.24,47394.14,49617.63,39636.227,39624.93,38011.113,39559.62109375,0.00022842515318188816,245269.640625
3_1105_16,2023-10-01,0.0,0.0,1075.069370873935,605.0457763671875,1060.5745418851486,-348.0438682224275,-2329.944481089962,2.187668948723436e-36,17.679640495556615,22154.025623125493,22154.025623125493,21046.32434196922,17.679640495556615,0.02112772524178075,2.231652955949726e-36,-0.0024689105,0.002335506,0.09430316,0.0027159478,0.0040304437,0.0005929831,-0.2449188,-0.18091701,0.17640866,0.2231099,-0.00017725787,-0.0019570384,-0.002547192,1.4737532183062285e-05,1.4737532183062285e-05,1.4737532183062285e-05
3_1105_16,2023-11-01,0.0,0.0,1075.069370873935,608.9027709960938,1012.9233522829434,465.8241541273526,-3451.676129827076,2.187668948723436e-36,17.679640495556615,22154.025623125493,22154.025623125493,21046.32434196922,17.679640495556615,0.02112772524178075,2.231652955949726e-36,0.00047200356,-0.010625879,0.09177589,0.0038856715,0.0060206745,0.020345211,-0.2485017,-0.14553681,0.12087138,0.17345344,0.002405007,-0.00033126815,-0.014978557,1.4737532183062285e-05,1.4737532183062285e-05,1.4737532183062285e-05
3_1105_16,2023-12-01,0.0,0.0,1075.069370873935,604.9738159179688,1015.0643011562487,259.1678881375191,-3093.48787590387,2.187668948723436e-36,17.679640495556615,22154.025623125493,22154.025623125493,21046.32434196922,17.679640495556615,0.02112772524178075,2.231652955949726e-36,0.0026063903,-0.017958699,0.09161402,0.1326086,0.007780593,-0.008311596,-0.17351493,-0.12717792,0.14967439,0.22436343,0.000515223,-0.00044494183,-0.007359303,1.4737532183062285e-05,1.4737532183062285e-05,1.4737532183062285e-05
3_1105_16,2024-01-01,0.0,0.0,1075.069370873935,600.2540283203125,1014.9681091804266,8153.307945262957,7398.195895513999,2.187668948723436e-36,17.679640495556615,22154.025623125493,22154.025623125493,21046.32434196922,17.679640495556615,0.02112772524178075,2.231652955949726e-36,0.00073333527,-0.029180804,0.09117099,-0.00056325237,0.0092493715,0.03669516,-0.22804232,-0.18308735,0.17499727,0.24527241,0.002408248,2.4047158e-05,-0.020448271,1.4737532183062285e-05,1.4737532183062285e-05,1.4737532183062285e-05
3_1105_73,2023-10-01,0.0,0.0,3.513731798987989e-28,1454.269775390625,2784.461697695253,4074.307292367884,563.2211306229647,-2633.014316492181,2058.902117007745,32055.015712875866,35713.086836781265,30452.26492723207,2058.902117007745,139.50972757066853,3.5265820960115646e-12,285.92694,45.324936,1034.1299,-278.00565,104.42969,619.55115,-2478.3452,-2016.8164,3304.448,4227.121,-483.23062,-0.0019570384,-0.002547192,0.0003238979261368513,0.0003238979261368513,0.0003238979261368513
3_1105_73,2023-11-01,0.0,0.0,3.513731798987989e-28,-50.14480972290039,5146.1473401662515,8871.85521952146,3714.586281208658,-5239.698489358259,2058.902117007745,32055.015712875866,35713.086836781265,30452.26492723207,2058.902117007745,139.50972757066853,3.5265820960115646e-12,459.3368,-727.0859,1026.4951,-5564.0645,297.92383,231.2309,-3886.2183,-2489.234,2733.03,3939.5032,-715.46387,-0.00033126815,-0.014978557,2719.708984375,0.0003238979261368513,6629.2900390625
3_1105_73,2023-12-01,0.0,0.0,3.513731798987989e-28,1080.37158203125,7149.248721833772,11531.733230919188,2873.6315086404375,-7846.382662224337,2058.902117007745,32055.015712875866,35713.086836781265,30452.26492723207,2058.902117007745,139.50972757066853,3.5265820960115646e-12,124.684006,38.35747,1035.5464,-4468.16,588.52344,457.96243,-2145.2344,-1537.9718,2931.031,4439.351,-540.84796,-0.00044494183,-0.007359303,5439.41748046875,0.0003238979261368513,26687.140625
3_1105_73,2024-01-01,0.0,0.0,3.513731798987989e-28,178.47616577148438,8848.211137949489,-9239.1683630839,-24932.328192446847,-10453.066835090416,2058.902117007745,32055.015712875866,35713.086836781265,30452.26492723207,2058.902117007745,139.50972757066853,3.5265820960115646e-12,-291.63498,-515.5927,1037.3529,-12161.334,975.87695,721.8868,-2314.815,-1071.7335,3569.8145,5327.6514,-622.0807,2.4047158e-05,-0.020448271,7309.21728515625,0.0003238979261368513,38245.90234375
3_1105_99,2023-10-01,28220.30853218506,32841.72459155458,32841.72951041283,30996.84375,30949.80954104378,30847.495133219803,27927.038244455405,34685.185787440765,19077.42121685867,4307.641596459127,15015.505027420448,4092.2595166361702,24298.4180590976,32060.85264697171,32841.95594678469,33262.94,32354.705,34267.426,26687.848,32478.781,33384.89,22402.424,26058.283,40813.3,43860.895,32524.219,32551.098,31944.336,32640.54296875,32026.33984375,32465.056640625
3_1105_99,2023-11-01,14058.455545584018,32841.72459155458,32841.72951041283,30825.6796875,29249.756685153505,31281.681224917942,28170.863752618934,36509.98331072623,19077.42121685867,4307.641596459127,15015.505027420448,4092.2595166361702,24298.4180590976,32060.85264697171,32841.95594678469,33306.69,32088.363,34004.895,18810.18,32045.703,32029.787,24505.402,26841.06,37754.414,39702.254,32583.596,32706.6,30291.412,32903.7734375,31324.39453125,32552.80078125
3_1105_99,2023-12-01,12734.968300566132,32841.72459155458,32841.72951041283,29555.796875,27722.108965431435,30266.543476217194,27961.7022354914,38334.780834011704,19077.42121685867,4307.641596459127,15015.505027420448,4092.2595166361702,24298.4180590976,32060.85264697171,32841.95594678469,32579.506,31111.213,33907.125,10612.253,31575.166,31717.328,23453.979,26206.367,39428.914,42006.727,32512.102,32839.633,25070.754,32991.515625,30534.701171875,32728.287109375
3_1105_99,2024-01-01,10855.832198604594,32841.72459155458,32841.72951041283,29172.658203125,26349.38249549475,40300.66941064839,42320.64167011214,40159.57835729718,19077.42121685867,4307.641596459127,15015.505027420448,4092.2595166361702,24298.4180590976,32060.85264697171,32841.95594678469,32489.764,31368.57,33869.82,4205.322,31121.54,31718.168,23523.879,26619.89,37172.17,41533.504,32605.887,32900.684,23120.193,33079.26171875,30622.4453125,34395.4140625
3_1107_73,2023-10-01,0.0,0.0,1.8108595367863106e-27,-15994.7392578125,34083.603796319774,106304.39720627305,338417.7438494017,2.4736183055558267e-09,28139.045406187543,356535.4259135721,488091.281170666,338708.65461789345,28139.045406187543,1721.9332935802156,1.875666629120788e-11,963.2957,-678.0024,17429.281,-57793.543,326.5,-2301.861,-35852.555,-25974.777,34428.598,43828.383,-5140.1577,-0.0019570384,-0.0013074143,0.0034117738250643015,0.0034117738250643015,0.0034117738250643015
3_1107_73,2023-11-01,0.0,0.0,1.8108595367863106e-27,581.2462158203125,62590.41193303629,113299.87653969927,394253.20131310815,2.4736183055558267e-09,28139.045406187543,356535.4259135721,488091.281170666,338708.65461789345,28139.045406187543,1721.9332935802156,1.875666629120788e-11,4072.6711,-12284.844,17271.607,-94474.016,-64.765625,3255.8677,-37971.04,-24163.283,24572.346,33686.496,-12154.339,-0.00033126815,-0.010178814,0.0034117738250643015,0.0034117738250643015,0.0034117738250643015
3_1107_73,2023-12-01,0.0,0.0,1.8108595367863106e-27,-11836.9443359375,86432.90567283599,145355.53171036835,449857.97820399975,2.4736183055558267e-09,28139.045406187543,356535.4259135721,488091.281170666,338708.65461789345,28139.045406187543,1721.9332935802156,1.875666629120788e-11,-1137.373,675.6454,17407.312,38090.664,-464.25,2301.2612,-34054.176,-24413.332,25008.314,39228.727,-7900.1377,-0.00044494183,-0.0022766462,57296.0234375,0.0034117738250643015,0.0034117738250643015
3_1107_73,2024-01-01,0.0,0.0,1.8108595367863106e-27,-1933.0123291015625,106374.26511953639,-573040.4660028502,-322939.00083396595,2.4736183055558267e-09,28139.045406187543,356535.4259135721,488091.281170666,338708.65461789345,28139.045406187543,1721.9332935802156,1.875666629120788e-11,-8793.974,-9511.373,17426.764,-135631.5,-299.34375,236.19739,-38471.48,-26789.057,29745.268,34805.023,-10610.942,2.4047158e-05,-0.016474351,150402.046875,0.0034117738250643015,0.0034117738250643015
3_1107_99,2023-10-01,312662.1732290999,313081.5877399062,298862.42709149985,299990.375,288617.6965555007,282793.92588522204,236013.92533474893,315422.1767977025,162649.33195765837,32616.818021731815,133509.34769482387,30985.977120645224,211605.60381846395,288487.0823603668,298661.41474587953,302241.22,294885.62,303744.66,238800.48,288737.7,291624.3,230485.73,248235.92,345336.22,361250.72,295464.9,304161.44,285693.97,281389.15625,283564.875,305321.75
3_1107_99,2023-11-01,332545.0515825819,327298.7164232972,298862.42709149985,301791.0625,278946.93092207995,286736.3882210638,241321.23445215967,332015.2534007143,162649.33195765837,32616.818021731815,133509.34769482387,30985.977120645224,211605.60381846395,288487.0823603668,298661.41474587953,303207.4,291780.62,299468.7,161372.89,282975.03,286007.12,189493.14,210916.28,351228.9,364455.22,295229.6,299892.03,282459.88,259632.28125,293718.0625,293718.0625
3_1107_99,2023-12-01,208876.31747712658,341515.84510668815,298862.42709149985,305625.71875,269819.7838912698,279515.7464303195,241009.94453041296,348608.33000372606,162649.33195765837,32616.818021731815,133509.34769482387,30985.977120645224,211605.60381846395,288487.0823603668,298661.41474587953,296420.16,284267.22,297946.25,129102.086,276587.75,278842.75,189066.39,208976.75,339065.28,356444.88,292838.84,300067.8,267260.72,234974.46875,302420.8125,300970.375
3_1107_99,2024-01-01,210326.57897591317,355732.97379007906,298862.42709149985,307864.875,261205.69726361585,351894.7320469793,355090.4844980153,365201.4066067379,162649.33195765837,32616.818021731815,133509.34769482387,30985.977120645224,211605.60381846395,288487.0823603668,298661.41474587953,294934.2,287258.34,297383.9,91969.73,270803.94,272403.16,211080.69,220164.47,335009.38,361193.25,294651.75,303972.28,234535.69,213217.5625,289366.6875,305321.75
3_1108_73,2023-10-01,0.0,0.0,1.258213062469973e-28,-123.78378295898438,1289.2703373467339,8517.360678018367,8280.495463060925,-667.3646619812816,969.2222937022474,14683.90394548626,16811.833672519588,13949.708748211946,969.2222937022474,64.93056123301263,1.2731752860016154e-12,86.80212,17.849142,520.47003,-179.02231,-90.92285,-220.16284,-3134.358,-2481.772,1540.1105,2614.6255,-379.494,-0.0019570384,-0.0013074143,0.00012639406486414373,0.00012639406486414373,0.00012639406486414373
3_1108_73,2023-11-01,0.0,0.0,1.258213062469973e-28,4.527632236480713,2372.0308083861664,12760.302959693643,12079.088191224631,-1328.055677342751,969.2222937022474,14683.90394548626,16811.833672519588,13949.708748211946,969.2222937022474,64.93056123301263,1.2731752860016154e-12,186.4956,-285.14578,516.1294,-3136.34,-139.8789,-288.7187,-3212.0505,-1716.074,1427.7896,2518.8545,-476.50925,-0.00033126815,-0.010178814,0.00012639406486414373,0.00012639406486414373,0.00012639406486414373
3_1108_73,2023-12-01,0.0,0.0,1.258213062469973e-28,-91.74175262451172,3281.3592895317306,12404.708627745538,10502.459165063987,-1988.7466927042205,969.2222937022474,14683.90394548626,16811.833672519588,13949.708748211946,969.2222937022474,64.93056123301263,1.2731752860016154e-12,54.64321,99.67469,520.40393,261.2355,-132.55176,34.689667,-1844.9435,-1449.2695,1863.4254,2078.0476,-454.76822,-0.00044494183,-0.0022766462,0.00012639406486414373,1591.960205078125,0.00012639406486414373
3_1108_73,2024-01-01,0.0,0.0,1.258213062469973e-28,-14.95959758758545,4045.0353829420383,-94.81823645816121,-4460.740949891976,-2649.43770806569,969.2222937022474,14683.90394548626,16811.833672519588,13949.708748211946,969.2222937022474,64.93056123301263,1.2731752860016154e-12,-84.62609,-160.88356,521.13416,-5710.9116,-39.657227,-126.50426,-2770.331,-1930.2888,1557.7596,2102.6384,-452.54337,2.4047158e-05,-0.016474351,0.00012639406486414373,4178.89501953125,0.00012639406486414373
3_1108_99,2023-10-01,15268.655159574559,13505.504013188638,13505.558130627867,13276.8955078125,12881.749129911484,13096.702372446134,11670.468028635962,14269.19832454403,8144.154102964659,1758.9857168421233,6498.793664009846,1671.036431000017,10384.968435046014,13566.471274690488,13510.832086901883,13673.414,13367.596,14223.38,11216.037,13406.989,13413.393,8934.837,10284.221,15783.087,16715.506,13423.935,13679.2705,13374.781,12745.427734375,12968.3798828125,13377.1259765625
3_1108_99,2023-11-01,13997.316189156561,13505.504013188638,13505.558130627867,13269.5205078125,12309.339752273576,13302.367990545816,12038.1077492958,15019.98422728671,8144.154102964659,1758.9857168421233,6498.793664009846,1671.036431000017,10384.968435046014,13566.471274690488,13510.832086901883,13701.501,13276.845,14146.475,7949.196,13221.369,13552.699,9812.808,10529.233,15695.294,15971.328,13440.143,13547.867,13269.536,12819.7451171875,12856.904296875,13674.3955078125
3_1108_99,2023-12-01,13772.539143467382,13505.504013188638,13505.558130627867,13027.451171875,11784.049282584005,12782.355523883283,11832.44586847104,15770.77013002939,8144.154102964659,1758.9857168421233,6498.793664009846,1671.036431000017,10384.968435046014,13566.471274690488,13510.832086901883,13397.42,12809.591,14117.533,5358.6895,13051.207,13379.848,9634.238,10893.653,15765.058,16545.115,13384.799,13540.909,13040.554,12745.427734375,12968.3798828125,14045.982421875
3_1108_99,2024-01-01,13959.553645480779,13505.504013188638,13505.558130627867,12973.2744140625,11301.999043146392,16945.58244326241,17935.95458063059,16521.55603277207,8144.154102964659,1758.9857168421233,6498.793664009846,1671.036431000017,10384.968435046014,13566.471274690488,13510.832086901883,13359.789,12920.997,14106.37,3284.6597,12894.203,12851.555,9999.833,10778.073,15660.952,16269.932,13439.556,13647.243,12794.135,12782.5869140625,12968.3798828125,12968.3798828125
3_1109_73,2023-10-01,0.0,0.0,1.8050529863304973e-28,919.3233642578125,1181.8652844467488,-599.8790875698505,-4231.120557292356,-1936.6658668324872,1087.412279579381,24498.912354131964,18861.92104384271,23273.966736425366,1087.412279579381,71.34778708651683,1.8142545412849877e-12,123.76481,-6.49186,537.1294,-205.78899,-121.206055,-23.27293,-880.3212,-818.9682,537.30963,813.0424,-87.122406,-0.0019570384,-0.0013074143,0.00019805833289865404,0.00019805833289865404,0.00019805833289865404
3_1109_73,2023-11-01,0.0,0.0,1.8050529863304973e-28,-43.61255645751953,2277.4686194824444,148.0071200137072,-4949.7928811870715,-3853.9650748941103,1087.412279579381,24498.912354131964,18861.92104384271,23273.966736425366,1087.412279579381,71.34778708651683,1.8142545412849877e-12,195.45131,-443.02472,533.1526,-3051.1392,-157.79004,-208.82358,-1134.1998,-734.98474,659.4427,931.51404,-195.20204,-0.00033126815,-0.010178814,0.00019805833289865404,0.00019805833289865404,0.00019805833289865404
3_1109_73,2023-12-01,0.0,0.0,1.8050529863304973e-28,568.5952758789062,3293.1060897912885,-462.05453635891627,-4931.942918039755,-5771.2642829557335,1087.412279579381,24498.912354131964,18861.92104384271,23273.966736425366,1087.412279579381,71.34778708651683,1.8142545412849877e-12,3.8438566,-42.690434,537.8492,-2461.4004,-184.26172,-241.55258,-1213.9818,-966.57196,596.66724,778.9258,-88.41815,-0.00044494183,-0.0022766462,0.00019805833289865404,0.00019805833289865404,0.00019805833289865404
3_1109_73,2024-01-01,0.0,0.0,1.8050529863304973e-28,130.69296264648438,4234.614241609519,-4858.162840731713,-8044.268860554328,-7688.563491017357,1087.412279579381,24498.912354131964,18861.92104384271,23273.966736425366,1087.412279579381,71.34778708651683,1.8142545412849877e-12,-236.77954,-308.14645,538.7828,-5425.784,-187.1914,-104.02434,-1023.6841,-812.5128,776.10724,1485.8888,-164.12465,2.4047158e-05,-0.016474351,0.00019805833289865404,0.00019805833289865404,0.00019805833289865404
3_1109_99,2023-10-01,15525.80009984298,15694.832438201242,15725.835356211355,15544.9453125,13856.001264402048,15306.856518302387,16096.128787083233,17129.194458626906,10532.70999590802,2848.118277374667,8193.905878451596,2705.7123635059334,13030.058069939912,15892.699456951821,15726.222248884265,15962.191,15411.407,17395.057,11788.348,15795.152,15829.791,11152.819,12689.614,18830.75,19439.422,15655.825,16550.46,16174.497,15551.056640625,15701.06640625,14100.9580078125
3_1109_99,2023-11-01,14352.463921345465,15694.832438201242,15725.835356211355,15536.091796875,12410.108649750888,15761.61458070656,15958.942950704068,18026.312123381147,10532.70999590802,2848.118277374667,8193.905878451596,2705.7123635059334,13030.058069939912,15892.699456951821,15726.222248884265,15970.053,15344.145,17497.31,8811.0625,15884.215,15858.879,10657.058,12793.399,18246.365,19109.113,15631.859,15927.748,16061.63,16501.12109375,15701.06640625,15651.0634765625
3_1109_99,2023-12-01,14352.463921345465,15694.832438201242,15725.835356211355,15401.2841796875,11273.187825865034,15186.872550115,16092.016265530121,18923.429788135385,10532.70999590802,2848.118277374667,8193.905878451596,2705.7123635059334,13030.058069939912,15892.699456951821,15726.222248884265,15685.4,14637.679,17548.16,4643.6377,15975.667,15890.193,12434.945,13269.198,19350.334,20692.94,15599.937,15852.223,15899.331,16451.119140625,14050.9541015625,15651.0634765625
3_1109_99,2024-01-01,14352.463921345465,15694.832438201242,15725.835356211355,15358.5595703125,10379.214824905248,21677.138763485946,24022.07982853501,19820.547452889623,10532.70999590802,2848.118277374667,8193.905878451596,2705.7123635059334,13030.058069939912,15892.699456951821,15726.222248884265,15638.794,14770.726,17570.729,303.97528,16060.871,15899.765,12041.127,12919.19,19982.428,21002.662,15665.493,16218.843,16015.87,16801.142578125,13950.947265625,15651.0634765625
3_1110_73,2023-10-01,0.0,0.0,6.963592875448061e-29,377.5434265136719,450.5717226505267,288.0125194012526,-630.6249091149061,-819.7106903088124,438.97789101388526,8591.362214984294,7614.376327899523,8161.7941042350785,438.97789101388526,28.022321071681297,6.987632790373897e-13,69.049675,-1.4789151,239.81941,-6.9880576,-39.553223,-4.147875,-578.3887,-429.68857,419.92618,695.62854,-22.167942,-0.0019570384,-0.0013074143,7.793964323354885e-05,7.793964323354885e-05,7.793964323354885e-05
3_1110_73,2023-11-01,0.0,0.0,6.963592875448061e-29,-18.40981101989746,860.7477486658845,-1520.024578066293,-2192.838552259685,-1514.0327250163236,438.97789101388526,8591.362214984294,7614.376327899523,8161.7941042350785,438.97789101388526,28.022321071681297,6.987632790373897e-13,118.65816,-197.47871,238.02567,-1024.81,-45.53955,-53.520676,-753.03625,-514.2435,362.02615,502.28644,-41.23535,-0.00033126815,-0.010178814,7.793964323354885e-05,40.9028434753418,7.793964323354885e-05
3_1110_73,2023-12-01,0.0,0.0,6.963592875448061e-29,250.61215209960938,1234.149726331148,-1366.2729919277822,-2020.1924085272556,-2208.354759723835,438.97789101388526,8591.362214984294,7614.376327899523,8161.7941042350785,438.97789101388526,28.022321071681297,6.987632790373897e-13,36.48997,-19.157389,240.11044,-1760.8965,-43.909668,-45.76887,-645.77216,-442.90683,376.92322,467.9551,-18.859804,-0.00044494183,-0.0022766462,7.793964323354885e-05,81.80561065673828,7.793964323354885e-05
3_1110_73,2024-01-01,0.0,0.0,6.963592875448061e-29,48.00684356689453,1574.074607555458,-4272.958914337283,-5469.427043266484,-2902.676794431346,438.97789101388526,8591.362214984294,7614.376327899523,8161.7941042350785,438.97789101388526,28.022321071681297,6.987632790373897e-13,-66.862686,-170.54349,240.51787,-2349.084,-30.8042,-110.26467,-585.94604,-423.1543,320.32297,601.92596,-45.549755,2.4047158e-05,-0.016474351,7.793964323354885e-05,40.9028434753418,7.793964323354885e-05
3_1110_99,2023-10-01,5433.310748398838,5433.310748398838,5433.3107561312245,5267.5341796875,5053.726476415022,5201.760180617979,5770.553946932066,5738.425425258345,3819.163464675096,911.0245736421134,2903.479381478925,865.4733449600077,4708.734812465721,5654.003173710884,5433.388222132649,5498.134,5370.9395,6061.39,4793.423,5452.6655,5351.198,3563.7,4155.6235,6520.8145,6761.419,5408.043,5850.71,5379.784,5407.1513671875,5461.04345703125,5425.11572265625
3_1110_99,2023-11-01,3776.254367578209,5433.310748398838,5433.3107561312245,5245.40673828125,4724.18206927925,4840.669679700636,5703.785581351916,6040.412342802061,3819.163464675096,911.0245736421134,2903.479381478925,865.4733449600077,4708.734812465721,5654.003173710884,5433.388222132649,5509.253,5381.4062,6104.7505,3659.3818,5476.7354,5390.6396,3903.252,4350.9844,6696.577,6984.522,5412.2495,5543.9946,5357.523,3610.755615234375,5425.11572265625,5425.11572265625
3_1110_99,2023-12-01,3776.254367578209,5433.310748398838,5433.3107561312245,5088.26611328125,4438.080867807188,4266.740090993858,5764.944737918331,6342.399260345777,3819.163464675096,911.0245736421134,2903.479381478925,865.4733449600077,4708.734812465721,5654.003173710884,5433.388222132649,5398.8,5112.372,6126.563,1888.0773,5513.609,5551.039,3642.9937,4398.321,6561.8164,7065.4097,5412.5,5511.0493,5334.903,35.92795181274414,5425.11572265625,5425.11572265625
3_1110_99,2024-01-01,4342.69252271494,5433.310748398838,5433.3107561312245,5039.87060546875,4189.6958377130995,6236.657379728159,8602.694940608293,6644.386177889493,3819.163464675096,911.0245736421134,2903.479381478925,865.4733449600077,4708.734812465721,5654.003173710884,5433.388222132649,5387.736,5105.7896,6136.4053,949.23425,5554.4336,5589.3887,3616.6533,4365.1914,6584.5454,6939.129,5427.9614,5695.991,5359.3975,3.4230070014018565e-05,5425.11572265625,5425.11572265625
3_1111_16,2023-10-01,0.0,0.0,68.06445692221213,38.307647705078125,67.07014366204436,-22.035244903692647,-147.51271877028597,1.3850501461073706e-37,1.1193278885173834,1402.608765100478,1402.6087651004777,1332.478326845454,1.1193278885173834,0.0013376319552426126,1.4128971636694692e-37,-0.0024689105,0.002335506,0.09430316,0.0027159478,0.0040304437,0.020522777,-0.1878912,-0.14825675,0.23325285,0.2944739,-0.00017725787,-0.0019570384,-0.0013074143,9.33058004193299e-07,9.33058004193299e-07,9.33058004193299e-07
3_1111_16,2023-11-01,0.0,0.0,68.06445692221213,38.551849365234375,63.98170207489287,29.49211365416683,-218.5314432844803,1.3850501461073706e-37,1.1193278885173834,1402.608765100478,1402.6087651004777,1332.478326845454,1.1193278885173834,0.0013376319552426126,1.4128971636694692e-37,0.00047200356,-0.010625879,0.09177589,0.0038856715,0.0060206745,0.005132241,-0.21071833,-0.11339364,0.19667333,0.25458175,0.002405007,-0.00033126815,-0.010178814,9.33058004193299e-07,1001.8634033203125,9.33058004193299e-07
3_1111_16,2023-12-01,0.0,0.0,68.06445692221213,38.30309295654297,64.12391843103056,16.40835655416113,-195.85394019520731,1.3850501461073706e-37,1.1193278885173834,1402.608765100478,1402.6087651004777,1332.478326845454,1.1193278885173834,0.0013376319552426126,1.4128971636694692e-37,0.0026063903,-0.017958699,0.09161402,0.1326086,0.007780593,0.015347052,-0.18729189,-0.1483471,0.20232421,0.27195165,0.000515223,-0.00044494183,-0.0022766462,9.33058004193299e-07,9.33058004193299e-07,9.33058004193299e-07
3_1111_16,2024-01-01,0.0,0.0,68.06445692221213,38.004268646240234,64.11736966156792,516.1996913397,468.39227260565855,1.3850501461073706e-37,1.1193278885173834,1402.608765100478,1402.6087651004777,1332.478326845454,1.1193278885173834,0.0013376319552426126,1.4128971636694692e-37,0.00073333527,-0.029180804,0.09117099,-0.00056325237,0.0092493715,0.013660636,-0.20176087,-0.1423973,0.20140572,0.3146754,0.002408248,2.4047158e-05,-0.016474351,9.33058004193299e-07,9.33058004193299e-07,9.33058004193299e-07
3_1111_73,2023-10-01,0.0,0.0,2.2154734131216544e-57,-0.3157021701335907,106.78560107036253,-185.8639156870688,-1839.7882851032982,-154.40594276905784,12.007438908195661,2112.945228811418,2528.9183267328417,2007.2979673708471,12.007438908195661,0.0779119166545928,2.2420570042721318e-27,5.315317,-5.185058,33.697887,-29.661228,3.929287,3.010973,-157.41711,-120.607315,118.73605,163.84364,9.550554,-0.0019570384,-0.0013074143,1.0555517292232253e-05,1.0555517292232253e-05,1.0555517292232253e-05
3_1111_73,2023-11-01,0.0,0.0,2.2154734131216544e-57,0.0003479449078440666,198.90701289497326,-54.02802906238878,-1795.0630393086662,-307.26782611042506,12.007438908195661,2112.945228811418,2528.9183267328417,2007.2979673708471,12.007438908195661,0.0779119166545928,2.2420570042721318e-27,1.9850228,-11.21528,32.92719,187.49066,5.8593717,11.83015,-211.79004,-97.01474,110.34384,160.21484,4.1649213,-0.00033126815,-0.010178814,415.465576171875,1.0555517292232253e-05,1.0555517292232253e-05
3_1111_73,2023-12-01,0.0,0.0,2.2154734131216544e-57,-0.25205546617507935,278.37797556687656,8.388421427691867,-1815.4329777573034,-460.12970945179234,12.007438908195661,2112.945228811418,2528.9183267328417,2007.2979673708471,12.007438908195661,0.0779119166545928,2.2420570042721318e-27,0.14307548,-6.7333446,32.93418,-119.4945,7.5432043,8.489196,-155.16571,-88.35497,91.601845,130.1481,3.3806531,-0.00044494183,-0.0022766462,1684.0205078125,1.0555517292232253e-05,1.0555517292232253e-05
3_1111_73,2024-01-01,0.0,0.0,2.2154734131216544e-57,-0.05013321340084076,346.9356950254465,-181.0087406762974,-1845.5712900991768,-612.9915927931596,12.007438908195661,2112.945228811418,2528.9183267328417,2007.2979673708471,12.007438908195661,0.0779119166545928,2.2420570042721318e-27,-0.7497043,-6.7938285,32.813023,-88.79791,8.90696,4.7717915,-185.16592,-130.54597,95.26429,132.32634,4.4397745,2.4047158e-05,-0.016474351,1656.32275390625,1.0555517292232253e-05,1.0555517292232253e-05
3_1112_16,2023-10-01,0.0,0.0,1.8007164533813914e-35,61.97893142700195,290.0362315828156,-6790.935637902012,-7151.898372976579,-473.67418347101875,113.66819452359599,5925.108055454364,2816.628780587307,5628.852652681646,113.66819452359599,2.1981871841713683,2.062020653009787e-17,32.782158,-13.580192,193.7835,-683.5523,34.950195,39.05927,-674.7109,-371.8362,430.33975,776.1255,118.580925,-0.0019570384,-0.0013074143,4.8257636080961674e-05,329.2332763671875,4.8257636080961674e-05
3_1112_16,2023-11-01,0.0,0.0,1.8007164533813914e-35,-1.2425411939620972,557.9970477602446,-7358.876569144699,-7731.999380111892,-942.6116251073271,113.66819452359599,5925.108055454364,2816.628780587307,5628.852652681646,113.66819452359599,2.1981871841713683,2.062020653009787e-17,61.107025,-140.92865,190.94447,402.2108,53.45553,62.528778,-656.49054,-374.7174,384.76166,639.07574,131.05205,-0.00033126815,-0.010178814,4.8257636080961674e-05,1316.9329833984375,4.8257636080961674e-05
3_1112_16,2023-12-01,0.0,0.0,1.8007164533813914e-35,47.65065383911133,805.5626660784228,-7624.164802215508,-7986.14732110122,-1411.5490667436354,113.66819452359599,5925.108055454364,2816.628780587307,5628.852652681646,113.66819452359599,2.1981871841713683,2.062020653009787e-17,-31.727278,-61.928215,191.82593,-1930.0059,70.156425,109.116066,-625.4283,-444.71045,460.67786,787.53894,148.10553,-0.00044494183,-0.0022766462,4.8257636080961674e-05,1924.748046875,4.8257636080961674e-05
3_1112_16,2024-01-01,0.0,0.0,1.8007164533813914e-35,8.569859504699707,1034.2854183359009,-7629.084804539194,-7797.946337471382,-1880.4865083799439,113.66819452359599,5925.108055454364,2816.628780587307,5628.852652681646,113.66819452359599,2.1981871841713683,2.062020653009787e-17,-113.866066,-178.46823,191.63548,-1073.448,84.119995,36.469025,-614.6618,-459.00644,429.84277,497.59528,132.51682,2.4047158e-05,-0.016474351,4.8257636080961674e-05,3064.4013671875,455.8614196777344
3_1114_73,2023-10-01,0.0,0.0,2.064176197783845e-28,1015.980224609375,1346.0187196013603,1348.9516535019206,4996.542897872514,-526.1186438743342,1165.418635855476,16932.341449455696,20214.99545786965,16085.724376982911,1165.418635855476,80.49638365137763,2.074398326266439e-12,164.86803,21.861736,604.13727,-197.20355,1204.0488,1371.2268,-3827.466,-2143.5479,3666.7412,4240.041,-269.58438,-0.0019570384,-0.0013074143,0.00015736442583147436,0.00015736442583147436,0.00015736442583147436
3_1114_73,2023-11-01,0.0,0.0,2.064176197783845e-28,-43.48990249633789,2492.407116844698,2440.737926698857,5563.2599889773755,-1046.9761010006764,1165.418635855476,16932.341449455696,20214.99545786965,16085.724376982911,1165.418635855476,80.49638365137763,2.074398326266439e-12,263.871,-436.38306,599.69543,-2894.0864,1385.959,1272.0658,-1286.6072,-740.3011,3679.344,5099.7544,-398.76855,-0.00033126815,-0.010178814,0.00015736442583147436,0.00015736442583147436,0.00015736442583147436
3_1114_73,2023-12-01,0.0,0.0,2.064176197783845e-28,738.1790771484375,3468.7727038874755,4974.0362789217215,5652.906551111402,-1567.8335581270185,1165.418635855476,16932.341449455696,20214.99545786965,16085.724376982911,1165.418635855476,80.49638365137763,2.074398326266439e-12,51.893597,-7.7622566,604.99414,-3079.6145,1598.0078,1474.4502,-1594.6178,-743.5488,3939.9417,4139.7363,-291.25003,-0.00044494183,-0.0022766462,0.00015736442583147436,0.00015736442583147436,0.00015736442583147436
3_1114_73,2024-01-01,0.0,0.0,2.064176197783845e-28,115.66510772705078,4300.331852474214,-3506.7063236695512,-7404.103702875147,-2088.6910152533605,1165.418635855476,16932.341449455696,20214.99545786965,16085.724376982911,1165.418635855476,80.49638365137763,2.074398326266439e-12,-208.97717,-348.2724,606.05414,-6999.9746,1814.7988,1752.1217,-2556.6396,-547.2086,3557.563,4067.8914,-346.1134,2.4047158e-05,-0.016474351,1569.11376953125,0.00015736442583147436,0.00015736442583147436
3_1114_99,2023-10-01,20339.62531032244,18685.266254050082,19535.787332719116,20970.02734375,17301.83269586412,19746.124492790324,19207.11088841015,21802.12677835779,13233.872281612421,2969.00505563966,10349.3083934054,2820.554802857677,16789.024263432115,21477.59071339596,19546.851718521833,18932.564,18622.354,20741.32,17509.379,19581.18,19995.926,12850.894,15853.478,23847.047,25022.176,17955.82,17032.24,19574.367,17564.82421875,18590.947265625,19496.3515625
3_1114_99,2023-11-01,20388.177152191303,18685.266254050082,19535.787332719116,20580.0078125,16108.945531012756,20369.174613362935,19466.9331925047,22939.612538694466,13233.872281612421,2969.00505563966,10349.3083934054,2820.554802857677,16789.024263432115,21477.59071339596,19546.851718521833,18945.129,18437.395,20870.162,11800.382,19362.238,19194.436,14513.804,16027.025,22574.225,23404.318,18072.125,18294.3,19269.383,18289.146484375,20824.275390625,19737.79296875
3_1114_99,2023-12-01,19497.160943079394,18685.266254050082,19535.787332719116,21192.2578125,15080.359966026892,18660.281204400577,19094.073665547054,24077.098299031146,13233.872281612421,2969.00505563966,10349.3083934054,2820.554802857677,16789.024263432115,21477.59071339596,19546.851718521833,18464.396,17736.633,20933.672,8623.662,19357.383,19060.314,13110.258,14933.815,22235.754,24437.65,18017.566,18431.752,18786.375,20582.833984375,0.00011501555127324536,0.00011501555127324536
3_1114_99,2024-01-01,19174.381105469736,18685.266254050082,19535.787332719116,20997.109375,14193.44601836184,25893.53913121739,28878.469097153513,25214.584059367822,13233.872281612421,2969.00505563966,10349.3083934054,2820.554802857677,16789.024263432115,21477.59071339596,19546.851718521833,18407.12,18108.426,20962.021,4780.742,19374.834,19217.752,13953.125,14838.487,23415.996,25054.957,18064.844,18695.773,18674.262,19798.15234375,0.00011501555127324536,0.00011501555127324536
3_1115_73,2023-10-01,0.0,0.0,1.3417524980307928e-27,3820.14501953125,16082.232081265844,100418.71505408708,109597.34993812107,-5595.414540997355,10943.799771508904,176820.4577283996,189164.3861306816,167979.43484197962,10943.799771508904,704.7286851999482,1.3575886682689336e-11,1041.7161,-360.43213,5908.878,-344.6541,-918.0156,1582.4911,-45792.723,-32514.086,16029.99,21767.215,-1148.051,-0.0019570384,-0.0013074143,0.0015608068788424134,0.0015608068788424134,0.0015608068788424134
3_1115_73,2023-11-01,0.0,0.0,1.3417524980307928e-27,-167.3113250732422,29601.197694788643,62224.27719781207,82875.0287729669,-11134.874935590822,10943.799771508904,176820.4577283996,189164.3861306816,167979.43484197962,10943.799771508904,704.7286851999482,1.3575886682689336e-11,2214.5872,-4628.1064,5860.845,-38725.652,-1324.7031,-3445.851,-55146.285,-31324.912,14926.204,23745.209,-2496.1152,-0.00033126815,-0.010178814,0.0015608068788424134,20477.806640625,0.0015608068788424134
3_1115_73,2023-12-01,0.0,0.0,1.3417524980307928e-27,2765.98779296875,40965.44305178181,64987.991880117275,74187.74629207462,-16674.335330184287,10943.799771508904,176820.4577283996,189164.3861306816,167979.43484197962,10943.799771508904,704.7286851999482,1.3575886682689336e-11,724.95667,123.307396,5910.0537,-9246.724,-1033.5312,-2627.7034,-33384.39,-24951.293,16355.088,30165.752,-1988.4277,-0.00044494183,-0.0022766462,0.0015608068788424134,135972.625,0.0015608068788424134
3_1115_73,2024-01-01,0.0,0.0,1.3417524980307928e-27,430.58966064453125,50518.39822793508,-80087.69076178511,-86766.71158424759,-22213.795724777752,10943.799771508904,176820.4577283996,189164.3861306816,167979.43484197962,10943.799771508904,704.7286851999482,1.3575886682689336e-11,-1202.3668,-3150.462,5918.7666,-47230.72,259.45312,-1694.1685,-25587.035,-19889.793,26659.166,34979.676,-2460.4866,2.4047158e-05,-0.016474351,0.0015608068788424134,153173.984375,0.0015608068788424134
3_1115_99,2023-10-01,676221.9615758747,674903.1872140421,664904.448465962,694482.0,601815.4709879726,567692.9129709104,318652.12446180696,633443.9950660144,247822.09339933822,40911.029359755696,222142.06097479968,38865.47789176791,341052.06531870767,535757.4230138671,604934.7213433341,611798.56,586955.94,561065.2,417696.97,564577.5,563749.4,248346.36,385528.9,721555.0,788969.94,585878.75,591728.1,534999.5,603839.4375,599703.5,626586.75
3_1115_99,2023-11-01,156984.2887093227,744147.3221431393,724151.3962885325,786185.0625,597992.6283839055,612952.5744261468,313546.088535832,661991.0897188961,247822.09339933822,40911.029359755696,222142.06097479968,38865.47789176791,341052.06531870767,535757.4230138671,604934.7213433341,595466.4,572662.94,540484.2,279981.8,537711.25,534685.1,409498.44,436769.28,642294.44,695528.44,585330.7,597879.6,517802.12,590397.75,499408.25,609009.25
3_1115_99,2023-12-01,86569.73226854768,813391.4570722366,783398.3441111032,899269.6875,594190.4125736187,633085.0850055369,337837.0176254327,690538.1843717778,247822.09339933822,40911.029359755696,222142.06097479968,38865.47789176791,341052.06531870767,535757.4230138671,604934.7213433341,581434.7,582877.3,534253.94,268694.94,511273.53,513428.75,341012.0,410692.9,606090.44,637477.44,581130.6,606045.06,441389.66,552140.8125,403248.875,577990.0625
3_1115_99,2024-01-01,86662.34041137162,882635.5920013338,842645.2919336738,1019868.5,590408.7122617579,747676.2699649906,501045.73859793606,719085.2790246594,247822.09339933822,40911.029359755696,222142.06097479968,38865.47789176791,341052.06531870767,535757.4230138671,604934.7213433341,575876.94,585757.94,532113.2,165969.19,488750.62,503872.06,376528.25,393891.22,608054.75,670897.75,583835.56,608817.5,259117.78,528359.4375,297783.78125,529393.4375
3_1116_16,2023-10-01,0.0,0.0,1389.867484139142,782.2228393554688,1366.0574254327798,-449.9568759020058,-3012.1908054022297,2.8282546412980955e-36,22.856531979949516,28641.0911617152,28641.0911617152,27209.03660362944,22.856531979949516,0.027314273034777833,2.8851178941468568e-36,-0.0024689105,0.002335506,0.09430316,0.0027159478,0.0040304437,0.006090792,-0.27389485,-0.18321069,0.1893074,0.25071952,-0.00017725787,-0.0019570384,-0.0013074143,1.905292629089672e-05,1.905292629089672e-05,1.905292629089672e-05
3_1116_16,2023-11-01,0.0,0.0,1389.867484139142,787.2092895507812,1297.8570853385143,602.225179777874,-4462.38405501761,2.8282546412980955e-36,22.856531979949516,28641.0911617152,28641.0911617152,27209.03660362944,22.856531979949516,0.027314273034777833,2.8851178941468568e-36,0.00047200356,-0.010625879,0.09177589,0.0038856715,0.0060206745,0.016087964,-0.25388005,-0.19411641,0.1655535,0.24695592,0.002405007,-0.00033126815,-0.010178814,1.905292629089672e-05,1.905292629089672e-05,1.905292629089672e-05
3_1116_16,2023-12-01,0.0,0.0,1389.867484139142,782.1298217773438,1301.2619834799668,335.05653720051436,-3999.312349306286,2.8282546412980955e-36,22.856531979949516,28641.0911617152,28641.0911617152,27209.03660362944,22.856531979949516,0.027314273034777833,2.8851178941468568e-36,0.0026063903,-0.017958699,0.09161402,0.1326086,0.007780593,-0.018881276,-0.15858683,-0.13592497,0.14803438,0.22662988,0.000515223,-0.00044494183,-0.0022766462,1.905292629089672e-05,1.905292629089672e-05,1.905292629089672e-05
3_1116_16,2024-01-01,0.0,0.0,1389.867484139142,776.0279541015625,1301.0919941318546,10540.731517709071,9564.51015631507,2.8282546412980955e-36,22.856531979949516,28641.0911617152,28641.0911617152,27209.03660362944,22.856531979949516,0.027314273034777833,2.8851178941468568e-36,0.00073333527,-0.029180804,0.09117099,-0.00056325237,0.0092493715,0.017586201,-0.29700267,-0.17810753,0.16913833,0.2117996,0.002408248,2.4047158e-05,-0.016474351,1.905292629089672e-05,1.905292629089672e-05,1.905292629089672e-05
3_1116_73,2023-10-01,0.0,0.0,3.7677007104452174e-28,2910.67724609375,2708.6730746644025,1511.3978996111236,-11306.79744161731,-4171.77578269016,2248.20355297648,46602.498392199166,38996.6516868209,44272.373472589206,2248.20355297648,145.9855760020676,3.779339465431073e-12,279.89023,-24.017885,1121.4991,-270.6684,164.86719,-226.34422,-6904.097,-5041.03,4409.985,6826.811,-477.61392,-0.0019570384,-0.0013074143,0.0004283764574211091,0.0004283764574211091,0.0004283764574211091
3_1116_73,2023-11-01,0.0,0.0,3.7677007104452174e-28,-138.8195343017578,5159.164244330466,2600.0509302239034,-9812.572919362094,-8301.83378980363,2248.20355297648,46602.498392199166,38996.6516868209,44272.373472589206,2248.20355297648,145.9855760020676,3.779339465431073e-12,472.6393,-908.7073,1113.2391,-5558.404,607.83594,512.4451,-5332.8413,-4819.6953,5702.5786,7265.1562,-685.7044,-0.00033126815,-0.010178814,0.0004283764574211091,0.0004283764574211091,1798.4979248046875
3_1116_73,2023-12-01,0.0,0.0,3.7677007104452174e-28,2085.501708984375,7376.0825682058385,7452.030208186523,-13664.640049128517,-12431.8917969171,2248.20355297648,46602.498392199166,38996.6516868209,44272.373472589206,2248.20355297648,145.9855760020676,3.779339465431073e-12,75.48159,-106.919075,1123.065,-6483.821,1315.3047,2178.0273,-3586.855,-2551.1516,6396.3438,8282.972,-490.5033,-0.00044494183,-0.0022766462,0.0004283764574211091,0.0004283764574211091,3147.370849609375
3_1116_73,2024-01-01,0.0,0.0,3.7677007104452174e-28,316.3118896484375,9381.691450038346,-6445.49627989268,-31906.459592208725,-16561.94980403057,2248.20355297648,46602.498392199166,38996.6516868209,44272.373472589206,2248.20355297648,145.9855760020676,3.779339465431073e-12,-425.40228,-763.1454,1125.0261,-11549.868,2296.2578,1977.3629,-5231.5986,-2414.6042,7271.4756,8735.64,-617.0831,2.4047158e-05,-0.016474351,0.0004283764574211091,0.0004283764574211091,6069.92919921875
3_1116_99,2023-10-01,26535.379797698974,30010.432924053683,30010.24696694009,28741.966796875,27960.93547005581,28968.004255504784,31038.48523326968,31674.954858988804,19958.855106276103,4690.051532028487,15185.32100602251,4455.5489554270625,24700.96520810844,29815.9516095538,29991.626453809233,30321.031,29671.684,33119.496,24074.145,29813.176,30498.09,23421.04,24379.684,35746.22,37084.688,29673.363,32513.43,28747.205,26950.986328125,29315.109375,28085.767578125
3_1116_99,2023-11-01,25944.66572162781,30010.432924053683,30010.24696694009,28909.25390625,26169.542528699196,29234.75799807712,30731.839897716298,33341.44240532808,19958.855106276103,4690.051532028487,15185.32100602251,4455.5489554270625,24700.96520810844,29815.9516095538,29991.626453809233,30367.488,29738.168,33285.99,20961.857,30102.129,30058.45,21537.273,23938.658,36236.812,38649.543,29660.936,30650.248,27961.076,27896.638671875,28085.767578125,25627.080078125
3_1116_99,2023-12-01,26269.243775602983,30010.432924053683,30010.24696694009,28224.6328125,24603.74957585485,28247.031041044676,30775.04000799193,35007.92995166736,19958.855106276103,4690.051532028487,15185.32100602251,4455.5489554270625,24700.96520810844,29815.9516095538,29991.626453809233,29719.373,28251.96,33368.566,11383.932,30298.885,30459.992,20489.006,23364.607,35821.043,37479.402,29653.76,30502.129,27497.998,27802.07421875,28842.28515625,25437.951171875
3_1116_99,2024-01-01,24525.87300923771,30010.432924053683,30010.24696694009,28218.33203125,23235.145561304947,39710.54073574569,45697.722447720334,36674.41749800664,19958.855106276103,4690.051532028487,15185.32100602251,4455.5489554270625,24700.96520810844,29815.9516095538,29991.626453809233,29619.004,28245.994,33404.844,6353.23,30463.957,30371.94,23362.355,24618.01,35987.367,38773.61,29731.855,31822.523,26952.72,27802.07421875,28558.591796875,25910.775390625
3_1200_16,2023-10-01,0.0,0.0,3.398628930818917e-14,20.129085540771484,30.27943947087843,46.61605121169027,81.29825067048843,-15.126856972194302,81.60333446806625,339.8628930820388,339.8628930820388,322.8697484279368,81.60333446806625,21.241430817627425,3.4071659912326416e-06,0.18218994,0.47268677,2.9452515,36.137146,0.8334961,0.14028361,-20.17422,-13.547289,17.004923,26.066298,5.197937,-0.0019570384,8.909653,3.8434814086940605e-06,3.8434814086940605e-06,3.8434814086940605e-06
3_1200_16,2023-11-01,0.0,0.0,3.398628930818917e-14,0.31111276149749756,56.64142634398402,57.04431294658666,131.54718976178336,-30.10244873930929,81.60333446806625,339.8628930820388,339.8628930820388,322.8697484279368,81.60333446806625,21.241430817627425,3.4071659912326416e-06,0.96398926,0.84628296,4.4953003,227.05023,1.7069702,0.28751504,-33.92037,-24.85703,16.988617,20.114878,6.6770325,-0.00033126815,-0.66734314,3.8434814086940605e-06,3.8434814086940605e-06,3.8434814086940605e-06
3_1200_16,2023-12-01,0.0,0.0,3.398628930818917e-14,15.229660987854004,79.5927875330236,67.99796985160933,126.20335363789357,-45.07804050642427,81.60333446806625,339.8628930820388,339.8628930820388,322.8697484279368,81.60333446806625,21.241430817627425,3.4071659912326416e-06,0.62649536,1.1124878,4.902008,203.80547,1.342865,2.502449,-15.629399,-11.633188,16.556797,21.887712,6.422577,-0.00044494183,-11.791519,3.8434814086940605e-06,3.8434814086940605e-06,3.8434814086940605e-06
3_1200_16,2024-01-01,0.0,0.0,3.398628930818917e-14,3.280357837677002,99.57477838088172,70.26192493479091,70.11209048944778,-60.05363227353926,81.60333446806625,339.8628930820388,339.8628930820388,322.8697484279368,81.60333446806625,21.241430817627425,3.4071659912326416e-06,0.5721741,8.2022705,5.0832825,220.25087,0.6598511,2.596816,-11.842743,-8.953512,22.294035,26.99123,6.054535,2.4047158e-05,4.469803,3.8434814086940605e-06,3.8434814086940605e-06,3.8434814086940605e-06
3_1205_2,2023-10-01,0.0,-462.8461242927896,4.397915779235861e-12,-109.62745666503906,8791.452508679911,2785.044395135585,-37800.92268132287,-39.77711302259582,214.81757887649525,182890.74233318333,186314.93682370544,173746.20521652416,214.81757887649525,0.3699675624105675,4.787156702539328e-12,-0.0024689105,0.002335506,0.09430316,0.0027159478,0.0040304437,0.0024257528,-0.18658407,-0.13077891,0.14094901,0.15977544,-0.00017725787,-0.0019570384,-0.0013074143,0.00025806890334933996,0.00025806890334933996,0.00025806890334933996
3_1205_2,2023-11-01,0.0,0.0,4.397915779235861e-12,7.100264549255371,15176.822371493945,3967.8204058470506,-46259.1742441193,-75.7993997697316,214.81757887649525,182890.74233318333,186314.93682370544,173746.20521652416,214.81757887649525,0.3699675624105675,4.787156702539328e-12,0.00047200356,-0.010625879,0.09177589,0.0038856715,0.0060206745,0.021015637,-0.19223936,-0.15123159,0.22362791,0.35410792,0.002405007,-0.00033126815,-0.010178814,0.00025806890334933996,0.00025806890334933996,0.00025806890334933996
3_1205_2,2023-12-01,0.0,0.0,4.397915779235861e-12,-24.987640380859375,19814.616665972364,7283.32143360684,-47474.75810771961,-108.90837207920201,214.81757887649525,182890.74233318333,186314.93682370544,173746.20521652416,214.81757887649525,0.3699675624105675,4.787156702539328e-12,0.0026063903,-0.017958699,0.09161402,0.1326086,0.007780593,0.020887967,-0.22549029,-0.17454354,0.16435646,0.23404717,0.000515223,-0.00044494183,-0.0022766462,0.00025806890334933996,0.00025806890334933996,0.00025806890334933996
3_1205_2,2024-01-01,0.0,0.0,4.397915779235861e-12,-11.347596168518066,23183.119412094813,54823.28679418125,26248.35237409721,-139.44574202890638,214.81757887649525,182890.74233318333,186314.93682370544,173746.20521652416,214.81757887649525,0.3699675624105675,4.787156702539328e-12,0.00073333527,-0.029180804,0.09117099,-0.00056325237,0.0092493715,0.005550904,-0.24965161,-0.19978778,0.18013752,0.21426117,0.002408248,2.4047158e-05,-0.016474351,0.00025806890334933996,0.00025806890334933996,0.00025806890334933996
3_1212_15,2023-10-01,13157.549146461788,0.0,2632.2992831620313,3947.26708984375,23.29035591135778,-30.069571202633725,806.601938408412,2664.8171024838125,626.5499593553233,626.5499593553232,626.5499593553233,595.222461387557,999.3890198218976,6578.774573230894,13025.896793282212,12869.216,12671.135,10187.854,3305.7983,7314.402,8222.426,2355.5142,3938.6855,11416.82,13810.01,13189.315,12211.389,16161.939,8.75280147738522e-06,8.75280147738522e-06,8.75280147738522e-06
3_1212_15,2023-11-01,0.0,0.0,2632.2992831620313,3947.26708984375,627.9605776409193,-198.4849956603682,783.5967058591139,2835.6940347911054,626.5499593553233,626.5499593553232,626.5499593553233,595.222461387557,999.3890198218976,6578.774573230894,13025.896793282212,10403.493,11945.099,9453.5625,4649.7607,7945.2847,7712.593,833.01556,2555.6768,11617.229,13081.06,11850.139,12593.994,15979.84,8.75280147738522e-06,8.75280147738522e-06,8.75280147738522e-06
3_1212_15,2023-12-01,0.0,0.0,2632.2992831620313,3947.26708984375,600.1229902386115,475.66994756015913,428.5586431747615,3006.570967098398,626.5499593553233,626.5499593553232,626.5499593553233,595.222461387557,999.3890198218976,6578.774573230894,13025.896793282212,10143.258,11875.673,9259.965,2803.4854,8063.7544,7786.563,3910.178,5030.2104,10843.325,11980.033,11661.558,13218.784,17872.787,8.75280147738522e-06,8.75280147738522e-06,8.75280147738522e-06
3_1212_15,2024-01-01,0.0,0.0,2632.2992831620313,3947.26708984375,601.404566946928,-371.94317121488905,2321.8034809072105,3177.4478994056904,626.5499593553233,626.5499593553232,626.5499593553233,595.222461387557,999.3890198218976,6578.774573230894,13025.896793282212,9680.96,11804.753,9196.259,-1572.2821,7919.1616,7734.993,3392.247,5789.926,9687.573,10450.153,11695.445,13407.271,16783.266,8.75280147738522e-06,8.75280147738522e-06,8.75280147738522e-06
3_1212_16,2023-10-01,0.0,0.0,38810.33298715185,3607.6572265625,41044.692028251804,6336.398835028933,-116769.11325522556,-455.3191437014005,16560.433189785683,410357.47015107924,410357.47015107924,389839.59664352523,13823.239640009095,0.7826947596570571,6783.689667925763,-0.0024689105,0.002335506,0.09430316,0.0027159478,0.0040304437,0.03094723,-0.22015022,-0.17667979,0.29584822,0.39155957,-0.00017725787,-0.0019570384,-0.0013074143,0.000545964518096298,0.000545964518096298,0.000545964518096298
3_1212_16,2023-11-01,0.0,0.0,38810.33298715185,3460.981201171875,38983.06311614007,-12337.526889471104,-97567.31241165721,-906.0850959657869,16560.433189785683,410357.47015107924,410357.47015107924,389839.59664352523,13823.239640009095,0.7826947596570571,6783.689667925763,0.00047200356,-0.010625879,0.09177589,0.0038856715,0.0060206745,-0.0023174528,-0.26990813,-0.2001514,0.17151481,0.22026424,0.002405007,-0.00033126815,-0.010178814,0.000545964518096298,0.000545964518096298,0.000545964518096298
3_1212_16,2023-12-01,0.0,0.0,38810.33298715185,3605.2978515625,39086.61642745081,9688.16090286581,-106394.31813125464,-1356.851048230173,16560.433189785683,410357.47015107924,410357.47015107924,389839.59664352523,13823.239640009095,0.7826947596570571,6783.689667925763,0.0026063903,-0.017958699,0.09161402,0.1326086,0.007780593,0.022756655,-0.24862948,-0.17981279,0.16088077,0.22161509,0.000515223,-0.00044494183,-0.0022766462,0.000545964518096298,0.000545964518096298,0.000545964518096298
3_1212_16,2024-01-01,0.0,0.0,38810.33298715185,3797.74462890625,39081.41506059937,-54144.023023067566,-136837.56342143842,-1807.6170004945593,16560.433189785683,410357.47015107924,410357.47015107924,389839.59664352523,13823.239640009095,0.7826947596570571,6783.689667925763,0.00073333527,-0.029180804,0.09117099,-0.00056325237,0.0092493715,0.012229205,-0.15385903,-0.13106076,0.16439645,0.23079361,0.002408248,2.4047158e-05,-0.016474351,0.000545964518096298,0.000545964518096298,0.000545964518096298
3_1212_2,2023-10-01,0.0,0.0,918.8701684498391,517.1317749023438,904.7620484725483,-297.47580619985035,-1991.4217033990612,1.86981769724495e-36,15.110926494984675,18935.218328856452,18935.21832885645,17988.457412413627,15.110926494984675,0.01805803139577527,1.9074111709537836e-36,-0.0024689105,0.002335506,0.09430316,0.0027159478,0.0040304437,0.011355364,-0.2092679,-0.14444189,0.1947342,0.2936369,-0.00017725787,-0.0019570384,-0.0013074143,1.259628334082663e-05,1.259628334082663e-05,1.259628334082663e-05
3_1212_2,2023-11-01,0.0,0.0,918.8701684498391,520.4283447265625,862.5059665866331,398.1435343312521,-2950.1744843407682,1.86981769724495e-36,15.110926494984675,18935.218328856452,18935.21832885645,17988.457412413627,15.110926494984675,0.01805803139577527,1.9074111709537836e-36,0.00047200356,-0.010625879,0.09177589,0.0038856715,0.0060206745,0.012601267,-0.23353995,-0.13305019,0.18678129,0.3121553,0.002405007,-0.00033126815,-0.010178814,1.259628334082663e-05,1.259628334082663e-05,1.259628334082663e-05
3_1212_2,2023-12-01,0.0,0.0,918.8701684498391,517.0703125,864.4794981459681,221.51281348117536,-2644.0281926353127,1.86981769724495e-36,15.110926494984675,18935.218328856452,18935.21832885645,17988.457412413627,15.110926494984675,0.01805803139577527,1.9074111709537836e-36,0.0026063903,-0.017958699,0.09161402,0.1326086,0.007780593,0.018268,-0.23133527,-0.14268468,0.22618432,0.3323469,0.000515223,-0.00044494183,-0.0022766462,1.259628334082663e-05,1.259628334082663e-05,1.259628334082663e-05
3_1212_2,2024-01-01,0.0,0.0,918.8701684498391,513.0363159179688,864.3873261640459,6968.6958330859525,6323.295680176149,1.86981769724495e-36,15.110926494984675,18935.218328856452,18935.21832885645,17988.457412413627,15.110926494984675,0.01805803139577527,1.9074111709537836e-36,0.00073333527,-0.029180804,0.09117099,-0.00056325237,0.0092493715,0.037826873,-0.23540202,-0.1405498,0.17505926,0.25269496,0.002408248,2.4047158e-05,-0.016474351,1.259628334082663e-05,13525.15625,1.259628334082663e-05
3_1212_63,2023-10-01,0.0,0.0,1.3232175125599388e-64,-33.19000244140625,533.4235478892124,-200.2101252928469,-6048.807003134881,-1392.874968989427,30.78569055034354,13232.175125630596,13232.175125630596,12570.566369349066,30.78569055034354,0.10095348454002835,1.331463123094569e-30,-0.0024689105,0.002335506,0.09430316,0.0027159478,0.0040304437,0.025139485,-0.2800735,-0.1645287,0.23061498,0.28354532,-0.00017725787,-0.0019570384,-0.0013074143,3.520978134474717e-05,3.520978134474717e-05,3.520978134474717e-05
3_1212_63,2023-11-01,0.0,0.0,1.3232175125599388e-64,1.7272170782089233,997.8477415242869,1110.7382512318366,-6181.784841520159,-1560.4376309517454,30.78569055034354,13232.175125630596,13232.175125630596,12570.566369349066,30.78569055034354,0.10095348454002835,1.331463123094569e-30,0.00047200356,-0.010625879,0.09177589,0.0038856715,0.0060206745,0.02069728,-0.27929708,-0.19116527,0.21310058,0.35688332,0.002405007,-0.00033126815,-0.010178814,3.520978134474717e-05,3.520978134474717e-05,3.520978134474717e-05
3_1212_63,2023-12-01,0.0,0.0,1.3232175125599388e-64,-14.309259414672852,1402.1977791015297,909.8970891754858,-6872.474941694206,-1723.5009736093127,30.78569055034354,13232.175125630596,13232.175125630596,12570.566369349066,30.78569055034354,0.10095348454002835,1.331463123094569e-30,0.0026063903,-0.017958699,0.09161402,0.1326086,0.007780593,-0.018820932,-0.26869717,-0.19196053,0.1497036,0.21382597,0.000515223,-0.00044494183,-0.0022766462,3.520978134474717e-05,3.520978134474717e-05,3.520978134474717e-05
3_1212_63,2024-01-01,0.0,0.0,1.3232175125599388e-64,-5.125394344329834,1754.2443673918642,2431.7775103909007,-2280.3923816257075,-1882.3908056040223,30.78569055034354,13232.175125630596,13232.175125630596,12570.566369349066,30.78569055034354,0.10095348454002835,1.331463123094569e-30,0.00073333527,-0.029180804,0.09117099,-0.00056325237,0.0092493715,0.01264883,-0.19276877,-0.16658112,0.17493162,0.23279251,0.002408248,2.4047158e-05,-0.016474351,3.520978134474717e-05,3.520978134474717e-05,3.520978134474717e-05
3_1302_73,2023-10-01,0.0,0.0,5.725599374969082,106.23336029052734,2746.682482488979,-2451.33830352758,1125.4468491167409,-3479.381993927303,1204.538450298272,21221.725750874513,21221.729202528888,20160.639463330786,1204.538450298272,80.68705451203365,5.809601056232119,234.62187,-1.6206604,697.71063,-1569.6173,-129.16016,-362.03342,-3189.4944,-2721.574,2206.3335,2961.7346,-29.328503,-0.0019570384,-0.0013074143,0.00018599374743644148,0.00018599374743644148,0.00018599374743644148
3_1302_73,2023-11-01,0.0,0.0,5.725599374969082,57.12929916381836,4893.932630965071,-2409.1607702039423,-209.5237510429788,-4944.683027854571,1204.538450298272,21221.725750874513,21221.729202528888,20160.639463330786,1204.538450298272,80.68705451203365,5.809601056232119,379.71838,-478.1616,692.03046,-5433.063,-76.16406,14.007206,-4241.5845,-3246.3862,3052.724,4972.7505,-179.59802,-0.00033126815,-0.010178814,0.00018599374743644148,0.00018599374743644148,1073.7059326171875
3_1302_73,2023-12-01,0.0,0.0,5.725599374969082,77.60601806640625,6572.56976122139,-1323.3915353993125,368.91275275696535,-6409.984061781841,1204.538450298272,21221.725750874513,21221.729202528888,20160.639463330786,1204.538450298272,80.68705451203365,5.809601056232119,242.67998,22.32147,697.8394,-6210.472,122.708984,-151.14467,-3031.8098,-2327.5688,2480.9524,4895.2563,124.47086,-0.00044494183,-0.0022766462,0.00018599374743644148,0.00018599374743644148,1854.5828857421875
3_1302_73,2024-01-01,0.0,0.0,5.725599374969082,63.393192291259766,7884.863355460972,-8561.889711949725,-8700.004850661602,-7875.2850957091105,1204.538450298272,21221.725750874513,21221.729202528888,20160.639463330786,1204.538450298272,80.68705451203365,5.809601056232119,133.64548,-350.1153,698.8631,-9918.437,493.73438,275.85242,-4642.733,-2844.2854,3460.3247,5008.7173,-19.964994,2.4047158e-05,-0.016474351,0.00018599374743644148,0.00018599374743644148,2830.678955078125
3_1302_99,2023-10-01,16780.955122971354,17130.70820606372,17130.64600011575,16340.1005859375,16099.68058197237,17014.581014926254,17517.917297539665,18085.88465959963,11553.974802342162,2650.127080533736,8830.221062702012,2517.620726507049,14337.706113302693,17438.168083153127,17124.60945310343,17323.42,16950.244,18873.0,14579.285,17037.477,17013.547,11875.828,13053.967,20016.904,22202.78,16981.299,18712.354,16927.793,16304.21875,18579.2265625,16575.052734375
3_1302_99,2023-11-01,16087.742714065927,17130.70820606372,17130.64600011575,16257.3203125,15184.238147887005,17034.654472696144,17582.930438383963,19037.544326515348,11553.974802342162,2650.127080533736,8830.221062702012,2517.620726507049,14337.706113302693,17438.168083153127,17124.60945310343,17354.844,16965.184,18961.656,11439.673,17101.01,17290.33,12306.394,13581.944,19809.05,20665.445,16981.4,17556.465,16807.361,16141.71875,19770.896484375,15112.5478515625
3_1302_99,2023-12-01,16575.059349120067,17130.70820606372,17130.64600011575,15695.4970703125,14371.423020006507,16365.534845884362,17348.423238609335,19989.203993431067,11553.974802342162,2650.127080533736,8830.221062702012,2517.620726507049,14337.706113302693,17438.168083153127,17124.60945310343,16995.13,16148.822,19005.334,6419.7397,17164.887,17629.031,13684.546,14274.427,21121.88,22566.066,16959.197,17424.291,16740.863,16737.552734375,20150.064453125,13487.54296875
3_1302_99,2024-01-01,19327.229496538377,17130.70820606372,17130.64600011575,15520.08984375,13649.729981195738,22957.919728322417,26105.199283587248,20940.863660346786,11553.974802342162,2650.127080533736,8830.221062702012,2517.620726507049,14337.706113302693,17438.168083153127,17124.60945310343,16936.457,16119.9,19024.467,3976.4338,17231.822,17302.498,13309.801,14307.103,20010.615,21908.23,17013.861,18115.635,17031.582,17875.05859375,20204.23046875,12675.041015625
3_1303_73,2023-10-01,0.0,0.0,7.805600446776757e-14,1562.132080078125,2361.706287873196,-213.367982063397,2153.220813349142,-3634.101214368697,2802.833604735399,52474.10317747406,48617.09504696548,49850.398018600354,2802.833604735399,184.27330742427682,4.690405250375782e-12,426.21964,27.611706,1507.8496,-290.86835,-1096.5469,-1139.1079,-3047.7168,-2338.4902,372.05927,857.13947,-188.79878,-0.0019570384,-0.0013074143,0.0004508093697950244,0.0004508093697950244,0.0004508093697950244
3_1303_73,2023-11-01,0.0,0.0,7.805600446776757e-14,-55.64564895629883,4538.625217047313,-6227.434992770972,-3610.05257576218,-6829.5676851323515,2802.833604735399,52474.10317747406,48617.09504696548,49850.398018600354,2802.833604735399,184.27330742427682,4.690405250375782e-12,715.564,-1166.3226,1496.6943,-6633.397,-1632.5859,-1715.6433,-3449.7227,-3075.48,-203.93257,757.0687,-376.84302,-0.00033126815,-0.010178814,0.0004508093697950244,0.0004508093697950244,0.0004508093697950244
3_1303_73,2023-12-01,0.0,0.0,7.805600446776757e-14,1123.6114501953125,6545.215134062015,-4482.072131097471,-3209.050515482846,-10025.034155896006,2802.833604735399,52474.10317747406,48617.09504696548,49850.398018600354,2802.833604735399,184.27330742427682,4.690405250375782e-12,187.22168,-64.78258,1509.8762,-10257.779,-2210.2305,-2142.5684,-4338.383,-3895.7407,-720.64417,-420.13083,-183.00687,-0.00044494183,-0.0022766462,0.0004508093697950244,0.0004508093697950244,0.0004508093697950244
3_1303_73,2024-01-01,0.0,0.0,7.805600446776757e-14,205.321533203125,8394.803118761392,-18717.07971123849,-22183.023738261123,-13220.500626659661,2802.833604735399,52474.10317747406,48617.09504696548,49850.398018600354,2802.833604735399,184.27330742427682,4.690405250375782e-12,-462.62622,-996.10706,1512.4866,-16304.618,-2691.0938,-2570.0142,-5334.322,-4130.475,-747.35846,593.13605,-342.4872,2.4047158e-05,-0.016474351,0.0004508093697950244,0.0004508093697950244,0.0004508093697950244
3_1303_99,2023-10-01,47609.57649333365,53321.61077838707,52060.6439025762,55875.25,47688.7613023998,49327.79645501711,46094.444883581644,55498.94051379252,31548.176414211313,6863.181980837555,23923.586056458273,6520.022881795677,39426.83116257421,50222.76067154793,52047.813022261515,53770.008,52444.81,56922.9,45623.19,52421.57,53685.344,36182.285,42011.617,64637.074,71102.59,51808.844,52802.465,50246.59,48578.51953125,46251.40234375,52796.4140625
3_1303_99,2023-11-01,42647.39843269933,53321.61077838707,52060.6439025762,56582.4765625,43058.41720239511,44297.59824044742,46418.23289528857,58395.10507742191,31548.176414211313,6863.181980837555,23923.586056458273,6520.022881795677,39426.83116257421,50222.76067154793,52047.813022261515,53834.695,52459.438,56792.85,45034.19,52686.113,53296.273,34966.465,41832.51,66935.64,73676.08,52062.473,53016.29,50087.547,47705.8515625,44506.06640625,52796.4140625
3_1303_99,2023-12-01,42736.41014279224,53321.61077838707,52060.6439025762,59667.39453125,39252.1577637492,40280.20716053303,46644.719535158,61291.2696410513,31548.176414211313,6863.181980837555,23923.586056458273,6520.022881795677,39426.83116257421,50222.76067154793,52047.813022261515,52536.31,50712.914,56748.254,23594.432,52535.38,51973.957,31253.568,39655.55,62029.797,66575.516,52085.32,53354.066,49102.34,46396.84765625,45815.0703125,52796.4140625
3_1303_99,2024-01-01,42386.657059699886,53321.61077838707,52060.6439025762,60896.3671875,36123.316666547275,57298.62282358984,70154.96986553985,64187.4342046807,31548.176414211313,6863.181980837555,23923.586056458273,6520.022881795677,39426.83116257421,50222.76067154793,52047.813022261515,52453.43,50927.625,56731.035,9679.615,52271.97,53818.957,37874.98,43934.37,64605.246,67507.58,52204.785,53457.973,48720.902,46105.95703125,46542.29296875,52650.96875
3_1304_73,2023-10-01,0.0,0.0,2.986354190598879e-28,1653.807861328125,2354.313075419035,14798.318706076541,12086.413817643974,-1004.4664887713526,1756.6815132192269,32504.23172976769,30470.860614463374,30879.020143279304,1756.6815132192269,122.77163880498415,3.0031283055536807e-12,167.00323,-89.222015,857.0198,304.67276,-113.41406,-683.68,-4318.9717,-2702.468,2167.9434,3109.673,-452.53772,-0.0019570384,-0.0013074143,0.0002492526837158948,0.0002492526837158948,0.0002492526837158948
3_1304_73,2023-11-01,0.0,0.0,2.986354190598879e-28,-93.15394592285156,4423.934193914938,11468.997012117694,9261.812977368118,-1998.8883126110336,1756.6815132192269,32504.23172976769,30470.860614463374,30879.020143279304,1756.6815132192269,122.77163880498415,3.0031283055536807e-12,299.01904,-686.4289,849.95465,-5624.4424,-190.50977,19.729523,-3808.9038,-2681.8618,3208.748,4958.4956,-704.98553,-0.00033126815,-0.010178814,0.0002492526837158948,0.0002492526837158948,0.0002492526837158948
3_1304_73,2023-12-01,0.0,0.0,2.986354190598879e-28,1141.565185546875,6243.289325076437,14471.595604398644,12064.14471340533,-2993.3101364507147,1756.6815132192269,32504.23172976769,30470.860614463374,30879.020143279304,1756.6815132192269,122.77163880498415,3.0031283055536807e-12,93.33509,-75.539734,857.0406,-1454.5137,-190.25977,112.822174,-4375.987,-3409.586,2920.8071,4003.4668,-597.15875,-0.00044494183,-0.0022766462,0.0002492526837158948,0.0002492526837158948,0.0002492526837158948
3_1304_73,2024-01-01,0.0,0.0,2.986354190598879e-28,168.95181274414062,7842.641527130338,3654.613667226211,1278.9584744516314,-3987.7319602903963,1756.6815132192269,32504.23172976769,30470.860614463374,30879.020143279304,1756.6815132192269,122.77163880498415,3.0031283055536807e-12,-148.31967,-469.0951,858.28217,-8283.973,-65.177734,161.90402,-3177.3445,-2196.2651,3292.8613,4325.073,-657.17737,2.4047158e-05,-0.016474351,0.0002492526837158948,2616.15869140625,1308.0794677734375
3_1304_99,2023-10-01,40755.6748161792,23118.76870322345,23117.878945666856,20306.791015625,20091.017804545816,18558.86400504755,19415.537768493297,24321.93126321956,12852.442135489131,3520.4717177217335,9724.432375920172,3344.4481318356466,15611.196415937256,19231.96968700357,23029.739993307303,23323.291,22382.531,25157.736,16497.12,21712.291,21916.02,16862.672,18073.846,25804.693,27387.572,22244.646,22477.898,18888.092,23602.515625,14199.375,14199.375
3_1304_99,2023-11-01,27933.493021885668,23118.76870322345,23117.878945666856,20169.30859375,17729.51191371239,16713.85389756195,19852.071604080673,25601.14916261947,12852.442135489131,3520.4717177217335,9724.432375920172,3344.4481318356466,15611.196415937256,19231.96968700357,23029.739993307303,23427.355,22543.023,25206.064,17449.307,22698.775,22594.562,11984.705,15813.734,27306.217,28488.098,22279.998,22736.436,17168.238,23160.7578125,14199.375,14199.375
3_1304_99,2023-12-01,27258.262776635373,23118.76870322345,23117.878945666856,19550.966796875,15887.646364311815,15792.097859396303,19376.727208436787,26880.367062019377,12852.442135489131,3520.4717177217335,9724.432375920172,3344.4481318356466,15611.196415937256,19231.96968700357,23029.739993307303,22889.96,21630.014,25234.08,3461.2358,23139.24,22798.852,15440.165,17906.863,29889.066,34356.504,22253.193,23160.38,11834.355,23665.625,14199.375,14199.375
3_1304_99,2024-01-01,28315.61399955727,23118.76870322345,23117.878945666856,19322.244140625,14451.07628619466,23629.507272642422,29856.56206843406,28159.584961419285,12852.442135489131,3520.4717177217335,9724.432375920172,3344.4481318356466,15611.196415937256,19231.96968700357,23029.739993307303,22869.055,21735.457,25245.994,-5028.9336,23370.97,23782.098,16451.28,18827.986,28935.957,32190.049,22328.295,23288.07,-4741.461,23602.515625,14199.375,14199.375
3_1305_73,2023-10-01,0.0,0.0,0.23298170252662376,389.8329772949219,3255.648657894122,-6807.104457485333,-2917.9476706396845,-5705.713851253046,2237.158046256802,41604.83042075789,41604.75463660692,39524.588899719995,2237.158046256802,146.8460034699955,0.22772428602133166,435.34952,-9.666942,1294.817,-2700.33,114.19922,-150.6623,-6458.9727,-3606.0237,4570.7744,6220.1055,-49.58475,-0.0019570384,-0.0013074143,0.00036474017542786896,0.00036474017542786896,0.00036474017542786896
3_1305_73,2023-11-01,0.0,0.0,0.23298170252662376,7.424908638000488,6073.447232057053,-7434.531726070689,-6377.349888918778,-8697.0836047151,2237.158046256802,41604.83042075789,41604.75463660692,39524.588899719995,2237.158046256802,146.8460034699955,0.22772428602133166,764.57996,-907.3465,1284.6158,-7814.479,491.375,861.63226,-5325.62,-3625.0583,5363.899,7128.155,-307.42847,-0.00033126815,-0.010178814,0.00036474017542786896,0.00036474017542786896,0.00036474017542786896
3_1305_73,2023-12-01,0.0,0.0,0.23298170252662376,228.93714904785156,8512.281897248025,-4558.306561800604,-3781.7677188705784,-11688.453358177154,2237.158046256802,41604.83042075789,41604.75463660692,39524.588899719995,2237.158046256802,146.8460034699955,0.22772428602133166,432.21042,-0.011101602,1295.5808,-11559.856,1111.5352,1175.1931,-4434.651,-3370.7537,5710.717,7127.5303,185.62283,-0.00044494183,-0.0022766462,0.00036474017542786896,0.00036474017542786896,0.00036474017542786896
3_1305_73,2024-01-01,0.0,0.0,0.23298170252662376,86.94235229492188,10623.119264643628,-18097.474400695843,-20956.565819557076,-14679.823111639209,2237.158046256802,41604.83042075789,41604.75463660692,39524.588899719995,2237.158046256802,146.8460034699955,0.22772428602133166,99.17295,-883.66327,1297.5952,-17735.172,1983.3672,1430.0969,-3535.0588,-2058.2588,6096.49,6910.097,-58.199486,2.4047158e-05,-0.016474351,0.00036474017542786896,0.00036474017542786896,0.00036474017542786896
3_1305_99,2023-10-01,127814.52193614654,131009.95241766391,156449.33713415236,125476.59375,119557.47868145147,120314.14124844332,67375.28744834368,135591.6384004733,53024.27740771542,10392.931855240435,48882.63602735124,9873.285262478412,73087.53201878656,119181.84359578943,130760.63056914436,132740.23,126697.0,124455.52,93815.13,128469.72,126180.6,78642.03,95160.44,158620.31,171925.97,129562.87,122620.12,139260.25,131028.5,122582.03125,126047.2578125
3_1305_99,2023-11-01,31197.255725292547,131009.95241766391,181678.36444031048,120939.1015625,109589.91788084095,121209.97053741099,68062.65312611329,141572.39858190887,53024.27740771542,10392.931855240435,48882.63602735124,9873.285262478412,73087.53201878656,119181.84359578943,130760.63056914436,131088.03,122754.61,120598.2,54752.344,123288.79,120168.96,67204.99,86093.625,144644.6,168421.36,129746.43,127058.45,139574.34,132977.6875,124964.3671875,125397.53125
3_1305_99,2023-12-01,32520.742970310435,131009.95241766391,206907.3917464686,117868.6875,100914.73812472256,115600.9146199263,67455.64756100185,147553.15876334446,53024.27740771542,10392.931855240435,48882.63602735124,9873.285262478412,73087.53201878656,119181.84359578943,130760.63056914436,129583.83,127293.16,119395.945,48342.082,117958.91,120155.54,81375.34,92826.414,139252.44,151106.22,128905.66,130745.51,136598.92,132977.6875,124747.7890625,127779.8671875
3_1305_99,2024-01-01,32509.054563934595,131009.95241766391,232136.41905262676,113866.9140625,93364.37095802752,138877.58681038494,104143.2944515248,153533.91894478002,53024.27740771542,10392.931855240435,48882.63602735124,9873.285262478412,73087.53201878656,119181.84359578943,130760.63056914436,128978.58,126678.945,118977.01,8486.152,112995.945,114842.05,80916.28,88803.516,133900.55,141090.66,129528.68,132481.61,128689.03,136442.890625,117384.2109375,129945.625
3_1306_73,2023-10-01,0.0,121.11358224083689,-6501.653962933105,433.1805114746094,5540.086808990703,5710.6711650888155,721.4371547046667,-5809.612960299901,581.4324134092813,16133.357517531173,16133.250468129821,15326.689641654613,581.4324134092813,20.769017796572907,121.00944952416084,94.85191,96.03306,676.7247,2973.5642,-2.3132935,-16.905056,-112.03388,-92.09499,59.88478,142.33627,-146.09718,-0.0019570384,-0.0013400478,0.00016216188669204712,0.00016216188669204712,0.00016216188669204712
3_1306_73,2023-11-01,0.0,121.11358224083689,-8148.030892176211,455.5373840332031,8357.086075421428,9673.791863452714,-2021.9167678049598,-7455.032293290228,581.4324134092813,16133.357517531173,16133.250468129821,15326.689641654613,581.4324134092813,20.769017796572907,121.00944952416084,234.32208,-211.50252,668.206,-3212.5845,-2.4451904,12.507266,-168.9051,-122.823166,148.45158,210.03156,-255.9432,-0.00033126815,-0.010245005,0.00016216188669204712,0.00016216188669204712,0.00016216188669204712
3_1306_73,2023-12-01,0.0,121.11358224083689,-9794.407821419318,430.671630859375,9789.461621269045,-9519.652318260412,-21794.260707027315,-9100.451626280552,581.4324134092813,16133.357517531173,16133.250468129821,15326.689641654613,581.4324134092813,20.769017796572907,121.00944952416084,199.94873,260.8484,672.0698,-6414.7285,1.0491333,-2.0750954,-141.6915,-85.257454,93.31528,149.89255,-263.5609,-0.00044494183,-0.0022182784,0.00016216188669204712,0.00016216188669204712,0.00016216188669204712
3_1306_73,2024-01-01,0.0,121.11358224083689,-11440.784750662424,419.91778564453125,10517.78971449637,-12971.513037203647,-25010.091390002854,-10745.870959270878,581.4324134092813,16133.357517531173,16133.250468129821,15326.689641654613,581.4324134092813,20.769017796572907,121.00944952416084,179.78442,8.165788,671.9069,-5499.895,9.476501,15.467804,-98.70565,-79.16794,107.59477,155.19669,-252.61977,2.4047158e-05,-0.016330719,0.00016216188669204712,0.00016216188669204712,0.00016216188669204712
3_1306_99,2023-10-01,35339.44712325274,52788.43962601233,33039.79147458879,30475.4296875,44455.53431959727,34587.53113935041,15002.186781483202,36654.04720185775,9039.951282458987,1273.053546466615,7538.225679042463,1209.4008691432841,15085.387850916944,34402.19006127296,40196.965003358106,53008.605,51551.5,42793.39,28513.547,41108.9,42812.195,7058.9707,19535.576,64637.566,72318.33,50822.727,50287.574,66780.33,90213.9453125,18695.36328125,17857.599609375
3_1306_99,2023-11-01,53091.43908360135,52788.43962601233,44143.44670514231,73357.65625,37807.59604387142,33398.92053415971,15062.0712724064,38001.93174112718,9039.951282458987,1273.053546466615,7538.225679042463,1209.4008691432841,15085.387850916944,34402.19006127296,40196.965003358106,47066.473,49213.516,40084.93,19463.744,39844.367,37617.383,18059.861,24885.44,52189.133,57692.84,48412.855,51310.566,63934.906,90213.9453125,8.401828381465748e-05,17857.599609375
3_1306_99,2023-12-01,16058.072144034955,52788.43962601233,55247.101935695835,87899.765625,32503.91363146751,35288.95433601586,14688.205807067667,39349.81628039661,9039.951282458987,1273.053546466615,7538.225679042463,1209.4008691432841,15085.387850916944,34402.19006127296,40196.965003358106,45747.973,49546.887,39351.977,11233.564,37533.848,37139.293,18925.83,22740.22,52763.57,56840.004,48029.582,52947.676,69752.664,90213.9453125,8.401828381465748e-05,17813.5078125
3_1306_99,2024-01-01,0.0,52788.43962601233,66350.75716624936,126013.21875,28272.669903716247,33649.944154633275,21221.564958358424,40697.70081966603,9039.951282458987,1273.053546466615,7538.225679042463,1209.4008691432841,15085.387850916944,34402.19006127296,40196.965003358106,44266.492,49030.266,39108.625,-808.57385,35484.617,36582.387,23706.635,27150.412,44197.277,47223.992,48044.348,53445.684,58502.703,90213.9453125,8.401828381465748e-05,17857.599609375
3_1307_73,2023-10-01,0.0,-367.91506838404894,-505.4323806940091,281.78424072265625,135.9709002134682,-600.8706158822263,-2927.714211786863,-622.0150409930629,128.34775050242217,4272.887640332677,2226.280851884372,4059.2432583160426,128.34775050242217,7.107992714493587,1.720643767214591e-13,25.859596,-4.1260276,76.538635,-70.5209,-8.16748,-9.008776,-297.5788,-227.19617,252.98819,358.0198,-0.37460455,-0.0019570384,-0.0013400478,3.441728404141031e-05,3.441728404141031e-05,3.441728404141031e-05
3_1307_73,2023-11-01,0.0,-735.830136768096,-610.0366278151753,-18.39893913269043,266.34208716777766,-304.3350184847561,-3295.45137643933,-783.324658662661,128.34775050242217,4272.887640332677,2226.280851884372,4059.2432583160426,128.34775050242217,7.107992714493587,1.720643767214591e-13,50.6972,-54.35116,75.89358,-416.83566,-14.184814,-2.8881016,-403.93607,-257.73993,260.3323,307.22897,-3.8529382,-0.00033126815,-0.010245005,3.441728404141031e-05,3.441728404141031e-05,3.441728404141031e-05
3_1307_73,2023-12-01,0.0,-1103.745205152145,-703.3019331146106,190.19613647460938,391.34417482911977,-1056.323648289784,-3560.859973181427,-940.6704852219009,128.34775050242217,4272.887640332677,2226.280851884372,4059.2432583160426,128.34775050242217,7.107992714493587,1.720643767214591e-13,29.638123,-3.2473347,76.51717,-712.8435,-13.721313,-41.171078,-458.96625,-269.29086,190.3191,306.28778,1.9187394,-0.00044494183,-0.0022182784,252.87094116210938,3.441728404141031e-05,3.441728404141031e-05
3_1307_73,2024-01-01,0.0,-1471.660273536194,-786.457420697455,25.380210876464844,511.19827974856025,-1168.5481050524113,-2454.489210275589,-1094.3776947196523,128.34775050242217,4272.887640332677,2226.280851884372,4059.2432583160426,128.34775050242217,7.107992714493587,1.720643767214591e-13,9.680571,-63.41967,76.619835,-890.88763,-2.553833,5.1567354,-315.6155,-216.01707,272.1415,336.50644,-3.9595182,2.4047158e-05,-0.016330719,577.9906616210938,3.441728404141031e-05,3.441728404141031e-05
3_1307_99,2023-10-01,3030.893684072891,1850.3646401133224,1850.355558626382,1839.1397705078125,1655.9710136352046,1808.900328700657,1930.1241696808452,1953.121429898032,1294.1244039522599,263.57829522709864,949.024341866001,250.3993804657437,1575.6645691515496,1850.0415231101442,1849.4512613578154,1870.2272,1832.9869,2114.8066,1991.7827,1879.4647,1906.669,1471.5923,1551.5673,2363.5122,2721.1628,1815.284,1853.1654,1920.2881,1952.95166015625,1830.892333984375,1910.2308349609375
3_1307_99,2023-11-01,4214.12005258073,1850.3646401133224,1850.355558626382,1836.396728515625,1499.6877073541468,1554.754786162544,1938.0411163143572,2055.7543525255733,1294.1244039522599,263.57829522709864,949.024341866001,250.3993804657437,1575.6645691515496,1850.0415231101442,1849.4512613578154,1886.2548,1852.3268,2138.217,2068.258,1921.5641,1954.6465,1242.6471,1482.497,2379.1675,2638.6892,1834.099,1848.2408,1899.7194,1952.95166015625,1672.2149658203125,1849.201171875
3_1307_99,2023-12-01,1527.5848025036612,1850.3646401133224,1850.355558626382,1841.607666015625,1374.0433008751709,1419.9552542010451,1951.8319534582392,2158.3872751531144,1294.1244039522599,263.57829522709864,949.024341866001,250.3993804657437,1575.6645691515496,1850.0415231101442,1849.4512613578154,1834.3633,1771.3422,2151.0137,861.5078,1960.24,1945.3696,1320.9098,1622.068,2392.8293,2511.1235,1835.7366,1854.2506,1861.4138,1830.892333984375,1782.068603515625,1928.539794921875
3_1307_99,2024-01-01,1657.955489003385,1850.3646401133224,1850.355558626382,1840.450927734375,1273.0311246222325,2201.488235410397,2909.6362481742763,2261.020197780656,1294.1244039522599,263.57829522709864,949.024341866001,250.3993804657437,1575.6645691515496,1850.0415231101442,1849.4512613578154,1835.1909,1762.4532,2157.2107,469.3812,1995.4393,1973.0266,1492.2595,1616.9089,2376.786,2491.6238,1841.5361,1862.6304,1899.664,1818.6864013671875,1788.1715087890625,1995.672607421875
3_1308_73,2023-10-01,0.0,0.0,6.622943836459854e-28,2326.11474609375,3794.998705609687,1119.211170925766,5296.197033308508,-2399.7722189750207,3902.114806481275,69081.78778393836,67686.86329664948,65627.69839474144,3902.114806481275,262.4113464736214,6.6442905913096705e-12,553.6012,66.778755,2030.7151,-825.7507,20025.371,20727.137,-11974.743,-6554.585,51079.12,60274.707,-469.0855,-0.0019570384,-0.0013400478,0.0005916006048209965,0.0005916006048209965,0.0005916006048209965
3_1308_73,2023-11-01,0.0,0.0,6.622943836459854e-28,-80.536376953125,7222.207588114245,-485.56091957378885,4219.409479948765,-4724.551875556406,3902.114806481275,69081.78778393836,67686.86329664948,65627.69839474144,3902.114806481275,262.4113464736214,6.6442905913096705e-12,898.9773,-1518.9957,2015.8082,-9705.657,19897.621,22289.814,-6984.2666,2327.0942,47507.516,68793.97,-865.02405,-0.00033126815,-0.010245005,0.0005916006048209965,0.0005916006048209965,0.0005916006048209965
3_1308_73,2023-12-01,0.0,0.0,6.622943836459854e-28,1727.2861328125,10317.270758216462,3493.2114488480765,5637.691922516715,-7049.331532137791,3902.114806481275,69081.78778393836,67686.86329664948,65627.69839474144,3902.114806481275,262.4113464736214,6.6442905913096705e-12,185.82831,-44.614536,2033.6245,-11262.476,19911.465,19885.98,-1744.3707,3669.0664,38213.46,44399.902,-497.62686,-0.00044494183,-0.0022182784,0.0005916006048209965,0.0005916006048209965,0.0005916006048209965
3_1308_73,2024-01-01,0.0,0.0,6.622943836459854e-28,285.09619140625,13112.377900890147,-19591.293206805683,-24994.591352247986,-9374.111188719176,3902.114806481275,69081.78778393836,67686.86329664948,65627.69839474144,3902.114806481275,262.4113464736214,6.6442905913096705e-12,-692.92523,-1210.9883,2037.1945,-22899.791,20028.207,21019.98,2081.885,5517.9126,36132.703,44677.684,-716.4633,2.4047158e-05,-0.016330719,0.0005916006048209965,0.0005916006048209965,0.0005916006048209965
3_1308_99,2023-10-01,72054.52976612326,72378.20871191568,72377.92658334669,71672.75,68598.30915179063,69583.17116457093,60548.91121723256,76409.80462817584,42617.74619813977,9517.684777360535,33980.21530273067,9041.800538492507,54143.366333456644,70813.74993749497,72350.09006538929,73255.34,71285.77,75627.61,58745.496,70983.76,70880.55,52170.78,56835.332,86210.83,90574.94,71438.484,72160.55,70590.42,69015.375,68820.4140625,69990.171875
3_1308_99,2023-11-01,71150.02693427,72378.20871191568,72377.92658334669,71622.2265625,65167.56188828091,69808.36339867691,61631.54032388078,80428.90354232826,42617.74619813977,9517.684777360535,33980.21530273067,9041.800538492507,54143.366333456644,70813.74993749497,72350.09006538929,73357.97,70856.91,75075.09,43252.914,70133.45,71217.586,56708.37,59938.92,84031.13,86995.53,71501.87,72240.14,70494.92,64336.37109375,70770.0078125,66675.875
3_1308_99,2023-12-01,68725.13216537514,72378.20871191568,72377.92658334669,71487.2265625,62053.715449014635,67374.63089106437,62286.96476528431,84448.00245648067,42617.74619813977,9517.684777360535,33980.21530273067,9041.800538492507,54143.366333456644,70813.74993749497,72350.09006538929,71777.516,68557.65,74868.83,26803.01,69163.41,69780.75,50783.465,56107.465,81417.2,86266.734,71402.28,72390.47,69523.34,67650.6640625,70185.1328125,63946.453125
3_1308_99,2024-01-01,70059.4087085861,72378.20871191568,72377.92658334669,71419.9296875,59227.497455500314,90198.04799812756,93749.86646460307,88467.10137063307,42617.74619813977,9517.684777360535,33980.21530273067,9041.800538492507,54143.366333456644,70813.74993749497,72350.09006538929,71622.74,69073.27,74789.99,13172.6875,68250.82,67955.25,50483.38,53610.586,85364.54,87378.8,71576.81,72432.09,67955.49,69990.171875,70964.96875,69405.2890625
3_1309_73,2023-10-01,0.0,0.0,3.9187774890634417e-28,892.2118530273438,2158.8463987209907,174.128220148752,2299.8574699881246,-2391.4353686981162,2305.734197699611,41345.31882464319,39994.56066646641,39278.05288341103,2305.734197699611,155.07490946911645,3.9312837110489074e-12,322.44028,45.060703,1188.1757,-568.0019,2307.6719,2202.8394,-3548.3174,-2374.4292,6320.0454,8718.579,-197.81975,-0.0019570384,-0.0013400478,0.0003547342785168439,0.0003547342785168439,0.0003547342785168439
3_1309_73,2023-11-01,0.0,0.0,3.9187774890634417e-28,-24.587383270263672,4119.813227478713,-224.4259518130566,2697.6763643929207,-4758.956383709252,2305.734197699611,41345.31882464319,39994.56066646641,39278.05288341103,2305.734197699611,155.07490946911645,3.9312837110489074e-12,511.09714,-889.45996,1179.4542,-5864.3677,2706.1094,2394.4434,-3104.7605,-1359.323,6764.5566,9828.216,-447.81436,-0.00033126815,-0.010245005,0.0003547342785168439,0.0003547342785168439,0.0003547342785168439
3_1309_73,2023-12-01,0.0,0.0,3.9187774890634417e-28,654.282470703125,5901.038100988157,2391.5831206717176,3788.3641141395965,-7126.477398720388,2305.734197699611,41345.31882464319,39994.56066646641,39278.05288341103,2305.734197699611,155.07490946911645,3.9312837110489074e-12,92.8452,-14.651857,1189.881,-6374.5303,3207.1328,3569.0635,-2013.6465,419.15573,6711.124,9467.293,-210.57661,-0.00044494183,-0.0022182784,0.0003547342785168439,0.0003547342785168439,0.0003547342785168439
3_1309_73,2024-01-01,0.0,0.0,3.9187774890634417e-28,125.68502044677734,7518.996142643906,-11541.030097102132,-14645.656362322734,-9493.998413731522,2305.734197699611,41345.31882464319,39994.56066646641,39278.05288341103,2305.734197699611,155.07490946911645,3.9312837110489074e-12,-418.06424,-672.521,1191.9686,-13589.51,3738.3516,3350.2324,-986.6471,162.4547,6416.121,8083.7393,-349.6659,2.4047158e-05,-0.016330719,0.0003547342785168439,0.0003547342785168439,0.0003547342785168439
3_1309_99,2023-10-01,80360.4911584298,84135.7414408681,80308.86534818637,71943.0390625,76573.97105594316,63148.5118593451,40963.02787524945,83181.69045225556,28422.092119949357,6057.011702104061,25200.7935030784,5754.161116998858,38296.96933149419,60144.696927434066,79915.2909957518,80768.08,76882.1,69760.18,43033.86,65947.55,65665.16,44049.168,47907.324,85037.88,93384.41,75357.19,77422.28,86962.71,40071.81640625,40575.86328125,79891.609375
3_1309_99,2023-11-01,81248.81004299344,87958.64445699254,80308.86534818637,80560.8046875,73109.35522180123,64062.8658311809,40312.35342603611,86415.69033914385,28422.092119949357,6057.011702104061,25200.7935030784,5754.161116998858,38296.96933149419,60144.696927434066,79915.2909957518,78189.32,74053.414,66228.24,38115.598,63993.07,65153.57,38122.95,49551.035,80583.14,84371.3,74763.61,78591.36,85472.14,40071.81640625,40827.890625,39819.79296875
3_1309_99,2023-12-01,40320.50645572495,91781.54747311695,80308.86534818637,78458.5546875,69898.87416051724,65639.23883730696,40129.6418790786,89649.69022603215,28422.092119949357,6057.011702104061,25200.7935030784,5754.161116998858,38296.96933149419,60144.696927434066,79915.2909957518,76214.14,74803.56,65230.91,23140.084,60699.74,63369.844,42012.855,47235.73,76495.586,85283.56,74272.77,80499.79,92295.97,40197.828125,80269.640625,80269.640625
3_1309_99,2024-01-01,40030.993620877285,95604.45048924137,80308.86534818637,85506.3203125,66923.88670496982,77249.14064256033,60192.260242763376,92883.69011292045,28422.092119949357,6057.011702104061,25200.7935030784,5754.161116998858,38296.96933149419,60144.696927434066,79915.2909957518,75124.64,75210.484,64895.664,2879.287,57940.406,58064.242,40240.008,43685.004,71650.305,74714.43,74294.14,81076.21,89008.3,40197.828125,79765.59375,79639.5859375
3_1311_73,2023-10-01,0.0,0.0,4.772492463405606e-28,363.173095703125,2814.091074476415,-5855.530635352485,2884.6251062049414,-3166.7744114586017,3006.857313243182,54423.29241204351,54423.240705746444,51702.12779144134,3006.857313243182,195.69384356905658,4.790096503689913e-12,492.66644,16.340797,1672.05,-1941.7695,56.71875,394.3319,-5939.116,-3962.4468,3561.8733,4711.16,-288.9139,-0.0019570384,-0.0013400478,0.00047041079960763454,0.00047041079960763454,0.00047041079960763454
3_1311_73,2023-11-01,0.0,0.0,4.772492463405606e-28,-3.5227596759796143,5373.489388581987,-5905.313521602759,2867.9020131423695,-6301.8810779337855,3006.857313243182,54423.29241204351,54423.240705746444,51702.12779144134,3006.857313243182,195.69384356905658,4.790096503689913e-12,828.7274,-1296.8234,1659.5057,-9380.179,292.75,177.8371,-4678.2603,-3134.7673,4314.8276,5741.265,-579.2934,-0.00033126815,-0.010245005,0.00047041079960763454,0.00047041079960763454,0.00047041079960763454
3_1311_73,2023-12-01,0.0,0.0,4.772492463405606e-28,285.01263427734375,7701.246222630165,-6504.284602554242,-562.4498162309501,-9436.987744408969,3006.857313243182,54423.29241204351,54423.240705746444,51702.12779144134,3006.857313243182,195.69384356905658,4.790096503689913e-12,314.1239,-26.624567,1674.0215,-11225.7705,669.4297,893.0721,-2953.3535,-1730.1117,3615.434,5129.1436,-145.72919,-0.00044494183,-0.0022182784,0.00047041079960763454,0.00047041079960763454,0.00047041079960763454
3_1311_73,2024-01-01,0.0,0.0,4.772492463405606e-28,54.2310905456543,9818.326572568414,-24732.07534530391,-24163.478351319947,-12572.09441088415,3006.857313243182,54423.29241204351,54423.240705746444,51702.12779144134,3006.857313243182,195.69384356905658,4.790096503689913e-12,-311.99777,-1028.6465,1676.8499,-19151.908,1193.0312,1012.0976,-3402.7888,-2086.9685,4578.289,6107.272,-424.45816,2.4047158e-05,-0.016330719,0.00047041079960763454,0.00047041079960763454,0.00047041079960763454
3_1311_99,2023-10-01,50111.79456594559,96647.73620949725,92255.24023274147,89632.296875,89583.06441168231,76105.94455101201,49674.303056677934,96162.4671540767,36432.5396284366,7587.023906251701,32148.549700622672,7207.672710939116,49129.02279203152,75821.61393266561,92030.32038106941,93049.29,88699.38,83240.39,53895.39,83050.78,84336.47,44120.01,60588.008,108902.72,129876.59,86610.625,89203.875,91651.914,94838.7890625,91955.171875,90993.96875
3_1311_99,2023-11-01,50410.29848262082,101037.98178632781,92255.24023274147,92060.0,87040.247969405,78674.9786688232,51191.53993730931,100304.8255288566,36432.5396284366,7587.023906251701,32148.549700622672,7207.672710939116,49129.02279203152,75821.61393266561,92030.32038106941,90876.97,85319.55,79690.51,44298.06,79430.86,79372.17,47456.152,54245.273,97818.23,104565.65,86504.27,90592.52,86989.766,93076.5859375,91474.5703125,88110.359375
3_1311_99,2023-12-01,55166.58076940385,105428.2273631584,92255.24023274147,93536.1796875,84622.56472640419,78141.29041790625,50196.86643773914,104447.1839036365,36432.5396284366,7587.023906251701,32148.549700622672,7207.672710939116,49129.02279203152,75821.61393266561,92030.32038106941,88648.03,86809.8,78650.61,31765.396,75296.05,76445.664,55673.793,58311.9,92004.76,93813.6,86177.484,92376.73,92206.875,92115.375,91634.7734375,88751.1640625
3_1311_99,2024-01-01,54222.5171775093,109818.47293998898,92255.24023274147,95866.1640625,82323.85681878505,92948.45777401072,76826.02692846715,108589.5422784164,36432.5396284366,7587.023906251701,32148.549700622672,7207.672710939116,49129.02279203152,75821.61393266561,92030.32038106941,87670.1,87260.586,78297.14,8451.79,71801.87,71576.3,50139.395,53710.38,88136.086,99831.43,86147.07,92995.39,87433.58,91634.7734375,89712.3671875,90353.1640625
3_1312_73,2023-10-01,0.0,0.0,5.666175631826014e-29,96.91928100585938,292.706583739734,-151.44984179909716,-1253.9918137197633,-620.3846748236584,335.96826937366643,7076.70831540151,5827.602914888709,6722.872899631434,335.96826937366643,22.102339318585386,5.683993850752361e-13,45.635532,4.8357444,167.40387,-29.594736,72.729004,-2.8386078,-840.4477,-631.7925,497.2594,750.42444,-22.554728,-0.0019570384,-0.0013400478,5.973246516077779e-05,5.973246516077779e-05,5.973246516077779e-05
3_1312_73,2023-11-01,0.0,0.0,5.666175631826014e-29,-1.8597633838653564,566.0041145068976,-153.68110594758923,-1494.1246869338302,-1143.8724558971608,335.96826937366643,7076.70831540151,5827.602914888709,6722.872899631434,335.96826937366643,22.102339318585386,5.683993850752361e-13,71.981,-126.60106,166.17513,-848.28766,157.99365,117.90175,-633.90985,-412.97757,724.0878,1157.852,-54.070877,-0.00033126815,-0.010245005,5.973246516077779e-05,5.973246516077779e-05,5.973246516077779e-05
3_1312_73,2023-12-01,0.0,0.0,5.666175631826014e-29,58.1392822265625,821.1795853457852,62.752838587622136,-1409.352019209984,-1667.3602369706632,335.96826937366643,7076.70831540151,5827.602914888709,6722.872899631434,335.96826937366643,22.102339318585386,5.683993850752361e-13,13.149529,-2.0622544,167.64452,-910.6388,272.86084,224.81183,-603.218,-190.28398,853.88336,1001.71344,-24.928015,-0.00044494183,-0.0022182784,5.973246516077779e-05,5.973246516077779e-05,5.973246516077779e-05
3_1312_73,2024-01-01,0.0,0.0,5.666175631826014e-29,17.95722770690918,1059.4346502015392,-1625.4010394453394,-2993.6124806571033,-2190.8480180441657,335.96826937366643,7076.70831540151,5827.602914888709,6722.872899631434,335.96826937366643,22.102339318585386,5.683993850752361e-13,-58.636078,-93.96782,167.9393,-1891.488,414.2798,431.32086,-328.70563,-88.01351,1005.67664,1193.3829,-42.754166,2.4047158e-05,-0.016330719,5.973246516077779e-05,5.973246516077779e-05,5.973246516077779e-05
3_1312_99,2023-10-01,5926.022032549518,5968.280117139084,5968.272296075421,5904.09765625,5639.170608252931,5761.639026998235,5195.663633864918,6302.493806184565,3534.472805159277,796.2255151963193,2829.021439771996,756.4142394365033,4496.739015436706,5896.098588342146,5967.509074998775,6042.5854,5878.068,6244.8574,4864.027,5875.0894,5936.289,4091.293,4590.8003,7094.8423,7507.4907,5920.726,5945.277,5959.6343,5681.921875,5924.0498046875,5843.3408203125
3_1312_99,2023-11-01,6248.801870159179,5968.280117139084,5968.272296075421,5891.42578125,5341.944205774758,5797.436250272349,5161.189797343626,6634.12840179802,3534.472805159277,796.2255151963193,2829.021439771996,756.4142394365033,4496.739015436706,5896.098588342146,5967.509074998775,6054.335,5838.62,6201.3423,3433.7046,5797.0605,5828.211,4385.9937,4724.153,6882.515,7066.359,5925.5317,5957.1294,5953.306,5665.7802734375,5940.19140625,5843.3408203125
3_1312_99,2023-12-01,5995.2533626217855,5968.280117139084,5968.272296075421,5851.77978515625,5073.512173442696,5577.914652742078,5156.144718857917,6965.762997411474,3534.472805159277,796.2255151963193,2829.021439771996,756.4142394365033,4496.739015436706,5896.098588342146,5967.509074998775,5928.908,5652.333,6185.055,2177.4963,5715.888,5539.6514,4124.123,4813.7607,6288.703,6644.7573,5912.7725,5967.5513,5951.8774,5698.06396484375,4955.5400390625,5859.482421875
3_1312_99,2024-01-01,5776.770074211903,5968.280117139084,5968.272296075421,5833.8203125,4831.085002164691,7454.736203911378,7761.840610249996,7297.397593024929,3534.472805159277,796.2255151963193,2829.021439771996,756.4142394365033,4496.739015436706,5896.098588342146,5967.509074998775,5913.808,5702.142,6178.8203,1046.9396,5640.296,5607.6396,4356.861,4663.7,6562.6606,6922.005,5930.3574,5972.111,5915.9365,5714.20556640625,4955.5400390625,5875.62451171875
3_1313_73,2023-10-01,0.0,0.0,-7996.362110095272,-813.5205688476562,6681.670899637629,-2503.730766295147,-5735.252881450735,-2146.3998702996087,1034.396075320353,26395.407309754275,18267.49000092574,25075.63694426656,1034.396075320353,63.730242342713964,305.0909134868356,139.03351,6.7187867,505.5949,134.9722,-98.083984,-16.833702,-3806.8357,-2592.375,3002.4438,3934.1155,-164.55173,-0.0019570384,-0.0013400478,0.00021243517403490841,0.00021243517403490841,0.00021243517403490841
3_1313_73,2023-11-01,0.0,0.0,-10102.846613142334,72.245849609375,10515.481100419158,814.7365666516012,-5550.907696945932,-4255.038788848227,1034.396075320353,26395.407309754275,18267.49000092574,25075.63694426656,1034.396075320353,63.730242342713964,305.0909134868356,234.74304,-397.02106,501.8705,-2587.9878,-38.000977,-132.53708,-2596.5234,-1865.9921,2593.303,3646.2957,-226.85954,-0.00033126815,-0.010245005,0.00021243517403490841,0.00021243517403490841,0.00021243517403490841
3_1313_73,2023-12-01,0.0,0.0,-12209.331116189394,-263.8041687011719,12715.245332508714,2807.8400057502877,-6285.187479424386,-6363.677707396846,1034.396075320353,26395.407309754275,18267.49000092574,25075.63694426656,1034.396075320353,63.730242342713964,305.0909134868356,71.215546,-4.4048686,506.30048,-2891.4768,149.86133,315.1795,-4319.122,-1858.3406,3170.89,4206.5864,-171.62851,-0.00044494183,-0.0022182784,0.00021243517403490841,111.48629760742188,0.00021243517403490841
3_1313_73,2024-01-01,0.0,0.0,-14315.815619236457,-69.01626586914062,13977.426406520703,-1098.72821291,-11452.609307279477,-8472.316625945465,1034.396075320353,26395.407309754275,18267.49000092574,25075.63694426656,1034.396075320353,63.730242342713964,305.0909134868356,-138.30374,-296.81793,507.18192,-5155.9683,487.18164,842.1452,-2532.669,-2122.0432,3041.5698,4532.9785,-218.51193,2.4047158e-05,-0.016330719,0.00021243517403490841,111.48629760742188,0.00021243517403490841
3_1313_99,2023-10-01,16111.119526817602,14676.142867137882,14676.245912730254,14906.15234375,13784.455332351828,14675.311105355024,13864.856633602874,15703.627661284454,9353.042733324217,2133.137200107572,7435.649076367932,2026.4803401021932,11835.029627578297,15179.267650358383,14704.05691150886,14871.466,14518.99,15745.805,13019.232,14684.355,14535.354,11453.003,12242.931,17483.12,18617.018,14602.831,15257.684,14627.662,14304.2939453125,14646.912109375,14389.9482421875
3_1313_99,2023-11-01,14642.875864375885,14676.142867137882,14676.245912730254,14906.15234375,12990.28953868401,14688.15281079548,13900.987652663312,16525.81860852731,9353.042733324217,2133.137200107572,7435.649076367932,2026.4803401021932,11835.029627578297,15179.267650358383,14704.05691150886,14911.942,14434.005,15729.114,8687.409,14527.853,14404.482,10956.616,11614.383,17242.066,18611.91,14609.42,14828.199,14517.665,14132.9853515625,14689.7392578125,13918.849609375
3_1313_99,2023-12-01,28573.65804800845,14676.142867137882,14676.245912730254,14906.15234375,12282.97976566653,14059.909292081047,13948.663494773835,17348.00955577016,9353.042733324217,2133.137200107572,7435.649076367932,2026.4803401021932,11835.029627578297,15179.267650358383,14704.05691150886,14601.7295,13902.973,15724.089,5469.688,14415.492,14183.516,11241.135,11847.239,17457.904,18625.066,14564.595,14785.883,14408.342,14389.9482421875,14646.912109375,13447.7490234375
3_1313_99,2024-01-01,14330.885324959303,14676.142867137882,14676.245912730254,14906.15234375,11653.026777266612,19121.874460163686,21193.412115399267,18170.200503013013,9353.042733324217,2133.137200107572,7435.649076367932,2026.4803401021932,11835.029627578297,15179.267650358383,14704.05691150886,14561.17,14026.587,15722.265,2822.0798,14318.362,14347.735,9662.105,11410.209,17023.29,17408.951,14619.871,15055.805,14204.782,14646.912109375,14689.7392578125,13576.23046875
3_1402_73,2023-10-01,0.0,59.127182123465815,1.2417925672291463e-29,36.39630889892578,68.90107127741749,36.39030945124716,130.3153198676781,-139.44869262942822,121.69257906626657,2359.1699607353485,2110.842282245854,2241.211462698581,121.69257906626657,7.2754007835177275,1.2580530106956686e-13,14.983021,2.7658374,71.46143,-157.65364,0.7104492,-8.862204,-292.82794,-178.86795,186.45515,228.87541,-18.82379,-0.0019570384,-0.0013400478,2.0649891666835174e-05,2.0649891666835174e-05,2.0649891666835174e-05
3_1402_73,2023-11-01,0.0,59.127182123465815,1.2417925672291463e-29,-2.300745725631714,134.22720194079648,26.575047180014394,128.23299895885611,-277.5028983325621,121.69257906626657,2359.1699607353485,2110.842282245854,2241.211462698581,121.69257906626657,7.2754007835177275,1.2580530106956686e-13,31.378862,-51.085144,70.90071,-324.20465,-3.534668,2.5953825,-269.42834,-184.37851,187.52238,283.6053,-34.14971,-0.00033126815,-0.010245005,2.0649891666835174e-05,1246.263427734375,2.0649891666835174e-05
3_1402_73,2023-12-01,0.0,59.127182123465815,1.2417925672291463e-29,24.69399070739746,196.1638782265186,72.96407496114159,110.02659329277913,-415.55710403569594,121.69257906626657,2359.1699607353485,2110.842282245854,2241.211462698581,121.69257906626657,7.2754007835177275,1.2580530106956686e-13,6.9429617,1.5544283,71.50647,-258.58664,-6.5773926,0.12826538,-283.82892,-230.12814,210.58574,271.19223,-19.58315,-0.00044494183,-0.0022182784,2.0649891666835174e-05,1246.263427734375,1863.9765625
3_1402_73,2024-01-01,0.0,59.127182123465815,1.2417925672291463e-29,3.3487114906311035,254.88696239462502,-1576.5343629647682,-1677.5417449619597,-553.6113097388298,121.69257906626657,2359.1699607353485,2110.842282245854,2241.211462698581,121.69257906626657,7.2754007835177275,1.2580530106956686e-13,-25.594057,-45.48566,71.61734,-702.0476,-4.3829346,11.203646,-260.38278,-149.16649,179.00616,240.46547,-28.56189,2.4047158e-05,-0.016330719,2.0649891666835174e-05,1246.263427734375,2481.689697265625
3_1402_99,2023-10-01,2483.336800774051,2483.336800774051,2483.336800774051,2461.987548828125,2338.883081877082,2408.0739275590813,2222.699136846939,2622.7770493123053,1509.8514101757046,344.0544571369337,1199.29859113699,326.851734280087,1912.3640147698352,2473.636266396027,2483.336800774051,2515.8892,2449.761,2625.7517,2034.7661,2457.0825,2483.9224,1795.0785,2088.5037,2935.5532,3130.4868,2467.204,2483.335,2483.3357,2482.990234375,1.321592935710214e-05,2482.990234375
3_1402_99,2023-11-01,2483.336800774051,2483.336800774051,2483.336800774051,2459.777099609375,2209.3019965400454,2425.8607054477834,2250.21574415244,2760.822895365177,1509.8514101757046,344.0544571369337,1199.29859113699,326.851734280087,1912.3640147698352,2473.636266396027,2483.336800774051,2519.815,2434.4475,2614.0151,1466.3661,2431.2542,2480.113,1835.5796,1982.0321,2907.5967,3207.0322,2468.617,2483.3367,2483.3267,2482.990234375,1.321592935710214e-05,2482.990234375
3_1402_99,2023-12-01,2483.336800774051,2483.336800774051,2483.336800774051,2442.90478515625,2093.0622914958235,2330.836983299531,2217.2359355495046,2898.8687414180486,1509.8514101757046,344.0544571369337,1199.29859113699,326.851734280087,1912.3640147698352,2473.636266396027,2483.336800774051,2467.0442,2349.619,2609.6157,912.425,2405.038,2380.5862,1695.6283,1946.5802,2836.2795,2989.1895,2463.7886,2483.3364,2483.3347,2482.990234375,1.321592935710214e-05,2482.990234375
3_1402_99,2024-01-01,1241.6684003870255,2483.336800774051,2483.336800774051,2437.77880859375,1988.790367907407,3144.11301544555,3335.152030705475,3036.91458747092,1509.8514101757046,344.0544571369337,1199.29859113699,326.851734280087,1912.3640147698352,2473.636266396027,2483.336800774051,2461.2068,2367.8752,2607.9126,444.68704,2380.4827,2370.1633,1667.8094,1888.569,2941.4336,3098.4026,2471.5837,2483.337,2483.3206,2482.990234375,1.321592935710214e-05,2482.990234375
3_1403_16,2023-10-01,0.0,-1540.878402119797,-1200.080461496053,-18.145240783691406,1172.277250407994,-2320.2079111074872,-10405.727367104297,-1228.9832674781467,81.66365348565535,16030.351334154595,12039.661102581234,15228.833767446864,81.66365348565535,0.6323955178142999,0.008293258464625896,37.213924,-36.143513,188.77106,-990.9172,28.843826,59.643456,-677.96783,-411.61298,536.78503,772.71716,113.27419,-0.0019570384,-0.0013400478,6.259203655645251e-05,6.259203655645251e-05,6.259203655645251e-05
3_1403_16,2023-11-01,0.0,-2107.68579874474,-1281.9990392208856,-1.0442829132080078,2114.456661392885,-2136.0950446916922,-10972.43945361611,-1785.6941427568077,81.66365348565535,16030.351334154595,12039.661102581234,15228.833767446864,81.66365348565535,0.6323955178142999,0.008293258464625896,59.278183,-69.31525,185.02739,-477.47397,43.40226,73.63784,-605.4678,-469.93137,741.44965,817.1088,84.51748,-0.00033126815,-0.010245005,6.259203655645251e-05,6.259203655645251e-05,6.259203655645251e-05
3_1403_16,2023-12-01,0.0,-3290.2551675282048,-1349.3960690367935,-15.798643112182617,2871.7024768984616,-2401.0713828544795,-10474.235112990407,-2342.405018035468,81.66365348565535,16030.351334154595,12039.661102581234,15228.833767446864,81.66365348565535,0.6323955178142999,0.008293258464625896,53.52918,-73.708664,185.35945,-2073.1455,56.283756,-2.3844662,-768.95105,-668.99115,610.7843,729.50116,92.93524,-0.00044494183,-0.0022182784,6.259203655645251e-05,6.259203655645251e-05,6.259203655645251e-05
3_1403_16,2024-01-01,0.0,-4083.5687179805136,-1404.8457576686483,-4.056942462921143,3480.313977441962,141.71649284333694,-6082.65047441073,-2899.1158933141287,81.66365348565535,16030.351334154595,12039.661102581234,15228.833767446864,81.66365348565535,0.6323955178142999,0.008293258464625896,73.25655,-91.08386,184.8536,-2308.2036,66.87468,137.30139,-553.82806,-394.2035,919.3203,1050.2058,92.764885,2.4047158e-05,-0.016330719,6.259203655645251e-05,6.259203655645251e-05,6.259203655645251e-05
3_1403_73,2023-10-01,0.0,0.0,0.08532686819859749,0.02482004277408123,0.09034396507695305,-0.0015050367743850643,-0.19991885292990344,0.00022018922991335656,0.0705223740588412,0.5994054551711443,0.5994054551711443,0.5694351824125871,0.044598614903880396,3.429825526263109e-06,0.015013534511075684,-0.0024689105,0.002335506,0.09430316,0.0027159478,0.0040304437,0.0044684364,-0.26167578,-0.19419281,0.15923463,0.20999222,-0.00017725787,-0.0019570384,-0.0013400478,1.284440279006958,1.1962282275845837e-09,1.1962282275845837e-09
3_1403_73,2023-11-01,0.0,0.0,0.08532686819859749,0.02418276108801365,0.08580410568090951,0.017627533196685814,-0.27146231634424767,0.00022018922991335658,0.0705223740588412,0.5994054551711443,0.5994054551711443,0.5694351824125871,0.044598614903880396,3.429825526263109e-06,0.015013534511075684,0.00047200356,-0.010625879,0.09177589,0.0038856715,0.0060206745,-0.015176953,-0.20704776,-0.16682397,0.17199892,0.24910498,0.002405007,-0.00033126815,-0.010245005,1.1962282275845837e-09,1.1962282275845837e-09,1.1962282275845837e-09
3_1403_73,2023-12-01,0.0,0.0,0.08532686819859749,0.024829287081956863,0.08603223739195728,-0.04686160991112179,-0.27385270126020156,0.0002201892299133566,0.0705223740588412,0.5994054551711443,0.5994054551711443,0.5694351824125871,0.044598614903880396,3.429825526263109e-06,0.015013534511075684,0.0026063903,-0.017958699,0.09161402,0.1326086,0.007780593,0.006849357,-0.24396862,-0.17004497,0.20934786,0.26882443,0.000515223,-0.00044494183,-0.0022182784,1.1962282275845837e-09,1.1962282275845837e-09,1.1962282275845837e-09
3_1403_73,2024-01-01,0.0,0.0,0.08532686819859749,0.025725677609443665,0.08602077358371006,-0.11425369440994695,-0.2399964614059411,0.0002201892299133566,0.0705223740588412,0.5994054551711443,0.5994054551711443,0.5694351824125871,0.044598614903880396,3.429825526263109e-06,0.015013534511075684,0.00073333527,-0.029180804,0.09117099,-0.00056325237,0.0092493715,-0.010719892,-0.24731894,-0.18508853,0.16820075,0.20409779,0.002408248,2.4047158e-05,-0.016330719,1.1962282275845837e-09,1.1962282275845837e-09,1.1962282275845837e-09
3_1404_73,2023-10-01,0.0,0.0,0.046265227302025924,25.23166847229004,1320.2676632193252,-168.04960678469934,-3923.1626823725774,-1460.2097169312983,757.56459326087,17646.055333810466,13140.483891927803,16763.75256711994,757.56459326087,41.92147979750545,0.040867130387444196,86.15584,31.64687,458.35114,-814.0825,35.009277,126.59355,-1114.3562,-927.04425,1017.137,1311.6567,-281.86005,-0.0019570384,-0.0013400478,0.0001519849756732583,0.0001519849756732583,0.0001519849756732583
3_1404_73,2023-11-01,0.0,0.0,0.046265227302025924,19.337221145629883,2482.8597709583955,5411.0327037802435,1703.4777513296103,-2905.810293569795,757.56459326087,17646.055333810466,13140.483891927803,16763.75256711994,757.56459326087,41.92147979750545,0.040867130387444196,212.80356,-277.93918,454.47586,-2873.2195,35.05371,101.84526,-928.7567,-727.2157,1025.7565,1197.906,-340.4677,-0.00033126815,-0.010245005,0.0001519849756732583,0.0001519849756732583,0.0001519849756732583
3_1404_73,2023-12-01,0.0,0.0,0.046265227302025924,21.560579299926758,3506.607035722419,-499.7398879123666,-4604.452815013043,-4351.410870208291,757.56459326087,17646.055333810466,13140.483891927803,16763.75256711994,757.56459326087,41.92147979750545,0.040867130387444196,97.58709,61.032333,458.1995,-357.62558,27.113281,49.144814,-1393.7604,-726.38495,812.3195,1183.3828,-325.5881,-0.00044494183,-0.0022182784,0.0001519849756732583,0.0001519849756732583,5503.56396484375
3_1404_73,2024-01-01,0.0,0.0,0.046265227302025924,19.492935180664062,4408.091275237869,-10584.51910927697,-13878.800333764546,-5797.011446846787,757.56459326087,17646.055333810466,13140.483891927803,16763.75256711994,757.56459326087,41.92147979750545,0.040867130387444196,-58.372814,-218.70988,458.80368,-4130.884,26.23584,24.573519,-1166.4734,-775.7733,980.6803,1333.0123,-344.42715,2.4047158e-05,-0.016330719,0.0001519849756732583,0.0001519849756732583,0.0001519849756732583
3_1404_99,2023-10-01,11400.691757355164,4233.3938624741295,4580.920076394768,5373.111328125,3668.7758555911564,4658.616144021355,6692.419387931639,5104.867961773872,3996.2260361639696,845.4680759850384,2947.122959993805,803.1946721857864,4823.108691713858,5037.250081753165,4582.871676588841,4253.6816,4181.963,5131.9185,6311.4155,4332.2993,4251.911,3025.3362,3326.6125,5267.4326,5910.4165,4259.731,8192.874,4502.9536,3.61679594789166e-05,3.61679594789166e-05,3.61679594789166e-05
3_1404_99,2023-11-01,4207.826295301433,4220.174692964788,4580.920076394768,4884.259765625,3300.1945041812064,3867.833760734094,6320.763125768492,5373.3016102709225,3996.2260361639696,845.4680759850384,2947.122959993805,803.1946721857864,4823.108691713858,5037.250081753165,4582.871676588841,4307.016,4202.823,5188.615,5574.9434,4427.7007,4305.3525,2645.4036,3400.517,5253.618,5534.0645,4227.424,5293.83,4250.6294,3.61679594789166e-05,3.61679594789166e-05,3.61679594789166e-05
3_1404_99,2023-12-01,4207.826295301433,4227.0093847966855,4580.920076394768,5875.53564453125,3048.17316703101,3634.9895504002725,6381.832772861134,5641.735258767973,3996.2260361639696,845.4680759850384,2947.122959993805,803.1946721857864,4823.108691713858,5037.250081753165,4582.871676588841,4192.7485,4008.676,5230.534,2946.2263,4572.8237,4591.6743,3249.734,3846.7078,5749.1016,6478.0933,4216.8535,4932.806,3977.3381,3.61679594789166e-05,3.61679594789166e-05,3.61679594789166e-05
3_1404_99,2024-01-01,4207.826295301433,4223.475652030494,4580.920076394768,5634.4140625,2875.8509533975553,5827.473252755571,9267.395263822127,5910.168907265023,3996.2260361639696,845.4680759850384,2947.122959993805,803.1946721857864,4823.108691713858,5037.250081753165,4582.871676588841,4197.077,4053.3706,5256.4297,2839.7031,4746.214,4545.5503,3368.3381,3502.222,5762.15,6115.3887,4235.756,6604.167,4318.7246,3.61679594789166e-05,3.61679594789166e-05,3.61679594789166e-05
3_1407_2,2023-10-01,0.0,0.0,3.1313240680833377e-44,90.95171356201172,1622.7461886692636,-26595.186357022132,-10623.350744258147,3.1313209367698733e-20,2054.516921001768,5343.556430182281,7947.441117612904,5076.378608673166,1584.0972076888909,6.689229881777257,3.153342067225844e-20,16.632936,-72.09208,753.8348,-2923.1338,103.69908,206.54196,-2737.546,-1350.5061,1307.1544,1549.368,195.31285,-0.0019570384,-0.0013400478,6.249155558180064e-05,6.249155558180064e-05,6.249155558180064e-05
3_1407_2,2023-11-01,0.0,0.0,3.1313240680833377e-44,105.5264663696289,2574.2911869442446,-25900.510203796577,-9826.885021010354,3.1313209367698733e-20,2054.516921001768,5343.556430182281,7947.441117612904,5076.378608673166,1584.0972076888909,6.689229881777257,3.153342067225844e-20,81.26427,-492.02255,740.82526,-449.66415,157.66489,244.27983,-1540.3545,-1056.3477,1694.1602,2014.1102,-304.91403,-0.00033126815,-0.010245005,6.249155558180064e-05,6.249155558180064e-05,6.249155558180064e-05
3_1407_2,2023-12-01,0.0,0.0,3.1313240680833377e-44,82.63792419433594,3132.257608350318,-23506.12886867569,-11280.316180700172,3.1313209367698733e-20,2054.516921001768,5343.556430182281,7947.441117612904,5076.378608673166,1584.0972076888909,6.689229881777257,3.153342067225844e-20,-41.84256,-193.60419,743.1792,-5861.943,205.74677,321.21368,-1283.4375,-605.1826,1545.5983,2057.3667,-182.9732,-0.00044494183,-0.0022182784,6.249155558180064e-05,6.249155558180064e-05,6.249155558180064e-05
3_1407_2,2024-01-01,0.0,0.0,3.1313240680833377e-44,68.18888092041016,3459.43764500764,-24325.895614819183,-15444.060604615126,3.1313209367698733e-20,2054.516921001768,5343.556430182281,7947.441117612904,5076.378608673166,1584.0972076888909,6.689229881777257,3.153342067225844e-20,-143.17041,-465.93045,741.786,-4197.5093,245.43816,205.30148,-1778.2694,-1158.003,1444.3354,2279.7454,84.0866,2.4047158e-05,-0.016330719,6.249155558180064e-05,6.249155558180064e-05,6.249155558180064e-05
3_1407_73,2023-10-01,0.0,0.0,0.017289438147301606,131.22146606445312,1201.2062723090821,-2403.935553660292,558.7981825705292,-1172.6796724387548,580.7506063195024,9985.432382719619,10073.52251604088,9486.160763583637,580.7506063195024,38.05765443862558,0.013932292641957514,72.16148,-40.059185,328.04895,-755.2938,-35.01367,-100.31151,-2672.2896,-1465.6895,989.0445,1380.1543,-23.465502,-0.0019570384,-0.0013400478,9.067111386684701e-05,9.067111386684701e-05,9.067111386684701e-05
3_1407_73,2023-11-01,0.0,0.0,0.017289438147301606,-1.0974133014678955,2157.3148605427155,-1313.812915977966,419.523307410434,-1862.338602346464,580.7506063195024,9985.432382719619,10073.52251604088,9486.160763583637,580.7506063195024,38.05765443862558,0.013932292641957514,147.78087,-282.18054,325.5001,-1954.6831,-10.671875,-95.30162,-1297.4392,-944.5775,1070.0023,1549.3369,-80.99609,-0.00033126815,-0.010245005,9.067111386684701e-05,9.067111386684701e-05,9.067111386684701e-05
3_1407_73,2023-12-01,0.0,0.0,0.017289438147301606,79.72718048095703,2918.336221792229,-364.4234170405407,141.07407958052136,-2551.997532254174,580.7506063195024,9985.432382719619,10073.52251604088,9486.160763583637,580.7506063195024,38.05765443862558,0.013932292641957514,43.084454,-65.954796,328.29874,-2202.5386,67.58594,205.99872,-1080.464,-666.86566,1464.0691,1912.3756,40.01264,-0.00044494183,-0.0022182784,2188.87548828125,9.067111386684701e-05,9.067111386684701e-05
3_1407_73,2024-01-01,0.0,0.0,0.017289438147301606,26.051254272460938,3524.076531423818,-3850.636144293557,-5810.333685629381,-3241.6564621618836,580.7506063195024,9985.432382719619,10073.52251604088,9486.160763583637,580.7506063195024,38.05765443862558,0.013932292641957514,-88.87832,-286.76935,328.82193,-3375.572,208.25977,260.34503,-1503.0471,-1159.0479,1135.6261,1463.2465,-34.641956,2.4047158e-05,-0.016330719,5757.69384765625,9.067111386684701e-05,9.067111386684701e-05
3_1407_99,2023-10-01,9613.264690034812,9613.264690034812,9491.88743239397,10010.9091796875,8662.761751522301,8274.602390889642,8063.394417035461,10087.550560419517,5364.142220696646,1277.9311116408098,4454.58129236005,1214.0345560587693,6838.993908826291,8974.883831712188,9493.109431450812,9725.813,9454.163,10049.858,6289.958,9602.112,9556.203,7155.6816,7601.6353,12355.314,13062.961,9544.447,8201.15,7280.546,9615.2783203125,9615.2783203125,4.796277062268928e-05
3_1407_99,2023-11-01,9613.264690034812,9613.264690034812,9491.88743239397,9780.8818359375,7869.954340010278,8787.111218972434,8108.904125029951,10614.121530176277,5364.142220696646,1277.9311116408098,4454.58129236005,1214.0345560587693,6838.993908826291,8974.883831712188,9493.109431450812,9706.895,9341.987,9976.66,5895.629,9599.896,9798.369,6083.0923,7650.686,11652.9,12217.6045,9547.405,9403.106,6397.202,9615.2783203125,9615.2783203125,4.796277062268928e-05
3_1407_99,2023-12-01,4806.632345017406,9613.264690034812,9491.88743239397,10209.9521484375,7208.679591368225,8568.30476568512,7991.485047126078,11140.692499933039,5364.142220696646,1277.9311116408098,4454.58129236005,1214.0345560587693,6838.993908826291,8974.883831712188,9493.109431450812,9495.99,9005.621,9949.751,3772.6199,9499.864,9674.676,6001.203,7041.6895,11351.292,12199.405,9530.555,9282.466,4997.033,4807.63916015625,9615.2783203125,4.796277062268928e-05
3_1407_99,2024-01-01,4806.632345017406,9613.264690034812,9491.88743239397,10106.11328125,6657.115255765419,11354.402166395486,12054.745003791139,11667.263469689799,5364.142220696646,1277.9311116408098,4454.58129236005,1214.0345560587693,6838.993908826291,8974.883831712188,9493.109431450812,9454.214,9138.823,9939.443,1429.8716,9372.9795,9142.39,7149.6846,7601.1533,11139.167,11781.64,9560.944,9628.98,2670.9736,4.796277062268928e-05,9615.2783203125,4.796277062268928e-05
3_1408_99,2023-10-01,110313.38115878706,125984.83678423663,127080.67385719894,137809.4375,116644.9313292659,128456.77713341975,128814.22203236206,135638.39749048106,88105.49296146097,17817.38631861821,66599.22747129238,16926.5170026873,109554.98939843377,134414.78379008878,127101.71675432443,127131.18,125424.586,140719.31,129959.54,129258.12,129337.64,96409.016,106157.836,153577.33,165793.83,124093.41,131542.23,134233.33,122202.984375,117363.265625,118573.1953125
3_1408_99,2023-11-01,113308.31051554967,125984.83678423663,127080.67385719894,135276.578125,108614.02913356159,115121.35401872924,129956.00690234973,142738.37731544173,88105.49296146097,17817.38631861821,66599.22747129238,16926.5170026873,109554.98939843377,134414.78379008878,127101.71675432443,127400.016,125648.84,141756.7,116168.56,129285.42,129199.58,83867.68,102181.73,149051.56,158603.6,125058.68,127436.055,132420.19,121799.671875,109297.0546875,112523.5390625
3_1408_99,2023-12-01,201152.07907906364,125984.83678423663,127080.67385719894,142888.546875,101708.67121662,101373.08542572963,128789.25482461299,149838.35714040243,88105.49296146097,17817.38631861821,66599.22747129238,16926.5170026873,109554.98939843377,134414.78379008878,127101.71675432443,124144.92,120190.67,142279.44,67134.63,129923.65,131094.19,84527.41,103034.27,153318.73,157657.95,124982.86,127043.62,129077.78,109297.0546875,113733.46875,104054.0234375
3_1408_99,2024-01-01,270481.41194325127,125984.83678423663,127080.67385719894,142281.984375,95771.1106787051,148818.48649090837,194147.97716340545,156938.33696536312,88105.49296146097,17817.38631861821,66599.22747129238,16926.5170026873,109554.98939843377,134414.78379008878,127101.71675432443,124057.61,120510.49,142516.19,44563.117,130649.66,128595.836,102870.05,111216.37,158195.75,166589.88,125258.85,129715.72,129296.984,104860.640625,108893.75,108087.125
3_1409_16,2023-10-01,0.0,0.0,7.960063982614581e-19,16.269351959228516,31.085263376518867,-698.7679553906834,-828.7903654034554,-77.08508608114096,10.046238007761728,876.1330822712923,725.7566055977815,832.3264281577277,10.046238007761728,0.16876199265063158,2.142989123608823e-18,2.995051,-1.2365279,17.797108,-75.52388,2.9113965,6.3832397,-60.15864,-50.37378,30.212444,37.617035,7.0027666,-0.0019570384,-0.0013400478,4.8423316911794245e-06,4.8423316911794245e-06,4.8423316911794245e-06
3_1409_16,2023-11-01,0.0,0.0,7.960063982614581e-19,-0.8047134876251221,59.99434772105366,-682.8226848901769,-837.8819324346607,-137.6868404982037,10.046238007761728,876.1330822712923,725.7566055977815,832.3264281577277,10.046238007761728,0.16876199265063158,2.142989123608823e-18,4.7126865,-12.440768,17.52981,39.73225,4.438998,0.1533022,-34.51256,-30.549536,33.062325,43.11695,1.5590988,-0.00033126815,-0.010245005,4.8423316911794245e-06,4.8423316911794245e-06,4.8423316911794245e-06
3_1409_16,2023-12-01,0.0,0.0,7.960063982614581e-19,9.936319351196289,86.87960030896392,-707.2773623306912,-831.5009798412462,-198.28859491526646,10.046238007761728,876.1330822712923,725.7566055977815,832.3264281577277,10.046238007761728,0.16876199265063158,2.142989123608823e-18,-4.514972,-5.799663,17.607038,-171.37866,5.8109865,5.4641256,-39.79103,-30.46095,36.87746,49.026657,4.732186,-0.00044494183,-0.0022182784,4.8423316911794245e-06,20.330068588256836,4.8423316911794245e-06
3_1409_16,2024-01-01,0.0,0.0,7.960063982614581e-19,2.3270554542541504,111.88270307421578,-657.9469756175602,-708.7027983730117,-258.89034933232927,10.046238007761728,876.1330822712923,725.7566055977815,832.3264281577277,10.046238007761728,0.16876199265063158,2.142989123608823e-18,-11.841633,-15.901824,17.587276,-110.06031,6.951701,8.239121,-40.940094,-23.277819,46.861423,56.48722,9.106703,2.4047158e-05,-0.016330719,4.8423316911794245e-06,94.02655029296875,4.8423316911794245e-06
3_1409_73,2023-10-01,0.0,3.1516829445734817e-84,2.8549543487019804,11.39574146270752,1061.7470352372343,-1986.104958083036,-1975.1933353403483,-1557.5512345341049,391.2471912462024,7814.821891523578,6786.454198186555,7424.080796947399,391.2471912462024,23.118758681273263,1.8504753142680421,93.34975,-11.928974,264.97992,-585.276,-34.855957,30.193117,-1078.8306,-873.8744,1032.0345,1662.0446,12.354446,-0.0019570384,-0.0013400478,7.643718709005043e-05,7.643718709005043e-05,80.22862243652344
3_1409_73,2023-11-01,0.0,3.1516829445734817e-84,2.8549543487019804,7.336663722991943,1894.382068604512,-2295.3588493891507,-3137.0413380744044,-2241.16745578505,391.2471912462024,7814.821891523578,6786.454198186555,7424.080796947399,391.2471912462024,23.118758681273263,1.8504753142680421,176.31511,-182.01228,262.6675,-1498.1398,-51.958008,-177.53215,-1338.0673,-868.48175,870.84515,1629.8412,-0.68251145,-0.00033126815,-0.010245005,7.643718709005043e-05,1484.2281494140625,120.34290313720703
3_1409_73,2023-12-01,0.0,3.1516829445734817e-84,2.8549543487019804,9.427328109741211,2547.3446630662165,-2697.592431651414,-3668.201245271098,-2924.783677035996,391.2471912462024,7814.821891523578,6786.454198186555,7424.080796947399,391.2471912462024,23.118758681273263,1.8504753142680421,112.1099,-9.331259,264.78235,-2731.588,-41.809082,109.18819,-1373.3943,-1201.3469,759.0282,1284.9152,35.546173,-0.00044494183,-0.0022182784,7.643718709005043e-05,4893.94140625,320.9142761230469
3_1409_73,2024-01-01,0.0,3.1516829445734817e-84,2.8549543487019804,8.07177448272705,3059.405929623676,-7142.880412650571,-8166.843967848213,-3608.3998982869416,391.2471912462024,7814.821891523578,6786.454198186555,7424.080796947399,391.2471912462024,23.118758681273263,1.8504753142680421,61.01815,-210.36984,265.10876,-3414.5603,8.650879,-8.771756,-1143.972,-995.481,567.1893,935.0988,6.730513,2.4047158e-05,-0.016330719,7.643718709005043e-05,6057.25537109375,1805.142333984375
3_1410_73,2023-10-01,0.0,0.0,1.044763708365252e-28,271.0930480957031,607.9754909582689,887.6286056247438,1009.2156733905908,-585.0620997669498,602.1967870644482,10438.080624597998,10445.521412411279,9916.176593368098,602.1967870644482,40.80998481377317,1.0478061251501833e-12,84.795494,9.209387,310.40573,-61.434235,10247.778,10238.343,9888.35,9997.245,10432.512,10471.8,-37.123512,-0.0019570384,-0.0013400478,9.02673855307512e-05,9.02673855307512e-05,9.02673855307512e-05
3_1410_73,2023-11-01,0.0,0.0,1.044763708365252e-28,-7.424687385559082,1153.208225846157,1376.9398379919419,1306.1884416526127,-1164.2735785362308,602.1967870644482,10438.080624597998,10445.521412411279,9916.176593368098,602.1967870644482,40.80998481377317,1.0478061251501833e-12,133.71088,-234.79292,308.12814,-1574.1096,10247.084,10261.279,9986.098,10061.751,10521.924,10633.508,-95.83479,-0.00033126815,-0.010245005,9.02673855307512e-05,9.02673855307512e-05,9.02673855307512e-05
3_1410_73,2023-12-01,0.0,0.0,1.044763708365252e-28,204.88534545898438,1642.1732246239299,2342.9232665626096,1157.3376438193836,-1743.4850573055119,602.1967870644482,10438.080624597998,10445.521412411279,9916.176593368098,602.1967870644482,40.80998481377317,1.0478061251501833e-12,24.733551,-3.457915,310.85266,-1676.4175,10246.307,10259.289,9974.756,10002.356,10479.875,10518.571,-41.5369,-0.00044494183,-0.0022182784,9.02673855307512e-05,9.02673855307512e-05,9.02673855307512e-05
3_1410_73,2024-01-01,0.0,0.0,1.044763708365252e-28,35.32501220703125,2080.67728854245,-512.3583371636134,-3609.723504064428,-2322.696536074793,602.1967870644482,10438.080624597998,10445.521412411279,9916.176593368098,602.1967870644482,40.80998481377317,1.0478061251501833e-12,-108.35633,-173.91212,311.39935,-3499.461,10245.536,10251.739,9909.453,10023.926,10528.493,10565.478,-75.02113,2.4047158e-05,-0.016330719,9.02673855307512e-05,9.02673855307512e-05,9.02673855307512e-05
3_1410_99,2023-10-01,39051.86480985522,33279.5902765571,32755.41270043521,33126.98828125,28820.41677999386,29499.242257560723,22096.959176454766,33705.97054236078,16421.329273015537,2735.924276666872,13403.608194759467,2599.1280628335285,21402.84759586464,30658.584559581108,32751.03315244454,33462.766,32588.65,33998.875,18447.389,34129.062,34400.562,21064.186,25675.992,42781.99,48768.098,32194.172,31377.85,29143.777,31059.078125,33287.85546875,0.00013699685223400593
3_1410_99,2023-11-01,11544.549066596239,33279.5902765571,32755.41270043521,29055.59765625,25278.85884275573,29416.40861455463,22277.687344989856,35549.70270422716,16421.329273015537,2735.924276666872,13403.608194759467,2599.1280628335285,21402.84759586464,30658.584559581108,32751.03315244454,33395.36,32334.979,33556.523,21040.916,33809.31,34004.742,25278.717,27305.562,42113.31,45002.38,32741.947,32386.744,28743.828,21137.4296875,22215.8671875,0.00013699685223400593
3_1410_99,2023-12-01,5772.274533298119,33279.5902765571,32755.41270043521,29637.369140625,22466.088128074818,25002.1054046481,22117.506351866923,37393.434866093536,16421.329273015537,2735.924276666872,13403.608194759467,2599.1280628335285,21402.84759586464,30658.584559581108,32751.03315244454,32634.969,32240.307,33400.113,18381.244,33143.223,32755.59,19422.465,22739.012,39810.098,42383.684,32585.512,33253.293,27423.719,5248.4091796875,19987.091796875,0.00013699685223400593
3_1410_99,2024-01-01,5772.274533298119,33279.5902765571,32755.41270043521,26974.263671875,20232.133683851756,31808.38435542024,34457.39152190386,39237.16702795991,16421.329273015537,2735.924276666872,13403.608194759467,2599.1280628335285,21402.84759586464,30658.584559581108,32751.03315244454,32431.166,32390.447,33341.934,12391.4,32351.781,33383.5,23541.086,25241.305,39536.688,41275.906,32668.615,33653.215,24664.408,0.00013699685223400593,20418.466796875,0.00013699685223400593
3_1500_15,2023-10-01,0.0,3.286098052462818e-79,-2231556.439179344,132838.5,1885249.5827937315,4490845.615508185,3023521.1026307964,-2077070.699018379,134052.0189678458,7287026.468877577,7286993.355993503,6922675.145433698,134052.0189678458,3499.2385642044756,46380.242170360085,4233.7793,-31372.443,170853.84,630705.1,43343.97,100970.08,-369556.28,-306075.66,506854.75,712147.5,16183.012,-0.0019570384,-0.0013400478,0.04506256431341171,0.04506256431341171,0.04506256431341171
3_1500_15,2023-11-01,0.0,1.134010600599207e-79,-2726831.0478726327,137489.140625,2668672.7038615006,-5402427.481706718,-6351080.987782842,-2571373.458765805,134052.0189678458,7287026.468877577,7286993.355993503,6922675.145433698,134052.0189678458,3499.2385642044756,46380.242170360085,56888.383,-164830.64,168484.58,-343184.12,66444.695,71786.08,-557494.75,-438547.4,467954.8,657133.2,-1359.1919,-0.00033126815,-0.010245005,0.04506256431341171,0.04506256431341171,0.04506256431341171
3_1500_15,2023-12-01,0.0,2.543426974221313e-79,-3222105.6565659214,132416.90625,2994227.3636928275,-4964446.358646984,-6476455.4889662545,-3065676.218513232,134052.0189678458,7287026.468877577,7286993.355993503,6922675.145433698,134052.0189678458,3499.2385642044756,46380.242170360085,54345.117,-77737.52,169339.95,-2367451.0,87285.71,105396.67,-585415.2,-393921.47,733290.3,859601.56,495.5788,-0.00044494183,-0.0022182784,0.04506256431341171,0.04506256431341171,4706122.5
3_1500_15,2024-01-01,0.0,1.6203908250565066e-79,-3717380.2652592105,130120.734375,3129512.9248254085,-4383923.580626024,-5385524.297835572,-3559978.9782606596,134052.0189678458,7287026.468877577,7286993.355993503,6922675.145433698,134052.0189678458,3499.2385642044756,46380.242170360085,34181.605,-128234.875,169223.64,630742.75,104698.98,39894.434,-639081.0,-412786.88,633008.5,844990.44,-10762.725,2.4047158e-05,-0.016330719,0.04506256431341171,0.04506256431341171,4871664.5
3_1500_73,2023-10-01,0.0,0.0,-1372.840894661864,63.72382736206055,1238.9076610250745,1270.2661968869197,-836.1724293786054,-1183.8416647409763,331.5264179399803,6439.256889066413,5889.541504885507,6117.294044613092,331.5264179399803,23.64705470708357,2.3808224725444678,41.93218,-19.796446,186.96474,-475.72858,-6.533386,-9.950101,-255.68074,-148.63571,159.35614,190.29729,-14.4283,-0.0019570384,-0.0013400478,5.4146676120581105e-05,5.4146676120581105e-05,5.4146676120581105e-05
3_1500_73,2023-11-01,0.0,0.0,-1850.6192796539192,54.73854064941406,2082.8348631616277,2130.4142203112588,-349.78671911979745,-1660.683081893593,331.5264179399803,6439.256889066413,5889.541504885507,6117.294044613092,331.5264179399803,23.64705470708357,2.3808224725444678,82.37155,-100.30496,185.0464,-1652.1241,-9.236206,-6.7888474,-228.64903,-141.287,116.04319,180.10292,-89.26773,-0.00033126815,-0.010245005,5.4146676120581105e-05,5.4146676120581105e-05,5.4146676120581105e-05
3_1500_73,2023-12-01,0.0,0.0,-2328.3976646459746,52.78718185424805,2657.7066997896654,3640.07574372666,118.4718667028933,-2137.524499046211,331.5264179399803,6439.256889066413,5889.541504885507,6117.294044613092,331.5264179399803,23.64705470708357,2.3808224725444678,63.476505,-1.9808491,186.3715,-1432.5984,-6.7165527,-20.244709,-244.63005,-200.33237,129.81407,211.57716,-20.410847,-0.00044494183,-0.0022182784,738.8212890625,5.4146676120581105e-05,5.4146676120581105e-05
3_1500_73,2024-01-01,0.0,0.0,-2806.17604963803,48.482627868652344,3049.301647447982,2128.05772012351,-1343.2109476433836,-2614.365916198829,331.5264179399803,6439.256889066413,5889.541504885507,6117.294044613092,331.5264179399803,23.64705470708357,2.3808224725444678,65.06919,-78.18406,186.50064,-2944.3545,3.4214478,6.6874213,-147.0624,-104.44845,147.67711,256.53076,-40.265255,2.4047158e-05,-0.016330719,5.4146676120581105e-05,5.4146676120581105e-05,5.4146676120581105e-05
3_1500_99,2023-10-01,15978.950623952365,15771.526417449377,15020.407880151008,15445.8759765625,14724.097767084844,14141.109022707025,10519.80604689541,15853.698720356808,7633.943804310705,1442.2434198177348,6372.771365561217,1370.131248826848,10037.299742136853,14206.70303149871,15011.118744706057,15138.871,14718.466,14861.108,11329.532,14406.205,14155.487,8277.554,11592.892,18337.082,19969.959,14714.332,14868.954,13785.9,14160.4677734375,15295.9775390625,15028.798828125
3_1500_99,2023-11-01,16473.46012446856,16522.55153376505,15020.407880151008,16215.4013671875,14438.23729686008,14352.597157533073,10761.395501249193,16687.84963765264,7633.943804310705,1442.2434198177348,6372.771365561217,1370.131248826848,10037.299742136853,14206.70303149871,15011.118744706057,15170.474,14558.244,14552.985,8014.811,13987.02,14124.186,10683.883,11997.555,16470.52,18006.293,14728.556,14931.806,13688.271,12590.7939453125,15362.7734375,15028.798828125
3_1500_99,2023-12-01,17394.146903611436,17273.576650080722,15020.407880151008,16759.17578125,14162.544874030693,13846.097403061282,10689.308177505947,17522.00055494847,7633.943804310705,1442.2434198177348,6372.771365561217,1370.131248826848,10037.299742136853,14206.70303149871,15011.118744706057,14810.562,14372.314,14448.862,6751.883,13552.825,13422.594,8596.684,10465.072,16856.28,17933.521,14654.477,15025.348,12666.042,11188.1064453125,15162.3876953125,14728.2236328125
3_1500_99,2024-01-01,18356.192659161123,18024.601766396394,15020.407880151008,17541.3125,13896.65882148983,17225.416600742486,16263.30122860648,18356.1514722443,7633.943804310705,1442.2434198177348,6372.771365561217,1370.131248826848,10037.299742136853,14206.70303149871,15011.118744706057,14734.605,14509.3125,14411.463,4577.722,13167.278,13302.895,10540.458,10910.505,15595.561,16353.822,14713.158,15054.924,9871.618,10787.3388671875,15162.3876953125,13459.125
3_1501_73,2023-10-01,0.0,0.0,7083.415674619617,3986.52587890625,7008.458641042189,-2293.1909869389074,-15351.535171102572,1.4414110328220476e-35,116.48759233655133,145968.4152541874,145968.4152541874,138669.99449147802,116.48759233655133,0.1392063286344408,1.4703912097910962e-35,-0.0024689105,0.002335506,0.09430316,0.0027159478,0.0040304437,-0.0071412944,-0.3196073,-0.22388099,0.19502008,0.24115723,-0.00017725787,-0.0019570384,-0.0013400478,9.710263839224353e-05,9.710263839224353e-05,9.710263839224353e-05
3_1501_73,2023-11-01,0.0,0.0,7083.415674619617,4011.93896484375,6775.946938548334,3069.221581747867,-22742.39920150581,1.4414110328220476e-35,116.48759233655133,145968.4152541874,145968.4152541874,138669.99449147802,116.48759233655133,0.1392063286344408,1.4703912097910962e-35,0.00047200356,-0.010625879,0.09177589,0.0038856715,0.0060206745,-0.0016605938,-0.18663621,-0.14364028,0.16434991,0.2257301,0.002405007,-0.00033126815,-0.010245005,9.710263839224353e-05,9.710263839224353e-05,9.710263839224353e-05
3_1501_73,2023-12-01,0.0,0.0,7083.415674619617,3986.052001953125,6783.660716222644,1707.6050447788118,-20382.3688992368,1.4414110328220476e-35,116.48759233655133,145968.4152541874,145968.4152541874,138669.99449147802,116.48759233655133,0.1392063286344408,1.4703912097910962e-35,0.0026063903,-0.017958699,0.09161402,0.1326086,0.007780593,0.015179804,-0.26735643,-0.16404133,0.2123479,0.24215841,0.000515223,-0.00044494183,-0.0022182784,9.710263839224353e-05,9.710263839224353e-05,9.710263839224353e-05
3_1501_73,2024-01-01,0.0,0.0,7083.415674619617,3954.954345703125,6783.404804948628,53720.50480103694,48745.22350832485,1.4414110328220476e-35,116.48759233655133,145968.4152541874,145968.4152541874,138669.99449147802,116.48759233655133,0.1392063286344408,1.4703912097910962e-35,0.00073333527,-0.029180804,0.09117099,-0.00056325237,0.0092493715,0.019139417,-0.19311425,-0.14279543,0.16974424,0.22824101,0.002408248,2.4047158e-05,-0.016330719,9.710263839224353e-05,9.710263839224353e-05,9.710263839224353e-05
3_1502_73,2023-10-01,0.0,0.0,2.074039244814812e-28,1713.929931640625,9674.617152753577,-124763.19312839201,-76644.45373105977,-5393.952663797449,2857.490990541009,76629.5689937806,49565.165355613295,72798.09054409157,2857.490990541009,122.42827125444254,1.0710525346499624e-05,584.65125,-191.06947,3507.6677,-13930.698,-47.333984,118.548904,-5302.711,-4199.299,3413.1418,4914.6963,1191.9019,-0.0019570384,-0.002547192,0.0006923559703864157,0.0006923559703864157,0.0006923559703864157
3_1502_73,2023-11-01,0.0,0.0,2.074039244814812e-28,-44.06083297729492,17437.20039784806,-128679.03010213611,-75265.9323538783,-10283.331330048552,2857.490990541009,76629.5689937806,49565.165355613295,72798.09054409157,2857.490990541009,122.42827125444254,1.0710525346499624e-05,1090.5125,-2658.7231,3461.796,988.54706,-109.45117,-383.17798,-5309.4497,-3484.6812,3839.9102,4500.209,1536.5763,-0.00033126815,-0.014978557,0.0006923559703864157,0.0006923559703864157,0.0006923559703864157
3_1502_73,2023-12-01,0.0,0.0,2.074039244814812e-28,1262.8380126953125,23665.632767378167,-134348.35913524005,-77782.29074589939,-15172.709996299654,2857.490990541009,76629.5689937806,49565.165355613295,72798.09054409157,2857.490990541009,122.42827125444254,1.0710525346499624e-05,-693.34247,-1014.05054,3480.939,-30532.512,-106.259766,-10.1453285,-5078.269,-3851.218,4143.9863,6179.2427,2665.009,-0.00044494183,-0.007359303,726.6981811523438,0.0006923559703864157,0.0006923559703864157
3_1502_73,2024-01-01,0.0,0.0,2.074039244814812e-28,245.70086669921875,28663.114734006434,-151253.131132613,-98925.40555283426,-20062.08866255076,2857.490990541009,76629.5689937806,49565.165355613295,72798.09054409157,2857.490990541009,122.42827125444254,1.0710525346499624e-05,-2397.3445,-3384.8176,3479.5193,-24172.541,25.726562,81.98013,-3240.514,-2876.7703,2747.352,4577.164,2801.4614,2.4047158e-05,-0.020448271,3633.488037109375,0.0006923559703864157,0.0006923559703864157
3_1502_99,2023-10-01,17927.31805598617,17213.426158877337,17477.458337573607,17283.7421875,15205.398296209996,15981.153787296978,18626.042593591712,19298.25369620479,12303.209624353862,2620.837906253937,9246.75969159771,2489.79601094124,15503.877094851932,18403.05164890464,17474.525148634006,17480.264,17124.287,19658.543,17886.63,17514.844,17498.771,11120.445,13058.026,21419.654,22839.748,17333.38,27476.328,17400.488,15757.3271484375,16738.552734375,18066.091796875
3_1502_99,2023-11-01,19814.546131592517,17213.426158877337,17477.458337573607,17375.345703125,13637.563790352326,15082.41663559592,19332.611270328063,20311.280165628934,12303.209624353862,2620.837906253937,9246.75969159771,2489.79601094124,15503.877094851932,18403.05164890464,17474.525148634006,17557.56,17099.904,19874.826,12034.971,17841.19,17425.262,13385.865,14015.136,20637.707,21677.736,17276.49,20003.768,17533.32,17200.306640625,16103.6416015625,19047.318359375
3_1502_99,2023-12-01,18426.323097416145,17213.426158877337,17477.458337573607,17222.787109375,12413.424880998366,14272.827991602806,18427.865311963935,21324.30663505308,12303.209624353862,2620.837906253937,9246.75969159771,2489.79601094124,15503.877094851932,18403.05164890464,17474.525148634006,17191.34,16240.564,19992.332,8314.726,18159.217,18056.523,13999.12,14895.708,22263.412,22869.197,17079.92,19108.805,17500.248,17488.90234375,15930.484375,18354.6875
3_1502_99,2024-01-01,17823.02150678639,17213.426158877337,17477.458337573607,17242.822265625,11457.637733952155,18713.585852463664,28235.23333866808,22337.333104477224,12303.209624353862,2620.837906253937,9246.75969159771,2489.79601094124,15503.877094851932,18403.05164890464,17474.525148634006,17070.701,16199.76,20049.146,8484.173,18460.43,18506.676,12699.721,14170.586,22227.867,23844.334,17223.201,23542.963,17237.652,16045.9228515625,15872.765625,18123.8125
3_1504_99,2023-10-01,0.0,0.0,1191.1247227431263,1175.9383544921875,301.90190809655064,1369.357900584545,3131.1599087561826,1421.3948903601913,2018.7656790934943,509.87991512477026,1594.1893850847266,484.38591936853175,2357.6615072477107,2080.9191583049815,1155.405271084362,68.569336,36.5821,118.9224,2179.4346,228.95999,233.40463,-619.47974,-304.1998,694.677,910.28986,-76.74299,2073.0676,105.826416,1.8369877579971217e-05,1.8369877579971217e-05,1.8369877579971217e-05
3_1504_99,2023-11-01,0.0,0.0,1191.1247227431263,1403.1781005859375,517.8538398369709,1306.858537205942,3186.6563207409877,1495.7022763627517,2018.7656790934943,509.87991512477026,1594.1893850847266,484.38591936853175,2357.6615072477107,2080.9191583049815,1155.405271084362,53.228138,-10.143321,116.92794,829.94464,203.09793,202.3793,-294.73758,-123.99287,533.40155,709.676,-70.64085,562.41144,214.68799,1.8369877579971217e-05,1.8369877579971217e-05,1.8369877579971217e-05
3_1504_99,2023-12-01,0.0,0.0,1191.1247227431263,1224.124755859375,672.3253273358335,669.2857243661426,3150.4411378233553,1570.0096623653124,2018.7656790934943,509.87991512477026,1594.1893850847266,484.38591936853175,2357.6615072477107,2080.9191583049815,1155.405271084362,2.6493957,-148.38222,117.53894,801.41187,189.96596,180.35997,-184.90442,-98.51914,422.55627,471.98837,-80.432976,381.03058,120.82251,1.8369877579971217e-05,1.8369877579971217e-05,1.8369877579971217e-05
3_1504_99,2024-01-01,0.0,0.0,1191.1247227431263,1316.134765625,782.8195482386285,1978.1316709448824,4705.038496696049,1644.317048367873,2018.7656790934943,509.87991512477026,1594.1893850847266,484.38591936853175,2357.6615072477107,2080.9191583049815,1155.405271084362,-6.9462595,-126.40013,117.625984,1161.2267,199.82796,230.97623,-108.54554,-41.529617,436.6899,559.6579,-70.322815,1276.7627,-18.847412,1.8369877579971217e-05,1.8369877579971217e-05,1.8369877579971217e-05
3_1505_2,2023-10-01,0.0,0.0,16.683621333031105,22.34989356994629,17.481520408148146,0.012354684976685348,-0.012411222785370768,14.968451258569718,31.632260611531752,31.632260611531752,31.632260611531752,30.050647580955165,16.781116725349477,0.16989983726896937,3.1484939288240152,0.18860601,1.5148461,5.2920647,21.098341,0.40237707,1.657327,-10.578474,-8.758867,11.944611,15.0893955,0.010278606,-0.0019570384,-0.002547192,2.3147015326685505e-07,2.3147015326685505e-07,2.3147015326685505e-07
3_1505_2,2023-11-01,0.0,0.0,16.683621333031105,21.530202865600586,16.603059132123676,347.9123631340326,347.95298910440977,14.96845125856972,31.632260611531752,31.632260611531752,31.632260611531752,30.050647580955165,16.781116725349477,0.16989983726896937,3.1484939288240152,0.18839873,-1.921078,5.1709657,-76.73366,0.6133831,0.42183805,-17.671505,-8.655585,8.275608,11.872385,-0.26654154,-0.00033126815,-0.014978557,2.3147015326685505e-07,2.3147015326685505e-07,2.3147015326685505e-07
3_1505_2,2023-12-01,0.0,0.0,16.683621333031105,22.319869995117188,16.647202558751193,0.030108687356580788,-0.03185839212885,14.96845125856972,31.632260611531752,31.632260611531752,31.632260611531752,30.050647580955165,16.781116725349477,0.16989983726896937,3.1484939288240152,0.39693302,1.8587884,5.1720457,72.87696,0.8001524,0.7769835,-8.617086,-6.8176217,12.163347,18.815054,-0.1747981,-0.00044494183,-0.007359303,2.3147015326685505e-07,2.3147015326685505e-07,2.3147015326685505e-07
3_1505_2,2024-01-01,0.0,0.0,16.683621333031105,23.127283096313477,16.644984314000283,-0.011620834055250384,0.06338889465534336,14.968451258569722,31.632260611531752,31.632260611531752,31.632260611531752,30.050647580955165,16.781116725349477,0.16989983726896937,3.1484939288240152,0.5666605,6.858908,5.1531825,-7.880314,0.9527185,0.26971433,-18.490007,-12.023467,8.544324,16.73881,-0.37675256,2.4047158e-05,-0.020448271,2.3147015326685505e-07,2.3147015326685505e-07,2.3147015326685505e-07
3_1505_73,2023-10-01,0.0,7.112309543948633e-84,35.46151198231696,-13.629653930664062,7631.37632143942,-30016.547850276052,-22521.41278552793,-14988.289539118068,2526.6424229867703,57520.4360299108,43826.36722369377,54644.414228415255,2526.6424229867703,151.5875349003482,35.88466427117442,264.30563,488.36002,1964.672,434.79282,65.31445,312.528,-5172.5386,-3441.955,4041.9944,6198.0034,-1788.2043,-0.0019570384,-0.002547192,0.0005141293513588607,4586.861328125,0.0005141293513588607
3_1505_73,2023-11-01,0.0,7.112309543948633e-84,35.46151198231696,6.042828559875488,13642.631115521795,-33693.064143913914,-39615.10783838391,-19805.86646507481,2526.6424229867703,57520.4360299108,43826.36722369377,54644.414228415255,2526.6424229867703,151.5875349003482,35.88466427117442,775.8518,-795.99365,1944.384,8262.004,-0.203125,87.82703,-6594.8433,-3857.4521,3698.8638,5340.056,-1730.3676,-0.00033126815,-0.014978557,0.0005141293513588607,26711.71875,0.0005141293513588607
3_1505_73,2023-12-01,0.0,7.112309543948633e-84,35.46151198231696,-7.021434307098389,18377.712007530874,-27383.57112641164,-26804.254821154267,-24623.443391031546,2526.6424229867703,57520.4360299108,43826.36722369377,54644.414228415255,2526.6424229867703,151.5875349003482,35.88466427117442,-104.6026,321.2573,1958.268,-20043.941,-61.976562,-306.63638,-6042.828,-4247.1807,2629.783,5416.805,-1950.419,-0.00044494183,-0.007359303,809.446533203125,49376.20703125,0.0005141293513588607
3_1505_73,2024-01-01,0.0,7.112309543948633e-84,35.46151198231696,1.579014539718628,22107.54742823892,-32433.35599282063,-44549.15015508842,-29441.020316988266,2526.6424229867703,57520.4360299108,43826.36722369377,54644.414228415255,2526.6424229867703,151.5875349003482,35.88466427117442,-1015.69385,-1089.6593,1959.5422,-25782.137,-41.015625,150.04663,-5344.3354,-3953.6023,5114.595,7142.197,-1899.2266,2.4047158e-05,-0.020448271,2698.15380859375,62866.9765625,0.0005141293513588607
3_1505_99,2023-10-01,34226.35119299992,35772.817267341474,35773.30623489409,35668.4921875,33728.2295921954,35689.1421523313,34709.97573541255,37831.67656772128,23370.64743392417,5221.828021244708,18282.83485385098,4960.7366201824725,29406.43479501973,37176.367286320776,35821.17693805241,36232.184,35477.9,38810.785,29505.947,36339.42,35176.28,25719.422,26928.236,42454.047,43605.805,35296.984,35436.83,36218.555,35924.4921875,34629.9140625,32688.052734375
3_1505_99,2023-11-01,36066.82564310292,35772.817267341474,35773.30623489409,35851.8984375,31898.110664271946,36375.123448497325,34368.46546937757,39822.099838477574,23370.64743392417,5221.828021244708,18282.83485385098,4960.7366201824725,29406.43479501973,37176.367286320776,35821.17693805241,36266.6,35311.395,38866.453,23053.61,36050.04,36218.92,27132.744,29907.219,44188.027,46285.656,35392.406,35629.63,36341.344,40239.74609375,32580.171875,30638.3046875
3_1505_99,2023-12-01,33104.26418091954,35772.817267341474,35773.30623489409,35134.79296875,30259.963603591652,34254.80040629027,33780.96755427498,41812.523109233865,23370.64743392417,5221.828021244708,18282.83485385098,4960.7366201824725,29406.43479501973,37176.367286320776,35821.17693805241,35453.062,33833.09,38896.035,15174.011,35893.22,35211.92,23913.4,28882.896,41049.26,42424.023,35348.402,35817.94,35988.625,40455.51171875,31932.884765625,31177.71484375
3_1505_99,2024-01-01,33088.97934181268,35772.817267341474,35773.30623489409,35135.1640625,28793.651359359334,47168.939585503555,51531.02923929707,43802.94637999016,23370.64743392417,5221.828021244708,18282.83485385098,4960.7366201824725,29406.43479501973,37176.367286320776,35821.17693805241,35356.242,34086.84,38908.895,8927.744,35751.203,35030.17,22969.82,27826.117,41885.69,46841.74,35450.336,35839.33,35598.79,40455.51171875,29235.849609375,30638.3046875
3_1507_73,2023-10-01,0.0,0.0,1.0879209011371766e-29,28.42146110534668,63.29470299050672,91.98681762375935,135.1490699868419,-61.126676837238904,62.71993952027124,1087.920901135627,1087.920901135627,1033.5248560788457,62.71993952027124,4.249691020061043,1.0910934131489165e-13,8.838047,0.9560636,32.33673,-6.6001406,-3.3914795,1.1161058,-89.654915,-53.65597,59.388706,90.31375,-3.858449,-0.0019570384,-0.002547192,9.408335245097987e-06,9.408335245097987e-06,9.408335245097987e-06
3_1507_73,2023-11-01,0.0,0.0,1.0879209011371766e-29,-0.7812122106552124,120.07261267747413,143.2096678921812,131.14807139716066,-121.6420869061055,62.71993952027124,1087.920901135627,1087.920901135627,1033.5248560788457,62.71993952027124,4.249691020061043,1.0910934131489165e-13,13.951477,-24.44741,32.09942,-164.01178,-3.687378,-10.189244,-100.98824,-74.06167,60.521828,90.71633,-9.974998,-0.00033126815,-0.014978557,9.408335245097987e-06,9.408335245097987e-06,9.408335245097987e-06
3_1507_73,2023-12-01,0.0,0.0,1.0879209011371766e-29,21.47528839111328,171.00469508103544,243.85348305731316,117.17326087746915,-182.1574969749721,62.71993952027124,1087.920901135627,1087.920901135627,1033.5248560788457,62.71993952027124,4.249691020061043,1.0910934131489165e-13,2.6087844,-0.36570635,32.383255,-175.02435,-2.9526367,7.53679,-87.02637,-61.457462,69.05096,86.691284,-4.310404,-0.00044494183,-0.007359303,9.408335245097987e-06,9.408335245097987e-06,9.408335245097987e-06
3_1507_73,2024-01-01,0.0,0.0,1.0879209011371766e-29,3.7004778385162354,216.69283387066395,-53.41823497671058,-372.07711066132157,-242.6729070438387,62.71993952027124,1087.920901135627,1087.920901135627,1033.5248560788457,62.71993952027124,4.249691020061043,1.0910934131489165e-13,-11.24726,-18.14794,32.44018,-364.8727,-0.8249512,-1.3138406,-107.728516,-68.72255,56.660175,71.7429,-7.797902,2.4047158e-05,-0.020448271,9.408335245097987e-06,9.408335245097987e-06,9.408335245097987e-06
3_1507_99,2023-10-01,0.0,0.0,1.1428807655071284e-13,48.462093353271484,84.63647763656527,153.16490457016062,580.7377616059916,1.1540798229118947e-05,127.33267915295738,115.0742620530991,220.84955304431733,109.32054895044415,260.5928284400642,84.60046057126479,1.156785433339676e-05,-1.9697843,-11.364313,40.66295,102.04073,-5.779537,-3.3208256,-75.49851,-50.655563,76.56105,111.15053,0.66365284,-0.0019570384,22.122314,3.764530447369907e-06,3.764530447369907e-06,2204.80029296875
3_1507_99,2023-11-01,0.0,0.0,1.1428807655071284e-13,86.05154418945312,138.30336397569408,48.449396559471325,566.8521827875551,1.1540798229118947e-05,127.33267915295738,115.0742620530991,220.84955304431733,109.32054895044415,260.5928284400642,84.60046057126479,1.156785433339676e-05,3.9044037,-11.891909,39.97789,761.6909,-4.4384284,-1.2459872,-157.86804,-94.8319,76.02433,106.49486,-4.572894,-0.00033126815,32.388184,3.764530447369907e-06,3.764530447369907e-06,1141.91259765625
3_1507_99,2023-12-01,0.0,0.0,1.1428807655071284e-13,59.95051193237305,172.3328364887689,-22.53902476657612,575.2834997080406,1.1540798229118947e-05,127.33267915295738,115.0742620530991,220.84955304431733,109.32054895044415,260.5928284400642,84.60046057126479,1.156785433339676e-05,-2.1844766,-23.015694,40.124737,92.148796,-1.8535832,-1.9085703,-98.79918,-78.64958,87.628395,144.09949,-10.013557,-0.00044494183,30.434387,3.764530447369907e-06,3.764530447369907e-06,3.764530447369907e-06
3_1507_99,2024-01-01,0.0,0.0,1.1428807655071284e-13,53.518226623535156,193.91048107579624,436.7643447210541,900.8553520581145,1.1540798229118947e-05,127.33267915295738,115.0742620530991,220.84955304431733,109.32054895044415,260.5928284400642,84.60046057126479,1.156785433339676e-05,0.7576438,-8.067316,40.07557,-95.718796,1.5856278,-2.5816753,-101.054405,-64.75928,91.86969,114.1818,-2.3982167,2.4047158e-05,60.442627,3.764530447369907e-06,3.764530447369907e-06,2283.8251953125
3_1508_2,2023-10-01,0.0,0.0,3.2593856649480604e-33,-29.627477645874023,212.0293874818766,609.8481560144564,2598.4065651252304,3.2711174083418123e-15,608.1430323601613,1182.812910099137,2574.3681603852015,1123.6722645941802,379.18969971392363,7.4551922376044395,3.2817984850298423e-15,21.82239,-0.49379247,128.10182,-296.77386,32.238678,23.00866,-310.55115,-249.96507,241.35857,329.23206,-30.795916,-0.0019570384,-0.002547192,1.9907030946342275e-05,1.9907030946342275e-05,1.9907030946342275e-05
3_1508_2,2023-11-01,0.0,0.0,3.2593856649480604e-33,0.42716771364212036,380.7900118171009,746.5079451310221,2680.9421676778893,3.2711174083418123e-15,608.1430323601613,1182.812910099137,2574.3681603852015,1123.6722645941802,379.18969971392363,7.4551922376044395,3.2817984850298423e-15,60.33755,-93.50115,126.913086,-603.0404,50.90688,38.931084,-225.15872,-135.79494,262.43973,311.211,-35.39308,-0.00033126815,-0.014978557,1.9907030946342275e-05,1.9907030946342275e-05,1.9907030946342275e-05
3_1508_2,2023-12-01,0.0,0.0,3.2593856649480604e-33,-23.055864334106445,515.1117144086771,-296.21098115320024,1493.082342822944,3.2711174083418123e-15,608.1430323601613,1182.812910099137,2574.3681603852015,1123.6722645941802,379.18969971392363,7.4551922376044395,3.2817984850298423e-15,28.132467,-0.83845884,127.88898,-376.33954,68.188354,36.67772,-203.24753,-149.33217,352.8179,476.45694,-31.525131,-0.00044494183,-0.007359303,1.9907030946342275e-05,1.9907030946342275e-05,1.9907030946342275e-05
3_1508_2,2024-01-01,0.0,0.0,3.2593856649480604e-33,-4.277522563934326,622.0224340043856,-3525.4851062338357,-2952.3164502918617,3.2711174083418123e-15,608.1430323601613,1182.812910099137,2574.3681603852015,1123.6722645941802,379.18969971392363,7.4551922376044395,3.2817984850298423e-15,-23.359709,-83.17518,128.01451,-786.3656,82.96212,56.3042,-351.86935,-227.22336,300.4226,401.1902,-41.09711,2.4047158e-05,-0.020448271,1.9907030946342275e-05,1.9907030946342275e-05,1.9907030946342275e-05
3_1508_73,2023-10-01,0.0,0.0,1.1688406375856574e-64,-29.317798614501953,470.53133773578793,-176.85205060861676,-5343.106002632872,-1230.3713118514802,27.19399178871142,11688.406375837314,11688.406375837314,11103.986057045448,27.19399178871142,0.08917546368284084,1.176124250881932e-30,-0.0024689105,0.002335506,0.09430316,0.0027159478,0.0040304437,0.03194266,-0.20679052,-0.1681024,0.18819822,0.24290547,-0.00017725787,-0.0019570384,-0.002547192,3.1101932108867913e-05,3.1101932108867913e-05,3.1101932108867913e-05
3_1508_73,2023-11-01,0.0,0.0,1.1688406375856574e-64,1.5257062911987305,880.1836209866915,981.1508640357317,-5460.569609279137,-1378.3848068228112,27.19399178871142,11688.406375837314,11688.406375837314,11103.986057045448,27.19399178871142,0.08917546368284084,1.176124250881932e-30,0.00047200356,-0.010625879,0.09177589,0.0038856715,0.0060206745,0.022134019,-0.13475199,-0.09291826,0.20540865,0.26123238,0.002405007,-0.00033126815,-0.014978557,17530.16015625,3.1101932108867913e-05,3.1101932108867913e-05
3_1508_73,2023-12-01,0.0,0.0,1.1688406375856574e-64,-12.639830589294434,1236.8336030690962,803.741398333989,-6070.67841557529,-1522.4239081704059,27.19399178871142,11688.406375837314,11688.406375837314,11103.986057045448,27.19399178871142,0.08917546368284084,1.176124250881932e-30,0.0026063903,-0.017958699,0.09161402,0.1326086,0.007780593,-0.008049578,-0.38025272,-0.20338033,0.16600552,0.1951233,0.000515223,-0.00044494183,-0.007359303,3.1101932108867913e-05,3.1101932108867913e-05,3.1101932108867913e-05
3_1508_73,2024-01-01,0.0,0.0,1.1688406375856574e-64,-4.527426242828369,1547.3389143295549,2148.0673802460915,-2014.3440212785376,-1662.7764131589504,27.19399178871142,11688.406375837314,11688.406375837314,11103.986057045448,27.19399178871142,0.08917546368284084,1.176124250881932e-30,0.00073333527,-0.029180804,0.09117099,-0.00056325237,0.0092493715,0.012004051,-0.2500783,-0.17200865,0.17236145,0.24259989,0.002408248,2.4047158e-05,-0.020448271,3.1101932108867913e-05,3.1101932108867913e-05,3.1101932108867913e-05
3_1600_16,2023-10-01,0.0,0.0,5.394649096545059e-61,11.340229988098145,220.99479436843671,-290.86715836454925,-2853.5840978207757,-283.07186901965156,17.92998066989324,5394.649096540299,5394.649096540299,5124.916641713284,17.92998066989324,0.08231581263031462,5.426282502670006e-29,-0.0024689105,0.002335506,0.09430316,0.0027159478,4.321443,24.81308,-154.9555,-130.67967,129.7619,203.63574,-0.00017725787,-0.0019570384,-0.002547192,1.7943422790267505e-05,1.7943422790267505e-05,5395.7783203125
3_1600_16,2023-11-01,0.0,0.0,5.394649096545059e-61,-0.45830342173576355,415.8908722600838,-6.5551765404615026,-2859.185759461286,-563.3130193456323,17.92998066989324,5394.649096540299,5394.649096540299,5124.916641713284,17.92998066989324,0.08231581263031462,5.426282502670006e-29,0.00047200356,-0.010625879,0.09177589,0.0038856715,6.3433986,-1.3059366,-204.65836,-119.128746,142.58873,171.44571,0.002405007,-0.00033126815,-0.014978557,1.7943422790267505e-05,1.7943422790267505e-05,5395.7783203125
3_1600_16,2023-12-01,0.0,0.0,5.394649096545059e-61,6.206445217132568,587.770401305552,270.36831332854445,-2844.785345662306,-843.5541696716131,17.92998066989324,5394.649096540299,5394.649096540299,5124.916641713284,17.92998066989324,0.08231581263031462,5.426282502670006e-29,0.0026063903,-0.017958699,0.09161402,0.1326086,8.065703,20.018333,-190.00334,-137.2801,111.600174,167.16344,0.000515223,-0.00044494183,-0.007359303,1.7943422790267505e-05,1.7943422790267505e-05,5395.7783203125
3_1600_16,2024-01-01,0.0,0.0,5.394649096545059e-61,1.9597128629684448,739.3515558597048,683.4526311423211,-1625.060331064035,-1123.7953199975937,17.92998066989324,5394.649096540299,5394.649096540299,5124.916641713284,17.92998066989324,0.08231581263031462,5.426282502670006e-29,0.00073333527,-0.029180804,0.09117099,-0.00056325237,9.419797,13.615202,-209.07864,-141.5983,128.40256,190.64748,0.002408248,2.4047158e-05,-0.020448271,1.7943422790267505e-05,1.7943422790267505e-05,5395.7783203125
3_1600_99,2023-10-01,0.0,0.0,765.3794638078762,3533.22607421875,761.794439644269,5292.906303588387,11086.415117563192,946.2106715438648,7072.946181149961,1581.186930571663,5537.387137615282,1502.1275840430797,8260.171395068095,7197.065983095048,843.3318544813316,207.0371,70.564476,414.16586,8049.8184,863.96344,835.4536,-1668.3994,-1022.06134,1763.5927,2610.4458,-122.25672,8198.565,-34.34082,6.314829079201445e-05,6.314829079201445e-05,231.98184204101562
3_1600_99,2023-11-01,0.0,0.0,765.3794638078762,2740.238525390625,1353.0028226605782,4751.339032242601,11147.524855990405,995.8479047695198,7072.946181149961,1581.186930571663,5537.387137615282,1502.1275840430797,8260.171395068095,7197.065983095048,843.3318544813316,173.27553,-54.889305,407.14606,3902.9043,747.8113,849.3193,-306.02872,-67.5596,1681.265,1895.846,-90.631935,2232.9314,351.8047,6.314829079201445e-05,6.314829079201445e-05,497.1038513183594
3_1600_99,2023-12-01,0.0,0.0,765.3794638078762,3446.990234375,1811.8239087162542,2563.2374729465837,10765.808270593767,1045.4851379951747,7072.946181149961,1581.186930571663,5537.387137615282,1502.1275840430797,8260.171395068095,7197.065983095048,843.3318544813316,49.63046,-516.67615,409.23077,4219.8086,685.17377,587.6524,-422.84854,-185.36215,1413.4739,1580.7968,-122.45558,1485.7875,514.1201,11068.8447265625,6.314829079201445e-05,1690.1529541015625
3_1600_99,2024-01-01,0.0,0.0,765.3794638078762,2937.709716796875,2167.9027382065706,7113.188383087914,16084.127824724768,1095.1223712208296,7072.946181149961,1581.186930571663,5537.387137615282,1502.1275840430797,8260.171395068095,7197.065983095048,843.3318544813316,-7.6159105,-441.378,409.50806,6411.6025,709.2615,664.69653,-336.45837,-227.90686,1382.1111,1703.1149,-77.89877,4924.507,674.2295,6.314829079201445e-05,6.314829079201445e-05,3413.446044921875
3_1603_16,2023-10-01,0.0,-360.26911386235315,-622.8408713323154,154.1696319580078,777.6123878118835,-122.94150436828318,425.88139403053265,-534.0559124347717,395.10698783217293,3191.4575943760015,2350.7666274947387,3031.884714657201,395.10698783217293,76.784193451383,56.4056888926311,-15.981201,-45.228516,-94.706055,949.13055,15.184204,26.342594,-445.082,-286.93234,262.7879,371.97098,92.399536,-0.0019570384,52.47058,3.742041371879168e-05,1472.868896484375,3.742041371879168e-05
3_1603_16,2023-11-01,0.0,-609.0398131519414,-923.1656906630446,178.2455596923828,1320.8176488518745,-3685.1468586540846,-3263.482737826913,-834.987365952285,395.10698783217293,3191.4575943760015,2350.7666274947387,3031.884714657201,395.10698783217293,76.784193451383,56.4056888926311,21.0979,-109.49658,-89.04822,1659.0854,21.14148,-33.867737,-506.93137,-333.6297,300.55264,369.37283,79.27612,-0.00033126815,22.506958,3.742041371879168e-05,2140.5693359375,3.742041371879168e-05
3_1603_16,2023-12-01,0.0,-857.8105124415306,-1223.490509993774,158.64572143554688,1700.2765672621447,-3585.754629698477,-3267.223861517704,-1135.9188194697995,395.10698783217293,3191.4575943760015,2350.7666274947387,3031.884714657201,395.10698783217293,76.784193451383,56.4056888926311,20.279785,-85.76819,-89.42517,-970.5835,19.161377,-27.611887,-442.54105,-349.1476,250.91408,340.02997,80.95227,-0.00044494183,-28.650513,3.742041371879168e-05,2906.461181640625,3.742041371879168e-05
3_1603_16,2024-01-01,0.0,-1106.5812117311189,-1523.8153293245032,154.9996337890625,1965.3496088696918,-3308.5306044982663,-3069.160707994987,-1436.850272987313,395.10698783217293,3191.4575943760015,2350.7666274947387,3031.884714657201,395.10698783217293,76.784193451383,56.4056888926311,3.1837158,-97.640015,-91.55286,292.39795,11.521851,51.708977,-393.51874,-310.93845,272.33826,404.52533,77.29614,2.4047158e-05,-34.683716,3.742041371879168e-05,4261.50048828125,3.742041371879168e-05
3_1603_73,2023-10-01,0.0,0.0,0.00912915833641608,330.21820068359375,10974.621947003194,38159.55593328147,42559.769282260066,-3540.0112853493065,4446.903810816187,61637.13529206689,77134.64386778616,58555.27852746354,4446.903810816187,305.16634847271405,0.008514082624464733,-35.062084,93.833755,2430.1438,-5809.8027,-241.08984,-688.32446,-10608.949,-8803.4375,6213.114,12590.069,-1754.1263,-0.0019570384,-0.002547192,0.0005377476336434484,0.0005377476336434484,0.0005377476336434484
3_1603_73,2023-11-01,0.0,0.0,0.00912915833641608,4.902902603149414,18536.41852253031,45053.65322052845,47286.308628815474,-6772.627537161343,4446.903810816187,61637.13529206689,77134.64386778616,58555.27852746354,4446.903810816187,305.16634847271405,0.008514082624464733,206.81073,-1111.8252,2406.541,-6070.2397,-447.57422,31.30095,-7015.7256,-4654.3936,7189.9985,9338.326,-2779.2002,-0.00033126815,-0.014978557,0.0005377476336434484,0.0005377476336434484,0.0005377476336434484
3_1603_73,2023-12-01,0.0,0.0,0.00912915833641608,270.8549499511719,23746.690705552326,91035.35388965506,85025.03841706295,-10005.24378897338,4446.903810816187,61637.13529206689,77134.64386778616,58555.27852746354,4446.903810816187,305.16634847271405,0.008514082624464733,-643.7027,157.0095,2424.6035,7885.946,-514.21875,-631.73816,-8321.632,-6900.283,6951.277,11714.549,-2146.8325,-0.00044494183,-0.007359303,0.0005377476336434484,564.4210205078125,0.0005377476336434484
3_1603_73,2024-01-01,0.0,0.0,0.00912915833641608,58.17794418334961,27336.702146620566,-4634.679345129069,-18720.012778744884,-13237.860040785416,4446.903810816187,61637.13529206689,77134.64386778616,58555.27852746354,4446.903810816187,305.16634847271405,0.008514082624464733,-1559.7228,-1114.5405,2426.8286,-29440.86,-314.52734,687.0487,-8069.3735,-5463.644,5911.5786,13954.669,-2399.333,2.4047158e-05,-0.020448271,0.0005377476336434484,282.2107849121094,1411.0517578125
3_1603_74,2023-10-01,0.0,0.0,0.2884492168140186,19.091629028320312,1212.5272613617226,4505.477505739121,5958.524924093881,-723.4219009058406,233.12505299282245,7071.25190474951,7844.559401313963,6717.689309512034,233.12505299282245,8.179622836134103,0.21404143703143177,-19.759232,-5.3693953,265.93027,1720.9109,56.319366,53.46025,-487.01544,-377.0591,448.2369,504.54495,-0.94024193,-0.0019570384,-0.002547192,5.4551594075746834e-05,5.4551594075746834e-05,5.4551594075746834e-05
3_1603_74,2023-11-01,0.0,0.0,0.2884492168140186,20.3483943939209,2029.6782063269827,-1201.6527260058642,-316.5102463064168,-1138.1850242727367,233.12505299282245,7071.25190474951,7844.559401313963,6717.689309512034,233.12505299282245,8.179622836134103,0.21404143703143177,54.85585,-222.76852,262.71198,-892.75964,87.48165,74.96959,-547.84546,-441.26157,490.8238,659.6355,-18.754591,-0.00033126815,-0.014978557,5.4551594075746834e-05,5.4551594075746834e-05,5.4551594075746834e-05
3_1603_74,2023-12-01,0.0,0.0,0.2884492168140186,18.8619327545166,2580.3756530035384,-7991.379195592211,-6883.374316457044,-1552.9481476396327,233.12505299282245,7071.25190474951,7844.559401313963,6717.689309512034,233.12505299282245,8.179622836134103,0.21404143703143177,26.203804,-12.608625,264.30908,-2280.0178,115.91328,137.03615,-460.39374,-225.5956,667.2085,843.9978,-34.839176,-0.00044494183,-0.007359303,5.4551594075746834e-05,5.4551594075746834e-05,5.4551594075746834e-05
3_1603_74,2024-01-01,0.0,0.0,0.2884492168140186,18.591873168945312,2951.503753196791,-8343.628166947527,-7625.807838937856,-1967.7112710065285,233.12505299282245,7071.25190474951,7844.559401313963,6717.689309512034,233.12505299282245,8.179622836134103,0.21404143703143177,-24.524282,-131.59521,264.29718,243.69684,139.93518,100.05356,-566.4351,-474.1799,787.09106,859.55707,-25.884182,2.4047158e-05,-0.020448271,5.4551594075746834e-05,5.4551594075746834e-05,5.4551594075746834e-05
3_1603_99,2023-10-01,73296.19816651028,74398.50479857002,66646.15130400218,68564.84375,64190.163202351134,56796.537264099294,49036.57474746702,69695.9844879753,34199.709036215165,7631.397144579632,26601.402016485088,7249.82728735065,43386.006530667604,59357.51015272387,66689.73409468835,74885.9,71893.35,73568.26,49432.836,66573.1,65323.99,47585.188,52095.793,81839.266,90105.76,70353.836,72114.13,53840.76,71464.5,72411.046875,47485.2421875
3_1603_99,2023-11-01,80244.50620285419,74398.50479857002,66646.15130400218,74459.3515625,56112.273705217674,54427.23821235298,49370.931779834296,73341.72872985061,34199.709036215165,7631.397144579632,26601.402016485088,7249.82728735065,43386.006530667604,59357.51015272387,66689.73409468835,74775.484,71160.734,72017.695,55778.938,67548.88,67979.93,46314.387,53887.17,83857.04,90603.43,70266.86,73097.66,53600.297,47169.7265625,42910.25,49062.82421875
3_1603_99,2023-12-01,88317.59857582675,74398.50479857002,66646.15130400218,74516.9296875,49720.21696290919,55360.48899957947,49748.984162826906,76987.4729717259,34199.709036215165,7631.397144579632,26601.402016485088,7249.82728735065,43386.006530667604,59357.51015272387,66689.73409468835,73032.445,70091.94,71501.14,27044.908,66518.195,65742.85,47031.305,50576.57,80889.3,88758.02,70330.07,74531.39,48061.316,45434.37890625,0.00030060618882998824,49378.33984375
3_1603_99,2024-01-01,47282.3011148102,74398.50479857002,66646.15130400218,79455.8359375,44662.164434288876,76347.83223202448,74999.18028328774,80633.2172136012,34199.709036215165,7631.397144579632,26601.402016485088,7249.82728735065,43386.006530667604,59357.51015272387,66689.73409468835,72608.7,70367.73,71315.414,4636.6255,65261.883,66713.08,48306.56,52214.684,81845.07,85459.1,70441.87,74984.36,41068.727,45907.66015625,0.00030060618882998824,48905.0625
3_1605_73,2023-10-01,0.0,0.0,-22697.14989303076,169.23463439941406,5342.175837067298,-6443.282451785645,-24408.773874553837,-5636.5451239365775,2342.868111704233,61014.80720525434,40638.67418914518,57964.06684499163,2342.868111704233,131.03687608844845,2.5542832570406655,408.2823,-53.269985,1449.3235,-2060.807,-32.359375,290.19342,-5910.3784,-3998.8691,3734.5654,6924.085,-1355.7262,-0.0019570384,-0.002547192,0.0005371040897443891,0.0005371040897443891,0.0005371040897443891
3_1605_73,2023-11-01,0.0,0.0,-28255.143931601,139.6002655029297,9957.583949907494,-6020.253271006339,-22314.818974796035,-11189.539409096633,2342.868111704233,61014.80720525434,40638.67418914518,57964.06684499163,2342.868111704233,131.03687608844845,2.5542832570406655,892.78687,-1105.3989,1437.2876,-4543.0913,-133.78125,-182.80312,-5603.7744,-4015.0593,4510.325,5405.4453,-1428.3608,-0.00033126815,-0.014978557,0.0005371040897443891,0.0005371040897443891,0.0005371040897443891
3_1605_73,2023-12-01,0.0,0.0,-33813.13797017124,144.86056518554688,13945.096285286796,-14165.181381549286,-28311.167062696775,-16742.533694256686,2342.868111704233,61014.80720525434,40638.67418914518,57964.06684499163,2342.868111704233,131.03687608844845,2.5542832570406655,458.64108,-163.1343,1449.1934,-9369.124,-181.83008,45.023384,-5615.0303,-4323.3013,4307.66,6200.7666,-1451.2443,-0.00044494183,-0.007359303,0.0005371040897443891,0.0005371040897443891,0.0005371040897443891
3_1605_73,2024-01-01,0.0,0.0,-39371.13200874148,133.96351623535156,17390.13391490987,-32554.323711293117,-49209.096163776936,-22295.527979416744,2342.868111704233,61014.80720525434,40638.67418914518,57964.06684499163,2342.868111704233,131.03687608844845,2.5542832570406655,-125.374535,-1289.3843,1451.1974,-12958.366,-92.70703,414.76132,-4840.85,-3094.975,4923.911,6469.016,-1469.4247,2.4047158e-05,-0.020448271,0.0005371040897443891,0.0005371040897443891,0.0005371040897443891
3_1605_99,2023-10-01,60188.99907828287,59249.4310273021,59251.99439800701,73453.3203125,56079.851343257644,80686.3661737086,82256.34628913677,62853.17567974041,59046.590544049046,9212.518759115268,43609.51111104164,8751.892821159505,73396.06199550202,84546.07506263202,59513.14801977243,60336.195,58347.547,72025.18,95168.49,63358.316,63293.676,42958.746,49355.58,75433.05,78138.625,59305.2,91673.75,55155.42,62346.4296875,40357.0234375,41650.5234375
3_1605_99,2023-11-01,90483.55018808767,59249.4310273021,59251.99439800701,62227.625,53296.24041070593,70359.60489069071,82822.98927293756,66159.95968850658,59046.590544049046,9212.518759115268,43609.51111104164,8751.892821159505,73396.06199550202,84546.07506263202,59513.14801977243,60973.89,57829.113,72864.02,50818.92,63670.457,63004.094,39466.008,45824.266,73600.05,78014.266,59209.156,67627.58,56241.887,29491.673828125,28456.876953125,19661.115234375
3_1605_99,2023-12-01,94577.189744179,59249.4310273021,59251.99439800701,65444.53515625,50851.59771475887,59458.55858821416,85293.20143127521,69466.74369727276,59046.590544049046,9212.518759115268,43609.51111104164,8751.892821159505,73396.06199550202,84546.07506263202,59513.14801977243,59694.22,54589.098,73465.484,47798.4,64925.742,65888.57,51254.074,55371.84,81082.85,85418.32,58411.938,65402.59,54285.406,0.0004929471178911626,0.0004929471178911626,0.0004929471178911626
3_1605_99,2024-01-01,123952.85229120644,59249.4310273021,59251.99439800701,57988.203125,48704.646127178756,86808.55543332001,124884.3008304273,72773.52770603893,59046.590544049046,9212.518759115268,43609.51111104164,8751.892821159505,73396.06199550202,84546.07506263202,59513.14801977243,59115.77,54278.13,73832.72,67178.1,66819.47,67050.7,49929.473,55092.207,76725.2,83851.96,58965.46,80681.65,51317.633,0.0004929471178911626,0.0004929471178911626,0.0004929471178911626
3_1606_73,2023-10-01,0.0,0.0,4.375392156402678,82.38677215576172,2492.072168502529,-10159.222607320724,-10768.41373003168,-4267.271802827973,850.0094751518143,19955.367690605155,14744.00455826498,18957.599306074895,850.0094751518143,47.944033912789784,3.4067917018543326,142.46213,-34.040924,555.30927,-838.6898,-65.69141,-25.190096,-2151.5518,-1631.3918,1713.461,2249.5073,30.620512,-0.0019570384,-0.002547192,0.00018705002730712295,0.00018705002730712295,0.00018705002730712295
3_1606_73,2023-11-01,0.0,0.0,4.375392156402678,64.68184661865234,4495.740847400715,-10091.285781675562,-12542.09566788078,-6098.833176105851,850.0094751518143,19955.367690605155,14744.00455826498,18957.599306074895,850.0094751518143,47.944033912789784,3.4067917018543326,246.89742,-445.78156,550.5278,-1343.0369,-102.256836,-174.93214,-2799.089,-2237.864,1324.6466,1899.5156,22.265589,-0.00033126815,-0.014978557,0.00018705002730712295,0.00018705002730712295,0.00018705002730712295
3_1606_73,2023-12-01,0.0,0.0,4.375392156402678,67.91239929199219,6106.724760924377,-11264.547163259507,-13307.527348053884,-7930.394549383728,850.0094751518143,19955.367690605155,14744.00455826498,18957.599306074895,850.0094751518143,47.944033912789784,3.4067917018543326,8.864438,-111.84904,554.9941,-4510.641,-85.38574,104.38225,-2612.8481,-1924.2717,1792.5315,2108.3948,185.46297,-0.00044494183,-0.007359303,0.00018705002730712295,0.00018705002730712295,0.00018705002730712295
3_1606_73,2024-01-01,0.0,0.0,4.375392156402678,61.909812927246094,7401.983401718795,-18756.793825145112,-19893.21482181659,-9761.955922661607,850.0094751518143,19955.367690605155,14744.00455826498,18957.599306074895,850.0094751518143,47.944033912789784,3.4067917018543326,-288.68674,-526.6247,555.69775,-4719.826,13.181641,279.8994,-2355.1821,-1659.876,1763.3213,2625.8198,41.614735,2.4047158e-05,-0.020448271,0.00018705002730712295,3533.90234375,2454.098876953125
3_1606_99,2023-10-01,10100.581325088953,11126.463761614366,11184.355229695591,12158.810546875,9814.643372632003,11228.873107024057,11486.306474686427,12075.532314257322,7694.742609316356,1637.747505061228,5708.840669831991,1555.8601298081664,9466.317222759119,11412.236165936107,11185.119997944643,11243.406,11026.677,12526.089,11231.632,11329.131,11349.194,8728.661,9581.641,14160.147,15177.919,11010.978,11330.721,11435.291,11110.0087890625,11181.2265625,10789.52734375
3_1606_99,2023-11-01,7449.111294139396,11126.463761614366,11184.355229695591,11952.29296875,8784.828859235444,9820.69736773535,11239.841519222631,12705.885642690437,7694.742609316356,1637.747505061228,5708.840669831991,1555.8601298081664,9466.317222759119,11412.236165936107,11185.119997944643,11273.561,11083.548,12635.704,11164.346,11450.952,11596.625,8321.025,9522.691,13527.228,14347.086,11098.09,11178.868,11363.477,10967.572265625,11288.0537109375,10006.12890625
3_1606_99,2023-12-01,13982.031350049698,11126.463761614366,11184.355229695591,12807.822265625,7976.396591442375,8744.491505419839,11394.125848703137,13336.238971123552,7694.742609316356,1637.747505061228,5708.840669831991,1555.8601298081664,9466.317222759119,11412.236165936107,11185.119997944643,10978.239,10620.157,12692.471,5801.8145,11580.635,12067.688,8588.412,9566.611,14146.682,14768.249,11104.364,11165.39,11102.921,11110.0087890625,11288.0537109375,9258.3408203125
3_1606_99,2024-01-01,7054.4028019091975,11126.463761614366,11184.355229695591,12801.9892578125,7341.755378770546,13259.794986204628,17084.759182347436,13966.592299556669,7694.742609316356,1637.747505061228,5708.840669831991,1555.8601298081664,9466.317222759119,11412.236165936107,11185.119997944643,10985.6045,10650.908,12718.73,3085.7607,11702.099,11829.738,8567.89,9454.848,13986.835,14335.548,11135.585,11263.069,11030.665,11074.3994140625,11359.271484375,8261.2890625
3_1607_16,2023-10-01,0.0,0.0,3.715154558278346e-21,-1973.9210205078125,4806.509960438574,-2345.354119277149,-8694.415900097229,-3302.370204097096,1319.268662216733,35368.67650647292,35368.673480240344,33600.24268114927,1319.268662216733,60.88886940962267,3.1213390556128456e-14,99.75005,23.903706,911.7097,-3754.969,295.74042,323.50293,-2879.642,-1849.0928,2705.1294,3451.112,-232.41643,-0.0019570384,-0.002547192,0.00030607893131673336,32607.96875,0.00030607893131673336
3_1607_16,2023-11-01,0.0,0.0,3.715154558278346e-21,136.07688903808594,8492.836849438641,1774.529133569743,-9819.641963455264,-6245.849921760247,1319.268662216733,35368.67650647292,35368.673480240344,33600.24268114927,1319.268662216733,60.88886940962267,3.1213390556128456e-14,352.866,-600.36664,903.3652,-3405.1433,465.37558,692.6808,-2026.4629,-1404.1543,3944.965,5340.234,-423.5468,-0.00033126815,-0.014978557,0.00030607893131673336,32447.337890625,0.00030607893131673336
3_1607_16,2023-12-01,0.0,0.0,3.715154558278346e-21,-902.6852416992188,11320.04537379692,7399.844818640576,-9027.181427863827,-9189.329639423397,1319.268662216733,35368.67650647292,35368.673480240344,33600.24268114927,1319.268662216733,60.88886940962267,3.1213390556128456e-14,79.65573,25.358261,910.37524,-1235.0024,622.01953,901.63245,-1775.7996,-1253.5231,2809.9272,3501.4714,-248.38806,-0.00044494183,-0.007359303,0.00030607893131673336,32607.96875,0.00030607893131673336
3_1607_16,2024-01-01,0.0,0.0,3.715154558278346e-21,-255.0485382080078,13488.35770227094,-27814.672615373085,-45823.12731843545,-12132.809357086548,1319.268662216733,35368.67650647292,35368.673480240344,33600.24268114927,1319.268662216733,60.88886940962267,3.1213390556128456e-14,-338.95868,-580.1439,911.3162,-7110.539,755.7728,888.2003,-1635.942,-1199.1638,2710.552,3218.5518,-351.78558,2.4047158e-05,-0.020448271,0.00030607893131673336,32607.96875,30037.8828125
3_1607_73,2023-10-01,0.0,0.0,103.2884966715836,475.9829406738281,19766.451924697692,73004.41637862375,47290.673025033255,-22990.28586144063,5974.642376747981,114569.55693929388,114564.06241470335,108841.07909232918,5974.642376747981,362.2675029242538,82.18029074981885,241.86191,568.2315,3654.904,16240.07,-664.9922,298.44833,-16342.262,-14312.056,13205.253,16964.428,-1798.2551,-0.0019570384,-0.002547192,0.0010824897326529026,0.0010824897326529026,0.0010824897326529026
3_1607_73,2023-11-01,0.0,0.0,103.2884966715836,440.0406188964844,34126.45708933841,-11447.518688986826,-19316.975783208727,-32304.983566025876,5974.642376747981,114569.55693929388,114564.06241470335,108841.07909232918,5974.642376747981,362.2675029242538,82.18029074981885,1000.7332,-2647.6726,3622.513,-3499.5447,-814.1719,180.10468,-19071.436,-13889.817,11407.157,13721.746,-1976.219,-0.00033126815,-0.014978557,0.0010824897326529026,0.0010824897326529026,0.0010824897326529026
3_1607_73,2023-12-01,0.0,0.0,103.2884966715836,433.2462463378906,44558.76679843973,7991.808975404485,-26149.147406385822,-41619.681270611065,5974.642376747981,114569.55693929388,114564.06241470335,108841.07909232918,5974.642376747981,362.2675029242538,82.18029074981885,-74.19436,345.62582,3651.429,-31459.373,-431.48438,-1016.9558,-21514.787,-14444.569,15294.823,22869.883,-2084.1663,-0.00044494183,-0.007359303,0.0010824897326529026,0.0010824897326529026,0.0010824897326529026
3_1607_73,2024-01-01,0.0,0.0,103.2884966715836,413.6741027832031,52137.66977366943,-28724.527457251508,-93768.48541731286,-50934.37897519629,5974.642376747981,114569.55693929388,114564.06241470335,108841.07909232918,5974.642376747981,362.2675029242538,82.18029074981885,-1435.2615,-1771.7178,3655.818,-25367.65,656.27344,850.97485,-23662.68,-16414.404,17415.232,28624.594,-2042.6763,2.4047158e-05,-0.020448271,0.0010824897326529026,0.0010824897326529026,0.0010824897326529026
3_1607_74,2023-10-01,0.0,0.0,104.69519418283161,0.9220609068870544,69.18699780666425,-102.68911573558367,-300.5724710839358,-109.19373056419427,27.246779064967544,281.0034181180009,344.3668068029105,266.95324721210085,31.438417813498212,0.007070585322391399,32.01731731367985,-0.0024689105,0.002335506,0.09430316,0.0027159478,0.0040304437,0.0056715594,-0.16541861,-0.142104,0.18821403,0.25493038,-0.00017725787,-0.0019570384,-0.002547192,1.468370101065375e-06,1.468370101065375e-06,1.468370101065375e-06
3_1607_74,2023-11-01,0.0,0.0,104.69519418283161,1.107309103012085,90.85323738643704,8.672459853089087,-262.43680126745676,-130.17910452016568,27.246779064967544,281.0034181180009,344.3668068029105,266.95324721210085,31.438417813498212,0.007070585322391399,32.01731731367985,0.00047200356,-0.010625879,0.09177589,0.0038856715,0.0060206745,0.0011896649,-0.27163473,-0.19791394,0.1963586,0.23115897,0.002405007,-0.00033126815,-0.014978557,1.468370101065375e-06,1.468370101065375e-06,1.468370101065375e-06
3_1607_74,2023-12-01,0.0,0.0,104.69519418283161,0.8852901458740234,97.63812403291179,-15.84699786405928,-277.29075932429345,-151.16447847613713,27.246779064967544,281.0034181180009,344.3668068029105,266.95324721210085,31.438417813498212,0.007070585322391399,32.01731731367985,0.0026063903,-0.017958699,0.09161402,0.1326086,0.007780593,0.026699536,-0.15822114,-0.12549037,0.26420078,0.4226176,0.000515223,-0.00044494183,-0.007359303,1.468370101065375e-06,1.468370101065375e-06,1.468370101065375e-06
3_1607_74,2024-01-01,0.0,0.0,104.69519418283161,0.7343565225601196,99.76284376731776,-233.37401963737554,-380.3006191550014,-172.1498524321086,27.246779064967544,281.0034181180009,344.3668068029105,266.95324721210085,31.438417813498212,0.007070585322391399,32.01731731367985,0.00073333527,-0.029180804,0.09117099,-0.00056325237,0.0092493715,0.020045865,-0.21035317,-0.14920251,0.18080077,0.23674996,0.002408248,2.4047158e-05,-0.020448271,1.468370101065375e-06,1.468370101065375e-06,1.468370101065375e-06
3_1607_99,2023-10-01,178544.90293182875,280250.80060640484,281020.5123722695,270053.0,264087.9882609823,228446.5968169459,136129.1047051441,267448.77379888523,99775.80005482335,18199.31096770518,91364.68963559037,17289.34541931992,138363.06801720077,222358.26555835526,269126.18604761263,272672.75,260419.08,240961.6,181669.75,239412.11,234541.88,115627.64,160575.42,307897.34,339679.44,256461.88,263948.53,258188.77,275718.75,275298.4375,269834.46875
3_1607_99,2023-11-01,181108.26036086815,313761.5197663666,314885.38765778975,339179.75,258448.26753855686,250209.99267242698,127983.37913869674,278976.3343900338,99775.80005482335,18199.31096770518,91364.68963559037,17289.34541931992,138363.06801720077,222358.26555835526,269126.18604761263,261324.7,252254.77,230118.1,117614.01,228185.08,232319.5,141413.92,167251.2,298604.2,325008.84,253012.72,266341.66,227921.06,275298.4375,278240.5625,269834.46875
3_1607_99,2023-12-01,267927.9447042222,347272.2389263283,348750.26294330996,375632.78125,253022.44452819673,265295.0332586813,135579.99356137397,290503.89498118235,99775.80005482335,18199.31096770518,91364.68963559037,17289.34541931992,138363.06801720077,222358.26555835526,269126.18604761263,255734.56,257647.11,226978.95,96266.74,215777.11,210962.02,124125.13,152684.88,253732.86,276662.5,251222.78,270345.5,202018.27,276559.34375,278240.5625,134917.234375
3_1607_99,2024-01-01,268086.18774438737,380782.95808629005,382615.1382288302,444247.1875,247802.40673045765,311174.8428606724,207476.1725624649,302031.4555723309,99775.80005482335,18199.31096770518,91364.68963559037,17289.34541931992,138363.06801720077,222358.26555835526,269126.18604761263,252622.0,258681.16,225915.88,42245.535,205420.83,207673.1,147287.12,158518.61,250391.67,272385.2,252096.27,271542.4,137527.83,275718.75,279501.46875,0.0008008813601918519
3_1608_16,2023-10-01,0.0,0.0,0.0,0.0,0.0,0.0,0.0,0.0,0.0,0.0,0.0,0.0,0.0,0.0,0.0,-0.0024689105,0.002335506,0.09430316,0.0027159478,0.0040304437,0.004939031,-0.24799766,-0.17472501,0.18077104,0.28808862,-0.00017725787,-0.0019570384,-0.002547192,1.3969838619232178e-08,1.3969838619232178e-08,1.3969838619232178e-08
3_1608_16,2023-11-01,0.0,0.0,0.0,0.0,0.0,0.0,0.0,0.0,0.0,0.0,0.0,0.0,0.0,0.0,0.0,0.00047200356,-0.010625879,0.09177589,0.0038856715,0.0060206745,0.011521958,-0.13104685,-0.07063416,0.18643889,0.23290202,0.002405007,-0.00033126815,-0.014978557,1.3969838619232178e-08,1.3969838619232178e-08,1.3969838619232178e-08
3_1608_16,2023-12-01,64.73578915848358,0.0,0.0,0.0,0.0,0.0,0.0,0.0,0.0,0.0,0.0,0.0,0.0,0.0,0.0,0.0026063903,-0.017958699,0.09161402,0.1326086,0.007780593,0.02733142,-0.2611691,-0.16431582,0.13286616,0.17167355,0.000515223,-0.00044494183,-0.007359303,1.3969838619232178e-08,1.3969838619232178e-08,1.3969838619232178e-08
3_1608_16,2024-01-01,64.73578915848358,0.0,0.0,0.0,0.0,0.0,0.0,0.0,0.0,0.0,0.0,0.0,0.0,0.0,0.0,0.00073333527,-0.029180804,0.09117099,-0.00056325237,0.0092493715,-0.0017614029,-0.26055625,-0.20887277,0.16316956,0.2693765,0.002408248,2.4047158e-05,-0.020448271,1.3969838619232178e-08,1.3969838619232178e-08,1.3969838619232178e-08
3_1608_73,2023-10-01,0.0,0.0,2.1936774244672675e-28,1004.7647094726562,9339.737270560356,7404.6654435690725,116992.39752719842,-4272.689398741537,7838.068845333732,135394.70727365417,135956.74655621347,128624.97190997146,7838.068845333732,369.0822232623859,2.261857567783308e-12,631.54755,-516.1707,6678.593,12847.684,204.57617,635.0237,-5819.206,-4314.593,4151.476,5850.2993,-1651.7,-0.0019570384,-0.002547192,0.0012562526389956474,0.0012562526389956474,0.0012562526389956474
3_1608_73,2023-11-01,0.0,0.0,2.1936774244672675e-28,-12.03943920135498,17368.954558593185,-10232.841163311183,118359.96231941039,-8502.65190349194,7838.068845333732,135394.70727365417,135956.74655621347,128624.97190997146,7838.068845333732,369.0822232623859,2.261857567783308e-12,2375.2852,-6052.403,6610.277,-51218.39,268.6953,63.099808,-5444.5166,-3778.9526,3795.63,4635.3105,-1977.8529,-0.00033126815,-0.014978557,0.0012562526389956474,0.0012562526389956474,0.0012562526389956474
3_1608_73,2023-12-01,0.0,0.0,2.1936774244672675e-28,785.3914794921875,24271.53954475279,-208231.76401096187,-66636.18414030375,-12732.614408242343,7838.068845333732,135394.70727365417,135956.74655621347,128624.97190997146,7838.068845333732,369.0822232623859,2.261857567783308e-12,1217.2288,-581.6557,6657.5464,-20763.307,278.07422,-25.880585,-5872.3086,-4100.6064,4337.784,6310.926,-1991.7129,-0.00044494183,-0.007359303,0.0012562526389956474,0.0012562526389956474,659.2832641601562
3_1608_73,2024-01-01,0.0,0.0,2.1936774244672675e-28,147.63864135742188,30205.577419424546,-289463.0051982199,-157942.43022430057,-16962.576912992743,7838.068845333732,135394.70727365417,135956.74655621347,128624.97190997146,7838.068845333732,369.0822232623859,2.261857567783308e-12,-948.43146,-3351.612,6661.787,-5029.6377,275.1836,70.35854,-4683.334,-3493.182,4054.3037,6618.5186,-2437.1382,2.4047158e-05,-0.020448271,0.0012562526389956474,0.0012562526389956474,19119.1796875
3_1608_99,2023-10-01,33711.16220428033,35551.72509049774,46555.37630451248,55084.70703125,28740.851736246972,31824.72765548173,18547.500220667036,34399.11250015086,15310.010292586556,3674.4619654299636,14033.891319139131,3490.7388671584654,20908.00904843319,32232.03792797072,33308.451441775884,34058.527,32649.736,33298.234,20180.334,33383.23,32646.486,24349.412,25630.17,41425.824,44287.74,33325.785,32691.465,30179.139,34115.39453125,31918.5703125,33598.4921875
3_1608_99,2023-11-01,0.0,37300.630764352514,52117.15442495573,60438.65234375,24850.99971840642,33904.06366758191,19709.593536793105,36135.470145680505,15310.010292586556,3674.4619654299636,14033.891319139131,3490.7388671584654,20908.00904843319,32232.03792797072,33308.451441775884,33818.43,31536.996,32589.99,9856.704,32302.926,32451.293,18796.666,25426.963,40321.914,41856.85,33307.066,33274.31,25069.17,35924.54296875,32177.021484375,33921.5546875
3_1608_99,2023-12-01,0.0,39049.536438207295,57678.93254539898,76771.6015625,21806.733405866547,32392.6937019181,19786.421335374565,37871.82779121015,15310.010292586556,3674.4619654299636,14033.891319139131,3490.7388671584654,20908.00904843319,32232.03792797072,33308.451441775884,33432.363,32346.385,32352.932,14762.254,31239.139,31785.824,24568.621,26562.871,38974.74,40902.863,33028.402,33667.67,21953.484,36441.44140625,33469.26953125,34826.1328125
3_1608_99,2024-01-01,0.0,40798.44211206207,63240.71066584223,93243.703125,19424.237275124284,38618.72024345456,31286.120995726542,39608.1854367398,15310.010292586556,3674.4619654299636,14033.891319139131,3490.7388671584654,20908.00904843319,32232.03792797072,33308.451441775884,33440.05,32337.994,32267.914,4540.636,30232.678,30070.182,19917.248,23586.016,35983.11,39223.656,33206.27,33874.496,18948.164,36764.50390625,32112.408203125,33146.20703125
3_1609_73,2023-10-01,0.0,-11052.341583440459,-20449.318292357977,151.5585479736328,10824.699147494095,8778.833274635126,-35821.92326930371,-20057.612770485706,3209.021373558616,66014.26011089719,55662.70393735032,62713.54710535232,3209.021373558616,202.2222429297127,51.16494605348163,434.7622,210.254,2162.153,-4099.649,-72.21484,100.5253,-6963.6724,-6074.9946,5519.8555,8038.744,-2930.89,-0.0019570384,-0.002547192,0.0006204416858963668,0.0006204416858963668,0.0006204416858963668
3_1609_73,2023-11-01,0.0,-15545.090472394731,-26343.767109226683,84.02305603027344,18898.123293542878,21659.077718345605,-12460.316919202442,-25948.08021338401,3209.021373558616,66014.26011089719,55662.70393735032,62713.54710535232,3209.021373558616,202.2222429297127,51.16494605348163,1225.7411,-905.6794,2140.7188,1988.4282,-223.96484,-614.31775,-9934.901,-6816.1655,5058.9097,5821.684,-3326.0986,-0.00033126815,-0.014978557,0.0006204416858963668,0.0006204416858963668,0.0006204416858963668
3_1609_73,2023-12-01,0.0,-20037.83936134899,-32238.21592609539,106.68707275390625,24919.554148468083,36933.65690800025,-8242.34475358923,-31838.547656282302,3209.021373558616,66014.26011089719,55662.70393735032,62713.54710535232,3209.021373558616,202.2222429297127,51.16494605348163,674.2089,210.44304,2156.5378,-8383.403,-303.0,137.25783,-5676.859,-4612.773,7692.1733,11907.138,-3160.142,-0.00044494183,-0.007359303,0.0006204416858963668,2930.473388671875,0.0006204416858963668
3_1609_73,2024-01-01,0.0,-24530.588250303263,-38132.664742964094,84.26478576660156,29410.5394955454,-1320.6363284702275,-56262.645911725915,-37729.01509918059,3209.021373558616,66014.26011089719,55662.70393735032,62713.54710535232,3209.021373558616,202.2222429297127,51.16494605348163,67.42214,-1288.6631,2158.3252,-27059.475,-197.98438,-21.536682,-7675.685,-6041.7,5279.0,7269.5312,-3130.6624,2.4047158e-05,-0.020448271,0.0006204416858963668,12047.5,1302.4329833984375
3_1609_99,2023-10-01,69782.48338829703,256623.67880745936,244959.39260951374,261093.140625,241144.31462783623,224728.64411166936,142251.23236131575,255944.05977844883,99258.2503549183,17192.441472409268,88065.62871040212,16332.819398788803,135489.04294914738,212066.98198284706,244605.99634619383,246924.39,236876.38,224585.97,175341.73,226810.16,226363.52,94331.76,151910.5,291060.8,314134.44,234146.97,237979.67,202652.53,246310.578125,245049.59375,260181.28125
3_1609_99,2023-11-01,107085.58278269044,268284.43411466863,244959.39260951374,285559.75,237431.36064048565,237538.6175000845,136855.84425843006,267285.61473737675,99258.2503549183,17192.441472409268,88065.62871040212,16332.819398788803,135489.04294914738,212066.98198284706,244605.99634619383,241454.97,230240.22,215811.97,129193.125,215790.78,220806.56,156142.58,173510.42,270593.8,284017.34,235141.19,241070.14,193124.9,249673.171875,183682.109375,261862.59375
3_1609_99,2023-12-01,141052.09171087368,279945.18942187773,244959.39260951374,305411.375,233821.13823416,246126.60881891518,140483.63672749515,278627.1696963046,99258.2503549183,17192.441472409268,88065.62871040212,16332.819398788803,135489.04294914738,212066.98198284706,244605.99634619383,235648.11,235270.52,213191.62,99180.55,204763.31,201746.53,109065.37,168507.39,243909.3,264433.94,234142.47,245151.56,164394.1,242527.625,111806.5,261862.59375
3_1609_99,2024-01-01,32439.823233862327,291605.94472908694,244959.39260951374,332649.4375,230310.8049880332,295490.0650980268,206996.4896508068,289968.72465523245,99258.2503549183,17192.441472409268,88065.62871040212,16332.819398788803,135489.04294914738,212066.98198284706,244605.99634619383,233108.17,236392.48,212295.48,46622.367,195399.16,197151.75,124102.53,148049.36,236570.95,253022.4,234372.72,246541.34,100731.625,235802.421875,0.0008009237353689969,261862.59375
3_1610_16,2023-10-01,0.0,0.0,3.56046840369942e-62,1.045851230621338,14.969736059937347,-19.149587124959698,-206.0742162339364,-18.222712752654378,1.1575480806317837,334.8102647382191,348.27509423184387,318.06975150130813,1.1575480806317837,0.005401975203864396,3.597626648423223e-30,-0.0024689105,0.002335506,0.09430316,0.0027159478,0.28521526,0.96549654,-13.935899,-9.294138,11.317354,13.895134,-0.00017725787,-0.0019570384,-0.002547192,1.1627339517872315e-06,1.1627339517872315e-06,1.1627339517872315e-06
3_1610_16,2023-11-01,0.0,0.0,3.56046840369942e-62,-0.046543944627046585,27.965453418606273,-1.5740892143667047,-209.39149562982817,-36.26319837777325,1.1575480806317837,334.8102647382191,348.27509423184387,318.06975150130813,1.1575480806317837,0.005401975203864396,3.597626648423223e-30,0.00047200356,-0.010625879,0.09177589,0.0038856715,0.41866434,-0.121932596,-13.877173,-10.053353,10.202796,14.178112,0.002405007,-0.00033126815,-0.014978557,1.1627339517872315e-06,1.1627339517872315e-06,1.1627339517872315e-06
3_1610_16,2023-12-01,0.0,0.0,3.56046840369942e-62,0.5553954243659973,39.247460595633,17.004793973141695,-214.56924521907052,-54.303684002892126,1.1575480806317837,334.8102647382191,348.27509423184387,318.06975150130813,1.1575480806317837,0.005401975203864396,3.597626648423223e-30,0.0026063903,-0.017958699,0.09161402,0.1326086,0.5323364,-0.2742194,-13.528787,-9.608075,7.7465343,11.852857,0.000515223,-0.00044494183,-0.007359303,1.1627339517872315e-06,1.1627339517872315e-06,1.1627339517872315e-06
3_1610_16,2024-01-01,0.0,0.0,3.56046840369942e-62,0.17451754212379456,49.04173992855313,32.734712761492425,-135.64518311337252,-72.344169628011,1.1575480806317837,334.8102647382191,348.27509423184387,318.06975150130813,1.1575480806317837,0.005401975203864396,3.597626648423223e-30,0.00073333527,-0.029180804,0.09117099,-0.00056325237,0.6217066,0.4447865,-14.232871,-8.776444,10.236669,16.522184,0.002408248,2.4047158e-05,-0.020448271,1.1627339517872315e-06,1.1627339517872315e-06,1.1627339517872315e-06
3_1610_99,2023-10-01,90766.76926565604,94208.55538924875,94652.4586041238,94444.3515625,87902.24207723164,100361.2773606726,98452.18296972135,101125.44255037166,67118.31316125036,13359.726451927008,52352.64793096243,12691.740129330658,84854.36888729512,104988.792257675,94643.65009920375,95313.61,92942.76,106153.91,85265.6,94691.35,92119.625,67824.414,74413.984,103026.54,112721.42,94668.31,120227.125,89638.83,85885.4296875,88271.1484375,91551.4921875
3_1610_99,2023-11-01,45616.253652162006,94208.55538924875,94652.4586041238,92485.1796875,82385.38836147185,93969.24770124287,95864.29081423348,106415.35515548277,67118.31316125036,13359.726451927008,52352.64793096243,12691.740129330658,84854.36888729512,104988.792257675,94643.65009920375,96267.23,92618.914,107104.234,54412.902,94971.48,93738.086,70317.375,75205.2,118184.586,121174.15,94616.67,101120.04,89072.27,85885.4296875,86481.8671875,91253.2734375
3_1610_99,2023-12-01,90585.14941273918,94208.55538924875,94652.4586041238,90570.8828125,77559.16527117674,81302.38079757302,97313.33050825878,111705.26776059388,67118.31316125036,13359.726451927008,52352.64793096243,12691.740129330658,84854.36888729512,104988.792257675,94643.65009920375,94523.59,88619.65,107595.375,59154.13,95708.516,96074.72,67645.234,75784.99,111587.24,119261.27,93972.61,99043.59,87240.17,87972.9296875,88867.5703125,93340.765625
3_1610_99,2024-01-01,50487.6217863379,94208.55538924875,94652.4586041238,88692.9140625,73337.11579925416,109136.7099647091,147521.61192615033,116995.18036570499,67118.31316125036,13359.726451927008,52352.64793096243,12691.740129330658,84854.36888729512,104988.792257675,94643.65009920375,93856.26,88706.36,107823.41,59429.074,96630.375,92741.36,64658.13,72397.72,115670.164,121541.516,94461.89,110512.4,78630.02,88271.1484375,90060.421875,91849.703125
3_1611_73,2023-10-01,0.0,0.0,1.0785784759274972,-195.06373596191406,3870.8912135758073,27027.46360894859,29569.911359050628,-2890.7697075519927,1717.7799013554059,30264.230763922456,30264.24341740903,28751.019225726333,1717.7799013554059,109.1772569477929,1.0659525416065567,172.85754,-173.98384,1016.2173,3383.294,-197.13477,-123.7715,-5763.2036,-3645.0322,4568.7656,5422.7188,-86.50648,-0.0019570384,-0.002547192,0.0002594726684037596,0.0002594726684037596,0.0002594726684037596
3_1611_73,2023-11-01,0.0,0.0,1.0785784759274972,15.02736759185791,6893.003167316378,-1979.1089004767982,1752.7579194123127,-4737.254610229859,1717.7799013554059,30264.230763922456,30264.24341740903,28751.019225726333,1717.7799013554059,109.1772569477929,1.0659525416065567,415.15237,-1047.4501,1007.557,-6049.27,-153.95898,386.2223,-4642.313,-3386.8167,4197.9194,4773.78,-200.18481,-0.00033126815,-0.014978557,953.2000122070312,0.0002594726684037596,0.0002594726684037596
3_1611_73,2023-12-01,0.0,0.0,1.0785784759274972,-114.52224731445312,9252.449650573324,-3785.762697555044,-890.1937470999501,-6583.739512907727,1717.7799013554059,30264.230763922456,30264.24341740903,28751.019225726333,1717.7799013554059,109.1772569477929,1.0659525416065567,249.86653,-303.33517,1015.79614,-8034.922,85.74805,286.09827,-5666.3154,-4373.15,4679.3374,6568.8916,-158.9355,-0.00044494183,-0.007359303,0.0002594726684037596,0.0002594726684037596,0.0002594726684037596
3_1611_73,2024-01-01,0.0,0.0,1.0785784759274972,-23.840959548950195,11094.534852103705,-11575.345152917855,-11386.264943461738,-8430.224415585593,1717.7799013554059,30264.230763922456,30264.24341740903,28751.019225726333,1717.7799013554059,109.1772569477929,1.0659525416065567,-7.2829604,-739.6012,1017.1464,-3681.8533,561.65234,1141.092,-5215.8,-3393.9792,5719.954,7159.728,-227.0738,2.4047158e-05,-0.020448271,0.0002594726684037596,0.0002594726684037596,0.0002594726684037596
3_1611_99,2023-10-01,59137.04250445751,71442.85431747297,76626.68111021302,69444.71875,74603.00465308336,70217.0472227618,60993.148943326334,81744.1165885431,43434.75771584895,8590.469705940863,34205.98392120754,8160.946220643819,54960.6267748185,73114.40973080916,76611.54953220097,83457.6,81042.9,84795.305,51534.766,76692.63,78845.734,51577.34,58200.387,96671.266,107089.72,79802.0,80433.53,70143.28,53135.1484375,78530.625,82632.96875
3_1611_99,2023-11-01,90274.05798150536,75815.5003966194,76626.68111021302,87906.4453125,67601.60095863265,73188.05615569263,61283.62433899045,86030.18549529565,43434.75771584895,8590.469705940863,34205.98392120754,8160.946220643819,54960.6267748185,73114.40973080916,76611.54953220097,83546.01,81111.34,83712.51,49394.17,77271.64,75769.56,54855.594,64374.816,96521.18,100746.74,79987.64,81620.22,68400.41,53916.546875,52549.1015625,52549.1015625
3_1611_99,2023-12-01,59808.67631697678,74155.33694531149,76626.68111021302,79956.0703125,61735.76652069873,67934.93563507011,61591.5583179837,90316.2544020482,43434.75771584895,8590.469705940863,34205.98392120754,8160.946220643819,54960.6267748185,73114.40973080916,76611.54953220097,81935.67,78993.8,83327.26,36280.36,76480.84,76142.26,53716.445,58650.53,93337.83,101025.375,79871.55,82972.586,63686.812,53916.546875,195.35018920898438,0.00037223633262328804
3_1611_99,2024-01-01,27701.523110734433,74785.65155005458,76626.68111021302,94948.1953125,56821.32148155273,92461.57132135301,93181.44341155732,94602.32330880075,43434.75771584895,8590.469705940863,34205.98392120754,8160.946220643819,54960.6267748185,73114.40973080916,76611.54953220097,81562.15,78829.79,83183.836,25085.133,75513.06,73034.37,55540.688,60731.168,88242.266,95752.85,79923.63,83440.18,50199.21,54502.59765625,0.00037223633262328804,0.00037223633262328804
3_1701_99,2023-10-01,38040.36810425392,35323.26317596312,35323.3274350078,35175.1484375,32860.479965528844,34062.2492655255,32150.97767892065,37311.58061321752,21792.676097708794,5122.298639916647,17099.25658048266,4866.183707920814,27358.987525378598,34957.32263343979,35329.42158337884,35697.92,34783.31,37773.87,29507.348,35353.5,35087.914,22126.123,27095.027,42917.668,46038.96,34923.48,34999.234,35655.684,33131.57421875,35563.25,35968.52734375
3_1701_99,2023-11-01,37018.98120864228,35323.26317596312,35323.3274350078,35191.11328125,30701.700628597024,34041.47534787955,32293.77269288389,39273.92103925001,21792.676097708794,5122.298639916647,17099.25658048266,4866.183707920814,27358.987525378598,34957.32263343979,35329.42158337884,35728.68,34625.383,37703.99,23202.379,35157.273,34455.47,26339.229,27644.963,42183.953,45044.746,35057.598,35179.406,34111.176,36069.84765625,32928.9375,36779.08984375
3_1701_99,2023-12-01,80186.96327915776,35323.26317596312,35323.3274350078,35063.37109375,28809.399184515787,32757.36612312354,32640.74116775498,41236.2614652825,21792.676097708794,5122.298639916647,17099.25658048266,4866.183707920814,27358.987525378598,34957.32263343979,35329.42158337884,34965.66,33388.504,37680.215,11864.8955,34926.473,34606.73,26608.484,28435.762,40641.83,43126.41,35040.45,35315.49,29485.13,33638.17578125,32624.974609375,37488.32421875
3_1701_99,2024-01-01,40783.547169844656,35323.26317596312,35323.3274350078,35050.54296875,27150.681827900185,45444.431436247556,48744.32999315931,43198.60189131499,21792.676097708794,5122.298639916647,17099.25658048266,4866.183707920814,27358.987525378598,34957.32263343979,35329.42158337884,34890.707,33623.91,37671.13,3501.3486,34681.438,35488.43,25299.262,28960.844,41677.418,42784.04,35119.117,35382.66,21862.383,30902.5390625,32422.333984375,37893.60546875
3_1702_73,2023-10-01,0.0,0.0,1.418108766383325e-28,-515.0679321289062,1886.8548734006026,2248.306333699723,1714.7770069134876,-489.2402288933067,972.8955457441472,15508.844936525387,15508.88812891827,14733.402689699118,972.8955457441472,67.78418121560182,1.436700646003564e-12,62.12081,45.96544,500.7293,-2563.8276,-114.828125,35.60283,-3474.0112,-1854.135,2398.5798,3389.4019,-542.08124,-0.0019570384,-0.002547192,0.0001329984370386228,0.0001329984370386228,0.0001329984370386228
3_1702_73,2023-11-01,0.0,0.0,1.418108766383325e-28,35.976097106933594,3375.009077894045,2373.8104586462123,1159.9238679173795,-973.5880554349027,972.8955457441472,15508.844936525387,15508.88812891827,14733.402689699118,972.8955457441472,67.78418121560182,1.436700646003564e-12,128.82626,-266.75452,496.56534,-1108.8599,-125.59375,-89.90176,-2417.7788,-1688.8293,2610.7341,4273.9297,-898.9763,-0.00033126815,-0.014978557,0.0001329984370386228,1605.3460693359375,0.0001329984370386228
3_1702_73,2023-12-01,0.0,0.0,1.418108766383325e-28,-281.28179931640625,4548.709804733848,15931.18041338566,13559.340270180299,-1457.9358819764986,972.8955457441472,15508.844936525387,15508.88812891827,14733.402689699118,972.8955457441472,67.78418121560182,1.436700646003564e-12,-91.04077,-31.616756,500.68427,-284.1619,-47.58203,122.129524,-2928.343,-2052.981,2148.7944,2444.3171,-626.93677,-0.00044494183,-0.007359303,0.0001329984370386228,6351.58642578125,418.7860412597656
3_1702_73,2024-01-01,0.0,0.0,1.418108766383325e-28,-65.60836791992188,5474.402446010359,-578.8907174080218,-5063.337731257821,-1942.2837085180945,972.8955457441472,15508.844936525387,15508.88812891827,14733.402689699118,972.8955457441472,67.78418121560182,1.436700646003564e-12,-343.01797,-296.67453,501.3947,-6862.8545,142.0625,214.57144,-2958.0662,-1998.3623,2476.9412,3137.8906,-720.4192,2.4047158e-05,-0.020448271,0.0001329984370386228,11377.017578125,2652.310791015625
3_1702_99,2023-10-01,13542.367448681664,13066.73922000336,13066.751556884543,12459.0625,12357.218801736766,13347.746447649919,13535.511414081819,13801.75345218831,9218.848045153234,2039.801229586772,7008.003204205414,1937.8111681074333,11439.159556153687,13775.94240842477,13068.164629000234,13216.501,12961.503,14569.918,12267.257,13094.998,13029.838,9562.885,10290.368,15262.333,16544.15,13046.064,15268.162,13004.26,13047.9833984375,12574.294921875,13736.9853515625
3_1702_99,2023-11-01,14374.941625914382,13066.73922000336,13066.751556884543,12367.6982421875,11720.310790497653,13264.81853577039,13476.301476167246,14528.007015457202,9218.848045153234,2039.801229586772,7008.003204205414,1937.8111681074333,11439.159556153687,13775.94240842477,13068.164629000234,13256.669,12982.727,14672.944,8943.989,13130.894,13193.656,9683.177,10050.512,14978.985,16071.693,13044.927,13664.529,12975.819,13047.9833984375,12918.7958984375,12746.544921875
3_1702_99,2023-12-01,14720.199168092962,13066.73922000336,13066.751556884543,11801.6845703125,11148.584023604044,12764.689157445207,13582.49136631406,15254.260578726095,9218.848045153234,2039.801229586772,7008.003204205414,1937.8111681074333,11439.159556153687,13775.94240842477,13068.164629000234,12976.263,12318.129,14724.635,5051.965,13207.387,13126.9,9819.627,11198.067,15266.304,16151.745,13004.405,13465.68,12971.601,13091.0458984375,13047.9833984375,13349.421875
3_1702_99,2024-01-01,13805.80614622938,13066.73922000336,13066.751556884543,11620.0771484375,10635.367844478447,17932.089991077653,20464.910789541704,15980.514141994987,9218.848045153234,2039.801229586772,7008.003204205414,1937.8111681074333,11439.159556153687,13775.94240842477,13068.164629000234,12930.087,12246.093,14747.934,3818.4905,13299.353,13411.809,9610.535,10628.616,15846.911,16561.95,13057.29,14383.387,13071.524,13306.359375,13177.1708984375,13564.734375
3_1703_73,2023-10-01,0.0,0.0,0.028620245325932048,92.18926239013672,1093.5950222023803,-1403.9712469654555,-2423.2886347660324,-1576.876486662307,747.6612767319168,16478.94329481732,12968.703990275826,15654.996130076453,747.6612767319168,48.17832786685796,0.015558653587567008,51.88609,-62.35226,406.66647,-632.5325,87.04492,81.6263,-2161.7202,-1299.271,1548.0232,1991.5604,-99.572586,-0.0019570384,-0.002547192,0.00012766924919560552,0.00012766924919560552,0.00012766924919560552
3_1703_73,2023-11-01,0.0,0.0,0.028620245325932048,14.552815437316895,2073.018719502341,-715.4221131055829,-1540.985590856042,-2507.80639677795,747.6612767319168,16478.94329481732,12968.703990275826,15654.996130076453,747.6612767319168,48.17832786685796,0.015558653587567008,96.81167,-419.2469,403.47775,-2336.0571,241.19824,339.5896,-1354.716,-795.61365,1982.3038,2280.6533,-150.78699,-0.00033126815,-0.014978557,0.00012766924919560552,0.00012766924919560552,0.00012766924919560552
3_1703_73,2023-12-01,0.0,0.0,0.028620245325932048,54.3348274230957,2950.1905786983143,-2242.4905067964287,-2839.4223951156396,-3438.7363068935924,747.6612767319168,16478.94329481732,12968.703990275826,15654.996130076453,747.6612767319168,48.17832786685796,0.015558653587567008,-84.73763,-160.0568,406.93124,-1568.3735,469.1582,699.813,-1581.315,-665.17255,2363.065,3289.779,6.768467,-0.00044494183,-0.007359303,0.00012766924919560552,0.00012766924919560552,0.00012766924919560552
3_1703_73,2024-01-01,0.0,0.0,0.028620245325932048,30.204885482788086,3735.7856921170105,-2881.3500946892145,-3971.7996026414103,-4369.666217009235,747.6612767319168,16478.94329481732,12968.703990275826,15654.996130076453,747.6612767319168,48.17832786685796,0.015558653587567008,-316.64548,-365.86337,407.57172,-2714.639,769.6553,590.37585,-1096.1351,-696.03204,1821.3545,2803.1306,-114.13846,2.4047158e-05,-0.020448271,0.00012766924919560552,0.00012766924919560552,0.00012766924919560552
3_1703_99,2023-10-01,13069.43654455163,12496.704632135601,12496.814756569756,12952.4951171875,11829.45572837927,12159.00869957072,11118.297467743983,13209.610224737877,7590.597756912995,1683.4935833054942,6064.172576363616,1599.3189041402195,9670.628975572408,12641.727972301189,12507.559704079606,12655.668,12348.688,13195.28,10500.602,12505.82,12653.557,10119.083,10506.231,14793.35,15262.206,12344.445,12106.081,12461.412,12417.984375,12279.2353515625,11620.1806640625
3_1703_99,2023-11-01,12556.045772197545,12496.704632135601,12496.814756569756,12900.2919921875,11225.369402106666,12313.438786635228,11069.83425484798,13904.643813453193,7590.597756912995,1683.4935833054942,6064.172576363616,1599.3189041402195,9670.628975572408,12641.727972301189,12507.559704079606,12670.938,12253.354,13132.052,7621.6934,12322.951,11967.957,8616.04,9306.207,15177.082,16906.23,12365.38,12436.23,12488.455,12383.2978515625,12764.85546875,12348.609375
3_1703_99,2023-12-01,11644.350074882235,12496.704632135601,12496.814756569756,13148.330078125,10678.466608358814,11787.209822505583,10864.458364863818,14599.677402168507,7590.597756912995,1683.4935833054942,6064.172576363616,1599.3189041402195,9670.628975572408,12641.727972301189,12507.559704079606,12384.007,11836.546,13108.259,4952.9287,12168.215,12410.564,9166.014,10365.838,15029.125,15498.958,12339.567,12408.556,12287.057,12452.671875,12972.9775390625,11862.990234375
3_1703_99,2024-01-01,11323.368453638086,12496.704632135601,12496.814756569756,13155.34375,10183.33428570758,15783.342872883999,16678.68977886117,15294.710990883823,7590.597756912995,1683.4935833054942,6064.172576363616,1599.3189041402195,9670.628975572408,12641.727972301189,12507.559704079606,12362.382,11969.154,13099.064,2568.6113,12023.493,12137.18,8844.706,10106.621,14821.227,15989.666,12375.878,12499.805,12080.844,12452.671875,13007.6650390625,12452.671875
3_1706_73,2023-10-01,0.0,3.6421820892468795e-67,-3536.5955531727423,141.7058563232422,2945.308554794453,-2645.0274985779715,-2404.4268978491364,-3454.537173254819,864.461025557393,16450.015017206715,16449.98935829427,15627.51426634638,864.461025557393,55.64428546933296,42.572357577857765,88.843056,147.22873,488.96423,729.00323,21.469727,33.086494,-2402.5398,-2011.8026,2282.1243,3484.779,-121.9375,-0.0019570384,-0.002547192,0.00015005066234152764,14016.9072265625,0.00015005066234152764
3_1706_73,2023-11-01,0.0,3.6421820892468795e-67,-4833.975151286022,144.96278381347656,5042.84649794372,-4291.0401809195555,-2873.542356723212,-4750.889992918921,864.461025557393,16450.015017206715,16449.98935829427,15627.51426634638,864.461025557393,55.64428546933296,42.572357577857765,107.294205,-235.68715,484.97675,-292.9082,163.47656,193.18524,-3555.6165,-1776.1476,1969.2855,2759.3225,-148.2482,-0.00033126815,-0.014978557,0.00015005066234152764,14016.9072265625,0.00015005066234152764
3_1706_73,2023-12-01,0.0,3.6421820892468795e-67,-6131.354749399303,137.21551513671875,6536.634106643993,-2580.4153997108797,-2771.547826985656,-6047.242812583019,864.461025557393,16450.015017206715,16449.98935829427,15627.51426634638,864.461025557393,55.64428546933296,42.572357577857765,-163.08887,122.038666,489.0425,-2963.7297,411.45898,510.93103,-2664.055,-1989.7661,2693.9946,3196.696,-141.51076,-0.00044494183,-0.007359303,0.00015005066234152764,14016.9072265625,0.00015005066234152764
3_1706_73,2024-01-01,0.0,3.6421820892468795e-67,-7428.734347512584,134.2374267578125,7600.4534416860215,-8324.836926652237,-10548.884246488562,-7343.595632247122,864.461025557393,16450.015017206715,16449.98935829427,15627.51426634638,864.461025557393,55.64428546933296,42.572357577857765,-426.77866,-139.36086,489.7565,-6011.148,772.2363,916.843,-1338.8855,-927.2495,2503.1633,3098.2834,-175.6697,2.4047158e-05,-0.020448271,0.00015005066234152764,14016.9072265625,0.00015005066234152764
3_1706_99,2023-10-01,13139.566982806655,13584.625533271228,13584.73443256212,14906.67578125,12696.095422364528,15187.604307601816,17342.951772912096,14359.364960843373,11190.582166841874,2254.6177195395408,8502.137059657382,2141.8868335625634,13945.247764424183,16383.76003467322,13596.583939242297,13740.116,13362.988,15874.502,14885.159,13867.673,13996.011,10422.094,11575.404,16433.686,17665.52,13701.065,19679.297,13415.037,13612.525390625,13561.921875,13359.5048828125
3_1706_99,2023-11-01,12631.570859549109,13584.625533271228,13584.73443256212,12364.6474609375,11925.194292558499,14049.856730913845,17002.49864110473,15114.525188012343,11190.582166841874,2254.6177195395408,8502.137059657382,2141.8868335625634,13945.247764424183,16383.76003467322,13596.583939242297,13933.205,13323.215,16087.045,7603.65,13973.208,13865.169,8764.796,10321.599,16279.972,17505.967,13673.721,15205.566,13448.961,9.642555960454047e-05,13511.3173828125,13410.109375
3_1706_99,2023-12-01,11912.284313343736,13584.625533271228,13584.73443256212,12727.7802734375,11256.349709081449,12174.997219509907,17143.234787712303,15869.685415181313,11190.582166841874,2254.6177195395408,8502.137059657382,2141.8868335625634,13945.247764424183,16383.76003467322,13596.583939242297,13722.254,12578.116,16212.816,7507.8833,14210.727,14549.09,11572.47,12130.617,17173.65,18467.371,13560.113,14715.041,13519.836,9.642555960454047e-05,13511.3173828125,13359.5048828125
3_1706_99,2024-01-01,11801.69400686466,13584.625533271228,13584.73443256212,11051.65234375,10676.050810104414,16942.277352103585,24908.571011231237,16624.845642350283,11190.582166841874,2254.6177195395408,8502.137059657382,2141.8868335625634,13945.247764424183,16383.76003467322,13596.583939242297,13593.683,12460.4795,16278.707,9183.763,14511.379,14927.924,10942.411,11837.9375,18737.045,20293.307,13644.047,17390.654,12949.086,9.642555960454047e-05,13511.3173828125,13663.1298828125
3_1708_73,2023-10-01,0.0,0.0,0.36486573703516134,275.60076904296875,4076.13968323309,-2651.6171074671875,-5332.743860315955,-4763.941656764179,2858.9334578305106,59864.50269465099,49590.18595233988,56871.27755991844,2858.9334578305106,183.78367324925495,0.3926604482268917,424.53574,-76.431984,1573.3094,727.1607,178.90234,468.97937,-5189.989,-3194.004,3572.9897,5789.2285,-867.068,-0.0019570384,-0.002547192,0.0005010144668631256,0.0005010144668631256,0.0005010144668631256
3_1708_73,2023-11-01,0.0,0.0,0.36486573703516134,117.48014068603516,7693.3425790358415,196.12304350770864,-2248.9613731489735,-8204.807008510885,2858.9334578305106,59864.50269465099,49590.18595233988,56871.27755991844,2858.9334578305106,183.78367324925495,0.3926604482268917,791.7073,-1278.0258,1561.4154,-9950.528,562.52344,290.28497,-5044.224,-2848.9873,3223.159,3881.9714,-1043.4087,-0.00033126815,-0.014978557,0.0005010144668631256,0.0005010144668631256,0.0005010144668631256
3_1708_73,2023-12-01,0.0,0.0,0.36486573703516134,187.08750915527344,10903.280855494948,-15931.04421446614,-17012.681675340682,-11645.672360257591,2858.9334578305106,59864.50269465099,49590.18595233988,56871.27755991844,2858.9334578305106,183.78367324925495,0.3926604482268917,320.1369,-57.45272,1575.0228,-10175.386,1148.9141,1335.0709,-3193.303,-1940.7174,4345.556,7487.182,-896.1397,-0.00044494183,-0.007359303,0.0005010144668631256,0.0005010144668631256,0.0005010144668631256
3_1708_73,2024-01-01,0.0,0.0,0.36486573703516134,142.14866638183594,13751.808857790107,-21894.08989231957,-24215.561646098457,-15086.537712004298,2858.9334578305106,59864.50269465099,49590.18595233988,56871.27755991844,2858.9334578305106,183.78367324925495,0.3926604482268917,-245.42636,-1047.9783,1577.6486,-15277.271,1935.2383,1386.1599,-3915.1917,-3203.8682,4776.778,6632.2856,-1018.2284,2.4047158e-05,-0.020448271,0.0005010144668631256,262.9331359863281,0.0005010144668631256
3_1708_99,2023-10-01,39024.89156437252,43935.820458589704,43935.20922730597,36974.91015625,41943.74723340914,40552.47395795811,35119.144538881235,46337.16817717876,23991.765422900102,5107.103964752233,19174.846997031753,4851.748766514621,30599.30970536281,40733.25681801304,43874.4903440042,44399.754,43186.79,44867.777,31468.705,42225.78,43314.11,30125.457,36010.082,51332.555,56233.59,42426.324,43405.45,39747.562,39829.2109375,44986.16015625,43230.6015625
3_1708_99,2023-11-01,45777.19401687546,43935.820458589704,43935.20922730597,31643.111328125,40107.3409677474,41172.62853533204,34624.83761594044,48775.185646664366,23991.765422900102,5107.103964752233,19174.846997031753,4851.748766514621,30599.30970536281,40733.25681801304,43874.4903440042,44413.77,42934.504,44287.543,25986.51,41770.52,40724.312,28435.906,33960.516,48794.45,51584.703,42510.547,43630.176,39753.742,36427.81640625,42791.7109375,41036.15625
3_1708_99,2023-12-01,36055.13723672709,43935.820458589704,43935.20922730597,29101.23046875,38414.437348576466,39855.0731740389,34885.64505581696,51213.203116149976,23991.765422900102,5107.103964752233,19174.846997031753,4851.748766514621,30599.30970536281,40733.25681801304,43874.4903440042,43430.113,41636.156,44079.74,16662.447,41003.84,41296.547,30269.777,33333.19,50202.03,52464.242,42454.727,43966.363,38601.863,33465.3125,39719.48828125,42243.09765625
3_1708_99,2024-01-01,38148.26108618472,43935.820458589704,43935.20922730597,25309.03515625,36853.82262111074,52294.9835319176,52823.51279200464,53651.22058563558,23991.765422900102,5107.103964752233,19174.846997031753,4851.748766514621,30599.30970536281,40733.25681801304,43874.4903440042,43221.74,41852.797,44002.516,9226.794,40262.098,39360.43,31499.06,32951.145,48494.676,51861.785,42503.66,44073.01,35686.496,32038.923828125,37525.0390625,43340.32421875
4_1101_60,2023-10-01,0.0,0.0,204.7605745743124,115.2406997680664,201.7494512591448,-66.28936175194201,-443.767428967284,4.166692522873007e-37,3.367311397956461,4219.51470167727,4219.51470167727,4008.5389665934063,3.367311397956461,0.004024042798688192,4.250465634038988e-37,-0.0024689105,0.002335506,0.09430316,0.0027159478,0.0040304437,0.0134018455,-0.19086704,-0.15516703,0.14546485,0.19034304,-0.00017725787,-0.0019570384,-0.002547192,2.806949623845867e-06,2.806949623845867e-06,2.806949623845867e-06
4_1101_60,2023-11-01,0.0,0.0,204.7605745743124,115.97533416748047,192.4401391185447,88.7221085762851,-657.4154252141732,4.166692522873007e-37,3.367311397956461,4219.51470167727,4219.51470167727,4008.5389665934063,3.367311397956461,0.004024042798688192,4.250465634038988e-37,0.00047200356,-0.010625879,0.09177589,0.0038856715,0.0060206745,0.0062053017,-0.2302487,-0.14469998,0.15215388,0.22211684,0.002405007,-0.00033126815,-0.014978557,2.806949623845867e-06,2.806949623845867e-06,2.806949623845867e-06
4_1101_60,2023-12-01,0.0,0.0,204.7605745743124,115.22700500488281,192.86969811853328,49.361805967101375,-589.1939367538804,4.166692522873007e-37,3.367311397956461,4219.51470167727,4219.51470167727,4008.5389665934063,3.367311397956461,0.004024042798688192,4.250465634038988e-37,0.0026063903,-0.017958699,0.09161402,0.1326086,0.007780593,0.016989976,-0.22843662,-0.17267433,0.16191126,0.20128366,0.000515223,-0.00044494183,-0.007359303,2.806949623845867e-06,2.806949623845867e-06,2.806949623845867e-06
4_1101_60,2024-01-01,0.0,0.0,204.7605745743124,114.32804870605469,192.84987700482645,1552.900738113598,1409.080086755319,4.166692522873007e-37,3.367311397956461,4219.51470167727,4219.51470167727,4008.5389665934063,3.367311397956461,0.004024042798688192,4.250465634038988e-37,0.00073333527,-0.029180804,0.09117099,-0.00056325237,0.0092493715,0.03235986,-0.21132666,-0.14428382,0.20727652,0.2918262,0.002408248,2.4047158e-05,-0.020448271,2.806949623845867e-06,2.806949623845867e-06,2.806949623845867e-06
4_1101_86,2023-10-01,0.0,0.0,0.10782197824689413,-2.512667655944824,628.6474901713526,-184.35848666188622,-4107.708312887713,-798.2994376907825,28.054395593001917,3416.3353520408737,5217.256758486635,3245.5185844388297,28.054395593001917,0.22164475752731932,0.00011202207773435596,21.955914,-21.417782,139.19514,-122.5211,10.570518,-2.8860178,-499.28412,-217.81439,262.41452,348.78424,39.450184,-0.0019570384,-0.002547192,2.2412532416637987e-05,2.2412532416637987e-05,2.2412532416637987e-05
4_1101_86,2023-11-01,0.0,0.0,0.10782197824689413,1.925032377243042,981.0322353387015,11.289022573189527,-4009.3171253761197,-903.8100136694561,28.054395593001917,3416.3353520408737,5217.256758486635,3245.5185844388297,28.054395593001917,0.22164475752731932,0.00011202207773435596,8.199489,-46.326733,136.0118,774.46423,15.712998,10.754387,-571.14386,-246.31616,356.22003,445.2054,17.203905,-0.00033126815,-0.014978557,2.2412532416637987e-05,2.2412532416637987e-05,2.2412532416637987e-05
4_1101_86,2023-12-01,0.0,0.0,0.10782197824689413,0.391785591840744,1178.559483228947,-237.60390756495553,-4315.9080592605405,-1005.6111465340781,28.054395593001917,3416.3353520408737,5217.256758486635,3245.5185844388297,28.054395593001917,0.22164475752731932,0.00011202207773435596,0.5909825,-27.81327,136.04059,-493.59378,20.177935,0.5964422,-425.1128,-228.43867,293.70096,437.4025,13.964351,-0.00044494183,-0.007359303,2.2412532416637987e-05,2.2412532416637987e-05,2.2412532416637987e-05
4_1101_86,2024-01-01,0.0,0.0,0.10782197824689413,0.7421954870223999,1289.282249166403,-1497.3586941350989,-5741.951790639372,-1104.101793879091,28.054395593001917,3416.3353520408737,5217.256758486635,3245.5185844388297,28.054395593001917,0.22164475752731932,0.00011202207773435596,-3.0968173,-28.06313,135.54016,-366.79593,23.767265,11.210889,-367.58948,-315.27365,272.949,421.82654,18.339205,2.4047158e-05,-0.020448271,2.2412532416637987e-05,2.2412532416637987e-05,2.2412532416637987e-05
4_1211_60,2023-10-01,0.0,0.0,844.6973628295192,475.40234375,833.5506691979004,-273.4630393176213,-1830.6706637132925,1.7188827454255576e-36,13.891146103651627,17406.734418170032,17406.734418170032,16536.39769726153,13.891146103651627,0.01660035554711345,1.7534416082462135e-36,-0.0024689105,0.002335506,0.09430316,0.0027159478,0.0040304437,-0.025158474,-0.3347025,-0.1516939,0.20946075,0.25588545,-0.00017725787,-0.0019570384,-0.002547192,1.1579488273127936e-05,1.1579488273127936e-05,1.1579488273127936e-05
4_1211_60,2023-11-01,0.0,0.0,844.6973628295192,478.43292236328125,794.9546559397562,366.0046925286347,-2712.031244863961,1.7188827454255576e-36,13.891146103651627,17406.734418170032,17406.734418170032,16536.39769726153,13.891146103651627,0.01660035554711345,1.7534416082462135e-36,0.00047200356,-0.010625879,0.09177589,0.0038856715,0.0060206745,-0.003002873,-0.2046261,-0.14536405,0.1572869,0.31311652,0.002405007,-0.00033126815,-0.014978557,1.1579488273127936e-05,1.1579488273127936e-05,1.1579488273127936e-05
4_1211_60,2023-12-01,0.0,0.0,844.6973628295192,475.3458251953125,796.7417725416256,203.6319121080511,-2430.5976167813515,1.7188827454255576e-36,13.891146103651627,17406.734418170032,17406.734418170032,16536.39769726153,13.891146103651627,0.01660035554711345,1.7534416082462135e-36,0.0026063903,-0.017958699,0.09161402,0.1326086,0.007780593,-0.009299384,-0.20045018,-0.16449575,0.18920977,0.26714197,0.000515223,-0.00044494183,-0.007359303,1.1579488273127936e-05,1.1579488273127936e-05,1.1579488273127936e-05
4_1211_60,2024-01-01,0.0,0.0,844.6973628295192,471.6373596191406,796.6590234315732,6406.170528420894,5812.868203619048,1.7188827454255576e-36,13.891146103651627,17406.734418170032,17406.734418170032,16536.39769726153,13.891146103651627,0.01660035554711345,1.7534416082462135e-36,0.00073333527,-0.029180804,0.09117099,-0.00056325237,0.0092493715,0.027487693,-0.21127479,-0.13578849,0.20525517,0.28283757,0.002408248,2.4047158e-05,-0.020448271,1.1579488273127936e-05,1.1579488273127936e-05,1.1579488273127936e-05
4_1212_86,2023-10-01,0.0,5191.321445653187,4.543144979211997,530.2156982421875,2529.465170713199,-68.48150498578207,6975.562625184995,-795.8030656318278,866.5711528339086,7621.9213510160325,13888.123820256338,7240.82528346523,866.5711528339086,59.608995716242326,3.325285375548146,43.411526,98.93205,555.84247,1177.9924,146.43732,-130.52893,-1156.0168,-1005.9467,1051.678,1324.6362,-124.51622,-0.0019570384,-0.002547192,0.00010191864566877484,0.00010191864566877484,0.00010191864566877484
4_1212_86,2023-11-01,0.0,7272.441259187112,4.543144979211997,0.22247254848480225,4055.4616880901394,-975.650240052431,6981.201553371535,-1286.0577936753052,866.5711528339086,7621.9213510160325,13888.123820256338,7240.82528346523,866.5711528339086,59.608995716242326,3.325285375548146,9.309163,-326.63214,550.1508,-1212.4574,236.59091,364.0589,-1307.5686,-582.1602,1905.4995,2765.8032,-149.16318,-0.00033126815,-0.014978557,0.00010191864566877484,0.00010191864566877484,0.00010191864566877484
4_1212_86,2023-12-01,1870.14502013397,7272.441259187112,4.543144979211997,219.61453247070312,4976.077396900224,2263.3348815702084,6567.958236840976,-1776.3125217187826,866.5711528339086,7621.9213510160325,13888.123820256338,7240.82528346523,866.5711528339086,59.608995716242326,3.325285375548146,-190.06004,33.81146,554.09924,-2197.371,321.46307,297.9969,-811.8868,-522.45276,1182.6407,1359.7062,-139.62505,-0.00044494183,-0.007359303,0.00010191864566877484,0.00010191864566877484,0.00010191864566877484
4_1212_86,2024-01-01,6185.864297366209,7272.441259187112,4.543144979211997,92.41867065429688,5531.474000795973,-5820.648263936472,-5300.665409644825,-2266.56724976226,866.5711528339086,7621.9213510160325,13888.123820256338,7240.82528346523,866.5711528339086,59.608995716242326,3.325285375548146,-391.32834,-108.43397,554.4874,-6137.6094,395.03442,268.76022,-1394.5272,-720.0376,1151.0226,1630.7333,-190.6081,2.4047158e-05,-0.020448271,0.00010191864566877484,0.00010191864566877484,0.00010191864566877484
4_1215_60,2023-10-01,0.0,0.0,27.88024870082942,15.691234588623047,27.47372584761439,-9.025975316320249,-60.42347903475613,5.673378483093653e-38,0.4584939235657744,574.5301287815419,574.5301287815419,545.8036223424648,0.4584939235657744,0.0005479146278205317,5.787444151184557e-38,-0.0024689105,0.002335506,0.09430316,0.0027159478,0.0040304437,-0.012185515,-0.22858556,-0.15448213,0.18785895,0.2705203,-0.00017725787,-0.0019570384,-0.002547192,3.8219491216295864e-07,3.8219491216295864e-07,3.8219491216295864e-07
4_1215_60,2023-11-01,0.0,0.0,27.88024870082942,15.79126262664795,26.210058260123176,12.080423477572179,-89.51384119153823,5.673378483093653e-38,0.4584939235657744,574.5301287815419,574.5301287815419,545.8036223424648,0.4584939235657744,0.0005479146278205317,5.787444151184557e-38,0.00047200356,-0.010625879,0.09177589,0.0038856715,0.0060206745,-0.0075905723,-0.33877456,-0.21126512,0.1770039,0.24448897,0.002405007,-0.00033126815,-0.014978557,3.8219491216295864e-07,1.4040329456329346,3.8219491216295864e-07
4_1215_60,2023-12-01,0.0,0.0,27.88024870082942,15.689370155334473,26.26818127483669,6.72111528083908,-80.22478704149864,5.673378483093653e-38,0.4584939235657744,574.5301287815419,574.5301287815419,545.8036223424648,0.4584939235657744,0.0005479146278205317,5.787444151184557e-38,0.0026063903,-0.017958699,0.09161402,0.1326086,0.007780593,-0.006957777,-0.18819585,-0.1538316,0.19798173,0.24129969,0.000515223,-0.00044494183,-0.007359303,3.8219491216295864e-07,0.8023046851158142,3.8219491216295864e-07
4_1215_60,2024-01-01,0.0,0.0,27.88024870082942,15.566967964172363,26.26550787807252,211.4433351064541,191.86068089423208,5.673378483093653e-38,0.4584939235657744,574.5301287815419,574.5301287815419,545.8036223424648,0.4584939235657744,0.0005479146278205317,5.787444151184557e-38,0.00073333527,-0.029180804,0.09117099,-0.00056325237,0.0092493715,0.01514166,-0.1764881,-0.15160492,0.23332348,0.30030346,0.002408248,2.4047158e-05,-0.020448271,3.8219491216295864e-07,0.4011525511741638,3.8219491216295864e-07
4_1215_86,2023-10-01,25633.574290393986,20833.86351573483,22126.70169038279,21098.73046875,20118.39960960933,4031.941169317309,516.964207485229,22528.594713081857,14984.367345304447,6839.064644351564,10585.51465332231,6497.111412133986,14984.367345304447,18670.34252841103,22091.613779395808,22484.867,22249.752,24589.607,14075.74,23479.652,24577.309,4946.017,12047.692,39386.72,50058.91,20543.973,21432.37,18925.516,22480.724609375,21987.24609375,23083.865234375
4_1215_86,2023-11-01,0.0,19616.25351557587,22126.70169038279,20776.66796875,18411.165053510944,3457.6860796892797,501.64373102459285,22961.186845098608,14984.367345304447,6839.064644351564,10585.51465332231,6497.111412133986,14984.367345304447,18670.34252841103,22091.613779395808,19160.2,21893.676,24812.836,14236.825,24679.646,25964.344,11645.403,14240.789,35793.4,39354.047,19462.406,21739.09,15822.295,22590.38671875,20506.806640625,22754.87890625
4_1215_86,2023-12-01,0.0,18469.805261838424,22126.70169038279,20712.41796875,16960.11792584339,2508.2140584818,486.67921391531945,23393.77897711536,14984.367345304447,6839.064644351564,10585.51465332231,6497.111412133986,14984.367345304447,18670.34252841103,22091.613779395808,18878.707,21894.84,24951.812,14378.886,25939.3,24811.736,10579.158,15275.198,37715.996,43176.715,19254.092,22145.686,12188.2705,22261.400390625,19026.369140625,22151.73828125
4_1215_86,2024-01-01,0.0,17390.359792167466,22126.70169038279,20446.830078125,15726.814769466246,1129.4905031956569,998.6722856252318,23826.37110913211,14984.367345304447,6839.064644351564,10585.51465332231,6497.111412133986,14984.367345304447,18670.34252841103,22091.613779395808,18601.094,21701.057,25024.016,14367.245,27279.32,28239.96,16682.2,17982.273,38887.332,41964.812,19553.158,22283.775,1030.5576,22261.400390625,17820.087890625,22480.724609375
4_1600_60,2023-10-01,0.0,0.0,34.68669439304916,19.522249221801758,34.1798641528579,-11.229499806689521,-75.17475091178184,7.058428629201025e-38,0.5704267124175129,714.7910052915896,714.7910052915896,679.0514550270101,0.5704267124175129,0.000681677823344793,7.200341314854026e-38,-0.0024689105,0.002335506,0.09430316,0.0027159478,0.0040304437,-0.006478487,-0.1931842,-0.15078047,0.16217405,0.25161666,-0.00017725787,-0.0019570384,-0.002547192,4.7550071258228854e-07,4.7550071258228854e-07,4.7550071258228854e-07
4_1600_60,2023-11-01,0.0,0.0,34.68669439304916,19.646697998046875,32.60763686181966,15.029634842988859,-111.36698551997537,7.058428629201025e-38,0.5704267124175129,714.7910052915896,714.7910052915896,679.0514550270101,0.5704267124175129,0.000681677823344793,7.200341314854026e-38,0.00047200356,-0.010625879,0.09177589,0.0038856715,0.0060206745,0.013095564,-0.175994,-0.15990275,0.17509696,0.20907174,0.002405007,-0.00033126815,-0.014978557,4.7550071258228854e-07,4.7550071258228854e-07,4.7550071258228854e-07
4_1600_60,2023-12-01,0.0,0.0,34.68669439304916,19.519927978515625,32.67995718011088,8.361950936255184,-99.81018106101035,7.058428629201025e-38,0.5704267124175129,714.7910052915896,714.7910052915896,679.0514550270101,0.5704267124175129,0.000681677823344793,7.200341314854026e-38,0.0026063903,-0.017958699,0.09161402,0.1326086,0.007780593,0.0086061815,-0.24118124,-0.16802055,0.14979693,0.19162475,0.000515223,-0.00044494183,-0.007359303,4.7550071258228854e-07,4.7550071258228854e-07,4.7550071258228854e-07
4_1600_60,2024-01-01,0.0,0.0,34.68669439304916,19.36764144897461,32.67663054377302,263.0633042404241,238.69990815480358,7.058428629201025e-38,0.5704267124175129,714.7910052915896,714.7910052915896,679.0514550270101,0.5704267124175129,0.000681677823344793,7.200341314854026e-38,0.00073333527,-0.029180804,0.09117099,-0.00056325237,0.0092493715,0.009742078,-0.17656107,-0.10975102,0.16659535,0.22411214,0.002408248,2.4047158e-05,-0.020448271,4.7550071258228854e-07,4.7550071258228854e-07,4.7550071258228854e-07
4_1600_86,2023-10-01,0.0,0.0,3.8363157996327025e-06,5.090192794799805,66.01014930491144,-15.948602905910832,246.68330551022996,-0.07929456018438341,28.3482172928234,220.03438502702173,422.8097585140598,209.03266577567064,28.3482172928234,1.9808202765316807,2.1402134749192677e-06,2.1607018,-2.869294,16.86407,-73.592026,1.2696381,0.66451836,-59.05971,-41.912964,38.118153,56.410847,-21.109734,-0.0019570384,-0.002547192,3.258525566707249e-06,3.258525566707249e-06,3.258525566707249e-06
4_1600_86,2023-11-01,0.0,0.0,3.8363157996327025e-06,1.5908966064453125,109.8277708252463,-76.66488966424946,183.3731349447415,-0.1514132448646459,28.3482172928234,220.03438502702173,422.8097585140598,209.03266577567064,28.3482172928234,1.9808202765316807,2.1402134749192677e-06,7.028353,-14.140171,16.719149,-83.1238,1.07341,-1.3517518,-49.141197,-27.589922,31.661451,49.821766,-26.565514,-0.00033126815,-0.014978557,3.258525566707249e-06,3.258525566707249e-06,3.258525566707249e-06
4_1600_86,2023-12-01,0.0,0.0,3.8363157996327025e-06,2.894113063812256,138.913964023062,133.77758982747628,355.95383016777276,-0.2235319295449084,28.3482172928234,220.03438502702173,422.8097585140598,209.03266577567064,28.3482172928234,1.9808202765316807,2.1402134749192677e-06,2.6889336,-5.006641,16.855011,-84.85472,0.5667114,4.225633,-49.158485,-35.370445,46.997986,55.080223,-19.677324,-0.00044494183,-0.007359303,3.258525566707249e-06,3.258525566707249e-06,3.258525566707249e-06
4_1600_86,2024-01-01,0.0,0.0,3.8363157996327025e-06,2.0214040279388428,158.22141626229512,-190.76547408586472,-170.2181011903799,-0.2956506142251709,28.3482172928234,220.03438502702173,422.8097585140598,209.03266577567064,28.3482172928234,1.9808202765316807,2.1402134749192677e-06,-3.6502435,-16.644716,16.876886,-171.30792,0.38980103,3.5992885,-50.113136,-33.276093,43.41464,62.740543,-22.152708,2.4047158e-05,-0.020448271,3.258525566707249e-06,3.258525566707249e-06,3.258525566707249e-06
4_1600_87,2023-10-01,0.0,0.0,1.4360936508094144,5.6827473640441895,59.40845943723505,-54.243837121505315,-261.9466942646946,-112.7476384479572,1.2218755345914227,326.798503465187,475.207815551192,310.45857829192767,1.2218755345914227,0.005781828380898036,0.000812169747451013,-0.0024689105,0.002335506,0.09430316,0.0027159478,0.0040304437,0.0029195054,-0.26681718,-0.18832037,0.13037618,0.16550776,-0.00017725787,-0.0019570384,-0.002547192,1.4522211131406948e-06,1.4522211131406948e-06,1.4522211131406948e-06
4_1600_87,2023-11-01,0.0,0.0,1.4360936508094144,6.212374210357666,82.76977270980716,22.320011826550758,-270.67034831923206,-132.84586162309353,1.2218755345914227,326.798503465187,475.207815551192,310.45857829192767,1.2218755345914227,0.005781828380898036,0.000812169747451013,0.00047200356,-0.010625879,0.09177589,0.0038856715,0.0060206745,0.006449171,-0.20705637,-0.17975026,0.17477407,0.23263524,0.002405007,-0.00033126815,-0.014978557,1.4522211131406948e-06,1.4522211131406948e-06,1.4522211131406948e-06
4_1600_87,2023-12-01,0.0,0.0,1.4360936508094144,5.626410961151123,91.95619099079016,20.983722246571986,-293.43640256870015,-152.94408479822994,1.2218755345914227,326.798503465187,475.207815551192,310.45857829192767,1.2218755345914227,0.005781828380898036,0.000812169747451013,0.0026063903,-0.017958699,0.09161402,0.1326086,0.007780593,0.008316711,-0.25380445,-0.13634855,0.19097567,0.3052451,0.000515223,-0.00044494183,-0.007359303,1.4522211131406948e-06,1.4522211131406948e-06,1.4522211131406948e-06
4_1600_87,2024-01-01,0.0,0.0,1.4360936508094144,5.230800151824951,95.56858554449272,-181.08007812120027,-366.70995456647654,-173.04230797336638,1.2218755345914227,326.798503465187,475.207815551192,310.45857829192767,1.2218755345914227,0.005781828380898036,0.000812169747451013,0.00073333527,-0.029180804,0.09117099,-0.00056325237,0.0092493715,-0.0026550735,-0.25865895,-0.19930512,0.18021826,0.2409714,0.002408248,2.4047158e-05,-0.020448271,1.4522211131406948e-06,1.4522211131406948e-06,1.4522211131406948e-06
5_1000_63,2023-10-01,0.0,0.0,4.152330146421368e-47,-6474.0068359375,20746.93943409022,-170418.67065896,-421077.22785878624,-30176.332850030492,4554.497201360213,390924.34131715226,470031.4688589982,371378.12425129465,4554.497201360213,57.2766131785304,4.192814141369338e-21,734.55334,5071.2817,11910.575,-28027.182,1665.7589,-64.772095,-27278.436,-20030.213,24147.787,39673.465,6706.3228,-0.0019570384,-0.002547192,0.0024958299472928047,0.0024958299472928047,0.0024958299472928047
5_1000_63,2023-11-01,0.0,0.0,4.152330146421368e-47,210.43948364257812,39084.61413971096,-131315.68027201697,-425031.27485766937,-60050.90236668373,4554.497201360213,390924.34131715226,470031.4688589982,371378.12425129465,4554.497201360213,57.2766131785304,4.192814141369338e-21,2075.1204,-1653.761,11704.109,36541.316,2523.9814,1947.9791,-30231.832,-23470.861,23738.695,26878.594,5951.89,-0.00033126815,-0.014978557,0.0024958299472928047,0.0024958299472928047,0.0024958299472928047
5_1000_63,2023-12-01,0.0,0.0,4.152330146421368e-47,-4835.73876953125,55292.803047643174,-73097.45998020997,-428628.7157016462,-89925.47188333696,4554.497201360213,390924.34131715226,470031.4688589982,371378.12425129465,4554.497201360213,57.2766131785304,4.192814141369338e-21,991.4556,1529.749,11740.818,-147070.3,3289.3975,8022.9727,-22632.643,-18968.988,38156.883,53977.195,6936.5103,-0.00044494183,-0.007359303,0.0024958299472928047,0.0024958299472928047,0.0024958299472928047
5_1000_63,2024-01-01,0.0,0.0,4.152330146421368e-47,-808.5925903320312,69618.79540449823,-142856.3893514911,-488984.31585375604,-119800.0413999902,4554.497201360213,390924.34131715226,470031.4688589982,371378.12425129465,4554.497201360213,57.2766131785304,4.192814141369338e-21,309.14026,-1833.54,11718.379,-179133.34,3923.3914,3163.8425,-29848.902,-19225.264,29149.365,34752.504,7024.746,2.4047158e-05,-0.020448271,0.0024958299472928047,0.0024958299472928047,0.0024958299472928047
5_1100_16,2023-10-01,0.0,0.0,525.7542986619394,295.90478515625,517.9941648482143,-170.20814172403607,-1139.4411930655783,1.0698624526021678e-36,8.646090420919531,10834.253602218432,10834.253602218432,10292.54092210751,8.646090420919531,0.010332349397867615,1.0913724886036607e-36,-0.0024689105,0.002335506,0.09430316,0.0027159478,0.0040304437,0.024306778,-0.27225617,-0.17894164,0.15737751,0.2174787,-0.00017725787,-0.0019570384,-0.002547192,7.20727530278964e-06,7.20727530278964e-06,7738.7529296875
5_1100_16,2023-11-01,0.0,0.0,525.7542986619394,297.7911071777344,494.0837166712424,227.8076727773783,-1688.0153151143131,1.0698624526021678e-36,8.646090420919531,10834.253602218432,10834.253602218432,10292.54092210751,8.646090420919531,0.010332349397867615,1.0913724886036607e-36,0.00047200356,-0.010625879,0.09177589,0.0038856715,0.0060206745,-0.020614764,-0.25668544,-0.1348854,0.1364495,0.25334713,0.002405007,-0.00033126815,-0.014978557,7.20727530278964e-06,7.20727530278964e-06,7738.7529296875
5_1100_16,2023-12-01,0.0,0.0,525.7542986619394,295.86962890625,495.18741545941543,126.74403620361646,-1512.8461406104811,1.0698624526021678e-36,8.646090420919531,10834.253602218432,10834.253602218432,10292.54092210751,8.646090420919531,0.010332349397867615,1.0913724886036607e-36,0.0026063903,-0.017958699,0.09161402,0.1326086,0.007780593,0.019299764,-0.26257846,-0.13555951,0.15684256,0.31356397,0.000515223,-0.00044494183,-0.007359303,7.20727530278964e-06,7.20727530278964e-06,7738.7529296875
5_1100_16,2024-01-01,0.0,0.0,525.7542986619394,293.5613708496094,495.1364690695361,3987.311718361145,3618.0300544217316,1.0698624526021678e-36,8.646090420919531,10834.253602218432,10834.253602218432,10292.54092210751,8.646090420919531,0.010332349397867615,1.0913724886036607e-36,0.00073333527,-0.029180804,0.09117099,-0.00056325237,0.0092493715,-0.021194115,-0.19132908,-0.14440048,0.15991607,0.22435273,0.002408248,2.4047158e-05,-0.020448271,7.20727530278964e-06,7.20727530278964e-06,7738.7529296875
5_1100_99,2023-10-01,653.6516488641329,653.6516488641329,653.6516488641329,648.0321655273438,615.6255406846403,634.4490454210472,585.0478901113362,690.3781728812178,397.41563186015105,90.56031511171282,315.6734524824734,86.03229935612718,503.3630118528857,651.0983221107574,653.6516488641328,662.2199,644.814,691.13745,535.58105,646.74115,650.8152,496.777,546.8092,747.75824,813.33026,649.40533,653.6497,653.6491,653.5604248046875,653.5604248046875,653.5604248046875
5_1100_99,2023-11-01,653.6516488641329,653.6516488641329,653.6516488641329,647.4503173828125,581.5145554387675,639.7385116203833,592.2906755968913,726.7374316581319,397.41563186015105,90.56031511171282,315.6734524824734,86.03229935612718,503.3630118528857,651.0983221107574,653.6516488641328,663.2533,640.78326,688.04816,385.96967,639.94275,652.2484,526.56055,535.8984,756.1435,809.235,649.77716,653.65137,653.6367,653.5604248046875,653.5604248046875,653.5604248046875
5_1100_99,2023-12-01,653.6516488641329,653.6516488641329,653.6516488641329,643.00927734375,550.9155967193565,615.3345551090513,583.6098932455602,763.0966904350458,397.41563186015105,90.56031511171282,315.6734524824734,86.03229935612718,503.3630118528857,651.0983221107574,653.6516488641328,649.36316,618.4551,686.8902,240.164,633.04224,607.33813,414.58575,500.9788,740.5219,805.12573,648.5063,653.65125,653.6443,653.5604248046875,653.5604248046875,326.78021240234375
5_1100_99,2024-01-01,653.6516488641329,653.6516488641329,653.6516488641329,641.6600341796875,523.4670704465627,830.008774329774,877.8622470394176,799.4559492119599,397.41563186015105,90.56031511171282,315.6734524824734,86.03229935612718,503.3630118528857,651.0983221107574,653.6516488641328,647.8267,623.26044,686.4419,117.048325,626.57886,628.53455,488.95654,516.4193,745.58325,771.35474,650.55804,653.6517,653.6312,653.5604248046875,653.5604248046875,3.478631697362289e-06
5_1101_73,2023-10-01,0.0,0.0,255.74494086269146,-3856.636474609375,205782.14030639583,893729.7520600863,983088.180138181,-191346.55904478175,84565.35498603973,1473949.7318604728,1497284.8580455317,1400252.2452674492,84565.35498603973,5350.776749990038,253.37284071668162,14244.009,-2166.3289,50627.32,44358.062,-4840.875,8940.616,-232757.23,-212131.66,145831.27,208150.25,-11883.505,-0.0019570384,-0.002547192,0.013241054490208626,0.013241054490208626,0.013241054490208626
5_1101_73,2023-11-01,0.0,0.0,255.74494086269146,462.03594970703125,366887.26604432135,-21809.50211467428,-10768.96447019541,-292580.4960960889,84565.35498603973,1473949.7318604728,1497284.8580455317,1400252.2452674492,84565.35498603973,5350.776749990038,253.37284071668162,26646.836,-39685.5,50207.266,-339887.56,1142.375,17259.51,-238907.48,-154051.48,152540.88,250124.92,-19211.447,-0.00033126815,-0.014978557,0.013241054490208626,0.013241054490208626,0.013241054490208626
5_1101_73,2023-12-01,0.0,0.0,255.74494086269146,-2114.231689453125,493015.1287460493,177356.7166778059,-40303.30183566478,-393814.43314739596,84565.35498603973,1473949.7318604728,1497284.8580455317,1400252.2452674492,84565.35498603973,5350.776749990038,253.37284071668162,19117.066,-1807.6653,50624.05,-490349.9,16167.125,45270.516,-268501.56,-170038.2,171779.66,204231.08,-16412.373,-0.00044494183,-0.007359303,0.013241054490208626,0.013241054490208626,0.013241054490208626
5_1101_73,2024-01-01,0.0,0.0,255.74494086269146,-276.8176574707031,591759.5831936647,-382393.92577456695,-776643.0688781173,-495048.37019870314,84565.35498603973,1473949.7318604728,1497284.8580455317,1400252.2452674492,84565.35498603973,5350.776749990038,253.37284071668162,10130.333,-28221.955,50695.21,-458974.8,41455.125,16933.523,-274559.9,-178348.58,224934.81,275216.66,-20189.791,2.4047158e-05,-0.020448271,0.013241054490208626,0.013241054490208626,0.013241054490208626
5_1101_99,2023-10-01,2215980.6888740617,1241212.5525383677,1241227.6774830802,1251633.75,1092843.1794015842,1148712.4252133772,1427159.898291256,1317510.0305196678,923401.105782281,260481.36239252234,684727.1177762646,247457.29427289622,1109069.858576226,1266093.6645954694,1241228.9140431,1255575.4,1218052.4,1441434.2,1136023.4,1275954.5,1254812.6,731865.75,991898.9,1496516.6,1528742.0,1237105.6,1261394.0,1244377.9,1247457.0,1215818.625,1229377.875
5_1101_99,2023-11-01,1329570.6109824185,1241212.5525383677,1241227.6774830802,1247794.25,979711.3889452056,1035348.5308696905,1415436.1112602479,1386503.2322427868,923401.105782281,260481.36239252234,684727.1177762646,247457.29427289622,1109069.858576226,1266093.6645954694,1241228.9140431,1260190.2,1231244.2,1459982.8,985690.25,1305784.5,1340196.5,942454.5,1060248.6,1515357.6,1605182.1,1241955.0,1246703.5,1249835.1,1247457.0,1261016.25,1279095.375
5_1101_99,2023-12-01,1251831.0201767245,1241212.5525383677,1241227.6774830802,1255602.25,893448.2893493976,921911.1674365819,1402427.1302421333,1455496.4339659058,923401.105782281,260481.36239252234,684727.1177762646,247457.29427289622,1109069.858576226,1266093.6645954694,1241228.9140431,1236623.4,1162790.1,1470752.4,226744.33,1337352.6,1321997.0,854486.1,1021156.5,1600410.2,1730817.0,1242382.8,1244887.2,1250573.1,1242937.25,1247457.0,0.00861236173659563
5_1101_99,2024-01-01,1223216.0031523092,1241212.5525383677,1241227.6774830802,1254077.75,827672.5925107137,1499374.5821110015,2137029.199565413,1524489.6356890246,923401.105782281,260481.36239252234,684727.1177762646,247457.29427289622,1109069.858576226,1266093.6645954694,1241228.9140431,1238885.8,1166556.1,1476258.1,-233017.12,1368303.8,1346316.0,984630.0,1055586.5,1600592.8,1662825.8,1247148.0,1253366.6,1242283.9,0.00861236173659563,1120903.5,0.00861236173659563
5_1102_73,2023-10-01,0.0,0.0,-114624.77333865759,2938.979736328125,45969.31877530611,-49343.55917298593,-69331.17988775362,-109315.23127065843,24157.719759987714,518856.6463787729,419032.42336790625,492913.8140598342,24157.719759987714,1617.5573173383557,8.009637681017045,3907.2021,144.74838,13702.232,-12812.709,-1191.8438,2708.5815,-77669.7,-54156.28,54302.668,69378.94,-13430.659,-0.0019570384,-0.002547192,0.004103530663996935,361793.875,0.004103530663996935
5_1102_73,2023-11-01,0.0,0.0,-151788.03979892388,2118.639404296875,84612.5274575137,-70267.02546023106,-76221.28965999055,-145765.61745538458,24157.719759987714,518856.6463787729,419032.42336790625,492913.8140598342,24157.719759987714,1617.5573173383557,8.009637681017045,8267.295,-8990.704,13591.555,-24078.143,1186.5938,-1833.6628,-65012.242,-47088.82,59052.21,84814.04,-15945.119,-0.00033126815,-0.014978557,0.004103530663996935,736508.9375,0.004103530663996935
5_1102_73,2023-12-01,0.0,0.0,-188951.30625919014,2295.469482421875,117097.18498650054,-11396.876935604378,-18170.205550952,-182216.00364011066,24157.719759987714,518856.6463787729,419032.42336790625,492913.8140598342,24157.719759987714,1617.5573173383557,8.009637681017045,3982.7,-1030.8475,13706.055,-89044.76,6465.125,-10242.528,-88902.51,-58033.03,54649.383,61394.23,-14684.408,-0.00044494183,-0.007359303,0.004103530663996935,770965.5,0.004103530663996935
5_1102_73,2024-01-01,0.0,0.0,-226114.57271945645,2038.4993896484375,144404.776947968,-70193.82989531968,-104630.50035977885,-218666.38982483666,24157.719759987714,518856.6463787729,419032.42336790625,492913.8140598342,24157.719759987714,1617.5573173383557,8.009637681017045,-1378.1973,-11162.311,13726.451,-160140.92,14998.1875,4745.5923,-69130.68,-43962.582,69983.9,84480.77,-14626.684,2.4047158e-05,-0.020448271,0.004103530663996935,766658.375,0.004103530663996935
5_1102_99,2023-10-01,435700.6324984427,373529.0998771813,373537.9357932261,362115.75,338987.13744417013,336980.71925556747,395029.74877592316,395415.2465223832,259417.3290712334,58973.26049628457,205567.83813125108,56024.59747147034,322782.2005860652,398170.6838949702,374404.38404657395,379524.84,372547.25,422214.12,378880.25,392505.97,405348.62,263083.22,295772.94,511986.06,544208.5,367846.06,345917.1,377239.75,395920.1875,390986.59375,370018.875
5_1102_99,2023-11-01,376390.96122289594,373529.0998771813,373537.9357932261,309544.3125,311268.47352685145,321330.49395802827,396352.5226525781,416216.39232741523,259417.3290712334,58973.26049628457,205567.83813125108,56024.59747147034,322782.2005860652,398170.6838949702,374404.38404657395,380719.88,372917.1,426188.97,247858.44,394336.25,394814.75,312927.38,340040.25,444468.34,470684.7,370097.75,369668.6,376692.97,397153.59375,390986.59375,349051.125
5_1102_99,2023-12-01,445980.1363519003,373529.0998771813,373537.9357932261,295353.59375,289025.2575876496,287407.4128211544,396367.9149818549,437017.5381324473,259417.3290712334,58973.26049628457,205567.83813125108,56024.59747147034,322782.2005860652,398170.6838949702,374404.38404657395,370696.6,355538.06,428269.06,74399.32,398018.2,400211.62,286532.25,327708.9,463509.53,475653.7,369210.3,366889.88,364892.44,395920.1875,381119.4375,0.0023502192925661802
5_1102_99,2024-01-01,378181.08561476454,373529.0998771813,373537.9357932261,259839.609375,271175.88877269626,412779.62469427526,596907.2047316385,457818.68393747933,259417.3290712334,58973.26049628457,205567.83813125108,56024.59747147034,322782.2005860652,398170.6838949702,374404.38404657395,368638.03,354175.5,429243.44,17727.266,401549.62,401868.62,301490.8,329332.56,519918.75,574899.4,370453.25,373755.44,350267.78,394686.78125,373719.0625,0.0023502192925661802
5_1104_2,2023-10-01,0.0,0.0,0.09559128609734603,474.3777770996094,45.307754827759666,-33.40500609518591,156.70632357380387,132.07427073743676,50.100305961388145,50.100305961388145,50.100305961388145,47.595290663318735,52.24112106472833,56.36284420656166,8.755166394836285,3.0311823,0.8424021,13.731659,183.86932,4.7700543,2.4488137,-28.976015,-20.952066,34.848503,63.916443,-1.262256,471.79498,-9.788063,5.999084464747284e-07,5.999084464747284e-07,644.1467895507812
5_1104_2,2023-11-01,0.0,0.0,0.09559128609734603,406.6120300292969,43.03097788517466,-40.8203016575047,171.59964853013892,140.27247155743459,50.100305961388145,50.100305961388145,50.100305961388145,47.595290663318735,52.24112106472833,56.36284420656166,8.755166394836285,6.9805574,-2.9709089,13.403139,44.84585,7.007523,8.167631,-27.346907,-18.697247,42.602608,50.536922,-0.2535086,128.43005,-22.326958,5.999084464747284e-07,5.999084464747284e-07,5.999084464747284e-07
5_1104_2,2023-12-01,0.0,0.0,0.09559128609734603,521.8201293945312,43.14538905531524,-0.3627497538942066,201.00228320193833,148.47067237743238,50.100305961388145,50.100305961388145,50.100305961388145,47.595290663318735,52.24112106472833,56.36284420656166,8.755166394836285,9.4341955,-4.0816174,13.401321,96.45843,7.945287,6.251254,-31.970165,-21.710247,28.564362,34.851315,-0.008208802,86.78525,-21.254967,5.999084464747284e-07,5.999084464747284e-07,5.999084464747284e-07
5_1104_2,2024-01-01,0.0,0.0,0.09559128609734603,669.6705322265625,43.1396397367904,-30.703788372180163,186.3714387785388,156.66887319743017,50.100305961388145,50.100305961388145,50.100305961388145,47.595290663318735,52.24112106472833,56.36284420656166,8.755166394836285,8.002649,-4.570601,13.35268,211.19928,8.232073,7.779681,-33.11244,-25.941526,32.057644,42.88178,0.19117305,288.94022,-25.5626,5.999084464747284e-07,5.999084464747284e-07,5.999084464747284e-07
5_1104_73,2023-10-01,0.0,0.0,0.16805466181827744,-697.5864868164062,153556.55705019785,782905.0421335129,492169.4049246134,-195251.33641956767,110248.46455976264,2434959.5531985974,1912336.1698062664,2313211.5755386674,110248.46455976264,6581.116344058528,0.14595954878015324,12629.117,363.44363,64160.01,108482.53,-5547.125,-16926.31,-285724.94,-228670.98,141076.66,214788.06,-45259.65,-0.0019570384,-0.002547192,0.020232893526554108,0.020232893526554108,0.020232893526554108
5_1104_73,2023-11-01,0.0,0.0,0.16805466181827744,-16.03514862060547,290832.52686554333,405457.2264460544,122166.27019395621,-336468.6350998855,110248.46455976264,2434959.5531985974,1912336.1698062664,2313211.5755386674,110248.46455976264,6581.116344058528,0.14595954878015324,30693.39,-47455.5,63636.062,-262601.47,-11106.5,-24835.793,-237562.72,-191268.38,215984.61,414499.5,-51354.98,-0.00033126815,-0.014978557,0.020232893526554108,0.020232893526554108,0.020232893526554108
5_1104_73,2023-12-01,0.0,0.0,0.16805466181827744,-581.0166625976562,413554.03254884225,-199375.7109585479,-400787.1362449172,-477685.93378020346,110248.46455976264,2434959.5531985974,1912336.1698062664,2313211.5755386674,110248.46455976264,6581.116344058528,0.14595954878015324,15616.342,4171.3306,64168.586,-226596.75,-12593.375,9489.218,-494738.34,-268353.66,223685.88,282053.1,-52981.277,-0.00044494183,-0.007359303,0.020232893526554108,0.020232893526554108,424729.34375
5_1104_73,2024-01-01,0.0,0.0,0.16805466181827744,-129.4852294921875,523264.1877743667,-1042880.9430168611,-1158876.26208254,-618903.2324605213,110248.46455976264,2434959.5531985974,1912336.1698062664,2313211.5755386674,110248.46455976264,6581.116344058528,0.14595954878015324,-7946.8853,-35524.605,64261.277,-401121.3,-6261.625,-44560.164,-250655.0,-227135.56,157097.81,241586.31,-51846.746,2.4047158e-05,-0.020448271,0.020232893526554108,0.020232893526554108,1518407.25
5_1104_99,2023-10-01,1721184.3728475685,1560711.5443891496,1539190.832442817,1580000.0,1421809.2488706338,1419161.5596011844,1668366.6299989803,1625749.2182404678,1064420.883362077,255059.9396825672,792709.8967888325,242306.94269843883,1302452.7600277464,1512151.52625525,1538548.9163249237,1573818.8,1540083.5,1752433.4,1296567.9,1509096.2,1512868.2,1128711.1,1199429.6,1762246.2,1940112.9,1535119.9,1835978.9,1373515.0,1902912.5,1525391.125,1556000.875
5_1104_99,2023-11-01,1301804.3520825256,1560711.5443891496,1539190.832442817,1567237.125,1305215.9117230289,1303602.418000555,1724071.5431100917,1710905.196136366,1064420.883362077,255059.9396825672,792709.8967888325,242306.94269843883,1302452.7600277464,1512151.52625525,1538548.9163249237,1578911.4,1550467.0,1766991.5,1252542.1,1547587.5,1528457.2,1071564.0,1202509.5,1878725.9,1950296.6,1528856.6,1631163.4,1330696.2,1938624.0,1183581.0,0.00972110778093338
5_1104_99,2023-12-01,1435329.11008736,1560711.5443891496,1539190.832442817,1625403.625,1207348.513517195,1197158.1831791606,1683716.2542453571,1796061.1740322642,1064420.883362077,255059.9396825672,792709.8967888325,242306.94269843883,1302452.7600277464,1512151.52625525,1538548.9163249237,1543637.9,1472787.4,1774520.9,634945.8,1575648.6,1514074.6,939385.44,1108579.4,1785280.9,1860739.5,1526947.0,1614505.8,1258003.4,2004945.5,0.00972110778093338,0.00972110778093338
5_1104_99,2024-01-01,1242655.6211716924,1560711.5443891496,1539190.832442817,1626439.25,1125199.4999809093,1743628.242269061,2440048.9243390625,1881217.1519281622,1064420.883362077,255059.9396825672,792709.8967888325,242306.94269843883,1302452.7600277464,1512151.52625525,1538548.9163249237,1541630.5,1469885.2,1777972.0,364546.34,1600162.1,1584626.9,1112115.9,1239301.4,1898724.2,2083415.9,1532579.5,1756347.9,1029436.2,1969233.875,0.00972110778093338,0.00972110778093338
5_1105_73,2023-10-01,0.0,0.0,1.9844777641014113e-26,10997.2802734375,138371.7974723745,85986.77610929328,-224927.7460578591,-189357.89880077293,125967.11653831373,2449682.4758422687,2184987.1027622153,2327198.352050155,125967.11653831373,8347.11721928998,1.4606942217509822e-08,16009.004,1730.1052,64664.84,-82232.79,-14245.375,-7977.4434,-164113.33,-104955.96,74148.53,85835.59,-60384.43,-0.0019570384,-0.002547192,0.020973822101950645,0.020973822101950645,0.020973822101950645
5_1105_73,2023-11-01,0.0,0.0,1.9844777641014113e-26,-159.94638061523438,263990.6925456256,231697.83130995336,-63169.78110997146,-362205.00549186737,125967.11653831373,2449682.4758422687,2184987.1027622153,2327198.352050155,125967.11653831373,8347.11721928998,1.4606942217509822e-08,29222.332,-45114.25,64183.32,-312214.3,-18425.0,-30310.541,-151032.56,-126048.95,73398.695,94306.14,-78294.516,-0.00033126815,-0.014978557,0.020973822101950645,0.020973822101950645,0.020973822101950645
5_1105_73,2023-12-01,0.0,0.0,1.9844777641014113e-26,8540.70703125,378032.04409036436,341217.8911102677,43926.62114405725,-535052.1121829618,125967.11653831373,2449682.4758422687,2184987.1027622153,2327198.352050155,125967.11653831373,8347.11721928998,1.4606942217509822e-08,8255.918,-1621.0245,64746.902,-257707.4,-21403.0,-15085.125,-157678.06,-108938.25,74513.305,122081.3,-65257.71,-0.00044494183,-0.007359303,0.020973822101950645,0.020973822101950645,0.020973822101950645
5_1105_73,2024-01-01,0.0,0.0,1.9844777641014113e-26,1583.4581298828125,481562.88516779104,-724586.0687359254,-1091765.7052553494,-707899.2188740561,125967.11653831373,2449682.4758422687,2184987.1027622153,2327198.352050155,125967.11653831373,8347.11721928998,1.4606942217509822e-08,-19018.9,-41196.285,64858.145,-731405.75,-21697.0,-23363.215,-191707.28,-117328.266,44512.047,62834.72,-70353.61,2.4047158e-05,-0.020448271,0.020973822101950645,0.020973822101950645,0.020973822101950645
5_1105_99,2023-10-01,3215942.735598782,3152522.3417116716,3152531.730270995,2945777.75,2912559.220764441,3197259.2532333788,3351648.953557467,3348836.6709454837,2220748.3013966023,511478.12332596234,1782899.0523570077,485904.2171596642,2740508.826165602,3276245.5842507062,3155853.0245347098,3180566.2,3125760.8,3534474.0,2347137.8,3191556.8,3176951.5,2412159.2,2651437.5,3702009.5,3822149.8,3127045.2,3427395.8,3167289.2,3308418.75,3141432.5,3110122.5
5_1105_99,2023-11-01,3510228.9357887,3152522.3417116716,3152531.730270995,2919240.75,2705900.630516136,3285125.579838919,3325879.6774740494,3524387.2976517812,2220748.3013966023,511478.12332596234,1782899.0523570077,485904.2171596642,2740508.826165602,3276245.5842507062,3155853.0245347098,3188768.8,3126623.5,3562935.8,2078959.6,3214843.5,3228341.5,2083573.9,2477200.5,3895310.5,4296672.5,3132539.2,3227728.0,3205349.0,3110122.5,2995319.0,3068376.0
5_1105_99,2023-12-01,2691066.7553181625,3152522.3417116716,3152531.730270995,2750654.75,2527924.2283305326,3067913.164070502,3343800.629723698,3699937.9243580787,2220748.3013966023,511478.12332596234,1782899.0523570077,485904.2171596642,2740508.826165602,3276245.5842507062,3155853.0245347098,3130227.5,2965083.0,3577466.2,1413959.2,3243388.2,3269264.8,2603797.2,2759538.5,4041558.8,4382138.5,3131237.5,3202895.5,3203297.2,2964009.25,2890952.75,2755276.25
5_1105_99,2024-01-01,2943068.796781215,3152522.3417116716,3152531.730270995,2697344.0,2374649.2074525105,4356929.731469338,5026096.595286661,3875488.5510643763,2220748.3013966023,511478.12332596234,1782899.0523570077,485904.2171596642,2740508.826165602,3276245.5842507062,3155853.0245347098,3121680.5,2962945.5,3584111.0,1001043.2,3272280.0,3227528.5,2345806.8,2527044.5,3958886.8,4292889.0,3140504.5,3319828.8,3165470.5,2630036.5,2692656.25,3068376.0
5_1106_73,2023-10-01,0.0,2.9026428648199657e-87,462.69008751660965,-3261.516845703125,129597.41387261235,56800.936752147245,65207.525933250465,-167908.76537658466,45324.192303528886,826457.482631938,827133.0976342576,785134.6085003411,45324.192303528886,2933.3090753446113,432.30878795017264,8040.211,-365.34897,27148.54,-823.15283,-1642.8125,1120.1697,-134555.78,-105206.31,88110.44,109086.52,-20555.398,-0.0019570384,-0.002547192,0.00758748035877943,0.00758748035877943,0.00758748035877943
5_1106_73,2023-11-01,0.0,2.9026428648199657e-87,462.69008751660965,-140.70306396484375,228271.48255192634,-60991.04093416303,-82915.56741076487,-230844.2490869047,45324.192303528886,826457.482631938,827133.0976342576,785134.6085003411,45324.192303528886,2933.3090753446113,432.30878795017264,17530.404,-19740.863,26927.125,-62871.035,3922.875,-4391.5596,-164712.23,-110502.766,96482.09,137336.28,-23260.234,-0.00033126815,-0.014978557,0.00758748035877943,0.00758748035877943,0.00758748035877943
5_1106_73,2023-12-01,0.0,2.9026428648199657e-87,462.69008751660965,-2701.514892578125,303400.85079148493,-63262.452861255326,-78873.94850407395,-293779.7327972247,45324.192303528886,826457.482631938,827133.0976342576,785134.6085003411,45324.192303528886,2933.3090753446113,432.30878795017264,10093.395,-2464.8516,27152.758,-194701.27,15408.875,12748.816,-244108.69,-103213.2,124795.84,172057.64,-22586.588,-0.00044494183,-0.007359303,0.00758748035877943,0.00758748035877943,0.00758748035877943
5_1106_73,2024-01-01,0.0,2.9026428648199657e-87,462.69008751660965,-736.1311645507812,360603.5388697408,-404947.57304499904,-522979.2381683752,-356715.21650754474,45324.192303528886,826457.482631938,827133.0976342576,785134.6085003411,45324.192303528886,2933.3090753446113,432.30878795017264,717.8728,-22387.822,27192.316,-268407.28,33485.75,33065.477,-108281.77,-51249.754,152493.36,187606.64,-22580.982,2.4047158e-05,-0.020448271,0.00758748035877943,0.00758748035877943,0.00758748035877943
5_1106_99,2023-10-01,1296959.0580856497,727116.8552801023,728963.3968926737,667037.9375,580978.0702249192,721669.0111602657,773181.8644654175,938780.2172200911,511251.22807898885,145164.36108586803,392198.0225684149,137906.1430315746,623744.2193049783,733966.7280350508,729061.3727001322,717736.0,696117.8,812392.06,343455.7,725717.75,743053.9,566812.4,592190.0,888684.94,922884.44,703652.6,716361.7,722051.0,721208.5625,716319.0625,745656.3125
5_1106_99,2023-11-01,708953.9949691329,727116.8552801023,728963.3968926737,607127.375,496992.1426866335,776608.5722268316,775907.4126019628,994606.2479525913,511251.22807898885,145164.36108586803,392198.0225684149,137906.1430315746,623744.2193049783,733966.7280350508,729061.3727001322,720326.9,692773.9,821799.9,302040.38,738289.0,749297.1,561876.8,583937.44,891403.0,916894.4,705055.4,710314.06,716955.7,728542.9375,728542.9375,755435.375
5_1106_99,2023-12-01,734031.0212944006,727116.8552801023,728963.3968926737,580139.125,441504.5121690191,735222.6136818884,773503.5727522837,1050432.2786850915,511251.22807898885,145164.36108586803,392198.0225684149,137906.1430315746,623744.2193049783,733966.7280350508,729061.3727001322,711719.1,657108.8,827002.6,256454.64,751937.75,750872.6,568588.8,630654.44,901050.8,968424.25,705115.75,709620.8,697038.4,743211.5625,713874.25,738322.0
5_1106_99,2024-01-01,711835.6366948682,727116.8552801023,728963.3968926737,536923.875,404845.07134715316,1060693.586761578,1162461.5565092526,1106258.3094175917,511251.22807898885,145164.36108586803,392198.0225684149,137906.1430315746,623744.2193049783,733966.7280350508,729061.3727001322,711703.75,663891.1,829555.9,71687.24,765295.0,771595.25,553928.06,600350.9,891124.1,976632.44,707886.94,713208.0,681106.6,738322.0,691871.25,743211.5625
5_1107_73,2023-10-01,0.0,0.0,39.62217037268114,-1038.612060546875,46224.184732307156,260437.2375984882,228809.98946773534,-61016.69622389814,22410.445684802573,391964.42862703465,391965.0808816147,372366.2071956829,22410.445684802573,1461.4804109228894,41.35641755314534,3514.4304,-883.0586,13337.617,18322.549,-393.90625,-2345.851,-61650.668,-38007.27,48822.168,71731.74,-6749.559,-0.0019570384,-0.002547192,0.0035063964314758778,0.0035063964314758778,0.0035063964314758778
5_1107_73,2023-11-01,0.0,0.0,39.62217037268114,102.06562805175781,82970.1419394454,24729.940143424777,-30088.851949894626,-88346.63361305816,22410.445684802573,391964.42862703465,391965.0808816147,372366.2071956829,22410.445684802573,1461.4804109228894,41.35641755314534,8081.8887,-11035.83,13227.804,-50679.15,1897.3125,3819.635,-65524.727,-52519.664,49651.324,69040.14,-8423.46,-0.00033126815,-0.014978557,0.0035063964314758778,0.0035063964314758778,0.0035063964314758778
5_1107_73,2023-12-01,0.0,0.0,39.62217037268114,-620.796630859375,112181.3736548012,74128.66997082805,-5062.263932556161,-115676.57100221816,22410.445684802573,391964.42862703465,391965.0808816147,372366.2071956829,22410.445684802573,1461.4804109228894,41.35641755314534,5360.4814,-1398.7385,13338.094,-119953.82,6486.375,11158.1,-50155.566,-22389.924,54036.004,64841.773,-8507.195,-0.00044494183,-0.007359303,0.0035063964314758778,12881.11328125,0.0035063964314758778
5_1107_73,2024-01-01,0.0,0.0,39.62217037268114,-105.49322509765625,135402.8685669666,-17898.134088854014,-181149.63532097085,-143006.50839137821,22410.445684802573,391964.42862703465,391965.0808816147,372366.2071956829,22410.445684802573,1461.4804109228894,41.35641755314534,2003.4006,-9953.917,13357.141,-109155.65,13581.656,14821.799,-35654.855,-30007.865,55635.15,90396.734,-8690.94,2.4047158e-05,-0.020448271,0.0035063964314758778,0.0035063964314758778,0.0035063964314758778
5_1107_99,2023-10-01,453881.4990619663,352728.2320691047,352742.0803567254,338445.78125,331490.11447581305,387786.8912257898,514666.9304848064,373984.04635268706,336928.7114931188,78113.62400911597,240942.8127805439,74207.94280866017,403271.47706782,436161.93119045836,354114.34573961847,357647.53,351103.84,425339.66,346649.97,381695.8,385044.38,245379.58,318598.47,460468.1,483232.03,347728.22,431584.75,339579.88,414781.46875,329242.875,345382.25
5_1107_99,2023-11-01,424933.8120099311,352728.2320691047,352742.0803567254,337472.84375,313653.9616011885,366701.19221061585,509466.2261418491,393655.8942787779,336928.7114931188,78113.62400911597,240942.8127805439,74207.94280866017,403271.47706782,436161.93119045836,354114.34573961847,359560.84,352759.9,430763.16,303483.28,385095.1,384071.06,276915.6,306650.6,439042.66,452247.7,350290.94,374192.2,338745.88,350224.0625,0.0030753319151699543,0.0030753319151699543
5_1107_99,2023-12-01,302597.5562313212,352728.2320691047,352742.0803567254,302087.25,298674.8398419483,296603.1958684713,511898.2305086317,413327.7422048687,336928.7114931188,78113.62400911597,240942.8127805439,74207.94280866017,403271.47706782,436161.93119045836,354114.34573961847,351426.34,326866.4,434495.06,167035.77,394013.47,391498.38,305766.12,322551.53,478763.28,513856.4,350639.97,367023.62,324151.97,292122.375,0.0030753319151699543,0.0030753319151699543
5_1107_99,2024-01-01,433332.38154506154,352728.2320691047,352742.0803567254,294335.75,286095.10416378186,492071.8828167048,765532.9981177229,432999.5901309595,336928.7114931188,78113.62400911597,240942.8127805439,74207.94280866017,403271.47706782,436161.93119045836,354114.34573961847,350338.66,323451.84,436701.44,143793.52,405700.44,396098.44,309904.62,333116.88,478783.88,550036.5,351542.9,400120.44,310125.22,311489.59375,0.0030753319151699543,0.0030753319151699543
5_1108_73,2023-10-01,0.0,0.0,8.139931562482506e-27,58669.92578125,74708.2893024722,174507.26451636822,449224.17087452,-20333.131248657068,48905.382751000725,605175.6089287931,848297.8217103572,574916.8284823535,48905.382751000725,3545.479213855184,8.210055436294327e-11,-193.3081,-4671.6904,24794.95,-36721.65,-755.3125,9123.698,-94039.305,-66219.125,83850.3,134710.16,-8239.8125,-0.0019570384,-0.002547192,0.005247213412076235,0.005247213412076235,0.005247213412076235
5_1108_73,2023-11-01,0.0,0.0,8.139931562482506e-27,-3236.587646484375,134557.21314134472,327283.44599397236,591985.3789179517,-40462.93118474403,48905.382751000725,605175.6089287931,848297.8217103572,574916.8284823535,48905.382751000725,3545.479213855184,8.210055436294327e-11,1540.8607,-20802.574,24566.918,-153957.77,-2555.625,-10324.007,-114636.88,-75503.164,44822.55,86535.39,-20012.055,-0.00033126815,-0.014978557,0.005247213412076235,0.005247213412076235,0.005247213412076235
5_1108_73,2023-12-01,0.0,0.0,8.139931562482506e-27,41051.8359375,182502.27677637342,513626.4289207482,753502.4038079347,-60592.731120831,48905.382751000725,605175.6089287931,848297.8217103572,574916.8284823535,48905.382751000725,3545.479213855184,8.210055436294327e-11,-5738.8403,-5738.224,24758.441,75492.28,-3945.2812,2324.8362,-85172.31,-60564.633,82457.42,112420.305,-13382.688,-0.00044494183,-0.007359303,0.005247213412076235,0.005247213412076235,0.005247213412076235
5_1108_73,2024-01-01,0.0,0.0,8.139931562482506e-27,5909.98779296875,220911.1399525213,-68245.58836691447,-1236.864205314234,-80722.53105691797,48905.382751000725,605175.6089287931,848297.8217103572,574916.8284823535,48905.382751000725,3545.479213855184,8.210055436294327e-11,-14787.112,-20010.035,24785.95,-187700.11,-3626.4688,-6738.8525,-89353.93,-72610.086,53741.71,86556.64,-17694.826,2.4047158e-05,-0.020448271,0.005247213412076235,0.005247213412076235,19276.185546875
5_1108_99,2023-10-01,629368.5350642394,715246.8531402472,778881.1840293452,853368.3125,601141.0482618206,740696.2826872049,792843.1440421143,867032.6902163541,529464.22919515,156288.53514768058,411480.01934208546,148474.10839029655,650819.5836360798,789268.775608037,779016.3086255295,731209.2,705134.2,829857.56,603492.9,784941.8,782275.3,502082.75,613234.75,948608.0,1093628.5,694484.2,583118.25,774328.75,592386.8125,663881.75,712396.1875
5_1108_99,2023-11-01,597178.6639051834,715246.8531402472,778881.1840293452,794550.6875,522515.9027750533,774869.1514708457,801270.5070121429,912787.07940526,529464.22919515,156288.53514768058,411480.01934208546,148474.10839029655,650819.5836360798,789268.775608037,779016.3086255295,728499.3,694748.3,840448.6,476220.56,795573.44,783459.1,576250.1,654893.06,977633.7,1028515.44,700212.9,698693.2,545475.75,625580.875,5106.78759765625,712396.1875
5_1108_99,2023-12-01,593423.9881339915,715246.8531402472,778881.1840293452,871181.3125,468338.8737500899,730716.9305588435,789305.0706337923,958541.4685941659,529464.22919515,156288.53514768058,411480.01934208546,148474.10839029655,650819.5836360798,789268.775608037,779016.3086255295,712797.9,670282.1,846560.56,172259.84,810428.6,791150.6,557193.06,664885.8,972860.06,1061231.5,697270.9,681552.06,179560.94,653668.1875,0.004865451715886593,704736.0625
5_1108_99,2024-01-01,1046877.5117009656,715246.8531402472,778881.1840293452,837414.8125,431007.9352087333,1098514.3447548784,1218944.8633345952,1004295.8577830718,529464.22919515,156288.53514768058,411480.01934208546,148474.10839029655,650819.5836360798,789268.775608037,779016.3086255295,710951.06,684264.4,849677.1,-169859.48,824355.4,795072.5,604182.6,639858.8,979362.2,1100500.6,699768.56,716534.3,-195101.62,668988.5625,0.004865451715886593,0.004865451715886593
5_1109_73,2023-10-01,0.0,0.0,0.00010402072867690378,257808.015625,249333.9203622425,407857.09442457743,717599.7363136087,-312901.1923307498,225543.13725822707,4064025.9917659657,4064021.4244033215,3860824.6921776673,225543.13725822707,14893.510533626468,0.00012268770156562958,32426.32,849.1802,118809.28,16798.541,-9882.25,-5387.372,-211713.3,-139863.5,121613.45,205446.19,-22931.922,-0.0019570384,-0.002547192,0.03529677167534828,0.03529677167534828,0.03529677167534828
5_1109_73,2023-11-01,0.0,0.0,0.00010402072867690378,-19662.802734375,474063.0800752428,-242655.29354328127,208309.36646093428,-596398.8186721306,225543.13725822707,4064025.9917659657,4064021.4244033215,3860824.6921776673,225543.13725822707,14893.510533626468,0.00012268770156562958,55078.89,-94962.07,117932.88,-584152.25,-13066.0,-13212.339,-191621.89,-150632.28,145214.38,194704.95,-37880.78,-0.00033126815,-0.014978557,0.03529677167534828,0.03529677167534828,0.03529677167534828
5_1109_73,2023-12-01,0.0,0.0,0.00010402072867690378,165676.640625,676615.5252136262,-135470.48613985302,65679.39377975208,-879896.4450135113,225543.13725822707,4064025.9917659657,4064021.4244033215,3860824.6921776673,225543.13725822707,14893.510533626468,0.00012268770156562958,16958.81,-3459.4856,118973.01,-720321.25,-13977.0,-10647.225,-196218.34,-107437.47,146512.0,175197.9,-23291.928,-0.00044494183,-0.007359303,0.03529677167534828,0.03529677167534828,0.03529677167534828
5_1109_73,2024-01-01,0.0,0.0,0.00010402072867690378,20199.37109375,859179.6974996512,-1643314.9668619528,-1724508.3575959601,-1163394.071354892,225543.13725822707,4064025.9917659657,4064021.4244033215,3860824.6921776673,225543.13725822707,14893.510533626468,0.00012268770156562958,-32787.992,-72345.55,119179.836,-1196059.9,-11731.0,5757.7144,-181511.88,-138886.3,134614.84,158300.89,-36625.754,2.4047158e-05,-0.020448271,0.03529677167534828,0.03529677167534828,0.03529677167534828
5_1109_99,2023-10-01,5202240.844538544,4937270.965755591,4712922.294788678,4766979.0,4504063.046397183,4170323.9901774283,3772218.4332167944,4992368.679730931,2545840.5531310667,605804.4437768456,2085159.354815112,575514.2215880033,3280593.801290319,4453903.301643652,4713565.83184347,4998334.5,4821422.5,4946338.0,3488318.0,4638324.0,4658831.0,3146294.5,3483438.5,5512104.0,5969779.0,4788997.0,4764483.5,3911254.5,3765716.75,5048158.5,4558499.0
5_1109_99,2023-11-01,6075898.871074148,4937270.965755591,4712922.294788678,4779977.5,4126925.250513655,4233632.409153022,3864151.4577077283,5254698.848584827,2545840.5531310667,605804.4437768456,2085159.354815112,575514.2215880033,3280593.801290319,4453903.301643652,4713565.83184347,4995719.0,4751733.5,4858910.0,2490771.8,4584166.5,4599542.0,3195500.2,3512577.8,5212009.5,5630192.0,4765546.0,4888148.5,3806173.5,3777375.25,5083134.5,4593474.5
5_1109_99,2023-12-01,3767688.563921086,4937270.965755591,4712922.294788678,4805384.5,3798600.419115059,4203149.622313313,3804589.1350617083,5517029.017438724,2545840.5531310667,605804.4437768456,2085159.354815112,575514.2215880033,3280593.801290319,4453903.301643652,4713565.83184347,4894444.5,4636702.0,4828749.0,1593944.5,4481252.0,4363726.5,3131021.2,3526296.5,5119918.5,5382222.0,4741147.5,4912190.0,3709759.5,3777375.25,5071476.0,4418596.0
5_1109_99,2024-01-01,3521904.7546499786,4937270.965755591,4712922.294788678,4820962.0,3512770.6876759757,5440534.114625155,5712614.594908703,5779359.186292619,2545840.5531310667,605804.4437768456,2085159.354815112,575514.2215880033,3280593.801290319,4453903.301643652,4713565.83184347,4872941.5,4694400.5,4817777.0,523170.8,4384146.0,4325241.5,3035226.0,3314071.5,5093137.0,5484901.5,4757180.5,4943280.0,3528430.2,3777375.25,5094793.0,4115473.25
5_1110_73,2023-10-01,0.0,0.0,1093.8278783728924,4855.5283203125,169950.93227703008,834613.8589036942,874619.0454363992,-82996.21655829891,46629.3986406571,802547.5605782897,802549.9831850419,762420.1825493751,46629.3986406571,2957.3227012293783,832.598337606453,4975.0776,-4950.326,28290.742,83406.63,-5037.4375,8759.281,-128347.18,-90854.305,95147.625,134322.64,-1949.4083,-0.0019570384,-0.002547192,0.007339547388255596,0.007339547388255596,111702.15625
5_1110_73,2023-11-01,0.0,0.0,1093.8278783728924,4342.09912109375,284926.3563161371,-102605.631201237,-21219.194667437434,-128999.57734145518,46629.3986406571,802547.5605782897,802549.9831850419,762420.1825493751,46629.3986406571,2957.3227012293783,832.598337606453,12139.596,-28538.512,28040.102,-186363.84,-3215.125,-1174.6978,-221396.27,-117784.78,116942.68,182157.94,-6101.621,-0.00033126815,-0.014978557,0.007339547388255596,0.007339547388255596,231107.890625
5_1110_73,2023-12-01,0.0,0.0,1093.8278783728924,4224.35302734375,362709.6785719054,-76746.33119094951,-23519.705206459912,-175002.93812461145,46629.3986406571,802547.5605782897,802549.9831850419,762420.1825493751,46629.3986406571,2957.3227012293783,832.598337606453,9090.794,-8417.878,28264.04,-253606.36,4140.75,-5408.065,-165609.7,-141049.84,114978.77,188165.3,-4299.387,-0.00044494183,-0.007359303,0.007339547388255596,0.007339547388255596,415994.1875
5_1110_73,2024-01-01,0.0,0.0,1093.8278783728924,3950.64453125,415331.7521298755,-409065.1726123458,-423844.2025419966,-221006.29890776775,46629.3986406571,802547.5605782897,802549.9831850419,762420.1825493751,46629.3986406571,2957.3227012293783,832.598337606453,4040.4475,-20056.688,28298.193,-120660.71,18060.688,12745.713,-221100.45,-78496.055,102300.336,133354.92,-6801.003,2.4047158e-05,-0.020448271,0.007339547388255596,0.007339547388255596,627843.125
5_1110_99,2023-10-01,681459.2667404326,881710.0987069708,871197.9457263704,756548.9375,752498.7373382997,739645.7798844707,825355.9550068161,919307.5315796538,546522.8932387673,112957.77013443685,395308.6584173904,107309.881627715,671169.4890477614,821398.3116910323,870461.1854063374,879930.7,863416.94,984159.4,938874.2,887105.44,898003.25,653043.06,738115.5,1101727.9,1168916.5,852071.5,856449.44,762712.75,794208.875,699220.4375,817955.9375
5_1110_99,2023-11-01,694362.3682711743,881710.0987069708,871197.9457263704,559908.6875,661351.5950055852,721281.9457533136,822740.9922382096,967664.9770697543,546522.8932387673,112957.77013443685,395308.6584173904,107309.881627715,671169.4890477614,821398.3116910323,870461.1854063374,885226.56,875170.7,993272.5,796524.06,912973.1,886556.9,686829.6,731175.44,1075452.0,1188997.6,857717.94,863707.8,760651.75,699220.4375,693943.3125,862811.625
5_1110_99,2023-12-01,671509.7355900467,881710.0987069708,871197.9457263704,542011.9375,591365.536866429,749438.7635016072,821311.07927015,1016022.4225598547,546522.8932387673,112957.77013443685,395308.6584173904,107309.881627715,671169.4890477614,821398.3116910323,870461.1854063374,862582.4,837702.56,998089.75,142677.53,931284.0,881603.75,636043.44,721168.9,1091103.8,1161489.6,857802.4,871555.1,705648.94,625340.5625,593677.6875,881281.625
5_1110_99,2024-01-01,671518.7266718743,881710.0987069708,871197.9457263704,442370.46875,537627.7211927572,1105149.8282734074,1250222.7414683823,1064379.8680499552,546522.8932387673,112957.77013443685,395308.6584173904,107309.881627715,671169.4890477614,821398.3116910323,870461.1854063374,862399.06,823568.9,1000336.25,-11734.607,944934.44,930832.4,647417.4,762997.4,1144837.9,1215152.4,860043.6,874594.44,624169.75,664919.0625,580484.875,907667.25
5_1111_73,2023-10-01,0.0,0.0,0.3236961169600592,7205.93310546875,47526.85026645864,-45477.549268602874,9591.699214048436,-51608.79827244536,40741.81322596774,777522.2474066557,706695.0398504232,738646.1350363229,40741.81322596774,2713.650090761884,0.3335748712464942,5167.024,444.24078,21554.58,20931.568,-4104.5625,-16897.646,-156080.77,-120386.21,63128.633,112886.91,-8740.425,-0.0019570384,-0.002547192,0.0062370821833610535,0.0062370821833610535,0.0062370821833610535
5_1111_73,2023-11-01,0.0,0.0,0.3236961169600592,89.02680969238281,88195.70137231686,485807.4701937522,467243.75287046866,-90726.47712001394,40741.81322596774,777522.2474066557,706695.0398504232,738646.1350363229,40741.81322596774,2713.650090761884,0.3335748712464942,8629.852,-11364.585,21380.334,-187545.66,-2909.0,1835.8022,-146210.69,-89210.5,83179.27,138472.16,-11732.997,-0.00033126815,-0.014978557,0.0062370821833610535,3273.230224609375,0.0062370821833610535
5_1111_73,2023-12-01,0.0,0.0,0.3236961169600592,4343.58349609375,122996.14451124967,23860.712005877576,21039.646496159636,-129844.15596758251,40741.81322596774,777522.2474066557,706695.0398504232,738646.1350363229,40741.81322596774,2713.650090761884,0.3335748712464942,3933.0854,5828.1665,21560.479,-6505.117,2558.9375,9322.128,-143581.53,-119604.46,110596.8,141324.73,-11327.155,-0.00044494183,-0.007359303,0.0062370821833610535,6546.4541015625,0.0062370821833610535
5_1111_73,2024-01-01,0.0,0.0,0.3236961169600592,1588.4400634765625,152774.97547733132,-108490.59474453819,-142302.39205690025,-168961.8348151511,40741.81322596774,777522.2474066557,706695.0398504232,738646.1350363229,40741.81322596774,2713.650090761884,0.3335748712464942,-851.77094,-2768.1018,21592.686,-250877.78,13099.0,28930.508,-96798.914,-70771.26,112565.34,159749.72,-11745.572,2.4047158e-05,-0.020448271,0.0062370821833610535,6546.4541015625,0.0062370821833610535
5_1111_99,2023-10-01,930451.0940076156,598056.193491554,596808.2944651914,626825.5,549564.2967316792,566477.0169712659,589469.5597308945,644672.6779994164,402807.5048881541,89981.33074990315,313655.384492831,85482.26421240799,499726.08675865066,609914.6015567591,596798.95051191,603479.44,591832.8,664041.06,394215.47,600555.56,600908.56,424856.47,492808.72,691311.9,708284.94,589357.25,598939.56,608174.5,607016.875,620131.4375,584534.75
5_1111_99,2023-11-01,611818.8424450111,598056.193491554,596808.2944651914,518053.3125,509508.81075303553,555127.7799065162,592501.1715419351,678339.9523234413,402807.5048881541,89981.33074990315,313655.384492831,85482.26421240799,499726.08675865066,609914.6015567591,596798.95051191,605750.75,591360.3,668183.2,339886.25,605176.94,587198.0,432853.34,484933.56,717727.25,754327.94,592305.4,597754.2,602030.75,620131.4375,646360.5,595775.75
5_1111_99,2023-12-01,855640.797661343,598056.193491554,596808.2944651914,544710.9375,476422.00524137856,471526.3772038879,595052.589048634,712007.2266474662,402807.5048881541,89981.33074990315,313655.384492831,85482.26421240799,499726.08675865066,609914.6015567591,596798.95051191,595987.7,563673.2,670250.7,270995.25,609425.44,608311.0,454807.0,491257.47,704295.9,724324.06,592780.2,598693.4,601411.8,625751.9375,636993.0,595775.75
5_1111_99,2024-01-01,586567.3891322888,598056.193491554,596808.2944651914,473498.90625,449091.4992639978,661374.2139244429,902768.8006138523,745674.5009714911,402807.5048881541,89981.33074990315,313655.384492831,85482.26421240799,499726.08675865066,609914.6015567591,596798.95051191,594542.0,562687.4,671172.06,213530.06,613288.7,640785.75,447002.47,499883.78,782846.0,816359.2,593615.06,600429.3,599512.6,636993.0,644487.0,592028.75
5_1112_73,2023-10-01,0.0,0.0,3.6853443541532935e-27,12384.4970703125,21375.536953086295,64460.95583559319,65591.71531407119,-19085.40221297918,22175.193215371313,356011.4524781465,384644.12386632134,338210.8798542391,22175.193215371313,1519.3283147051145,3.699866543696246e-11,3113.823,370.2127,11265.395,-2748.7444,-1083.4062,-1184.2467,-25207.373,-23671.902,15476.84,23680.047,-5466.918,-0.0019570384,-0.002547192,0.0031218347139656544,0.0031218347139656544,0.0031218347139656544
5_1112_73,2023-11-01,0.0,0.0,3.6853443541532935e-27,-397.83172607421875,40208.88255495179,162177.51088371934,144128.37906735128,-37979.95040382858,22175.193215371313,356011.4524781465,384644.12386632134,338210.8798542391,22175.193215371313,1519.3283147051145,3.699866543696246e-11,5027.8726,-7690.905,11180.859,-71604.234,-893.09375,233.03607,-24576.725,-19656.908,14773.163,20299.24,-8020.8306,-0.00033126815,-0.014978557,0.0031218347139656544,0.0031218347139656544,0.0031218347139656544
5_1112_73,2023-12-01,0.0,0.0,3.6853443541532935e-27,9254.1171875,56802.37947331078,149354.69539671764,97062.79884615677,-56874.49859467798,22175.193215371313,356011.4524781465,384644.12386632134,338210.8798542391,22175.193215371313,1519.3283147051145,3.699866543696246e-11,1790.0378,917.4426,11278.69,-31622.574,-237.5,-2253.831,-31523.844,-25676.613,17687.014,22026.297,-6452.13,-0.00044494183,-0.007359303,0.0031218347139656544,0.0031218347139656544,40958.51171875
5_1112_73,2024-01-01,0.0,0.0,3.6853443541532935e-27,1550.99365234375,71422.4127802085,-8715.155607917695,-121626.15531633735,-75769.04678552737,22175.193215371313,356011.4524781465,384644.12386632134,338210.8798542391,22175.193215371313,1519.3283147051145,3.699866543696246e-11,-2215.3037,-4655.957,11297.895,-131703.08,1005.46875,5347.1943,-18135.926,-12382.664,22067.45,34450.215,-7374.763,2.4047158e-05,-0.020448271,0.0031218347139656544,0.0031218347139656544,0.0031218347139656544
5_1112_99,2023-10-01,351407.44214863505,365975.69203384215,365973.99394098367,348411.375,342596.23132236785,352584.1817540064,334636.4924515965,386710.00979239284,223565.00919066268,51320.316781830974,178891.32079907446,48754.30094273942,281315.3845091348,359111.1450562895,365413.80358680355,370353.5,360752.06,389093.97,273219.75,360902.5,361413.5,265200.2,293405.78,445474.9,489456.97,360889.97,364600.88,352512.5,354816.1875,349643.96875,364126.25
5_1112_99,2023-11-01,412825.5221127464,365975.69203384215,365973.99394098367,342850.0625,321918.71771776443,359112.8349613728,329757.5627544083,406962.4225051805,223565.00919066268,51320.316781830974,178891.32079907446,48754.30094273942,281315.3845091348,359111.1450562895,365413.80358680355,370838.78,359027.12,387852.56,215215.86,359082.4,353754.75,198217.94,287094.2,427189.22,456693.53,361108.8,365277.44,352047.12,342402.8125,345506.15625,362057.34375
5_1112_99,2023-12-01,366227.44232501404,365975.69203384215,365973.99394098367,332697.25,303630.88917693245,342821.4418676784,332571.16406231734,427214.83521796827,223565.00919066268,51320.316781830974,178891.32079907446,48754.30094273942,281315.3845091348,359111.1450562895,365413.80358680355,363188.38,345519.7,387397.66,138201.56,356362.5,358138.03,234671.78,272285.0,414174.06,455387.78,360677.44,366032.16,349990.34,355850.65625,346540.625,370332.96875
5_1112_99,2024-01-01,356294.0951219178,365975.69203384215,365973.99394098367,326450.71875,287456.57155179925,465975.14220514137,497219.9656379941,447467.247930756,223565.00919066268,51320.316781830974,178891.32079907446,48754.30094273942,281315.3845091348,359111.1450562895,365413.80358680355,362175.94,347277.6,387221.22,72538.875,353634.03,354634.75,281651.8,294595.56,440309.94,470480.47,361598.72,366309.12,339628.22,346540.625,345506.15625,382746.34375
5_1113_73,2023-10-01,0.0,4.755900160569208e-67,243.30304676563992,329.265380859375,181963.4226618327,742230.3870611525,826824.5326434796,-77989.70066507663,64086.780847206006,970648.0486764259,1111629.7130299318,922115.6462426046,64086.780847206006,4331.623627717328,248.2570205808662,3426.3325,6100.6914,36444.56,133452.03,-4430.8125,-796.0823,-158966.5,-126075.28,105525.19,141742.31,-10719.807,-0.0019570384,-0.002547192,0.00857542920857668,0.00857542920857668,0.00857542920857668
5_1113_73,2023-11-01,0.0,4.755900160569208e-67,243.30304676563992,258.1106872558594,309987.73561532865,43852.63147967111,178705.47766729796,-125944.58214754576,64086.780847206006,970648.0486764259,1111629.7130299318,922115.6462426046,64086.780847206006,4331.623627717328,248.2570205808662,9137.529,-25110.154,36141.215,-73302.22,-8010.625,-8965.27,-183082.25,-123056.52,113622.17,140653.02,-14114.017,-0.00033126815,-0.014978557,0.00857542920857668,0.00857542920857668,0.00857542920857668
5_1113_73,2023-12-01,0.0,4.755900160569208e-67,243.30304676563992,303.76953125,400062.01794884383,300857.7731818721,264643.8134000089,-173899.46363001488,64086.780847206006,970648.0486764259,1111629.7130299318,922115.6462426046,64086.780847206006,4331.623627717328,248.2570205808662,-2259.85,3254.303,36440.75,-269364.28,-8801.75,16370.886,-127937.73,-96826.375,111756.734,141688.33,-14400.93,-0.00044494183,-0.007359303,0.00857542920857668,4500.39794921875,0.00857542920857668
5_1113_73,2024-01-01,0.0,4.755900160569208e-67,243.30304676563992,273.726318359375,463435.7330715716,-7795.585477740387,-287443.78614912735,-221854.345112484,64086.780847206006,970648.0486764259,1111629.7130299318,922115.6462426046,64086.780847206006,4331.623627717328,248.2570205808662,-16129.068,-16268.615,36491.977,-331029.6,-4649.1875,-5370.167,-212410.27,-165539.53,96405.75,129865.09,-14844.706,2.4047158e-05,-0.020448271,0.00857542920857668,0.00857542920857668,0.00857542920857668
5_1113_99,2023-10-01,1063840.0866768537,1001032.8845703834,1001045.9667223257,690435.5,937533.6211863097,962488.689201474,1660394.030060564,1058590.5672424305,1031172.3529301028,267438.0669768562,710258.5069526741,254066.1636280134,1206949.7241044792,1186824.1112675853,1002340.5771131237,1019342.3,985512.2,1239194.9,1218879.4,1047382.6,1035301.6,543684.1,807726.2,1269793.6,1351395.1,1008109.5,1613229.0,1036354.5,1128943.5,982598.9375,946012.8125
5_1113_99,2023-11-01,1130146.6178306134,1001032.8845703834,1001045.9667223257,825649.5,888028.7793534172,880690.6185869131,1664483.9070498678,1114278.8131294418,1031172.3529301028,267438.0669768562,710258.5069526741,254066.1636280134,1206949.7241044792,1186824.1112675853,1002340.5771131237,1031553.5,1011516.7,1248777.2,968307.6,1070666.4,1078772.5,828852.6,869823.56,1306480.4,1387254.8,1002887.25,1168563.5,1034328.2,1060997.75,987825.5,26132.958984375
5_1113_99,2023-12-01,1046584.4024333869,1001032.8845703834,1001045.9667223257,612943.25,849434.1684194837,793701.3845193221,1678777.1540652106,1169967.0590164529,1031172.3529301028,267438.0669768562,710258.5069526741,254066.1636280134,1206949.7241044792,1186824.1112675853,1002340.5771131237,1008792.9,919344.94,1256546.5,116234.0,1107146.2,1099089.8,800768.75,903271.25,1337070.4,1446545.1,997423.1,1112139.9,998115.1,1055771.25,977372.3125,5226.60009765625
5_1113_99,2024-01-01,2016750.9030897322,1001032.8845703834,1001045.9667223257,617024.3125,819345.3137137203,1394369.3829888103,2497474.4984531794,1225655.3049034642,1031172.3529301028,267438.0669768562,710258.5069526741,254066.1636280134,1206949.7241044792,1186824.1112675853,1002340.5771131237,1009196.8,901604.75,1261496.9,70590.55,1151976.0,1145747.8,840543.7,882338.3,1395295.6,1518065.0,1003880.4,1367724.6,986003.7,1055771.25,977372.3125,0.009959193877875805
5_1114_99,2023-10-01,239442.3992581239,242644.12349692057,242645.6667478667,238015.078125,227702.77635464887,239899.70424600304,223143.22738432424,256422.04571651385,154824.90395264424,35264.7882662176,122925.31275667448,33501.548852906715,194611.39251868756,247429.282609792,242797.84492924137,245526.5,239891.62,261214.14,206837.0,243751.83,243604.94,150054.47,182468.08,297750.28,319400.44,240280.81,237297.22,243975.58,242461.625,240315.9375,232448.46875
5_1114_99,2023-11-01,344042.8470236748,242644.12349692057,242645.6667478667,237939.296875,214368.1528516218,240996.70383098072,224884.9576681048,269910.09148884047,154824.90395264424,35264.7882662176,122925.31275667448,33501.548852906715,194611.39251868756,247429.282609792,242797.84492924137,245884.6,238957.6,261134.9,153497.44,241861.77,241580.31,185626.6,205043.14,284665.4,306028.97,240906.94,241711.06,241961.73,253190.0,256766.15625,234594.140625
5_1114_99,2023-12-01,251280.05759229884,242644.12349692057,242645.6667478667,232106.921875,202467.47332959797,229639.27048932522,228862.04699156366,283398.13726116705,154824.90395264424,35264.7882662176,122925.31275667448,33501.548852906715,194611.39251868756,247429.282609792,242797.84492924137,240468.0,229823.58,261136.55,88465.44,240432.19,242163.56,194357.06,210426.06,291135.38,306734.2,240756.4,241385.7,237886.16,255335.703125,258196.59375,234594.140625
5_1114_99,2024-01-01,257376.91017957212,242644.12349692057,242645.6667478667,230881.703125,191846.5380588146,317167.4681296977,342071.98836165515,296886.18303349364,154824.90395264424,35264.7882662176,122925.31275667448,33501.548852906715,194611.39251868756,247429.282609792,242797.84492924137,239932.89,231220.78,261140.8,41900.44,239098.73,239809.23,176088.86,197965.64,292955.28,315763.8,241383.89,242713.45,235075.83,256050.921875,258196.59375,235309.359375
5_1115_73,2023-10-01,0.0,91287.10170021196,92880.21712048544,150091.90625,470664.6898039967,148348.77780180812,349675.0235196818,47024.101866928686,91307.54593997402,1065966.2737244582,1477760.5617689586,1012667.9600382352,91307.54593997402,7315.354162546665,91306.68740827612,-705.57825,-9581.165,44456.62,275352.75,-6124.3125,-2602.7695,-191870.73,-135989.72,88540.766,145671.6,-48800.453,-0.0019570384,-0.002547192,0.00871123094111681,0.00871123094111681,0.00871123094111681
5_1115_73,2023-11-01,0.0,91287.10170021196,92880.21712048544,156480.109375,586078.5344958479,633297.7130574366,838793.661319776,-4191.180607496703,91307.54593997402,1065966.2737244582,1477760.5617689586,1012667.9600382352,91307.54593997402,7315.354162546665,91306.68740827612,1283.5276,-17567.93,43945.355,-309261.44,-8254.375,10462.942,-136738.38,-82529.66,101411.86,151516.77,-77198.11,-0.00033126815,-0.014978557,0.00871123094111681,0.00871123094111681,0.00871123094111681
5_1115_73,2023-12-01,0.0,91287.10170021196,92880.21712048544,149636.828125,614379.692061124,143098.75103615347,265384.149451239,-55406.46308192186,91307.54593997402,1065966.2737244582,1477760.5617689586,1012667.9600382352,91307.54593997402,7315.354162546665,91306.68740827612,-8481.202,-5366.5415,44231.695,-252996.28,-5949.1875,9737.648,-164916.1,-90643.67,113302.73,186057.9,-52321.246,-0.00044494183,-0.007359303,54859.90625,0.00871123094111681,0.00871123094111681
5_1115_73,2024-01-01,0.0,91287.10170021196,92880.21712048544,145488.65625,621319.548554711,1304059.1545635094,1091641.7507734385,-106621.7455563473,91307.54593997402,1065966.2737244582,1477760.5617689586,1012667.9600382352,91307.54593997402,7315.354162546665,91306.68740827612,-16242.529,-22135.04,44245.19,-499520.56,2477.0,216.969,-152850.25,-119168.445,128257.8,152628.77,-62809.37,2.4047158e-05,-0.020448271,0.00871123094111681,0.00871123094111681,0.00871123094111681
5_1115_99,2023-10-01,1607284.4491477648,925545.4646949486,906512.4611140536,925750.5,674811.829067594,749736.3005166914,961291.1823604477,1155352.4756725812,621632.5373962928,252307.78428261596,521580.07515811996,239692.39506848514,764996.688947611,997460.2149876554,907026.6444507847,1245934.6,1161187.9,1355334.4,341717.5,1172001.2,1168296.1,845919.56,927719.06,1456494.4,1586139.9,1197951.1,1180222.6,834873.4,817934.5625,1217677.0,774885.375
5_1115_99,2023-11-01,1548668.8893893063,925545.4646949486,906512.4611140536,947638.375,501691.51651849685,816214.0215393335,951491.9721737264,1221937.233212755,621632.5373962928,252307.78428261596,521580.07515811996,239692.39506848514,764996.688947611,997460.2149876554,907026.6444507847,1231401.6,1116527.9,1365340.4,291687.84,1236811.2,1252583.5,879014.44,979360.2,1447780.6,1568482.1,1190420.8,1193366.8,824058.6,0.005859258584678173,6291331.0,787185.125
5_1115_99,2023-12-01,1541067.828812281,925545.4646949486,906512.4611140536,954493.1875,445923.76389021246,776908.2929729961,961610.3448214021,1288521.9907529294,621632.5373962928,252307.78428261596,521580.07515811996,239692.39506848514,764996.688947611,997460.2149876554,907026.6444507847,1216568.1,1099808.6,1370599.5,95486.16,1275757.2,1221287.2,902633.9,946701.1,1527849.0,1760170.0,1180414.5,1214256.8,828746.75,0.005859258584678173,6291331.0,784110.1875
5_1115_99,2024-01-01,748355.6128620806,925545.4646949486,906512.4611140536,965803.625,427959.13462507346,1193811.7833087293,1462577.7659685006,1355106.7482931032,621632.5373962928,252307.78428261596,521580.07515811996,239692.39506848514,764996.688947611,997460.2149876554,907026.6444507847,1225809.8,1138068.6,1372970.5,-648070.9,1300238.6,1290038.0,930617.25,1087358.5,1562814.9,1660570.4,1189886.2,1220637.4,843985.9,0.005859258584678173,6291331.0,6291331.0
5_1116_2,2023-10-01,0.0,0.0,2.7305525259234742e-17,-111.75574493408203,125.56167798040559,463.76537525487026,1533.847880097283,2.726650006968778e-07,549.3362371718,187.74212495252272,936.1903084802829,178.35501870489657,433.9511022353321,73.23561021627303,7.415486197414558e-06,-13.12174,-11.481099,56.325394,547.7398,11.092984,6.4041367,-125.87571,-97.67005,128.85722,157.93298,-17.911907,-0.0019570384,43.137756,7.266488864843268e-06,7.266488864843268e-06,7.266488864843268e-06
5_1116_2,2023-11-01,0.0,0.0,2.7305525259234742e-17,4.564155101776123,213.947414385991,612.7000403117368,1627.2903310863858,2.726650006968778e-07,549.3362371718,187.74212495252272,936.1903084802829,178.35501870489657,433.9511022353321,73.23561021627303,7.415486197414558e-06,-6.026967,-9.20244,55.603363,786.6299,20.530722,22.379509,-150.4226,-86.466446,132.90082,210.12462,0.025109772,-0.00033126815,26.684021,7.266488864843268e-06,7.266488864843268e-06,7.266488864843268e-06
5_1116_2,2023-12-01,0.0,0.0,2.7305525259234742e-17,-84.27198028564453,276.1641553981391,1040.2782683641196,2066.691451014003,2.726650006968778e-07,549.3362371718,187.74212495252272,936.1903084802829,178.35501870489657,433.9511022353321,73.23561021627303,7.415486197414558e-06,-9.244498,-12.258397,55.930073,-302.83975,30.767548,37.646187,-81.89028,-53.94543,188.21849,234.87723,-3.8112998,-0.00044494183,1.0280151,7.266488864843268e-06,7.266488864843268e-06,7.266488864843268e-06
5_1116_2,2024-01-01,0.0,0.0,2.7305525259234742e-17,-13.375408172607422,319.9599421346977,1458.3387034127172,2136.989364591509,2.726650006968778e-07,549.3362371718,187.74212495252272,936.1903084802829,178.35501870489657,433.9511022353321,73.23561021627303,7.415486197414558e-06,-2.1412404,-6.365717,55.93615,-1203.3938,40.835026,58.91232,-80.779594,-42.318226,158.1909,196.85298,-1.6732571,2.4047158e-05,-3.2216187,7.266488864843268e-06,7.266488864843268e-06,7.266488864843268e-06
5_1116_73,2023-10-01,0.0,0.0,1.6814896887585666,11944.5478515625,95370.776946945,295522.96911491815,343970.5735826474,-102971.75530396092,63876.507991495644,1132881.9537461784,1132881.716360538,1076237.8560588695,63876.507991495644,4231.63352371805,1.64269485270196,9533.38,-850.7262,35330.895,15541.046,7040.6875,-166.23828,-116684.1,-85529.26,90479.99,148453.08,-26279.701,-0.0019570384,-0.002547192,0.009874578565359116,0.009874578565359116,0.009874578565359116
5_1116_73,2023-11-01,0.0,0.0,1.6814896887585666,-385.1777648925781,177873.7796188182,-127807.61878384164,-46601.812552807474,-173112.21345985594,63876.507991495644,1132881.9537461784,1132881.716360538,1076237.8560588695,63876.507991495644,4231.63352371805,1.64269485270196,19026.623,-27882.064,35060.836,-115961.016,18058.125,15543.345,-116783.29,-64401.523,100725.19,133401.19,-30609.246,-0.00033126815,-0.014978557,0.009874578565359116,0.009874578565359116,124372.421875
5_1116_73,2023-12-01,0.0,0.0,1.6814896887585666,7635.52685546875,249245.17521583353,-766.1061522897799,60040.179993975034,-243252.67161575097,63876.507991495644,1132881.9537461784,1132881.716360538,1076237.8560588695,63876.507991495644,4231.63352371805,1.64269485270196,9114.574,-3926.0244,35364.848,-254707.9,33986.562,29037.824,-79393.2,-49564.324,112505.12,151301.69,-30458.676,-0.00044494183,-0.007359303,0.009874578565359116,1093440.75,160647.703125
5_1116_73,2024-01-01,0.0,0.0,1.6814896887585666,1886.6705322265625,310986.88090531935,-355859.4469451671,-465139.31875657046,-313393.12977164594,63876.507991495644,1132881.9537461784,1132881.716360538,1076237.8560588695,63876.507991495644,4231.63352371805,1.64269485270196,-4813.22,-27654.428,35422.887,-319921.16,54592.125,71653.2,-53645.957,-4644.0396,164820.89,203284.55,-30801.12,2.4047158e-05,-0.020448271,0.009874578565359116,1093440.75,155465.53125
5_1116_99,2023-10-01,1220662.5359132802,1290406.3576497186,1255322.1281744582,1170086.125,1177827.6235536397,1199090.7080050833,1120299.9873887652,1325602.5017414275,751801.7230432442,167612.01726654728,584259.5139499397,159231.41640321992,949622.3684452241,1208986.3763742917,1255630.0141685691,1301789.1,1271546.1,1365460.6,839763.2,1230173.0,1220036.5,823159.3,982472.3,1475032.1,1621686.2,1256326.8,1303253.9,1139366.8,1118282.375,1282018.5,1180989.875
5_1116_99,2023-11-01,1385875.4627111924,1290406.3576497186,1255322.1281744582,992556.0,1080795.5130528682,1240612.8374474281,1118320.9555467428,1394780.5207452434,751801.7230432442,167612.01726654728,584259.5139499397,159231.41640321992,949622.3684452241,1208986.3763742917,1255630.0141685691,1305677.0,1265450.6,1359556.1,678730.3,1238653.9,1242519.6,822082.6,924015.9,1501754.9,1614525.6,1252098.0,1287513.0,1139844.9,1139185.0,1153119.875,1104347.375
5_1116_99,2023-12-01,1303022.643670161,1290406.3576497186,1255322.1281744582,970402.5,997163.1064191372,1200359.868845237,1127105.5481020324,1463958.5397490596,751801.7230432442,167612.01726654728,584259.5139499397,159231.41640321992,949622.3684452241,1208986.3763742917,1255630.0141685691,1282204.6,1216788.8,1357386.1,523574.16,1234183.0,1228650.8,837448.8,965355.94,1474812.5,1542386.5,1248325.4,1299015.9,1134148.4,1114798.625,1118282.375,971965.0625
5_1116_99,2024-01-01,1555682.8323229915,1290406.3576497186,1255322.1281744582,848870.5,925079.9640114071,1571713.6119087993,1666565.589634754,1533136.5587528758,751801.7230432442,167612.01726654728,584259.5139499397,159231.41640321992,949622.3684452241,1208986.3763742917,1255630.0141685691,1276980.4,1216625.1,1356544.1,387140.97,1227887.5,1227348.5,939359.9,1021479.5,1472585.5,1562917.5,1251463.5,1321533.9,1060838.8,1170538.625,1059058.75,940611.375
5_1151_99,2023-10-01,22645.837799093417,22645.837799093417,22645.837799093417,22451.150390625,21316.747768418056,21960.14070303503,20269.05255602925,23916.882427697354,13768.511031171418,3137.472705252697,10936.543669430615,2980.5990699900617,17439.070398264965,22557.377495190707,22645.837799093417,22942.684,22339.656,23944.535,18555.268,22406.418,22158.523,15977.754,17067.123,25720.926,27409.861,22498.72,22645.836,22645.836,22642.677734375,22642.677734375,22642.677734375
5_1151_99,2023-11-01,22645.837799093417,22645.837799093417,22645.837799093417,22430.9921875,20124.60628617101,22122.974223322824,20519.979705994145,25175.216610015254,13768.511031171418,3137.472705252697,10936.543669430615,2980.5990699900617,17439.070398264965,22557.377495190707,22645.837799093417,22978.486,22200.01,23837.508,13371.963,22170.889,22212.459,15963.97,17430.615,24704.521,25824.469,22511.604,22645.838,22645.822,22642.677734375,22642.677734375,22642.677734375
5_1151_99,2023-12-01,22645.837799093417,22645.837799093417,22645.837799093417,22277.130859375,19055.302265455408,21257.07564207885,20219.232986484836,26433.550792333153,13768.511031171418,3137.472705252697,10936.543669430615,2980.5990699900617,17439.070398264965,22557.377495190707,22645.837799093417,22497.262,21426.447,23797.389,8320.51,21931.82,22087.816,17012.348,17762.385,27615.725,29267.066,22467.574,22645.838,22645.83,22642.677734375,22642.677734375,22642.677734375
5_1151_99,2024-01-01,22645.837799093417,22645.837799093417,22645.837799093417,22230.384765625,18096.17861633672,28674.06841181598,30413.640187317535,27691.884974651053,13768.511031171418,3137.472705252697,10936.543669430615,2980.5990699900617,17439.070398264965,22557.377495190707,22645.837799093417,22444.031,21592.93,23781.857,4055.1526,21707.896,21450.863,15603.585,17371.295,25326.293,25829.86,22538.658,22645.838,22645.818,22642.677734375,22642.677734375,22642.677734375
5_1201_73,2023-10-01,0.0,0.0,6.438314133476752e-27,-39548.75,80892.43066250387,550918.4698039301,550473.365394396,-35461.794511605345,52830.69174682164,826930.9495350493,916385.0318166278,785584.4020582967,52830.69174682164,3538.0236409069457,6.531749705028237e-11,3656.8904,-1468.3807,28337.29,-25517.049,-5085.4375,-4810.1904,-240813.69,-139738.03,89334.836,132234.61,-6837.388,-0.0019570384,-0.002547192,0.006813733838498592,0.006813733838498592,0.006813733838498592
5_1201_73,2023-11-01,0.0,0.0,6.438314133476752e-27,2156.05810546875,148368.8938664776,589285.9045235096,593078.0684482753,-70568.97107809468,52830.69174682164,826930.9495350493,916385.0318166278,785584.4020582967,52830.69174682164,3538.0236409069457,6.531749705028237e-11,8174.32,-17877.639,28087.303,-177556.4,-7598.1875,-15706.18,-144749.27,-86792.07,79271.38,108751.61,-15636.929,-0.00033126815,-0.014978557,0.006813733838498592,0.006813733838498592,0.006813733838498592
5_1201_73,2023-12-01,0.0,0.0,6.438314133476752e-27,-27780.447265625,204654.42082156887,688906.6493186228,656769.8252145709,-105676.14764458398,52830.69174682164,826930.9495350493,916385.0318166278,785584.4020582967,52830.69174682164,3538.0236409069457,6.531749705028237e-11,1404.7698,2307.6218,28312.262,36414.445,-6964.875,-2067.2783,-144121.19,-118861.945,73195.23,105864.84,-11740.024,-0.00044494183,-0.007359303,0.006813733838498592,615046.375,0.006813733838498592
5_1201_73,2024-01-01,0.0,0.0,6.438314133476752e-27,-4018.087646484375,251605.02247114884,-108893.81617906272,-198292.37876881243,-140783.3242110733,52830.69174682164,826930.9495350493,916385.0318166278,785584.4020582967,52830.69174682164,3538.0236409069457,6.531749705028237e-11,-5916.3286,-13396.725,28347.219,-286661.62,-1660.3125,6512.885,-134161.75,-84457.89,92113.11,137736.31,-13350.178,2.4047158e-05,-0.020448271,0.006813733838498592,611470.5,0.006813733838498592
5_1201_99,2023-10-01,778980.1366749571,683395.9457660905,683391.7848459665,635380.8125,620588.632980733,688277.6559503286,719007.1406488081,721309.4402852149,498941.33410666493,107493.39547928935,374698.89243662584,102118.72570532488,603571.8637985104,694819.4488814418,682981.1668234349,691718.25,674783.94,785859.7,508583.6,691927.25,682635.25,483922.5,540346.0,828481.7,883597.1,673736.7,680736.94,679454.5,680129.5,656676.6875,666057.8125
5_1201_99,2023-11-01,1332911.6969895426,683395.9457660905,683391.7848459665,632833.0625,568633.458551022,634571.0486302988,731493.6146730364,759254.2268589546,498941.33410666493,107493.39547928935,374698.89243662584,102118.72570532488,603571.8637985104,694819.4488814418,682981.1668234349,694257.4,679029.9,795186.3,636449.5,708139.6,722398.6,524648.5,554670.5,829502.94,868171.75,679562.06,682058.25,683716.06,684820.0625,701236.9375,680129.5
5_1201_99,2023-12-01,716816.6960273405,683395.9457660905,683391.7848459665,602598.0625,525655.3397570113,535165.3434845775,709920.000071334,797199.0134326944,498941.33410666493,107493.39547928935,374698.89243662584,102118.72570532488,603571.8637985104,694819.4488814418,682981.1668234349,677454.7,646232.44,800398.4,400982.22,723708.4,718955.1,513965.2,560337.25,899690.94,957909.1,679909.06,683475.3,686044.0,680129.5,656676.6875,661367.25
5_1201_99,2024-01-01,991167.8695891766,683395.9457660905,683391.7848459665,594642.25,490103.1793543737,830239.0140008949,1105251.8734648016,835143.8000064342,498941.33410666493,107493.39547928935,374698.89243662584,102118.72570532488,603571.8637985104,694819.4488814418,682981.1668234349,676330.7,644734.3,802974.7,286486.66,738481.0,740714.4,585582.6,630611.3,891523.0,943941.0,681755.94,683990.3,679395.8,684820.0625,691855.875,0.004468886647373438
5_1202_73,2023-10-01,0.0,0.0,8.777687869210036e-27,-33276.00390625,94141.61091065174,560973.4161454953,894685.5953932528,-48555.827761803615,73458.03572750704,1151259.050839089,1274180.6359442251,1093696.0982971345,73458.03572750704,4789.9496770874875,8.897389555321055e-11,3458.2407,-657.2832,40430.754,-16580.725,-4744.1875,-1423.2218,-353660.03,-202734.39,95115.17,139773.92,-9230.133,-0.0019570384,-0.002547192,0.009585846215486526,0.009585846215486526,0.009585846215486526
5_1202_73,2023-11-01,0.0,0.0,8.777687869210036e-27,1460.3863525390625,175367.33637095452,248074.94111603475,632771.7715157447,-96626.09724598924,73458.03572750704,1151259.050839089,1274180.6359442251,1093696.0982971345,73458.03572750704,4789.9496770874875,8.897389555321055e-11,9073.421,-35340.01,40084.62,-186914.58,-8668.9375,-13870.6045,-148925.78,-134142.34,110111.52,162432.81,-21628.023,-0.00033126815,-0.014978557,0.009585846215486526,0.009585846215486526,0.009585846215486526
5_1202_73,2023-12-01,0.0,0.0,8.777687869210036e-27,-24141.54296875,245449.1887286135,459265.19404959865,825531.2288793338,-144696.36673017486,73458.03572750704,1151259.050839089,1274180.6359442251,1093696.0982971345,73458.03572750704,4789.9496770874875,8.897389555321055e-11,-3273.5723,-5810.3125,40411.23,2920.7502,-9690.4375,-25260.498,-210130.19,-156185.02,108279.3,162655.67,-14864.244,-0.00044494183,-0.007359303,0.009585846215486526,0.009585846215486526,5030.66650390625
5_1202_73,2024-01-01,0.0,0.0,8.777687869210036e-27,-3755.989501953125,305916.0667041273,-532117.5690759139,-325792.1690541166,-192766.63621436048,73458.03572750704,1151259.050839089,1274180.6359442251,1093696.0982971345,73458.03572750704,4789.9496770874875,8.897389555321055e-11,-22057.42,-28824.744,40464.668,-256455.86,-5429.875,-15114.265,-245852.92,-192774.52,98808.266,121884.7,-21107.453,2.4047158e-05,-0.020448271,0.009585846215486526,0.009585846215486526,80490.5234375
5_1202_99,2023-10-01,844613.2357998318,845461.0948161714,845462.0921893397,796014.9375,776636.36391427,877441.1848936894,1009626.9296571194,893020.6315400075,679369.7942623383,151382.43838734942,527685.6466628043,143813.31646798193,809409.5658942336,895563.0448499441,845568.730912765,854437.7,834979.5,996176.06,814954.7,871490.8,872185.75,594102.06,703116.4,1059743.9,1216335.8,836575.25,823104.7,880207.4,623309.875,824587.0,753166.125
5_1202_99,2023-11-01,1612747.4304661946,845461.0948161714,845462.0921893397,807456.25,719575.7638663194,772453.7938528085,1001201.2163858272,939998.0798906101,679369.7942623383,151382.43838734942,527685.6466628043,143813.31646798193,809409.5658942336,895563.0448499441,845568.730912765,861567.4,845639.7,1009826.1,923869.25,892254.2,915022.1,666769.1,722428.6,1058386.9,1124737.1,846225.9,840818.9,885028.3,0.006185980513691902,821340.625,753166.125
5_1202_99,2023-12-01,834978.3925134109,845461.0948161714,845462.0921893397,764649.625,672268.4655279804,659364.653968083,999627.2832933972,986975.5282412127,679369.7942623383,151382.43838734942,527685.6466628043,143813.31646798193,809409.5658942336,895563.0448499441,845568.730912765,838549.56,799749.2,1018247.2,409606.38,916734.6,906642.06,695908.56,731250.44,1089331.0,1158170.0,846283.75,840582.9,888269.75,0.006185980513691902,824587.0,740180.4375
5_1202_99,2024-01-01,847586.5865602084,845461.0948161714,845462.0921893397,764757.625,633047.3484315609,1102218.908004577,1533531.4679138057,1033952.9765918152,679369.7942623383,151382.43838734942,527685.6466628043,143813.31646798193,809409.5658942336,895563.0448499441,845568.730912765,839238.9,793627.9,1022784.2,233832.03,942429.06,927880.4,687290.94,758031.94,1100930.4,1146333.9,849435.8,845808.7,915811.94,0.006185980513691902,824587.0,736934.0625
5_1203_73,2023-10-01,0.0,0.0,1.152547809310052e-09,38625.3125,63792.60025316948,532940.4452409872,519945.15120288817,-30153.513513355145,47559.45797526682,757947.7034916286,824951.8219202278,720050.3183170472,47559.45797526682,3317.302958977302,3.2994191580515367e-10,4935.59,-2222.6155,24609.686,70018.336,-4365.5625,-444.29858,-154619.8,-88829.836,96825.82,141635.9,-8238.16,-0.0019570384,-0.002547192,0.006062551401555538,0.006062551401555538,0.006062551401555538
5_1203_73,2023-11-01,0.0,0.0,1.152547809310052e-09,-1525.59765625,115473.01324628125,655896.7122626305,625273.034818677,-60005.49189157679,47559.45797526682,757947.7034916286,824951.8219202278,720050.3183170472,47559.45797526682,3317.302958977302,3.2994191580515367e-10,9219.657,-18417.021,24400.838,-204070.4,-6898.75,-23717.316,-120065.22,-89801.21,61559.68,82308.69,-11099.975,-0.00033126815,-0.014978557,0.006062551401555538,0.006062551401555538,0.006062551401555538
5_1203_73,2023-12-01,0.0,0.0,1.152547809310052e-09,28320.78515625,157340.9583768906,382691.5526431231,308671.9830027738,-89857.47026979845,47559.45797526682,757947.7034916286,824951.8219202278,720050.3183170472,47559.45797526682,3317.302958977302,3.2994191580515367e-10,4863.4487,520.2731,24600.875,-29209.854,-6884.9375,-3214.7402,-113251.71,-99047.4,94565.1,206689.55,-10897.747,-0.00044494183,-0.007359303,0.006062551401555538,0.006062551401555538,0.006062551401555538
5_1203_73,2024-01-01,0.0,0.0,1.152547809310052e-09,4533.509765625,191259.51142122006,234125.95230914775,43362.59263572209,-119709.44864802009,47559.45797526682,757947.7034916286,824951.8219202278,720050.3183170472,47559.45797526682,3317.302958977302,3.2994191580515367e-10,451.2121,-10834.186,24634.295,-201649.56,-2902.375,-2721.6284,-184946.5,-141288.08,62585.914,79353.27,-10523.655,2.4047158e-05,-0.020448271,0.006062551401555538,0.006062551401555538,0.006062551401555538
5_1203_99,2023-10-01,685614.9447611341,685471.087451893,686246.5993214878,676861.8125,622824.3268099767,646606.0178862235,807319.3693751363,731136.1629894587,514519.2661124701,133466.06157682254,385520.4823287536,126792.75849798141,626973.4435096438,720231.1085213379,686218.709432182,695203.06,677466.4,785871.7,565378.56,693611.6,678666.6,513685.62,549625.1,804721.7,837566.94,685952.8,828383.75,687492.5,683080.875,658331.625,683080.875
5_1203_99,2023-11-01,688405.776560411,685471.087451893,686246.5993214878,680924.9375,571458.7492857001,611216.4574511598,812801.4306328064,769347.4978396066,514519.2661124701,133466.06157682254,385520.4823287536,126792.75849798141,626973.4435096438,720231.1085213379,686218.709432182,696823.7,680568.44,794919.94,467043.12,703373.94,705829.44,478770.78,556856.06,837888.4,886355.7,684186.8,724413.0,684255.06,702880.3125,658331.625,678131.0625
5_1203_99,2023-12-01,685151.0049388317,685471.087451893,686246.5993214878,671430.5625,529342.8836388957,536500.3683595071,804908.093306381,807558.8326897545,514519.2661124701,133466.06157682254,385520.4823287536,126792.75849798141,626973.4435096438,720231.1085213379,686218.709432182,684285.0,639471.1,799903.3,234767.58,715250.6,725298.0,553173.1,593462.9,845069.0,878896.7,683613.0,711668.06,676839.75,668231.3125,660806.5625,678131.0625
5_1203_99,2024-01-01,682557.9769397613,685471.087451893,686246.5993214878,672744.6875,494811.0780081429,808023.883191816,1194935.8126912774,845770.1675399025,514519.2661124701,133466.06157682254,385520.4823287536,126792.75849798141,626973.4435096438,720231.1085213379,686218.709432182,682578.06,639329.6,802344.0,96263.8,727804.5,720533.44,528027.3,560600.3,853612.9,947148.8,686189.56,772476.25,678890.44,705355.25,665756.375,673181.1875
5_1204_73,2023-10-01,0.0,0.0,0.002923509267049252,-5078.28271484375,33956.963233507704,32453.879158909956,67719.96670758989,-32800.859521936356,34042.33826502629,587047.4933564335,587047.3946210569,557695.1186886118,34042.33826502629,2220.8346453823397,0.0018898869649268764,4687.0527,388.96967,18620.633,14233.912,-1715.4375,5354.922,-132087.14,-68535.59,55416.625,90942.4,-5249.806,-0.0019570384,-0.002547192,0.004857849795371294,0.004857849795371294,0.004857849795371294
5_1204_73,2023-11-01,0.0,0.0,0.002923509267049252,-90.9173355102539,62910.16749071688,361632.14509965345,398825.1327608961,-60931.9082781343,34042.33826502629,587047.4933564335,587047.3946210569,557695.1186886118,34042.33826502629,2220.8346453823397,0.0018898869649268764,7983.3496,-11711.619,18473.268,-162597.5,812.03125,-5422.4463,-113226.61,-77924.016,62752.82,96895.164,-7802.2173,-0.00033126815,-0.014978557,0.004857849795371294,0.004857849795371294,0.004857849795371294
5_1204_73,2023-12-01,0.0,0.0,0.002923509267049252,-4187.9296875,87596.94619336832,14357.283345810516,41583.64795689867,-89062.95703433226,34042.33826502629,587047.4933564335,587047.3946210569,557695.1186886118,34042.33826502629,2220.8346453823397,0.0018898869649268764,3918.7017,4003.7964,18630.654,-18614.348,6853.7188,19602.734,-77527.13,-53676.176,97984.93,116951.414,-7347.942,-0.00044494183,-0.007359303,0.004857849795371294,2549.406982421875,0.004857849795371294
5_1204_73,2024-01-01,0.0,0.0,0.002923509267049252,-912.2377319335938,108645.98233111942,-158749.20780309776,-190385.57254832948,-117194.00579053021,34042.33826502629,587047.4933564335,587047.3946210569,557695.1186886118,34042.33826502629,2220.8346453823397,0.0018898869649268764,-701.6608,-4092.7354,18659.504,-187374.97,16854.938,20006.363,-118558.664,-56348.77,84672.52,124265.125,-8066.634,2.4047158e-05,-0.020448271,0.004857849795371294,68833.859375,68833.859375
5_1204_99,2023-10-01,675645.6332307276,426741.91856545483,452493.79660538246,455846.8125,377587.1955247103,439993.0462131491,559325.0397964747,493605.6011131637,373207.55705536966,101097.9830941454,270316.6388300864,96043.08393943812,443807.89621332544,483263.04093359504,452400.899606475,434122.9,421151.66,510003.84,314172.03,454056.28,455340.88,307576.2,375788.25,548344.44,583617.2,424086.94,456869.16,459989.72,484013.96875,444429.1875,404844.40625
5_1204_99,2023-11-01,450973.7831989311,426741.91856545483,452493.79660538246,455084.8125,341758.28714887996,416048.53542570164,559816.1340787095,519393.5601685971,373207.55705536966,101097.9830941454,270316.6388300864,96043.08393943812,443807.89621332544,483263.04093359504,452400.899606475,434567.47,424117.78,516885.6,369400.56,462346.12,465700.28,322705.84,363133.16,543488.1,570972.6,426761.1,434764.34,456342.44,476816.75,394048.5625,408443.0
5_1204_99,2023-12-01,352477.38088611554,426741.91856545483,452493.79660538246,458369.84375,315642.5734189994,330177.21146100375,557239.1446243579,545181.5192240304,373207.55705536966,101097.9830941454,270316.6388300864,96043.08393943812,443807.89621332544,483263.04093359504,452400.899606475,428095.94,396593.7,521416.94,213536.45,474808.28,486418.38,336970.72,374845.44,611193.25,661912.4,426847.03,432433.66,443237.0,473218.125,0.0034285569563508034,406643.6875
5_1204_99,2024-01-01,378876.0962400355,426741.91856545483,452493.79660538246,458723.0625,296606.81334317307,572902.0678255523,849352.1303573948,570969.4782794638,373207.55705536966,101097.9830941454,270316.6388300864,96043.08393943812,443807.89621332544,483263.04093359504,452400.899606475,427294.38,399303.12,523996.53,70140.586,489079.94,497386.5,320690.38,398428.94,584412.5,621445.6,428947.88,446452.47,428233.2,469619.5,0.0034285569563508034,401245.78125
5_1205_73,2023-10-01,0.0,0.0,5.0412566810038955e-27,789.2562255859375,49835.093341993284,55399.701626589376,80473.20007958073,-35010.27175073555,37407.63429150067,673368.6736135299,648861.3911148327,639700.2399328534,37407.63429150067,2531.817156504382,5.114216259720952e-11,2489.1863,1730.727,19363.135,-89319.39,-3621.5625,-12065.203,-132764.31,-103072.06,74565.02,108194.61,-11906.961,-0.0019570384,-0.002547192,0.005341461859643459,0.005341461859643459,0.005341461859643459
5_1205_73,2023-11-01,0.0,0.0,5.0412566810038955e-27,-31.24818229675293,91744.16153166714,23499.514195702242,51623.70659722196,-69670.44078396361,37407.63429150067,673368.6736135299,648861.3911148327,639700.2399328534,37407.63429150067,2531.817156504382,5.114216259720952e-11,5025.219,-11429.253,19206.236,-53127.63,-2443.0938,-12773.041,-115024.61,-81868.21,76979.67,114270.49,-24895.893,-0.00033126815,-0.014978557,0.005341461859643459,0.005341461859643459,0.005341461859643459
5_1205_73,2023-12-01,0.0,0.0,5.0412566810038955e-27,562.0850830078125,126987.79967384227,427054.57328113215,452923.4487080618,-104330.60981719167,37407.63429150067,673368.6736135299,648861.3911148327,639700.2399328534,37407.63429150067,2531.817156504382,5.114216259720952e-11,-3712.3286,-871.82294,19367.867,-11529.574,2599.125,-1832.846,-83823.625,-68634.71,95401.08,139814.05,-14800.284,-0.00044494183,-0.007359303,0.005341461859643459,0.005341461859643459,0.005341461859643459
5_1205_73,2024-01-01,0.0,0.0,5.0412566810038955e-27,89.91555786132812,156626.11145579285,-139649.4998323031,-146378.78732754692,-138990.77885041974,37407.63429150067,673368.6736135299,648861.3911148327,639700.2399328534,37407.63429150067,2531.817156504382,5.114216259720952e-11,-13833.454,-11230.418,19396.719,-245241.72,12214.219,11009.709,-76175.484,-53335.87,75169.08,105192.805,-18802.305,2.4047158e-05,-0.020448271,0.005341461859643459,0.005341461859643459,0.005341461859643459
5_1205_99,2023-10-01,652549.3422320731,397861.6646271263,397870.30182102043,390540.75,375984.60271168285,432904.6507811465,529352.0423184771,421106.05720150156,344599.76294838614,77536.21996704572,270274.10007713136,73659.40896869343,415609.80374604586,464034.69928859454,398731.9495950494,402060.5,394503.4,470049.03,364559.06,418655.94,417239.22,303770.47,338594.03,500676.34,565251.94,394347.03,448194.44,389152.56,372044.96875,420784.4375,347675.1875
5_1205_99,2023-11-01,439933.63382286136,397861.6646271263,397870.30182102043,384402.1875,357361.4244423181,402958.4227935214,521724.09072343796,443256.79019863316,344599.76294838614,77536.21996704572,270274.10007713136,73659.40896869343,415609.80374604586,464034.69928859454,398731.9495950494,403784.5,396400.72,476517.6,337867.6,422550.03,420711.06,298696.4,332399.75,515421.7,543954.5,397240.75,411095.66,388595.56,357423.09375,422409.09375,188459.453125
5_1205_99,2023-12-01,437816.2340524693,397861.6646271263,397870.30182102043,361146.09375,341508.163607155,330741.7240913334,520707.90847270866,465407.5231957647,344599.76294838614,77536.21996704572,270274.10007713136,73659.40896869343,415609.80374604586,464034.69928859454,398731.9495950494,395314.1,371501.16,480537.25,211971.23,431053.7,429092.38,319675.44,336929.25,508853.16,525115.94,397643.34,407319.06,389689.72,352549.15625,419159.78125,35742.3125
5_1205_99,2024-01-01,391203.76853381284,397861.6646271263,397870.30182102043,352026.75,328012.8366832244,529411.3862749967,781361.8072019124,487558.2561928962,344599.76294838614,77536.21996704572,270274.10007713136,73659.40896869343,415609.80374604586,464034.69928859454,398731.9495950494,394000.8,369084.38,482728.8,173712.61,441552.53,442107.8,309856.62,352177.66,544213.5,596539.6,398509.2,430361.53,394563.28,177086.890625,347675.1875,25994.41015625
5_1211_2,2023-10-01,0.0,0.0,2.5897327078210424,-2.114520311355591,757.155167107536,-245.20587295217933,-2923.7421386769256,149.63013433875972,1377.7640608490474,4025.2126912352146,2032.3621103617468,3823.9520566734536,766.7944687098762,27.02871262111222,2.5854664810054606,-4.9949846,37.776413,105.01154,-1345.5559,5.48586,41.162956,-177.67686,-111.85278,209.458,258.10657,-2.3298936,-0.0019570384,8.867493,2.5163260943372734e-05,2.5163260943372734e-05,7738.53564453125
5_1211_2,2023-11-01,0.0,0.0,2.5897327078210424,50.473663330078125,1241.144520065302,672.6270753811845,-2999.671697467823,116.11407813559993,1377.7640608490474,4025.2126912352146,2032.3621103617468,3823.9520566734536,766.7944687098762,27.02871262111222,2.5854664810054606,-26.144932,41.2733,102.59653,-1118.8604,7.6409445,-4.0558343,-262.39798,-209.7888,200.36174,237.90793,-3.257588,-0.00033126815,-26.928833,2.5163260943372734e-05,2.5163260943372734e-05,2.5163260943372734e-05
5_1211_2,2023-12-01,0.0,0.0,2.5897327078210424,26.873733520507812,1550.520595079537,373.76790203986707,-2960.8715531691187,83.773550980246,1377.7640608490474,4025.2126912352146,2032.3621103617468,3823.9520566734536,766.7944687098762,27.02871262111222,2.5854664810054606,-3.436151,12.691449,102.61419,-849.60406,9.845925,33.195507,-216.14008,-146.77525,209.4932,296.85217,-7.837404,-0.00044494183,-26.621887,2.5163260943372734e-05,2.5163260943372734e-05,2.5163260943372734e-05
5_1211_2,2024-01-01,0.0,0.0,2.5897327078210424,32.37421798706055,1748.2802259604375,1801.733710756219,-71.69040013353333,52.52443183705674,1377.7640608490474,4025.2126912352146,2032.3621103617468,3823.9520566734536,766.7944687098762,27.02871262111222,2.5854664810054606,47.255573,64.03994,102.24263,-2433.1245,11.844852,5.1199856,-223.53294,-144.11449,175.61598,306.01202,-10.366662,2.4047158e-05,24.991577,2.5163260943372734e-05,2.5163260943372734e-05,2.5163260943372734e-05
5_1211_73,2023-10-01,0.0,0.0,1.2607787802971263e-26,26119.115234375,72294.9600598471,24283.83009858709,105104.2293532587,-81299.9216666641,77232.8582445233,1387339.2326918747,1339657.5535839829,1317972.271057281,77232.8582445233,5124.67952930009,1.2682520091727936e-10,10538.454,366.6845,40451.246,-20858.03,-21539.75,-24691.617,-99023.38,-79227.164,14543.572,27388.023,-14085.737,-0.0019570384,-0.002547192,0.012005110271275043,0.012005110271275043,0.012005110271275043
5_1211_73,2023-11-01,0.0,0.0,1.2607787802971263e-26,-611.2699584960938,138507.99224467436,2607.565711350995,77251.97467169713,-161786.84411666155,77232.8582445233,1387339.2326918747,1339657.5535839829,1317972.271057281,77232.8582445233,5124.67952930009,1.2682520091727936e-10,17877.217,-31530.074,40153.777,-208706.42,-28301.0,-33163.766,-91780.36,-73610.69,8666.472,30249.707,-21735.83,-0.00033126815,-0.014978557,0.012005110271275043,0.012005110271275043,0.012005110271275043
5_1211_73,2023-12-01,0.0,0.0,1.2607787802971263e-26,19920.716796875,199150.74835768237,20243.038544997456,67627.5547018238,-242273.76656665903,77232.8582445233,1387339.2326918747,1339657.5535839829,1317972.271057281,77232.8582445233,5124.67952930009,1.2682520091727936e-10,4032.2039,-1654.9669,40508.473,-210607.48,-35340.75,-37607.39,-102317.766,-87173.63,-2718.3218,18137.424,-14519.69,-0.00044494183,-0.007359303,0.012005110271275043,0.012005110271275043,0.012005110271275043
5_1211_73,2024-01-01,0.0,0.0,1.2607787802971263e-26,3515.07470703125,254691.83668476983,-475526.01234445453,-561164.5959517292,-322760.6890166565,77232.8582445233,1387339.2326918747,1339657.5535839829,1317972.271057281,77232.8582445233,5124.67952930009,1.2682520091727936e-10,-13545.459,-25211.266,40579.293,-428895.1,-40039.125,-37157.9,-89825.914,-78234.11,8102.527,34335.07,-19081.854,2.4047158e-05,-0.020448271,0.012005110271275043,0.012005110271275043,0.012005110271275043
5_1211_99,2023-10-01,1188944.6965501716,1260558.663306744,1260566.5475033768,1290064.25,1176337.3171663613,1248614.4423260153,1184703.3173667677,1332124.5481421046,802340.4821291169,184036.84256451984,641511.8837255827,174835.00043629383,1010715.5643488533,1287145.2887587189,1261344.1011710695,1276459.8,1246158.6,1355048.2,1099615.9,1264364.0,1264384.0,823627.56,949546.94,1465693.4,1565345.1,1248796.5,1282435.4,1277718.8,1250962.25,1332385.875,1176940.75
5_1211_99,2023-11-01,1282002.3934654917,1260558.663306744,1260566.5475033768,1288228.75,1101501.8783214241,1249869.757249854,1189742.551391493,1402197.694758437,802340.4821291169,184036.84256451984,641511.8837255827,174835.00043629383,1010715.5643488533,1287145.2887587189,1261344.1011710695,1277966.1,1240021.2,1354191.8,806249.4,1253681.5,1229740.1,825273.75,900660.9,1479829.4,1539869.2,1250632.8,1266305.1,1271235.9,1376798.75,1273168.625,1110321.5
5_1211_99,2023-12-01,1274838.299465286,1260558.663306744,1260566.5475033768,1300878.125,1035006.3500051291,1199147.6753359209,1189391.0608755157,1472270.8413747693,802340.4821291169,184036.84256451984,641511.8837255827,174835.00043629383,1010715.5643488533,1287145.2887587189,1261344.1011710695,1250034.8,1193485.9,1354010.1,469789.2,1245541.9,1240005.6,964995.2,1016436.1,1460617.9,1492022.0,1249693.0,1264753.9,1259395.5,1402706.125,0.007052340544760227,1121424.75
5_1211_99,2024-01-01,1264034.6155412814,1260558.663306744,1260566.5475033768,1301923.75,975921.3048138383,1649391.4679508498,1787414.3357454774,1542343.9879911016,802340.4821291169,184036.84256451984,641511.8837255827,174835.00043629383,1010715.5643488533,1287145.2887587189,1261344.1011710695,1247802.9,1202549.8,1353954.4,217685.36,1238086.5,1225826.2,1019168.94,1082815.6,1467315.0,1524058.8,1253187.4,1275505.6,1247362.4,1447119.125,0.007052340544760227,1191745.0
5_1212_2,2023-10-01,0.0,0.0,0.6223897522449644,431.0794677734375,310.2754404025551,-0.4072001187347496,137.5287730849551,285.54682190935824,514.5895832644273,514.5895832644273,514.5895832644273,488.86010410120593,273.6839709695225,6.030346678880008,56.44033069383697,-64.37336,-39.43767,93.917366,-1250.1265,6.525251,7.286787,-194.47774,-139.58456,190.41742,268.8429,9.05713,-0.0019570384,-0.002547192,4.107847871637205e-06,4.107847871637205e-06,4.107847871637205e-06
5_1212_2,2023-11-01,0.0,0.0,0.6223897522449644,413.50299072265625,294.68338196940795,0.30144642747256967,-94.8090681578908,285.54682190935824,514.5895832644273,514.5895832644273,514.5895832644273,488.86010410120593,273.6839709695225,6.030346678880008,56.44033069383697,-133.1812,-187.50258,91.765755,591.71173,10.024534,9.41131,-213.03561,-146.01044,227.0963,261.59772,-129.75911,-0.00033126815,-0.014978557,4410.76806640625,4.107847871637205e-06,4.107847871637205e-06
5_1212_2,2023-12-01,0.0,0.0,0.6223897522449644,430.363525390625,295.4669189643672,6175.081331354633,6209.736619311236,285.54682190935824,514.5895832644273,514.5895832644273,514.5895832644273,488.86010410120593,273.6839709695225,6.030346678880008,56.44033069383697,-160.16588,-155.76161,91.78419,1028.4835,13.193317,2.5599875,-185.78267,-115.14507,226.05865,318.80527,-148.11769,-0.00044494183,-0.007359303,4.107847871637205e-06,4.107847871637205e-06,4.107847871637205e-06
5_1212_2,2024-01-01,0.0,0.0,0.6223897522449644,447.69415283203125,295.42754441833773,-0.8560024689008969,53.40700811282204,285.54682190935824,514.5895832644273,514.5895832644273,514.5895832644273,488.86010410120593,273.6839709695225,6.030346678880008,56.44033069383697,-191.72388,-96.21092,91.45019,-1230.0417,15.830105,9.558395,-224.4558,-136.56566,172.84212,360.503,-131.57571,2.4047158e-05,-0.020448271,4.107847871637205e-06,4.107847871637205e-06,4.107847871637205e-06
5_1212_73,2023-10-01,0.0,0.0,8.979369806152556e-27,-21651.537109375,101192.77958020603,54104.23750195876,90665.3500338975,-47713.11493222337,60014.02123112558,940008.877785761,1011664.9571634678,893008.4338964729,60014.02123112558,4170.850003971835,9.07035151884335e-11,4718.3433,5738.922,30738.896,-108253.18,-1256.375,-5087.165,-176422.55,-129135.44,115725.59,146414.12,-22202.541,-0.0019570384,-0.002547192,0.0080369021743536,0.0080369021743536,0.0080369021743536
5_1212_73,2023-11-01,0.0,0.0,8.979369806152556e-27,1625.7427978515625,184586.30719327705,263930.45261585194,255996.69505429227,-94949.0987151245,60014.02123112558,940008.877785761,1011664.9571634678,893008.4338964729,60014.02123112558,4170.850003971835,9.07035151884335e-11,7218.1343,-13747.997,30491.533,-75184.33,4775.0625,34399.855,-106043.05,-77597.33,183843.92,210318.03,-40148.887,-0.00033126815,-0.014978557,0.0080369021743536,0.0080369021743536,0.0080369021743536
5_1212_73,2023-12-01,0.0,0.0,8.979369806152556e-27,-12108.3359375,253311.37311796466,850711.2015833984,749910.505797273,-142185.08249802564,60014.02123112558,940008.877785761,1011664.9571634678,893008.4338964729,60014.02123112558,4170.850003971835,9.07035151884335e-11,-7077.328,3192.6194,30749.135,-12121.962,16873.938,9896.875,-151517.08,-126763.984,126687.17,219674.8,-29938.963,-0.00044494183,-0.007359303,0.0080369021743536,0.0080369021743536,0.0080369021743536
5_1212_73,2024-01-01,0.0,0.0,8.979369806152556e-27,-2480.01220703125,309948.07888567174,-20543.51935149033,-294608.03749591456,-189421.0662809268,60014.02123112558,940008.877785761,1011664.9571634678,893008.4338964729,60014.02123112558,4170.850003971835,9.07035151884335e-11,-21775.725,-10472.604,30795.662,-448468.6,35608.938,35821.625,-88564.76,-53576.996,124099.82,159522.5,-32466.508,2.4047158e-05,-0.020448271,0.0080369021743536,0.0080369021743536,0.0080369021743536
5_1212_99,2023-10-01,709386.4660050389,704296.6145824532,725559.7764395716,726407.375,606779.4229372519,674459.4797558287,960918.5084453559,800454.5954470317,617893.8426930417,177021.895040127,441351.2179302236,168170.80028812066,725308.3243612907,762985.177710782,725737.0761291725,713368.0,688158.94,849113.4,420715.62,726308.5,732138.9,529264.94,578374.56,847683.06,906625.75,704719.3,765339.44,720525.06,690583.875,759943.8125,0.005746278911828995
5_1212_99,2023-11-01,691963.5476395793,704296.6145824532,725559.7764395716,726932.375,541722.4293380344,655245.3739744724,953649.5788106582,842468.8198763203,617893.8426930417,177021.895040127,441351.2179302236,168170.80028812066,725308.3243612907,762985.177710782,725737.0761291725,714902.56,696416.94,859952.9,606793.0,746834.2,730572.25,534088.3,603209.2,832216.7,914253.3,707736.56,720852.3,712858.5,657411.6875,756928.1875,0.005746278911828995
5_1212_99,2023-12-01,673222.5366781983,704296.6145824532,725559.7764395716,727699.0,498320.72401034704,501919.90407101257,954748.4992145034,884483.0443056091,617893.8426930417,177021.895040127,441351.2179302236,168170.80028812066,725308.3243612907,762985.177710782,725737.0761291725,706568.7,651432.0,867461.94,353731.2,772411.0,787203.0,602724.94,661429.5,932698.6,1075235.6,707846.56,715361.44,697541.6,660427.375,756928.1875,0.005746278911828995
5_1212_99,2024-01-01,640348.4441920645,704296.6145824532,725559.7764395716,728309.3125,469365.98876764666,927856.4747701966,1439725.8475356172,926497.2687348977,617893.8426930417,177021.895040127,441351.2179302236,168170.80028812066,725308.3243612907,762985.177710782,725737.0761291725,706742.56,656474.44,871887.25,89586.29,800658.44,802340.75,563945.7,617556.0,929433.8,981926.44,712080.75,740831.0,674981.3,684552.5,756928.1875,0.005746278911828995
5_1215_73,2023-10-01,0.0,0.0,7.462659463098214e-27,32435.3671875,90213.52280169114,399498.2275241032,378880.4941492538,-40622.567118948085,53143.65146097705,863569.7577361036,863572.2001381686,820391.2698492984,53143.65146097705,3568.344613039745,7.539288409519295e-11,4993.628,-1267.4253,27133.7,-15997.237,1319.75,6741.884,-106861.234,-83259.18,80661.1,123117.695,-4204.399,-0.0019570384,-0.002547192,0.007491350173950195,0.007491350173950195,0.007491350173950195
5_1215_73,2023-11-01,0.0,0.0,7.462659463098214e-27,-2683.7998046875,165250.44311707665,369898.8170222428,389441.30891556956,-80838.90856670676,53143.65146097705,863569.7577361036,863572.2001381686,820391.2698492984,53143.65146097705,3568.344613039745,7.539288409519295e-11,9155.111,-19824.336,26913.68,-179372.03,7190.4375,15626.717,-76833.3,-60040.7,95551.45,130211.46,-13912.39,-0.00033126815,-0.014978557,0.007491350173950195,0.007491350173950195,0.007491350173950195
5_1215_73,2023-12-01,0.0,0.0,7.462659463098214e-27,20082.7890625,227663.9176778103,457458.1252099433,439386.0312126372,-121055.25001446542,53143.65146097705,863569.7577361036,863572.2001381686,820391.2698492984,53143.65146097705,3568.344613039745,7.539288409519295e-11,1889.9292,1233.4918,27140.127,-16479.854,17165.875,23002.61,-117068.945,-81438.06,103522.98,144426.95,-9268.438,-0.00044494183,-0.007359303,0.007491350173950195,0.007491350173950195,0.007491350173950195
5_1215_73,2024-01-01,0.0,0.0,7.462659463098214e-27,2310.434326171875,279577.5861808689,-211637.73160763524,-309530.7927430485,-161271.59146222408,53143.65146097705,863569.7577361036,863572.2001381686,820391.2698492984,53143.65146097705,3568.344613039745,7.539288409519295e-11,-6825.4453,-13079.644,27180.564,-269190.94,31367.688,45125.105,-86038.3,-47031.664,126057.08,175790.03,-12059.085,2.4047158e-05,-0.020448271,0.007491350173950195,0.007491350173950195,0.007491350173950195
5_1215_99,2023-10-01,1433577.64734735,711400.468334414,711400.162375573,645715.1875,656658.8922965406,682647.6565375607,873352.8059544327,751292.7458848363,572394.3481936586,141272.4866277947,417542.9304892428,134208.86229640496,690595.8233855035,763078.864080997,711371.1907144549,719173.25,704481.25,833127.94,578472.94,721385.75,709699.9,496702.53,552870.4,828060.56,893339.7,710703.1,905472.44,704020.4,698948.125,696174.5,640702.4375
5_1215_99,2023-11-01,1483030.3956153349,711400.468334414,711400.162375573,662472.5625,610914.0482281414,651613.1039904015,876774.4024520842,790815.0748364488,572394.3481936586,141272.4866277947,417542.9304892428,134208.86229640496,690595.8233855035,763078.864080997,711371.1907144549,723159.75,710896.44,844365.44,522335.8,735865.06,723049.25,528668.9,597625.8,886569.4,1024301.94,709346.3,764222.6,704134.75,710042.5,707268.9375,651796.875
5_1215_99,2023-12-01,700502.3780512199,711400.468334414,711400.162375573,609782.4375,572687.3307986985,564008.5127192729,893489.0595519948,830337.4037880613,572394.3481936586,141272.4866277947,417542.9304892428,134208.86229640496,690595.8233855035,763078.864080997,711371.1907144549,710852.1,661948.3,851108.5,276295.75,753708.6,765249.4,596872.4,633246.56,859181.75,911454.0,708806.75,747077.4,696907.3,715589.75,710042.5,615740.0
5_1215_99,2024-01-01,685335.3221162967,711400.468334414,711400.162375573,611630.8125,540743.1422198607,866918.0810365194,1324519.844808825,869859.7327396738,572394.3481936586,141272.4866277947,417542.9304892428,134208.86229640496,690595.8233855035,763078.864080997,711371.1907144549,709047.6,657241.3,854663.5,199235.9,773084.0,786583.5,482344.8,630298.75,940424.25,1012670.44,711376.25,830129.0,708721.44,710042.5,712816.125,0.005285062827169895
5_1302_73,2023-10-01,0.0,0.0,0.42331479688172946,2331.16162109375,143215.5304602494,197388.06057854934,-484240.38244397606,-505970.8937420507,57729.17570667108,1382482.5628711325,1001352.6374067992,1313358.4347275759,57729.17570667108,3220.060602248812,0.2510947941244477,5986.0347,2656.2969,31397.396,-46972.055,2122.1875,-4805.007,-105592.15,-82783.484,67097.41,88866.51,-10777.731,-0.0019570384,-0.002547192,0.012940770015120506,0.012940770015120506,0.012940770015120506
5_1302_73,2023-11-01,0.0,0.0,0.42331479688172946,785.0069580078125,264289.33110120683,233289.14831084872,-474087.98076249065,-638032.5425013093,57729.17570667108,1382482.5628711325,1001352.6374067992,1313358.4347275759,57729.17570667108,3220.060602248812,0.2510947941244477,13322.194,-20567.412,31146.201,-165201.75,1183.25,-8054.759,-123164.73,-97813.766,65480.37,129457.14,-16160.891,-0.00033126815,-0.014978557,0.012940770015120506,0.012940770015120506,0.012940770015120506
5_1302_73,2023-12-01,0.0,0.0,0.42331479688172946,1543.40478515625,366644.6074775702,390719.26655983215,-583046.2116468888,-770094.1912605676,57729.17570667108,1382482.5628711325,1001352.6374067992,1313358.4347275759,57729.17570667108,3220.060602248812,0.2510947941244477,4389.0205,4363.119,31409.527,-105277.33,1.9375,5338.89,-125893.31,-68007.85,96818.57,116754.3,-12719.836,-0.00044494183,-0.007359303,0.012940770015120506,0.012940770015120506,0.012940770015120506
5_1302_73,2024-01-01,0.0,0.0,0.42331479688172946,1027.92041015625,453175.32301321224,-478391.24545361905,-1436196.5362412957,-902155.8400198264,57729.17570667108,1382482.5628711325,1001352.6374067992,1313358.4347275759,57729.17570667108,3220.060602248812,0.2510947941244477,-7131.7964,-13903.947,31456.525,-311643.44,193.53125,-5218.097,-157008.9,-114926.695,74931.58,118767.22,-15109.193,2.4047158e-05,-0.020448271,0.012940770015120506,0.012940770015120506,0.012940770015120506
5_1302_99,2023-10-01,834000.1628105716,510860.6819278077,512145.2849064629,575349.375,457163.1325002414,483606.98658289626,643039.2736220998,546066.7282983273,411070.8833587738,101376.02486718664,295389.4460080028,96307.2236238273,490205.5046367147,540137.526866124,512130.5680388005,514875.16,505015.75,603806.56,376053.28,527745.0,526477.1,398145.6,431193.94,664534.0,697341.75,505163.4,506151.06,498531.12,387777.9375,520385.9375,508330.65625
5_1302_99,2023-11-01,541121.0669266677,510860.6819278077,512145.2849064629,448214.84375,415642.00272558257,467667.7471366166,641646.5052179054,574590.5808659676,411070.8833587738,101376.02486718664,295389.4460080028,96307.2236238273,490205.5046367147,540137.526866124,512130.5680388005,518193.72,510810.25,612110.0,361378.25,541851.2,543113.0,399263.4,433645.4,655000.0,687674.8,509214.16,510058.0,504781.1,0.0038285255432128906,512349.09375,508330.65625
5_1302_99,2023-12-01,505813.9876979942,510860.6819278077,512145.2849064629,495434.53125,383536.17599526583,390908.6539573039,642505.7310382684,603114.4334336078,411070.8833587738,101376.02486718664,295389.4460080028,96307.2236238273,490205.5046367147,540137.526866124,512130.5680388005,510106.25,476474.78,617307.9,143423.81,557860.8,547818.25,395314.94,426595.88,663926.9,702902.9,509440.84,509765.06,490499.28,0.0038285255432128906,518376.71875,508330.65625
5_1302_99,2024-01-01,540252.5284221248,510860.6819278077,512145.2849064629,417630.53125,358710.644618077,628226.1500872438,960816.056217862,631638.2860012482,411070.8833587738,101376.02486718664,295389.4460080028,96307.2236238273,490205.5046367147,540137.526866124,512130.5680388005,509537.75,469707.25,620140.3,81184.4,574452.1,577398.2,379827.8,434481.75,671477.8,694495.6,510883.75,510915.22,474425.25,0.0038285255432128906,518376.71875,508330.65625
5_1303_63,2023-10-01,0.0,0.0,2.0679612666892316e-35,-91.6585464477539,919.2601105388567,-4621.88736208958,-14575.514822035628,-2031.31023031747,365.1410927049871,18481.361923357075,9047.974369597898,17557.29382718922,365.1410927049871,7.347078134821955,2.2041488904363165e-17,111.767456,-19.409176,536.9497,-318.464,106.89129,-25.71513,-2198.338,-1190.0686,1130.2147,1639.1624,31.708979,-0.0019570384,-0.002547192,0.00016533130838070065,0.00016533130838070065,0.00016533130838070065
5_1303_63,2023-11-01,0.0,0.0,2.0679612666892316e-35,1.0934805870056152,1765.2307557118766,-15721.769019446363,-26319.89005864817,-4042.3073580927794,365.1410927049871,18481.361923357075,9047.974369597898,17557.29382718922,365.1410927049871,7.347078134821955,2.2041488904363165e-17,291.2933,-360.56873,529.6548,829.7105,163.92,-14.007706,-2322.1074,-891.19965,1080.4019,2400.0474,-34.11076,-0.00033126815,-0.014978557,0.00016533130838070065,0.00016533130838070065,12494.2978515625
5_1303_63,2023-12-01,0.0,0.0,2.0679612666892316e-35,-71.67633819580078,2543.7550539923086,-15381.779321304686,-26526.689862571424,-6053.304485868089,365.1410927049871,18481.361923357075,9047.974369597898,17557.29382718922,365.1410927049871,7.347078134821955,2.2041488904363165e-17,190.72548,-107.11405,532.4199,-7654.0977,215.61237,149.9108,-1628.8856,-953.153,1142.6487,1432.29,-99.17666,-0.00044494183,-0.007359303,0.00016533130838070065,0.00016533130838070065,12494.2978515625
5_1303_63,2024-01-01,0.0,0.0,2.0679612666892316e-35,-13.477567672729492,3260.2102719970408,-19377.60155668661,-27881.932288688608,-8064.301613643398,365.1410927049871,18481.361923357075,9047.974369597898,17557.29382718922,365.1410927049871,7.347078134821955,2.2041488904363165e-17,72.98741,-441.0604,532.0966,-3570.146,259.0244,256.15765,-1088.6245,-813.01,1560.7318,2077.2996,-88.57424,2.4047158e-05,-0.020448271,0.00016533130838070065,0.00016533130838070065,18741.447265625
5_1303_73,2023-10-01,0.0,0.0,3.527886268854243e-26,45905.046875,373773.2490708083,1256287.953060193,-455398.1779587772,-802967.6600004365,379864.9541414947,9252558.101240981,6589021.392246254,8789930.196178932,379864.9541414947,20086.37738326215,3.5552085129172725e-10,72750.914,-9247.845,259233.52,-61856.24,15585.75,60035.723,-689394.25,-580654.5,572632.2,764237.75,-55856.33,-0.0019570384,-0.002547192,0.08445702493190765,0.08445702493190765,0.08445702493190765
5_1303_73,2023-11-01,0.0,0.0,3.527886268854243e-26,-3066.76953125,724437.9841655446,-821511.2358503314,-3401128.72651427,-1597905.6433998407,379864.9541414947,9252558.101240981,6589021.392246254,8789930.196178932,379864.9541414947,20086.37738326215,3.5552085129172725e-10,163752.03,-213908.0,256951.36,-1461999.1,9978.25,-42656.457,-889248.6,-557518.8,592230.5,781873.56,-72386.43,-0.00033126815,-0.014978557,0.08445702493190765,0.08445702493190765,0.08445702493190765
5_1303_73,2023-12-01,0.0,0.0,3.527886268854243e-26,30553.947265625,1053422.8881006222,-3090296.2943863063,-5532467.195110488,-2392843.626799245,379864.9541414947,9252558.101240981,6589021.392246254,8789930.196178932,379864.9541414947,20086.37738326215,3.5552085129172725e-10,105724.8,-13953.106,259005.28,-2262327.2,2868.75,68375.4,-774516.6,-532195.94,704240.94,997461.7,-65472.48,-0.00044494183,-0.007359303,0.08445702493190765,1196723.5,0.08445702493190765
5_1303_73,2024-01-01,0.0,0.0,3.527886268854243e-26,4028.602294921875,1362068.3154428732,-6728922.858896913,-8853932.607430113,-3187781.610198649,379864.9541414947,9252558.101240981,6589021.392246254,8789930.196178932,379864.9541414947,20086.37738326215,3.5552085129172725e-10,43261.305,-192625.77,259312.89,-2054715.5,5299.75,11776.051,-1336759.4,-725500.8,526292.94,886060.7,-81435.58,2.4047158e-05,-0.020448271,0.08445702493190765,3412878.0,0.08445702493190765
5_1303_99,2023-10-01,3538834.9617312877,3484878.5805758745,3485028.56530378,3171802.75,3217404.411760794,3494302.0664173984,4922253.61599121,3696122.5487249596,3213013.433737086,837742.8651625317,2270936.1728937253,795855.7219044052,3792602.496893129,4058586.682140624,3499743.2534834337,3535111.0,3463873.0,4238680.0,3731675.2,3868399.5,3896697.0,2921814.8,3171413.0,4629848.0,5014735.0,3417392.0,3133462.0,3856708.2,4105691.75,3310015.0,3373669.25
5_1303_99,2023-11-01,3462616.661970818,3484878.5805758745,3485028.56530378,3534196.75,3004365.2433190346,3196412.119758765,4836554.789613515,3890546.559438411,3213013.433737086,837742.8651625317,2270936.1728937253,795855.7219044052,3792602.496893129,4058586.682140624,3499743.2534834337,3567462.2,3522455.5,4287437.0,3639694.5,3959344.5,3964931.5,2814759.0,3227670.5,4678107.5,4791740.5,3458204.0,3418633.0,3902333.0,4742233.0,95481.234375,143221.828125
5_1303_99,2023-12-01,3456844.38743752,3484878.5805758745,3485028.56530378,3080870.25,2834682.737186139,2668779.460769313,4925829.0027526105,4084970.570151862,3213013.433737086,837742.8651625317,2270936.1728937253,795855.7219044052,3792602.496893129,4058586.682140624,3499743.2534834337,3471628.2,3269733.2,4322918.0,814175.25,4087801.2,4023797.0,2848916.0,3221707.2,4829108.5,5132021.0,3455947.2,3415189.2,3784550.5,4933195.5,0.03032301552593708,0.03032301552593708
5_1303_99,2024-01-01,3476077.210574869,3484878.5805758745,3485028.56530378,3261449.5,2699533.163057889,4807675.491584393,7449736.860483041,4279394.580865313,3213013.433737086,837742.8651625317,2270936.1728937253,795855.7219044052,3792602.496893129,4058586.682140624,3499743.2534834337,3474291.0,3246473.0,4344612.0,-300097.97,4234008.5,4211909.0,2884945.2,3301981.2,5291534.5,5634248.0,3472406.0,3487424.5,3712947.2,4901368.5,0.03032301552593708,0.03032301552593708
5_1304_73,2023-10-01,0.0,0.0,1397.8900607747464,12937.4345703125,292831.30072783434,-534146.2245586074,137281.608469007,-152082.6557661035,92980.65678749456,1646399.5131466622,1646400.4486952105,1564079.537489329,92980.65678749456,6052.611904900118,1268.4007010048413,2986.785,-9991.7,53341.582,-94257.13,-8221.5,13060.154,-412439.16,-265400.66,236833.78,313355.6,-5250.6772,-0.0019570384,-0.002547192,15687144.0,0.014609791338443756,0.014609791338443756
5_1304_73,2023-11-01,0.0,0.0,1397.8900607747464,12745.1474609375,503668.5445115152,-494461.5463563283,-103032.85253500304,-245213.60100203753,92980.65678749456,1646399.5131466622,1646400.4486952105,1564079.537489329,92980.65678749456,6052.611904900118,1268.4007010048413,7969.356,-57577.824,52896.73,-275411.2,-1166.0,2347.6558,-303390.28,-213773.75,324441.2,422392.16,-10501.709,-0.00033126815,-0.014978557,15687144.0,0.014609791338443756,0.014609791338443756
5_1304_73,2023-12-01,0.0,0.0,1397.8900607747464,12188.99609375,655470.4292684133,-466603.43224812846,-61852.325481768115,-338344.5462379715,92980.65678749456,1646399.5131466622,1646400.4486952105,1564079.537489329,92980.65678749456,6052.611904900118,1268.4007010048413,-20375.824,-29478.777,53334.79,-181361.28,17982.5,24489.266,-385534.12,-253549.53,247863.61,343046.16,12106.754,-0.00044494183,-0.007359303,15687144.0,0.014609791338443756,0.014609791338443756
5_1304_73,2024-01-01,0.0,0.0,1397.8900607747464,11810.953125,764767.1161449954,-800926.3242438724,-787329.1129977836,-431475.4914739055,92980.65678749456,1646399.5131466622,1646400.4486952105,1564079.537489329,92980.65678749456,6052.611904900118,1268.4007010048413,-55529.31,-52668.746,53409.43,-218189.47,51070.875,75304.766,-264485.7,-206616.33,268080.53,485192.72,-6549.538,2.4047158e-05,-0.020448271,15687144.0,0.014609791338443756,0.014609791338443756
5_1304_99,2023-10-01,1542032.5718923789,1428380.8020510161,1428380.2783679818,1421850.75,1329733.2489384315,1388429.5835499635,1321520.5331860913,1516682.2012282123,878417.7411455308,203968.53454672178,695389.140837027,193770.10781938568,1109198.4115093797,1424296.9543449776,1428187.1867421893,1447292.6,1408467.2,1517938.6,1163743.8,1415150.4,1409817.2,1034732.5,1124970.5,1706691.6,1833274.2,1418210.9,1436823.4,1427621.6,1429817.0,1425766.625,1446019.0
5_1304_99,2023-11-01,1368273.6218173641,1428380.8020510161,1428380.2783679818,1421490.0,1242195.8475342712,1399513.6083302652,1315468.215942808,1596068.5963566254,878417.7411455308,203968.53454672178,695389.140837027,193770.10781938568,1109198.4115093797,1424296.9543449776,1428187.1867421893,1449095.2,1399817.9,1512954.4,848978.75,1402988.9,1411619.2,1060584.4,1106562.8,1698225.5,1796157.5,1418523.4,1430632.8,1427003.0,1441968.5,1462220.875,1454120.0
5_1304_99,2023-12-01,1463486.481046752,1428380.8020510161,1428380.2783679818,1416857.5,1164517.3202640845,1345444.8997982787,1310189.2783897677,1675454.9914850385,878417.7411455308,203968.53454672178,695389.140837027,193770.10781938568,1109198.4115093797,1424296.9543449776,1428187.1867421893,1419335.6,1349768.4,1511113.5,518116.75,1390372.2,1426102.4,1058840.0,1148322.9,1640787.9,1706242.6,1416305.2,1429974.5,1426704.6,1437918.0,1462220.875,1450069.5
5_1304_99,2024-01-01,1516183.2116381233,1428380.8020510161,1428380.2783679818,1415643.625,1095587.314322894,1827725.2813246977,1975252.1830219612,1754841.3866134516,878417.7411455308,203968.53454672178,695389.140837027,193770.10781938568,1109198.4115093797,1424296.9543449776,1428187.1867421893,1416107.4,1359768.0,1510400.2,235931.27,1378452.9,1390906.0,1027079.7,1130164.0,1621354.0,1721482.2,1420763.0,1433820.9,1425807.6,1356908.625,1462220.875,1437918.0
5_1305_73,2023-10-01,0.0,0.0,501.00032302778436,10012.427734375,248897.68910181115,-262446.42405249696,31537.24959254387,-132405.35360068275,92249.55356152666,1629059.504551764,1629060.9144887696,1547606.5293241758,92249.55356152666,6052.252119632239,431.42630937158583,6638.4478,-6072.43,50253.297,-57131.734,15702.375,6971.585,-220793.25,-143478.7,136550.14,186410.52,-4969.498,-0.0019570384,-0.002547192,0.014660044573247433,0.014660044573247433,0.014660044573247433
5_1305_73,2023-11-01,0.0,0.0,501.00032302778436,8923.775390625,438761.97451750864,-216963.13333831402,-33017.28215394332,-229369.60704527027,92249.55356152666,1629059.504551764,1629060.9144887696,1547606.5293241758,92249.55356152666,6052.252119632239,431.42630937158583,11598.244,-51989.34,49861.43,-260603.47,37689.125,33541.08,-75560.16,-67324.34,141220.2,180441.25,-11107.764,-0.00033126815,-0.014978557,0.014660044573247433,0.014660044573247433,0.014660044573247433
5_1305_73,2023-12-01,0.0,0.0,501.00032302778436,8923.228515625,583594.3633054493,-188172.32148554834,-35044.226034036954,-326333.8604898578,92249.55356152666,1629059.504551764,1629060.9144887696,1547606.5293241758,92249.55356152666,6052.252119632239,431.42630937158583,-11695.854,-19402.99,50289.555,-211144.06,68507.625,46642.39,-151391.34,-53257.46,206095.19,316726.97,3967.6072,-0.00044494183,-0.007359303,0.014660044573247433,0.014660044573247433,0.014660044573247433
5_1305_73,2024-01-01,0.0,0.0,501.00032302778436,8448.5107421875,694075.4935300958,-595464.7581788001,-870895.7680293657,-423298.1139344453,92249.55356152666,1629059.504551764,1629060.9144887696,1547606.5293241758,92249.55356152666,6052.252119632239,431.42630937158583,-41500.4,-44498.688,50369.62,-319434.47,107637.0,104996.805,-164874.25,-64911.824,258970.81,342449.8,-8972.442,2.4047158e-05,-0.020448271,0.014660044573247433,0.014660044573247433,0.014660044573247433
5_1305_99,2023-10-01,1544096.9242799883,1627425.371549698,1627414.904371661,1378332.0,1410208.4542863453,1475628.6273811322,1586165.7309283223,1717643.0684670059,1047927.9183399882,291290.0380044566,815535.0563172221,276725.53610423376,1293619.1164946216,1587176.8394064312,1626378.056617982,1654941.1,1596844.8,1809024.6,1301809.2,1635628.1,1648604.2,1302808.4,1378882.6,1901602.5,2184385.0,1614679.1,1609042.2,1526209.2,1551062.375,1627094.75,1520649.375
5_1305_99,2023-11-01,2629154.1658535353,1627425.371549698,1627414.904371661,1337488.625,1243398.946265216,1526176.7835630015,1606595.297830239,1807995.0458876875,1047927.9183399882,291290.0380044566,815535.0563172221,276725.53610423376,1293619.1164946216,1587176.8394064312,1626378.056617982,1656423.9,1595088.8,1820626.5,849281.8,1658184.1,1636605.8,1007881.6,1230330.8,1958464.1,2167276.2,1612833.9,1622318.6,1524676.2,1551062.375,1652439.0,1611888.25
5_1305_99,2023-12-01,1566232.068631276,1627425.371549698,1627414.904371661,1215780.125,1115299.2921645376,1518993.685898221,1619770.8703371645,1898347.0233083693,1047927.9183399882,291290.0380044566,815535.0563172221,276725.53610423376,1293619.1164946216,1587176.8394064312,1626378.056617982,1626109.4,1523566.0,1826466.0,197601.38,1674695.5,1635033.0,1158649.0,1220501.9,1984137.4,2085514.5,1605387.2,1624669.5,1508641.6,1551062.375,1520649.375,1611888.25
5_1305_99,2024-01-01,1531188.42810015,1627425.371549698,1627414.904371661,1155360.75,1016926.4741196875,2165571.9957217355,2436111.6787684746,1988699.0007290512,1047927.9183399882,291290.0380044566,815535.0563172221,276725.53610423376,1293619.1164946216,1587176.8394064312,1626378.056617982,1621762.1,1529365.4,1829073.5,-254519.53,1687600.5,1669295.1,1354269.6,1393560.5,2090793.2,2276991.0,1613006.8,1628025.2,1506336.2,1551062.375,1520649.375,1611888.25
5_1306_15,2023-10-01,0.0,0.0,230.32837698227723,129.63211059570312,226.9661027426193,-74.56670374781632,-499.1792579412378,4.686974180321031e-37,3.7877768740277356,4746.392096772706,4746.392096772706,4509.072491934071,3.7877768740277356,0.004526512238285738,4.781207773725082e-37,-0.0024689105,0.002335506,0.09430316,0.0027159478,0.0040304437,0.00083355745,-0.20541109,-0.14908311,0.13702403,0.19900502,-0.00017725787,-0.0019570384,-0.002547192,3.157444552925881e-06,3.157444552925881e-06,3.157444552925881e-06
5_1306_15,2023-11-01,0.0,0.0,230.32837698227723,130.45848083496094,216.5243361595841,99.80055639765806,-739.5048007043288,4.686974180321031e-37,3.7877768740277356,4746.392096772706,4746.392096772706,4509.072491934071,3.7877768740277356,0.004526512238285738,4.781207773725082e-37,0.00047200356,-0.010625879,0.09177589,0.0038856715,0.0060206745,0.010390947,-0.21164058,-0.13902235,0.23298983,0.27450308,0.002405007,-0.00033126815,-0.014978557,3.157444552925881e-06,3.157444552925881e-06,3.157444552925881e-06
5_1306_15,2023-12-01,0.0,0.0,230.32837698227723,129.61669921875,217.00471841956514,55.52545785219011,-662.7647117246299,4.686974180321031e-37,3.7877768740277356,4746.392096772706,4746.392096772706,4509.072491934071,3.7877768740277356,0.004526512238285738,4.781207773725082e-37,0.0026063903,-0.017958699,0.09161402,0.1326086,0.007780593,0.03902354,-0.19613428,-0.13251382,0.20849031,0.24753092,0.000515223,-0.00044494183,-0.007359303,3390.2802734375,3.157444552925881e-06,3.157444552925881e-06
5_1306_15,2024-01-01,0.0,0.0,230.32837698227723,128.60548400878906,216.98261802938026,1746.8065196040236,1585.0274404392435,4.686974180321031e-37,3.7877768740277356,4746.392096772706,4746.392096772706,4509.072491934071,3.7877768740277356,0.004526512238285738,4.781207773725082e-37,0.00073333527,-0.029180804,0.09117099,-0.00056325237,0.0092493715,-0.031219335,-0.3233811,-0.26274562,0.10062412,0.18544206,0.002408248,2.4047158e-05,-0.020448271,3.157444552925881e-06,3.157444552925881e-06,3.157444552925881e-06
5_1306_73,2023-10-01,0.0,0.0,1.478593863177459e-26,-234132.453125,311693.86357032275,67549.86423513165,660407.4979197507,-107314.85437607818,132357.31578891832,1883094.5930063156,2295829.5458565205,1788939.8633559998,132357.31578891832,8702.29934319689,1.5032465117406192e-10,6655.482,18957.975,76798.484,-275910.34,-882.0,-22913.041,-293229.84,-206873.25,121941.44,217944.78,-63708.21,-0.0019570384,-0.002547192,0.016938917338848114,0.016938917338848114,0.016938917338848114
5_1306_73,2023-11-01,0.0,0.0,1.478593863177459e-26,18390.42578125,543263.8057143216,371806.4468945372,914788.5119985915,-210077.46895749564,132357.31578891832,1883094.5930063156,2295829.5458565205,1788939.8633559998,132357.31578891832,8702.29934319689,1.5032465117406192e-10,9022.039,-35016.81,76113.54,-144545.12,-5389.0,-5131.1377,-225724.48,-194113.05,182577.69,224291.83,-101660.695,-0.00033126815,-0.014978557,0.016938917338848114,0.016938917338848114,0.016938917338848114
5_1306_73,2023-12-01,0.0,0.0,1.478593863177459e-26,-137592.75,715306.4551599256,1729064.5095825277,2027829.6467231074,-312840.0835389131,132357.31578891832,1883094.5930063156,2295829.5458565205,1788939.8633559998,132357.31578891832,8702.29934319689,1.5032465117406192e-10,-29578.904,14743.927,76718.22,16285.037,-8560.0,-16312.098,-289708.03,-208824.95,153762.95,278030.78,-79719.73,-0.00044494183,-0.007359303,0.016938917338848114,0.016938917338848114,0.016938917338848114
5_1306_73,2024-01-01,0.0,0.0,1.478593863177459e-26,-21182.900390625,843123.8780699223,-852265.6441992591,-1065644.9631913442,-415602.6981203306,132357.31578891832,1883094.5930063156,2295829.5458565205,1788939.8633559998,132357.31578891832,8702.29934319689,1.5032465117406192e-10,-69747.76,-21516.92,76809.336,-986099.25,-6606.75,-11561.074,-281064.44,-174360.31,202523.25,225800.36,-84616.164,2.4047158e-05,-0.020448271,0.016938917338848114,0.016938917338848114,8889.5693359375
5_1306_99,2023-10-01,1438049.811448382,1331153.940492253,1366832.4595067464,1337782.0,1204375.3889740005,1409842.5560454293,1712689.3643760548,1491732.0802863375,1114328.7071141314,219020.81305270194,823171.4141277678,208069.77240006684,1369903.8066614743,1561186.8495008247,1367290.3896733788,1348532.9,1308925.0,1570346.6,1631897.9,1338153.5,1312996.0,989710.06,1051072.5,1478626.6,1549911.1,1330189.9,1847628.4,1198101.2,2490608.5,1356630.75,1216825.375
5_1306_99,2023-11-01,1488159.8077979619,1331153.940492253,1366832.4595067464,1375570.875,1103318.3628610934,1280943.2357385578,1771828.6800782043,1569586.3944028222,1114328.7071141314,219020.81305270194,823171.4141277678,208069.77240006684,1369903.8066614743,1561186.8495008247,1367290.3896733788,1365529.5,1311363.5,1591970.9,783104.6,1358612.1,1365945.8,921760.4,1058293.1,1673116.6,1788605.5,1325555.5,1465352.6,1197565.2,2423294.75,1206469.375,1211647.375
5_1306_99,2023-12-01,1209806.7037146757,1331153.940492253,1366832.4595067464,1356877.125,1022764.3385053687,1152732.1455010613,1717275.6255183043,1647440.708519307,1114328.7071141314,219020.81305270194,823171.4141277678,208069.77240006684,1369903.8066614743,1561186.8495008247,1367290.3896733788,1348278.4,1231736.1,1605336.1,432749.25,1390918.6,1363486.8,995306.44,1079585.9,1618795.0,1659003.9,1316806.9,1429018.6,1179039.8,2495786.5,1196113.5,93203.6484375
5_1306_99,2024-01-01,1172920.7905170813,1331153.940492253,1366832.4595067464,1383695.375,958553.5548568093,1641286.380373012,2548099.7834037784,1725295.0226357915,1114328.7071141314,219020.81305270194,823171.4141277678,208069.77240006684,1369903.8066614743,1561186.8495008247,1367290.3896733788,1337753.0,1202232.4,1612577.2,711715.9,1428716.9,1446153.8,1055543.8,1153700.8,1710785.6,1855105.8,1324106.1,1669497.1,1148915.5,2480252.5,0.009866569191217422,0.009866569191217422
5_1307_73,2023-10-01,0.0,0.0,102.41284331276432,11306.5146484375,281816.4560528231,904547.2003448617,1375452.0859457827,-92791.34742973578,103479.02517386328,1711497.638962069,1815708.0086380073,1625922.7570139656,103479.02517386328,6408.077740544735,98.84875649336865,9365.056,-8034.7964,64611.773,180407.4,-6089.125,24960.934,-269839.75,-192277.95,217770.6,311746.34,-38964.973,-0.0019570384,-0.002547192,0.01556818000972271,0.01556818000972271,0.01556818000972271
5_1307_73,2023-11-01,0.0,0.0,102.41284331276432,-921.7599487304688,492366.2781324098,-202692.51639532764,380042.6562018137,-167566.67393683572,103479.02517386328,1711497.638962069,1815708.0086380073,1625922.7570139656,103479.02517386328,6408.077740544735,98.84875649336865,25813.129,-68398.16,64059.965,-211075.05,-11499.875,1397.8555,-235111.28,-148590.17,200527.7,295916.2,-43412.78,-0.00033126815,-0.014978557,0.01556818000972271,0.01556818000972271,0.01556818000972271
5_1307_73,2023-12-01,0.0,0.0,102.41284331276432,6884.43212890625,649671.597341435,-699697.6887199932,-88128.1921283619,-242342.00044393563,103479.02517386328,1711497.638962069,1815708.0086380073,1625922.7570139656,103479.02517386328,6408.077740544735,98.84875649336865,9023.97,-21563.072,64582.43,-341417.3,-12582.75,-797.2339,-270793.53,-227642.28,201717.06,332238.72,-44096.676,-0.00044494183,-0.007359303,0.01556818000972271,1446123.375,0.01556818000972271
5_1307_73,2024-01-01,0.0,0.0,102.41284331276432,800.867431640625,767197.0514455943,-1109589.9488444906,-988709.6262929353,-317117.32695103553,103479.02517386328,1711497.638962069,1815708.0086380073,1625922.7570139656,103479.02517386328,6408.077740544735,98.84875649336865,-23237.06,-56772.094,64667.14,-95282.76,-5750.375,7365.485,-268583.94,-180709.78,165527.38,282836.7,-44650.91,2.4047158e-05,-0.020448271,0.01556818000972271,0.01556818000972271,0.01556818000972271
5_1307_99,2023-10-01,1547550.3988099569,1568673.1473474605,1568673.270397435,1564005.5,1480948.3704558336,1518061.696804872,1339154.259172163,1656713.6673808359,932567.75775181,206505.7211807338,745103.3867473289,196180.43512169708,1187189.8673065156,1554424.2634984816,1568682.4062631817,1588570.8,1547193.4,1643231.0,1275411.6,1547370.2,1510750.2,1122611.2,1213062.0,1901168.8,1974005.4,1557362.1,1565600.4,1546746.8,1544934.5,1557702.5,1549190.5
5_1307_99,2023-11-01,1571901.8448317398,1568673.1473474605,1568673.270397435,1563447.25,1401011.4991192585,1532564.4799681283,1340591.7702199544,1743864.6180162688,932567.75775181,206505.7211807338,745103.3867473289,196180.43512169708,1187189.8673065156,1554424.2634984816,1568682.4062631817,1591231.2,1537099.8,1632232.6,924117.3,1526441.6,1527602.2,1091730.4,1239347.2,1793629.1,1865896.9,1559209.5,1567300.2,1543674.0,1544934.5,1583238.625,1519398.375
5_1307_99,2023-12-01,1553478.219058872,1568673.1473474605,1568673.270397435,1560543.25,1328171.149727728,1473703.6947469218,1348162.1231930282,1831015.5686517018,932567.75775181,206505.7211807338,745103.3867473289,196180.43512169708,1187189.8673065156,1554424.2634984816,1568682.4062631817,1557023.4,1485937.5,1628110.1,605689.3,1505266.9,1486928.6,1108147.2,1240047.2,1751387.2,1859558.1,1555498.6,1568634.9,1526296.9,1544934.5,1566214.5,1510886.25
5_1307_99,2024-01-01,1518154.0567747261,1568673.1473474605,1568673.270397435,1559517.0,1261797.317342664,1965248.89002034,2026891.1182896893,1918166.5192871345,932567.75775181,206505.7211807338,745103.3867473289,196180.43512169708,1187189.8673065156,1554424.2634984816,1568682.4062631817,1553611.5,1499014.2,1626529.6,323746.0,1485581.6,1499673.5,1033610.25,1123412.5,1786582.2,1822982.1,1560342.6,1569268.6,1474058.2,1536422.5,1570470.5,1502374.25
5_1308_16,2023-10-01,0.0,0.0,1.5517168661261822e-55,219.54776000976562,8140.113152232205,-20574.117027331842,-57856.40604727887,1.5517153144120063e-25,10390.614900341121,45239.55877926681,62822.02885861745,42977.58084030347,5437.331620341568,4.143531060372147,1.5653679043757449e-25,372.29703,-363.17218,2360.2727,-2077.538,229.39876,420.08838,-9720.928,-5560.8516,5490.814,6646.415,668.9399,-0.0019570384,-0.002547192,0.0003096747968811542,0.0003096747968811542,0.0003096747968811542
5_1308_16,2023-11-01,0.0,0.0,1.5517168661261822e-55,265.583984375,12912.190801480363,-14922.079807769027,-58127.16235270252,1.5517153144120063e-25,10390.614900341121,45239.55877926681,62822.02885861745,42977.58084030347,5437.331620341568,4.143531060372147,1.5653679043757449e-25,139.03523,-785.54266,2306.2937,13132.259,341.78867,15.703461,-6443.4424,-5632.12,4541.4473,6707.309,291.71927,-0.00033126815,-0.014978557,0.0003096747968811542,0.0003096747968811542,0.0003096747968811542
5_1308_16,2023-12-01,0.0,0.0,1.5517168661261822e-55,211.20413208007812,15709.783987787487,-11050.445009706847,-58198.99278100683,1.5517153144120063e-25,10390.614900341121,45239.55877926681,62822.02885861745,42977.58084030347,5437.331620341568,4.143531060372147,1.5653679043757449e-25,10.021038,-471.61774,2306.782,-8369.659,439.66193,33.192444,-9315.684,-5416.109,6316.289,8698.62,236.78752,-0.00044494183,-0.007359303,0.0003096747968811542,0.0003096747968811542,0.0003096747968811542
5_1308_16,2024-01-01,0.0,0.0,1.5517168661261822e-55,177.61636352539062,17349.851105577392,-31394.29180501121,-77867.89033213703,1.5517153144120063e-25,10390.614900341121,45239.55877926681,62822.02885861745,42977.58084030347,5437.331620341568,4.143531060372147,1.5653679043757449e-25,-52.511406,-475.8545,2298.2966,-6219.602,518.7534,812.3526,-5874.5386,-3668.946,5336.9424,7446.1426,310.97006,2.4047158e-05,-0.020448271,332510.78125,155204.203125,0.0003096747968811542
5_1308_73,2023-10-01,0.0,0.0,1.1957164876384417e-26,-281534.53125,315193.4328234971,300984.5023400353,1328850.7802073434,-124484.44536091239,155034.91605533002,2214131.713752664,2689188.2688740105,2103425.128065031,155034.91605533002,9555.346986730758,1.231880813797601e-10,10514.745,8561.3955,95629.29,-440341.5,2385.375,-31868.814,-316539.62,-226543.03,179534.98,240606.17,-43366.766,-0.0019570384,-0.002547192,0.020351272076368332,0.020351272076368332,0.020351272076368332
5_1308_73,2023-11-01,0.0,0.0,1.1957164876384417e-26,19489.2265625,562191.6058866301,200020.7780863177,1257459.8055026236,-243295.04455801882,155034.91605533002,2214131.713752664,2689188.2688740105,2103425.128065031,155034.91605533002,9555.346986730758,1.231880813797601e-10,26837.963,-59092.76,94806.64,-376389.78,-239.25,2372.5557,-234054.64,-169851.42,217192.02,285279.38,-90114.91,-0.00033126815,-0.014978557,0.020351272076368332,10680.3779296875,0.020351272076368332
5_1308_73,2023-12-01,0.0,0.0,1.1957164876384417e-26,-187252.875,755749.2474593496,1296699.0542756459,2315792.954080061,-362105.64375512523,155034.91605533002,2214131.713752664,2689188.2688740105,2103425.128065031,155034.91605533002,9555.346986730758,1.231880813797601e-10,-7288.724,7453.1797,95575.49,-70336.01,-2891.375,-15764.48,-265420.94,-193811.27,154455.84,356926.62,-46666.19,-0.00044494183,-0.007359303,0.020351272076368332,53401.80859375,117483.953125
5_1308_73,2024-01-01,0.0,0.0,1.1957164876384417e-26,-24218.162109375,907428.7523989157,-2261634.0919049294,-1745562.039178281,-480916.24295223167,155034.91605533002,2214131.713752664,2689188.2688740105,2103425.128065031,155034.91605533002,9555.346986730758,1.231880813797601e-10,-51958.71,-46132.11,95697.64,-1020457.75,-1959.625,18760.535,-180011.77,-145868.28,238676.16,301122.78,-63931.64,2.4047158e-05,-0.020448271,0.020351272076368332,96123.234375,138844.671875
5_1308_99,2023-10-01,2173514.011186097,1101670.9625745253,1101669.5081231652,1092451.625,1027135.237757378,1065344.3149533367,1013190.3591525533,1167572.311766559,675832.426983091,156319.37362984923,534662.9056823674,148503.40494835677,853641.8709443634,1094649.6652168764,1101293.2666023984,1116086.0,1086817.1,1170369.6,890219.06,1089835.0,1093372.2,812248.06,886990.44,1312098.0,1354966.2,1093647.9,1119041.6,1083407.1,1082732.0,1135776.5,1120175.25
5_1308_99,2023-11-01,1181639.4425652733,1101670.9625745253,1101669.5081231652,1092295.5,960817.0060403531,1076508.2844485207,998552.8058346827,1228728.411429773,675832.426983091,156319.37362984923,534662.9056823674,148503.40494835677,853641.8709443634,1094649.6652168764,1101293.2666023984,1117369.8,1080053.4,1166437.6,655498.0,1081159.0,1106036.8,876992.6,920396.9,1263435.4,1304008.6,1093484.1,1106085.6,1077833.6,1113934.625,1079611.75,1126415.75
5_1308_99,2023-12-01,1172309.3969528067,1101670.9625745253,1101669.5081231652,1087327.875,901810.2965884416,1037017.2141231156,999031.5421222791,1289884.5110929871,675832.426983091,156319.37362984923,534662.9056823674,148503.40494835677,853641.8709443634,1094649.6652168764,1101293.2666023984,1094244.0,1040507.56,1164984.5,404250.06,1071604.1,1084326.0,894129.06,955585.9,1243319.8,1266535.9,1091054.0,1105092.8,1073029.2,1095213.0,1142017.0,1098333.25
5_1308_99,2024-01-01,1192898.9743379357,1101670.9625745253,1101669.5081231652,1086210.125,849309.0209935367,1403923.928118499,1524185.623199918,1351040.6107562014,675832.426983091,156319.37362984923,534662.9056823674,148503.40494835677,853641.8709443634,1094649.6652168764,1101293.2666023984,1091684.2,1047821.7,1164421.2,194828.55,1062513.9,1032371.1,814402.75,861996.3,1300034.1,1371447.5,1094682.4,1114365.6,1063886.6,1082732.0,1138896.75,1101453.5
5_1309_72,2023-10-01,2249.5686732573045,1188.6210176043792,1188.7234257248037,1194.0234375,1275.652330181908,1545.6738176685722,4948.107001681976,1266.2458569199162,3423.364069373788,770.5745315424265,2431.2626679304726,732.0458049653051,3253.3610088632277,2169.938331698241,1198.8666693289329,1141.6879,1174.0574,1156.4835,2322.8787,1331.6094,1307.8574,738.3533,939.125,1675.982,1807.8807,1429.7776,4035.1938,1463.9727,1182.6177978515625,17.651044845581055,794.2955322265625
5_1309_72,2023-11-01,1099.6093075114643,1188.6210176043792,1188.7234257248037,1411.645263671875,1349.6941411891546,2834.3254713848914,6859.892874541774,1332.954986855269,3423.364069373788,770.5745315424265,2431.2626679304726,732.0458049653051,3253.3610088632277,2169.938331698241,1198.8666693289329,1201.8484,1130.3401,1155.5935,2606.0862,1244.5375,1255.1552,775.075,968.2398,1604.9583,1729.8153,1014.83777,1969.5533,1415.8281,3.3633754355832934e-05,3.3633754355832934e-05,229.4631805419922
5_1309_72,2023-12-01,1110.3986057045447,1188.6210176043792,1188.7234257248037,1210.4775390625,1412.6851454021407,4701.871364200207,8982.321996791392,1399.6641167906218,3423.364069373788,770.5745315424265,2431.2626679304726,732.0458049653051,3253.3610088632277,2169.938331698241,1198.8666693289329,1196.1453,1119.7933,1141.0079,2066.7275,1210.7493,1187.7036,673.9497,870.01074,1582.4241,1717.1149,976.772,1700.0381,1278.5396,3.3633754355832934e-05,3.3633754355832934e-05,3.3633754355832934e-05
5_1309_72,2024-01-01,1134.6745266389762,1188.6210176043792,1188.7234257248037,1339.4075927734375,1466.2746856603078,6770.350710523824,10746.525277720353,1466.3732467259747,3423.364069373788,770.5745315424265,2431.2626679304726,732.0458049653051,3253.3610088632277,2169.938331698241,1198.8666693289329,1208.4182,1209.9202,1127.288,523.75525,1197.3809,1225.5524,678.351,785.4694,1620.3523,1851.4807,1004.6964,2867.268,1281.5137,3.3633754355832934e-05,3.3633754355832934e-05,3.3633754355832934e-05
5_1309_73,2023-10-01,0.0,0.0,0.30064041525861307,2061.435302734375,94132.23765096162,350575.0129972815,295315.09143642476,-62812.53707418798,37998.7584593798,620239.4564044396,659114.8502591017,589227.4835842176,37998.7584593798,2150.530069740609,0.10484589256507795,4406.935,3987.5215,26431.281,70240.65,425.53125,3836.2063,-95031.05,-61838.184,59777.707,76802.14,-11306.602,-0.0019570384,-0.002547192,0.006304711569100618,0.006304711569100618,0.006304711569100618
5_1309_73,2023-11-01,0.0,0.0,0.30064041525861307,11.688976287841797,168630.74077947473,425207.75613886723,341413.2447074693,-107621.21052771826,37998.7584593798,620239.4564044396,659114.8502591017,589227.4835842176,37998.7584593798,2150.530069740609,0.10484589256507795,11141.842,-11798.843,26192.258,-148643.19,-606.4375,-879.6426,-77613.85,-52502.65,62723.543,119801.664,-12444.284,-0.00033126815,-0.014978557,0.006304711569100618,33087.1640625,0.006304711569100618
5_1309_73,2023-12-01,0.0,0.0,0.30064041525861307,1321.8887939453125,227590.63705824318,10436.488693362742,-181372.54083220364,-152429.88398124854,37998.7584593798,620239.4564044396,659114.8502591017,589227.4835842176,37998.7584593798,2150.530069740609,0.10484589256507795,4761.119,9849.375,26398.115,-146731.55,-1363.75,-3238.1553,-94012.95,-60076.445,52002.875,78485.38,-13036.834,-0.00044494183,-0.007359303,0.006304711569100618,301093.15625,0.006304711569100618
5_1309_73,2024-01-01,0.0,0.0,0.30064041525861307,413.3808288574219,274252.9084223593,-402555.69051873696,-717875.2837807265,-197238.55743477878,37998.7584593798,620239.4564044396,659114.8502591017,589227.4835842176,37998.7584593798,2150.530069740609,0.10484589256507795,-682.0365,-3915.394,26427.344,-250786.53,-701.65625,-1641.4329,-87442.73,-61339.5,60015.97,103082.44,-13251.983,2.4047158e-05,-0.020448271,0.006304711569100618,658434.5,0.006304711569100618
5_1309_99,2023-10-01,402047.9123260416,393643.94814181456,393643.99419056217,359941.84375,367114.180220126,363625.8970564296,487498.73115047783,415738.1551116756,304494.9778392257,72469.39173488901,252611.7829821683,68845.92214814456,370332.02704125905,417285.920540293,393648.94983468927,399165.78,390904.4,459164.1,456713.0,401244.8,404232.7,304020.66,321573.0,466661.78,484725.1,393617.8,529139.1,377956.3,0.0028232065960764885,0.0028232065960764885,395592.625
5_1309_99,2023-11-01,406134.35901667085,393643.94814181456,393643.99419056217,380528.90625,345584.4400139188,324867.448948362,491465.8347097542,437606.470587387,304494.9778392257,72469.39173488901,252611.7829821683,68845.92214814456,370332.02704125905,417285.920540293,393648.94983468927,402034.16,395777.66,465241.34,345526.12,409523.75,408116.84,288563.7,321553.66,497812.12,523240.1,392651.88,430534.38,372715.94,0.0028232065960764885,0.0028232065960764885,394111.0
5_1309_99,2023-12-01,405888.00337459554,393643.94814181456,393643.99419056217,352364.0625,328112.379394503,307074.517251499,488046.274793431,459474.78606309835,304494.9778392257,72469.39173488901,252611.7829821683,68845.92214814456,370332.02704125905,417285.920540293,393648.94983468927,391882.1,371087.9,468828.6,95081.36,419279.4,416130.94,299202.9,332789.12,495500.94,567000.3,391926.4,418552.75,354383.44,0.0028232065960764885,0.0028232065960764885,394111.0
5_1309_99,2024-01-01,384667.2520451715,393643.94814181456,393643.99419056217,362531.84375,313933.2532478472,465856.88891109894,724789.198879006,481343.1015388097,304494.9778392257,72469.39173488901,252611.7829821683,68845.92214814456,370332.02704125905,417285.920540293,393648.94983468927,391961.8,368060.38,470692.62,43193.438,429521.72,443312.62,355907.3,367424.7,516393.53,545347.1,393445.5,476538.2,315620.2,0.0028232065960764885,0.0028232065960764885,391147.75
5_1310_73,2023-10-01,0.0,0.0,0.10128488985799411,-1496.914306640625,114695.95028605562,314544.1811020803,413736.9215616171,-63026.26237197822,57432.2204758957,959377.9276768271,1004632.9008234995,911409.0312929857,57432.2204758957,3499.2184619970667,0.05143873351984154,6104.1514,5845.549,35012.336,38138.67,-1655.125,-3114.3042,-173601.45,-136713.02,92205.79,118779.61,-15249.39,-0.0019570384,-0.002547192,88701.609375,0.008895771577954292,0.008895771577954292
5_1310_73,2023-11-01,0.0,0.0,0.10128488985799411,-46.31059265136719,208733.15524873877,421040.8201607149,559024.3266969495,-118931.6683099938,57432.2204758957,959377.9276768271,1004632.9008234995,911409.0312929857,57432.2204758957,3499.2184619970667,0.05143873351984154,14803.643,-16978.746,34723.695,-189578.97,-4303.6875,-11740.659,-150041.42,-99067.516,149999.7,285644.1,-19157.293,-0.00033126815,-0.014978557,74696.09375,14005.525390625,0.008895771577954292
5_1310_73,2023-12-01,0.0,0.0,0.10128488985799411,-1259.1087646484375,285832.6159981283,62240.048736700206,137332.99342332658,-174837.07424800936,57432.2204758957,959377.9276768271,1004632.9008234995,911409.0312929857,57432.2204758957,3499.2184619970667,0.05143873351984154,4985.251,11318.917,35012.73,-126755.79,-5470.875,7957.394,-107338.32,-85797.99,99061.3,127528.46,-19618.787,-0.00044494183,-0.007359303,32679.546875,23342.53515625,4668.51416015625
5_1310_73,2024-01-01,0.0,0.0,0.10128488985799411,-290.4886474609375,349045.1163080381,-670046.190995075,-696669.8549552066,-230742.4801860249,57432.2204758957,959377.9276768271,1004632.9008234995,911409.0312929857,57432.2204758957,3499.2184619970667,0.05143873351984154,-4578.2314,-6596.0786,35062.12,-375473.3,-3192.75,-11788.462,-133403.2,-112057.35,66540.64,109399.92,-19631.336,2.4047158e-05,-0.020448271,228756.765625,51353.56640625,121381.1484375
5_1310_99,2023-10-01,2556983.651131836,608175.6560884808,608182.2618254371,620679.3125,566362.672291674,567958.1865380465,619221.3288990748,642995.9163458226,417909.95916791586,103764.64153329872,320541.36040039547,98576.40945663379,516700.2053559834,630141.4203994176,608829.3512058316,615217.2,600970.25,677020.9,534865.56,623648.4,623039.9,420748.75,451345.97,722229.2,783280.6,601212.6,606739.3,627274.1,608819.6875,600912.9375,596959.5625
5_1310_99,2023-11-01,839662.7461455733,608175.6560884808,608182.2618254371,620021.0625,530923.8406400383,532008.8033702031,626800.4706901326,676821.1368164391,417909.95916791586,103764.64153329872,320541.36040039547,98576.40945663379,516700.2053559834,630141.4203994176,608829.3512058316,615696.1,600253.8,681573.44,427928.47,625433.8,628458.7,471968.4,495682.16,763806.44,788307.06,603229.2,606888.6,628934.56,606843.0,557425.8125,575216.0625
5_1310_99,2023-12-01,819707.040029288,608175.6560884808,608182.2618254371,621599.125,500887.45780411933,468491.34279440733,626484.9197501562,710646.3572870555,417909.95916791586,103764.64153329872,320541.36040039547,98576.40945663379,516700.2053559834,630141.4203994176,608829.3512058316,602732.9,572350.44,683853.7,195201.27,628839.44,639615.25,465267.3,510969.1,761990.56,820676.06,603123.94,609316.5,627502.06,602889.625,527775.5625,567309.25
5_1310_99,2024-01-01,812390.0976380139,608175.6560884808,608182.2618254371,621387.0625,475429.95111387694,690341.9022321249,940857.7531970787,744471.5777576719,417909.95916791586,103764.64153329872,320541.36040039547,98576.40945663379,516700.2053559834,630141.4203994176,608829.3512058316,601390.4,575313.44,684877.06,39097.297,632069.56,619721.25,441535.8,514028.7,732961.8,765875.4,604779.06,610599.2,625863.3,608819.6875,0.0037665499839931726,553472.4375
5_1311_73,2023-10-01,0.0,0.0,0.0872975242960744,-3973.61328125,118158.08591806702,76414.46073335188,-15961.515834720689,-90805.2936788434,72421.60962867022,1321437.2818240975,1256203.105608077,1255365.4177328926,72421.60962867022,4267.42921165193,0.04575788040568723,13946.117,-1722.7109,46401.98,-17396.08,-3645.375,-11406.6875,-156839.2,-138132.56,118206.47,177166.0,-16742.518,-0.0019570384,-0.002547192,0.013110269792377949,0.013110269792377949,0.013110269792377949
5_1311_73,2023-11-01,0.0,0.0,0.0872975242960744,-25.178497314453125,221439.47177600814,122069.51356637484,-37111.01773557265,-177953.07289569924,72421.60962867022,1321437.2818240975,1256203.105608077,1255365.4177328926,72421.60962867022,4267.42921165193,0.04575788040568723,28154.408,-37047.523,46025.023,-261864.31,-7352.6875,-3995.8848,-180482.56,-131268.83,128307.81,204225.97,-17032.828,-0.00033126815,-0.014978557,0.013110269792377949,0.013110269792377949,0.013110269792377949
5_1311_73,2023-12-01,0.0,0.0,0.0872975242960744,-3216.860595703125,311717.20928212884,-236884.79481104997,-553071.8786607081,-265100.85211255506,72421.60962867022,1321437.2818240975,1256203.105608077,1255365.4177328926,72421.60962867022,4267.42921165193,0.04575788040568723,15241.74,-1808.412,46411.09,-348639.5,-7937.25,11220.443,-196082.75,-144908.44,159760.06,261472.11,-16112.087,-0.00044494183,-0.007359303,0.013110269792377949,0.013110269792377949,0.013110269792377949
5_1311_73,2024-01-01,0.0,0.0,0.0872975242960744,-663.7236328125,390628.5234702836,-772089.8490878377,-1456854.6289920597,-352248.63132941094,72421.60962867022,1321437.2818240975,1256203.105608077,1255365.4177328926,72421.60962867022,4267.42921165193,0.04575788040568723,-25.936707,-36028.426,46478.234,-422677.5,-2720.125,5446.494,-196887.62,-118932.44,175836.58,273029.03,-19929.916,2.4047158e-05,-0.020448271,0.013110269792377949,0.013110269792377949,0.013110269792377949
5_1311_99,2023-10-01,1100502.1219369415,967646.3004200782,967647.4729406073,888544.1875,879841.4116193443,883009.9824402776,1027628.6912225375,1022068.6578074868,676862.794845403,168900.63498885653,508100.1949506445,160455.6032394137,826758.8596261028,982280.9648980037,967762.6782019048,978714.3,955187.9,1095480.1,936007.25,987269.6,987213.56,759537.9,812006.8,1184480.0,1362009.4,958641.1,975750.1,970029.0,974012.125,983784.8125,967497.0
5_1311_99,2023-11-01,979097.3422356677,967646.3004200782,967647.4729406073,912657.9375,806768.9649582882,805029.5821997222,1023521.529445206,1075831.6443386606,676862.794845403,168900.63498885653,508100.1949506445,160455.6032394137,826758.8596261028,982280.9648980037,967762.6782019048,982327.06,962467.2,1106069.0,739162.44,1000911.06,1012382.4,684997.9,808616.6,1177430.5,1240645.8,963053.94,969877.5,972400.25,980527.25,987042.375,977269.6875
5_1311_99,2023-12-01,963727.0878514417,967646.3004200782,967647.4729406073,850978.875,745957.061043113,728599.2016719773,1031440.7479928317,1129594.6308698345,676862.794845403,168900.63498885653,508100.1949506445,160455.6032394137,826758.8596261028,982280.9648980037,967762.6782019048,960854.2,913629.7,1111656.4,204332.05,1014914.3,988454.0,738105.6,810873.06,1142787.9,1242315.0,963561.5,969121.25,969387.25,967497.0,941436.5,957724.3125
5_1311_99,2024-01-01,943712.9397032772,967646.3004200782,967647.4729406073,856783.75,695348.5509032795,1107635.1407829453,1556296.4207390454,1183357.6174010083,676862.794845403,168900.63498885653,508100.1949506445,160455.6032394137,826758.8596261028,982280.9648980037,967762.6782019048,960296.4,910768.3,1114284.0,-34412.54,1027999.44,1001094.4,781299.44,848504.75,1182898.0,1236130.0,965957.06,972533.7,960257.56,970754.5625,0.006207245402038097,957724.3125
5_1312_2,2023-10-01,0.0,0.0,1.6634400440428863e-60,112.0497817993164,729.142646868956,-1293.8291937791862,-6469.113588127584,-515.4351355626416,37.93635757561056,5955.804002084335,11414.0299919529,5658.013801980118,37.93635757561056,0.22134636270653443,1.6790062585258776e-28,-0.0024689105,0.002335506,0.09430316,0.0027159478,13.3251705,16.224092,-789.396,-438.39005,470.52914,670.52545,-0.00017725787,-0.0019570384,-0.0013073994,3.591196218621917e-05,3.591196218621917e-05,3.591196218621917e-05
5_1312_2,2023-11-01,0.0,0.0,1.6634400440428863e-60,-5.657105922698975,1228.351649975652,-783.6835989109097,-6871.291590412312,-1025.7159197695628,37.93635757561056,5955.804002084335,11414.0299919529,5658.013801980118,37.93635757561056,0.22134636270653443,1.6790062585258776e-28,0.00047200356,-0.010625879,0.09177589,0.0038856715,19.55987,6.491722,-868.1039,-489.94586,577.20276,668.2702,0.002405007,-0.00033126815,-0.010178799,3.591196218621917e-05,3.591196218621917e-05,3.591196218621917e-05
5_1312_2,2023-12-01,0.0,0.0,1.6634400440428863e-60,31.833770751953125,1570.1361140348085,119.68550362462668,-6865.133391716147,-1535.996703976484,37.93635757561056,5955.804002084335,11414.0299919529,5658.013801980118,37.93635757561056,0.22134636270653443,1.6790062585258776e-28,0.0026063903,-0.017958699,0.09161402,0.1326086,24.870596,9.194196,-718.46356,-464.53616,614.0778,866.1099,0.000515223,-0.00044494183,-0.0022766313,3.591196218621917e-05,3.591196218621917e-05,3.591196218621917e-05
5_1312_2,2024-01-01,0.0,0.0,1.6634400440428863e-60,13.308226585388184,1804.139545754244,-2867.9611405165087,-7841.099455096687,-2046.2774881834052,37.93635757561056,5955.804002084335,11414.0299919529,5658.013801980118,37.93635757561056,0.22134636270653443,1.6790062585258776e-28,0.00073333527,-0.029180804,0.09117099,-0.00056325237,29.045946,62.70274,-625.0601,-352.79605,648.95807,760.1202,0.002408248,2.4047158e-05,-0.016474321,3.591196218621917e-05,3.591196218621917e-05,3.591196218621917e-05
5_1312_73,2023-10-01,0.0,0.0,0.0004889344267803367,57683.20703125,140391.45225368615,87218.0778690473,320623.59164872847,-118685.47793708269,89458.53708975756,1482596.08945495,1551720.4421651054,1408466.2849822026,89458.53708975756,5213.760295500151,0.00032005680476285075,16313.574,2163.4407,64392.574,42080.504,-4042.625,-12732.7295,-236629.84,-174170.92,195131.84,296148.44,-33410.844,-0.0019570384,-0.0013073994,0.015274378471076488,0.015274378471076488,0.015274378471076488
5_1312_73,2023-11-01,0.0,0.0,0.0004889344267803367,-4490.50048828125,262756.49737256963,-297192.64623728115,-168929.5763133128,-233225.4745080772,89458.53708975756,1482596.08945495,1551720.4421651054,1408466.2849822026,89458.53708975756,5213.760295500151,0.00032005680476285075,36249.875,-45435.77,63833.145,-159157.77,-8477.625,-27106.812,-312115.94,-186648.06,202287.02,299451.5,-36468.19,-0.00033126815,-0.010178799,0.015274378471076488,0.015274378471076488,0.015274378471076488
5_1312_73,2023-12-01,0.0,0.0,0.0004889344267803367,36739.390625,369409.7446079493,-559225.3705305086,-610110.3443767242,-347765.4710790717,89458.53708975756,1482596.08945495,1551720.4421651054,1408466.2849822026,89458.53708975756,5213.760295500151,0.00032005680476285075,14893.553,-753.6132,64348.02,-612206.3,-9140.5,840.0823,-214759.66,-172183.38,174797.6,223266.88,-37986.05,-0.00044494183,-0.0022766313,0.015274378471076488,24048.021484375,0.015274378471076488
5_1312_73,2024-01-01,0.0,0.0,0.0004889344267803367,4417.88916015625,462368.60499818367,-1130195.7883591536,-1735683.6262037898,-462305.46765006625,89458.53708975756,1482596.08945495,1551720.4421651054,1408466.2849822026,89458.53708975756,5213.760295500151,0.00032005680476285075,-9833.2,-48299.582,64427.445,-600913.3,-2675.375,3964.8157,-267563.4,-175505.44,237253.34,343662.34,-37887.227,2.4047158e-05,-0.016474321,272544.0625,480960.125,40080.0234375
5_1312_99,2023-10-01,1146285.6097110964,1157715.0729302997,1157207.6575090438,1046306.0,1046087.5251866216,1162458.773068504,1414024.7753030306,1228087.5857678093,922288.2598637859,218666.30592046454,762220.5424676521,207732.9906244413,1101378.9258013053,1217813.715148357,1157200.4425655773,1172457.6,1141938.5,1361814.0,770263.75,1190751.4,1190926.4,809393.44,934415.06,1351385.9,1397117.4,1148463.6,1157143.6,1199133.5,1151120.5,1159975.375,1155548.0
5_1312_99,2023-11-01,1135589.8187690226,1157715.0729302997,1157207.6575090438,1004876.625,956959.5645044921,1104584.749258379,1375829.0754547506,1292401.4842026671,922288.2598637859,218666.30592046454,762220.5424676521,207732.9906244413,1101378.9258013053,1217813.715148357,1157200.4425655773,1176103.9,1151485.6,1380415.0,968923.5,1222866.0,1239603.2,803308.0,915410.56,1479478.2,1538324.1,1157554.5,1157424.4,1181254.1,1159975.375,1159975.375,1155548.0
5_1312_99,2023-12-01,1194777.2113317144,1157715.0729302997,1157207.6575090438,928630.125,885796.1865039655,905003.5874167045,1405840.7121093483,1356715.3826375252,922288.2598637859,218666.30592046454,762220.5424676521,207732.9906244413,1101378.9258013053,1217813.715148357,1157200.4425655773,1154823.8,1083783.4,1391812.1,585293.5,1257849.5,1230171.5,954960.8,1010884.75,1525664.4,1618079.1,1158310.1,1157849.8,1173007.5,1155548.0,0.008436323143541813,1155548.0
5_1312_99,2024-01-01,1172507.2007530134,1157715.0729302997,1157207.6575090438,884568.75,828976.4597909629,1459887.8431988696,2109428.7478234097,1421029.281072383,922288.2598637859,218666.30592046454,762220.5424676521,207732.9906244413,1101378.9258013053,1217813.715148357,1157200.4425655773,1151374.2,1076705.9,1397913.2,398800.56,1293413.8,1310359.0,906146.44,1068625.4,1531304.4,1578404.4,1161713.4,1158007.0,1214732.8,1155548.0,0.008436323143541813,1155548.0
5_1313_73,2023-10-01,0.0,0.0,5.8473493132553465,-25336.22265625,468004.84145637834,172269.9532435732,661513.1246320906,-543214.5945120634,223391.46548240114,4253778.348378206,3874880.0826740833,4041089.430959295,223391.46548240114,11862.459464292198,3.835884840769095,36163.117,8119.822,165672.69,389179.84,6530.25,723.6709,-455300.44,-328272.16,353010.78,399976.66,-117995.76,-0.0019570384,-0.0013073994,0.04228271543979645,0.04228271543979645,0.04228271543979645
5_1313_73,2023-11-01,0.0,0.0,5.8473493132553465,-759.4500122070312,863644.5777866114,1205377.3489371394,1483237.865164921,-892967.5531887993,223391.46548240114,4253778.348378206,3874880.0826740833,4041089.430959295,223391.46548240114,11862.459464292198,3.835884840769095,88450.04,-106274.79,164134.88,-1024222.2,2715.75,-6747.1953,-629409.6,-480100.47,250847.47,364405.28,-124118.94,-0.00033126815,-0.010178799,0.04228271543979645,0.04228271543979645,976359.6875
5_1313_73,2023-12-01,0.0,0.0,5.8473493132553465,-21265.427734375,1198108.641184653,-2977929.3842274314,-3021719.592994302,-1242720.5118655353,223391.46548240114,4253778.348378206,3874880.0826740833,4041089.430959295,223391.46548240114,11862.459464292198,3.835884840769095,53300.125,25010.27,165400.33,-1019223.44,-931.125,-12846.8125,-427011.25,-330846.56,353699.7,501780.4,-130368.695,-0.00044494183,-0.0022766313,0.04228271543979645,0.04228271543979645,998549.625
5_1313_73,2024-01-01,0.0,0.0,5.8473493132553465,-4894.95556640625,1480856.3013219968,-4711796.196328453,-5040399.6286474075,-1592473.4705422712,223391.46548240114,4253778.348378206,3874880.0826740833,4041089.430959295,223391.46548240114,11862.459464292198,3.835884840769095,15377.075,-75870.664,165566.12,-1184741.6,1978.625,22348.082,-393646.06,-324671.72,374139.16,671379.75,-123164.03,2.4047158e-05,-0.016474321,0.04228271543979645,0.04228271543979645,3017838.75
5_1313_99,2023-10-01,2842659.991363676,1978245.696054993,2095913.5443880954,1989561.875,1858940.2065984176,2317511.095942267,3081675.255646644,2306724.580781152,2049808.1675147796,497009.64805553015,1511839.788083676,472159.1656527536,2487279.1223123646,2764612.2944468865,2098046.626814127,2022973.5,1986943.2,2401701.0,2321258.2,2192964.0,2239312.0,1654836.4,1734192.2,2636880.5,2793099.8,1948776.2,2588400.2,2243890.0,1949076.375,0.01847730204463005,0.01847730204463005
5_1313_99,2023-11-01,2013569.8583391388,1978245.696054993,2095913.5443880954,2185511.5,1761346.18646703,2224735.8898542468,3109710.214236364,2427400.480067722,2049808.1675147796,497009.64805553015,1511839.788083676,472159.1656527536,2487279.1223123646,2764612.2944468865,2098046.626814127,2026487.6,1980362.4,2430157.5,1422360.4,2193434.2,2211704.5,1735861.9,1884817.2,2703344.8,2908193.5,1953699.1,2140450.5,2239899.0,1871501.125,0.01847730204463005,9696.9150390625
5_1313_99,2023-12-01,1919999.6697596475,1978245.696054993,2095913.5443880954,1873512.0,1681512.5358212027,1764461.027535687,3103310.5527693303,2548076.379354292,2049808.1675147796,497009.64805553015,1511839.788083676,472159.1656527536,2487279.1223123646,2764612.2944468865,2098046.626814127,1973293.1,1826718.6,2450398.5,867466.75,2233671.0,2193796.0,1641828.8,1819913.6,2762492.0,2895549.5,1949827.9,2093094.5,2099554.0,0.01847730204463005,0.01847730204463005,9696.9150390625
5_1313_99,2024-01-01,1833603.4653703717,1978245.696054993,2095913.5443880954,1932510.875,1616207.1844599235,2893761.557091628,4663428.062125986,2668752.278640862,2049808.1675147796,497009.64805553015,1511839.788083676,472159.1656527536,2487279.1223123646,2764612.2944468865,2098046.626814127,1961600.0,1821595.8,2462715.0,674648.06,2296250.8,2300569.2,1562844.1,1691565.2,2728937.2,2872203.2,1959053.9,2374008.2,1982615.0,0.01847730204463005,0.01847730204463005,9696.9150390625
5_1400_74,2023-10-01,0.0,0.0,2.5306016035180394,1.4242136478424072,2.493694121327404,-0.8192591053937004,-5.484447236330631,5.1495454150145833e-39,0.04161603688077451,52.148274599889554,52.148274599889554,49.54086086989508,0.04161603688077451,4.973247013081508e-05,5.253079198258282e-39,-0.0024689105,0.002335506,0.09430316,0.0027159478,0.0040304437,-0.0058610328,-0.33704978,-0.18267523,0.13148528,0.16783148,-0.00017725787,-0.0019570384,-0.0013073994,3.469061837790832e-08,3.469061837790832e-08,3.469061837790832e-08
5_1400_74,2023-11-01,0.0,0.0,2.5306016035180394,1.4332926273345947,2.3789935946921776,1.0965016615010745,-8.124886993909271,5.1495454150145833e-39,0.04161603688077451,52.148274599889554,52.148274599889554,49.54086086989508,0.04161603688077451,4.973247013081508e-05,5.253079198258282e-39,0.00047200356,-0.010625879,0.09177589,0.0038856715,0.0060206745,0.013560867,-0.19674943,-0.15676932,0.18200651,0.29969633,0.002405007,-0.00033126815,-0.010178799,3.469061837790832e-08,3.469061837790832e-08,3.469061837790832e-08
5_1400_74,2023-12-01,0.0,0.0,2.5306016035180394,1.4240443706512451,2.3842693864173454,0.6100542821418886,-7.281749058538598,5.1495454150145833e-39,0.04161603688077451,52.148274599889554,52.148274599889554,49.54086086989508,0.04161603688077451,4.973247013081508e-05,5.253079198258282e-39,0.0026063903,-0.017958699,0.09161402,0.1326086,0.007780593,0.025829745,-0.24128717,-0.15179145,0.2204343,0.24031927,0.000515223,-0.00044494183,-0.0022766313,3.469061837790832e-08,37.2487678527832,3.469061837790832e-08
5_1400_74,2024-01-01,0.0,0.0,2.5306016035180394,1.4129345417022705,2.3840267198913594,19.19203980621962,17.41458449431478,5.1495454150145833e-39,0.04161603688077451,52.148274599889554,52.148274599889554,49.54086086989508,0.04161603688077451,4.973247013081508e-05,5.253079198258282e-39,0.00073333527,-0.029180804,0.09117099,-0.00056325237,0.0092493715,0.024053184,-0.19099592,-0.14124101,0.1800716,0.20777798,0.002408248,2.4047158e-05,-0.016474321,3.469061837790832e-08,37.2487678527832,3.469061837790832e-08
5_1402_73,2023-10-01,0.0,0.0,1.0219465214851896e-26,91643.2421875,104795.49400756779,314450.21357167116,282194.53480482136,-24102.26273225703,44168.6656815415,543952.6201975304,766136.1751583056,516754.9891876538,44168.6656815415,3580.1390164585587,1.0270919636408789e-10,1610.1456,-3674.8892,21667.877,-12011.258,-1541.1562,-2479.3767,-67617.97,-49966.8,44482.06,61154.566,-12979.196,-0.0019570384,-0.0013073994,0.00443590572103858,0.00443590572103858,0.00443590572103858
5_1402_73,2023-11-01,0.0,0.0,1.0219465214851896e-26,-6726.17724609375,175005.46693746673,450376.0745447865,401794.67674955755,-47963.502837175685,44168.6656815415,543952.6201975304,766136.1751583056,516754.9891876538,44168.6656815415,3580.1390164585587,1.0270919636408789e-10,3487.5188,-7275.531,21423.166,-91248.23,-2868.8125,-924.36145,-60115.9,-39954.855,43681.11,70033.41,-18765.646,-0.00033126815,-0.010178799,0.00443590572103858,0.00443590572103858,0.00443590572103858
5_1402_73,2023-12-01,0.0,0.0,1.0219465214851896e-26,47075.3828125,222044.13348987745,844805.6552924349,771738.7269047955,-71824.74294209434,44168.6656815415,543952.6201975304,766136.1751583056,516754.9891876538,44168.6656815415,3580.1390164585587,1.0270919636408789e-10,356.4035,774.9851,21564.78,38316.207,-3462.2656,-3695.137,-65520.04,-40372.57,39799.613,77361.16,-13585.328,-0.00044494183,-0.0022766313,0.00443590572103858,0.00443590572103858,0.00443590572103858
5_1402_73,2024-01-01,0.0,0.0,1.0219465214851896e-26,9918.982421875,253558.68987972382,478362.1405738299,325957.08132728573,-95685.98304701298,44168.6656815415,543952.6201975304,766136.1751583056,516754.9891876538,44168.6656815415,3580.1390164585587,1.0270919636408789e-10,-2858.6812,-12269.682,21572.82,-297210.75,-2501.0312,-5789.9688,-56033.63,-45366.95,33702.52,45531.24,-15050.013,2.4047158e-05,-0.016474321,0.00443590572103858,0.00443590572103858,0.00443590572103858
5_1402_99,2023-10-01,274384.4405645982,226791.04801855417,304532.6659588964,288099.71875,196180.7945852502,323987.47611968656,321535.9186550615,383508.5864323969,211330.72228254963,60569.44857970914,164083.98854844004,57540.97615072368,258883.47087158193,297305.9779466534,304452.81257060403,234369.73,225539.84,274387.06,279515.5,240457.55,241134.03,155179.6,180402.5,285930.34,308504.6,232536.94,304483.53,260745.66,243811.71875,224306.78125,218455.296875
5_1402_99,2023-11-01,234704.099134996,226791.04801855417,304532.6659588964,282377.4375,177658.86905492027,314896.57249431766,313424.48333641666,406483.6857382017,211330.72228254963,60569.44857970914,164083.98854844004,57540.97615072368,258883.47087158193,297305.9779466534,304452.81257060403,232067.5,222765.95,277773.4,75882.39,244074.12,238248.28,173621.67,189369.55,287102.72,322048.88,230409.64,245126.69,249581.16,237960.234375,0.00185831927228719,199925.609375
5_1402_99,2023-12-01,396558.85687031184,226791.04801855417,304532.6659588964,275984.5625,166451.45693405764,300373.41094152693,321880.3303770652,429458.7850440065,211330.72228254963,60569.44857970914,164083.98854844004,57540.97615072368,258883.47087158193,297305.9779466534,304452.81257060403,229813.19,211058.94,280147.0,54995.3,250507.3,250053.69,190066.89,207738.42,291203.84,297167.3,227355.31,242083.47,228522.44,233084.0,0.00185831927228719,182371.15625
5_1402_99,2024-01-01,242226.93730012147,226791.04801855417,304532.6659588964,270087.03125,159669.97591356782,435732.9233309057,480597.8571354285,452433.8843498113,211330.72228254963,60569.44857970914,164083.98854844004,57540.97615072368,258883.47087158193,297305.9779466534,304452.81257060403,230157.8,213998.62,281568.56,5443.0596,258613.52,263449.75,183413.58,206349.61,311912.56,322085.34,229975.5,284999.94,201084.38,234059.25,0.00185831927228719,0.00185831927228719
5_1403_2,2023-10-01,11631.762560323641,0.0,1163.6151476215807,1744.9002685546875,9.908192422463685,-13.292336757539701,356.56060814320335,1177.9777262403081,276.96813496443804,276.96813496443804,276.96813496443804,263.1197282162161,441.78266839058745,2908.1654171265996,5758.133548977903,5688.873,5601.3105,4503.5693,1461.3374,3233.3516,3417.2383,54.018772,895.19086,5488.6987,6337.6753,5830.374,5398.078,7144.43,4154.52197265625,3.869200099870795e-06,4154.52197265625
5_1403_2,2023-11-01,17448.093394576837,0.0,1163.6151476215807,1744.9002685546875,277.6303425114865,-87.74083893172894,346.3910817417144,1253.513394066958,276.96813496443804,276.96813496443804,276.96813496443804,263.1197282162161,441.78266839058745,2908.1654171265996,5758.133548977903,4598.8936,5280.3643,4178.9736,2055.4397,3512.2354,3277.337,1157.4154,2047.7141,5173.4214,5379.2734,5238.3867,5567.2104,7063.9326,4154.52197265625,4154.52197265625,4154.52197265625
5_1403_2,2023-12-01,29096.0399021901,0.0,1163.6151476215807,1744.9002685546875,265.2862273704484,210.271210247825,189.44552840653319,1329.0490618936078,276.96813496443804,276.96813496443804,276.96813496443804,263.1197282162161,441.78266839058745,2908.1654171265996,5758.133548977903,4483.8555,5249.6743,4093.3933,1239.2886,3564.6055,3641.9546,1479.407,1764.9563,5145.2793,5961.8413,5155.0244,5843.4004,7900.7153,4154.52197265625,3.869200099870795e-06,4154.52197265625
5_1403_2,2024-01-01,8744.726185491823,0.0,1163.6151476215807,1744.9002685546875,265.8553890127127,-164.4185031152873,1026.35962265904,1404.5847297202579,276.96813496443804,276.96813496443804,276.96813496443804,263.1197282162161,441.78266839058745,2908.1654171265996,5758.133548977903,4279.4956,5218.324,4065.2317,-695.03174,3500.6873,3569.1865,2389.9922,2645.4666,4378.279,4950.9404,5170.0044,5926.7217,7419.089,4154.52197265625,3.869200099870795e-06,4154.52197265625
5_1403_73,2023-10-01,0.0,0.0,1.8001601634734472,5430.76318359375,62108.29322378914,-42201.54101305414,-7650.051168289501,-53277.54295685959,37139.61384049502,659746.6636545113,659746.4134134303,626759.3304717857,37139.61384049502,2496.4041350619236,1.9293137682392811,5215.511,1046.4485,19168.797,-16504.842,28610.25,21821.906,-69502.484,-29094.176,90965.87,105312.47,-4549.468,-0.0019570384,-0.0013073994,0.005822342820465565,0.005822342820465565,0.005822342820465565
5_1403_73,2023-11-01,0.0,0.0,1.8001601634734472,146.14552307128906,114961.2375371774,-33836.550018285634,-5889.296585918346,-100459.3994462147,37139.61384049502,659746.6636545113,659746.4134134303,626759.3304717857,37139.61384049502,2496.4041350619236,1.9293137682392811,8567.449,-13409.997,19027.797,-86789.664,35375.562,30290.926,-60357.695,-27111.875,91175.25,122210.37,-9039.25,-0.00033126815,-0.010178799,0.005822342820465565,0.005822342820465565,0.005822342820465565
5_1403_73,2023-12-01,0.0,0.0,1.8001601634734472,3205.73193359375,159938.06072130185,35359.23674617935,35538.9721651728,-147641.2559355698,37139.61384049502,659746.6636545113,659746.4134134303,626759.3304717857,37139.61384049502,2496.4041350619236,1.9293137682392811,1813.9275,-6.594523,19195.867,-108239.91,43801.062,49312.29,-38863.625,-13758.725,96184.25,124814.05,-4773.4375,-0.00044494183,-0.0022766313,0.005822342820465565,0.005822342820465565,0.005822342820465565
5_1403_73,2024-01-01,0.0,0.0,1.8001601634734472,1232.9453125,198212.45867614893,-270466.84229349066,-307938.43006995536,-194823.11242492488,37139.61384049502,659746.6636545113,659746.4134134303,626759.3304717857,37139.61384049502,2496.4041350619236,1.9293137682392811,-6408.204,-11190.169,19229.424,-234866.58,52501.0,52093.473,-27267.252,1536.478,93171.43,102937.7,-6857.2686,2.4047158e-05,-0.016474321,0.005822342820465565,0.005822342820465565,0.005822342820465565
5_1403_99,2023-10-01,624540.3241228359,623381.3736752624,623385.1660688561,629524.4375,594837.8222424295,658269.8397837689,682988.4952248798,667330.9808678381,462557.3882029108,96982.72406397489,358340.03084792005,92133.58786077614,582509.839467843,712774.0141299351,624253.6809012878,634467.1,617779.44,706012.3,759922.0,630457.75,619896.3,480018.1,499117.53,736827.3,783939.8,629720.8,847997.4,631362.25,622824.375,649994.5625,0.003982493653893471
5_1403_99,2023-11-01,631673.8484448277,623381.3736752624,623385.1660688561,631201.4375,569931.7894522613,586573.8759685301,692287.6280138505,702300.6652281682,462557.3882029108,96982.72406397489,358340.03084792005,92133.58786077614,582509.839467843,712774.0141299351,624253.6809012878,638743.44,616661.7,712926.4,399077.7,632439.8,620406.9,458097.1,513561.34,765109.06,824219.6,629299.4,683156.94,629952.4,631184.4375,664624.625,0.003982493653893471
5_1403_99,2023-12-01,1074537.6758352933,623381.3736752624,623385.1660688561,616037.625,548199.719047336,535017.9695328526,669926.0214594046,737270.3495884984,462557.3882029108,96982.72406397489,358340.03084792005,92133.58786077614,582509.839467843,712774.0141299351,624253.6809012878,625683.4,587027.6,716554.25,264748.12,638065.7,632303.1,479575.25,518401.2,760440.06,770161.44,622132.44,665016.94,633547.75,622824.375,656264.5625,0.003982493653893471
5_1403_99,2024-01-01,655554.161778846,623381.3736752624,623385.1660688561,614309.625,529237.1292176516,736730.1451331507,1024122.348772795,772240.0339488285,462557.3882029108,96982.72406397489,358340.03084792005,92133.58786077614,582509.839467843,712774.0141299351,624253.6809012878,621957.6,585244.2,718265.1,248931.78,645090.8,649362.6,481552.03,514851.1,796241.44,846777.44,627118.9,763472.94,629602.56,622824.375,647904.5625,0.003982493653893471
5_1404_73,2023-10-01,0.0,5.614473761049053e-85,776.6282264972687,-520.2306518554688,45464.825185897425,-34189.88431520286,-36822.48956956918,-28055.898994078394,10970.253365351231,200203.92170380754,200204.12985074637,190193.72561861714,10970.253365351231,692.2945781625801,756.834388141092,612.0782,-1760.0469,6776.014,-30018.195,-374.4922,-741.12024,-25536.566,-18853.064,20116.484,24720.463,-298.14893,-0.0019570384,-0.0013073994,0.0018247796688228846,0.0018247796688228846,0.0018247796688228846
5_1404_73,2023-11-01,0.0,5.614473761049053e-85,776.6282264972687,-38.13156509399414,74334.7204977597,-105848.18616815441,-49750.240480958426,-42764.36415775932,10970.253365351231,200203.92170380754,200204.12985074637,190193.72561861714,10970.253365351231,692.2945781625801,756.834388141092,1776.9298,-7216.3687,6716.0986,-51421.49,-920.6172,-1409.4001,-25032.545,-18837.02,21777.984,25157.303,-1009.291,-0.00033126815,-0.010178799,957.6471557617188,0.0018247796688228846,0.0018247796688228846
5_1404_73,2023-12-01,0.0,5.614473761049053e-85,776.6282264972687,-425.3892822265625,92666.9334098291,-42040.222075412974,-28291.23652822068,-57472.82932144029,10970.253365351231,200203.92170380754,200204.12985074637,190193.72561861714,10970.253365351231,692.2945781625801,756.834388141092,-181.31902,-4027.5518,6769.772,-39880.023,-1133.7578,-2472.9348,-26693.387,-18031.832,19223.857,22542.521,3966.131,-0.00044494183,-0.0022766313,1915.29248046875,0.0018247796688228846,0.0018247796688228846
5_1404_73,2024-01-01,0.0,5.614473761049053e-85,776.6282264972687,-150.372314453125,104307.78027203985,-161199.48448532718,-138346.65123756923,-72181.29448512121,10970.253365351231,200203.92170380754,200204.12985074637,190193.72561861714,10970.253365351231,692.2945781625801,756.834388141092,-3003.5374,-7125.784,6777.96,-47746.117,-621.2656,-2197.4097,-22630.68,-17931.05,22109.85,33865.613,1431.6521,2.4047158e-05,-0.016474321,61289.30078125,64162.23828125,0.0018247796688228846
5_1404_99,2023-10-01,182623.25764881322,200707.91963678182,200705.14733151364,196352.03125,189380.28744960536,186886.9913300618,164768.41619311855,210110.13207723913,111584.04716147126,25309.61401911971,88223.81864372034,24044.13331816372,142450.12541197517,188868.50523193745,199851.90145117592,203145.6,197018.8,205803.7,156613.95,192676.14,184922.75,126564.06,136470.11,229191.42,239627.78,195673.64,198235.75,205131.17,194158.34375,191603.625,183939.484375
5_1404_99,2023-11-01,177742.89843280977,200707.91963678182,200705.14733151364,196672.625,179178.48791643098,187489.0531034218,166320.69859767528,221104.5720266831,111584.04716147126,25309.61401911971,88223.81864372034,24044.13331816372,142450.12541197517,188868.50523193745,199851.90145117592,203279.73,195472.44,203352.17,114596.57,190490.47,197861.78,127759.05,149760.92,234394.61,245403.8,195253.89,199765.66,205057.42,182917.609375,191092.6875,178319.109375
5_1404_99,2023-12-01,169978.20016652276,200707.91963678182,200705.14733151364,197215.21875,169990.62658801524,184034.16510068253,166106.67771839668,232099.01197612708,111584.04716147126,25309.61401911971,88223.81864372034,24044.13331816372,142450.12541197517,188868.50523193745,199851.90145117592,198928.92,189721.3,202466.36,69265.9,187150.2,190440.97,146224.02,157597.39,233657.8,243705.14,194773.84,200569.11,209016.33,175764.390625,190581.734375,184961.375
5_1404_99,2024-01-01,165638.2049683561,200707.91963678182,200705.14733151364,197581.515625,161715.92999986035,241911.6618400021,247579.31443600793,243093.45192557105,111584.04716147126,25309.61401911971,88223.81864372034,24044.13331816372,142450.12541197517,188868.50523193745,199851.90145117592,198318.52,191278.48,202135.62,30141.71,183991.27,184394.84,132701.78,144188.7,209252.3,215699.81,195265.33,200982.55,209508.72,175764.390625,191092.6875,194669.28125
5_1405_2,2023-10-01,0.0,0.0,1.007540629596178e-24,357.99493408203125,2107.0769250569138,-46335.83701575386,-44435.03459473198,-3917.352464884158,1473.7785385775953,37546.50962099961,17894.72202001468,35669.184139949626,1473.7785385775953,90.07215726842708,1.0106201708330494e-10,325.5166,-362.44922,-843.9629,-5131.216,45.348633,27.549389,-2115.066,-1614.6559,1826.7916,2367.642,188.79883,-0.0019570384,153.10144,10161.7978515625,0.00037236849311739206,10161.7978515625
5_1405_2,2023-11-01,0.0,0.0,1.007540629596178e-24,-11.65316390991211,4049.5869193208237,-46145.60166240249,-44440.512370301876,-7309.020564025911,1473.7785385775953,37546.50962099961,17894.72202001468,35669.184139949626,1473.7785385775953,90.07215726842708,1.0106201708330494e-10,421.00488,-966.208,-793.3662,5731.312,28.875977,29.889008,-1954.3901,-1455.1259,1556.8948,1928.5521,7.9003906,-0.00033126815,54.133667,10161.7978515625,0.00037236849311739206,10161.7978515625
5_1405_2,2023-12-01,0.0,0.0,1.007540629596178e-24,238.3397216796875,5840.382989907215,-45992.22238320368,-44101.12670818386,-10700.688663167664,1473.7785385775953,37546.50962099961,17894.72202001468,35669.184139949626,1473.7785385775953,90.07215726842708,1.0106201708330494e-10,-239.71289,-381.92383,-795.69434,-7147.6836,2.9892578,-48.334328,-2405.1052,-1777.8488,1689.7513,2586.1423,40.94922,-0.00044494183,51.9093,10161.7978515625,0.00037236849311739206,10161.7978515625
5_1405_2,2024-01-01,0.0,0.0,1.007540629596178e-24,54.72648620605469,7491.314298316207,-48438.84089120602,-48324.38090894328,-14092.356762309417,1473.7785385775953,37546.50962099961,17894.72202001468,35669.184139949626,1473.7785385775953,90.07215726842708,1.0106201708330494e-10,-843.60156,-1258.7422,-813.2783,-3375.959,-0.65234375,20.59807,-2811.5115,-1300.5614,1931.5974,2565.0012,163.13379,2.4047158e-05,183.09314,10161.7978515625,0.00037236849311739206,10161.7978515625
5_1405_73,2023-10-01,0.0,-17313.12338824192,-24254.911627120404,2475.518798828125,25862.343370161398,-35961.615068070605,-30749.883597534947,-25314.577183568974,6288.873868680607,120007.95054715111,120007.54671486316,114007.55301979354,6288.873868680607,409.5839550793554,717.8902486758695,438.21786,-621.59265,3704.974,-22752.914,-429.35938,473.9743,-13338.472,-10671.6045,12908.435,17164.916,-1596.0409,-0.0019570384,-0.0013073994,0.0010532501619309187,0.0010532501619309187,0.0010532501619309187
5_1405_73,2023-11-01,0.0,-25009.558625862963,-33318.92441599422,2618.171630859375,42691.416117676126,-27423.562580443053,-23350.601533647798,-34384.86774924908,6288.873868680607,120007.95054715111,120007.54671486316,114007.55301979354,6288.873868680607,409.5839550793554,717.8902486758695,976.58044,-3454.2224,3672.39,-25824.596,-762.58594,-612.3048,-11901.164,-9631.448,9175.534,14453.076,-3620.537,-0.00033126815,-0.010178799,0.0010532501619309187,0.0010532501619309187,0.0010532501619309187
5_1405_73,2023-12-01,0.0,-32705.993863484036,-42382.93720486804,2448.34423828125,53642.38392007197,5520.686703508727,9586.652360639913,-43455.158314929184,6288.873868680607,120007.95054715111,120007.54671486316,114007.55301979354,6288.873868680607,409.5839550793554,717.8902486758695,-75.86152,-1628.215,3701.8474,-19261.303,-809.85156,-1816.6107,-16900.945,-12937.458,10253.693,14398.717,-489.34912,-0.00044494183,-0.0022766313,0.0010532501619309187,0.0010532501619309187,0.0010532501619309187
5_1405_73,2024-01-01,0.0,-40402.42910110508,-51446.949993741844,2389.03076171875,60768.36748484207,-63018.55135485421,-69036.38622159089,-52525.448880609314,6288.873868680607,120007.95054715111,120007.54671486316,114007.55301979354,6288.873868680607,409.5839550793554,717.8902486758695,-1488.83,-3367.296,3706.4158,-39428.82,-364.2422,-375.83426,-19411.227,-9103.074,9695.985,11983.799,-1039.0522,2.4047158e-05,-0.016474321,0.0010532501619309187,32612.02734375,0.0010532501619309187
5_1405_99,2023-10-01,186109.100073361,192868.41562094784,183675.00787214976,164345.203125,176153.86171805352,143917.42734157192,92903.44104430433,190139.4971118385,64614.56010548055,13169.429837823225,57164.74140219174,12510.958345932064,87184.6536490158,137239.5323382753,182763.81409793132,184715.06,176130.4,159393.3,102367.18,150468.28,153896.1,59735.383,97737.52,200861.19,229140.86,172131.19,177045.92,181213.39,179180.703125,91307.734375,182615.46875
5_1405_99,2023-11-01,96573.20990989891,202052.62593742955,183675.00787214976,177274.0625,169123.86408939032,145574.0846008863,90425.33973083274,197507.5088471564,64614.56010548055,13169.429837823225,57164.74140219174,12510.958345932064,87184.6536490158,137239.5323382753,182763.81409793132,179031.17,170174.06,151291.92,89148.25,146061.44,146798.34,91207.96,106560.18,178252.1,199521.11,170968.8,179728.95,173528.2,97891.0546875,90735.2734375,182615.46875
5_1405_99,2023-12-01,92229.61827900121,211236.8362539113,183675.00787214976,173935.765625,162560.9674443843,149968.60711124717,90626.86261822654,204875.52058247433,64614.56010548055,13169.429837823225,57164.74140219174,12510.958345932064,87184.6536490158,137239.5323382753,182763.81409793132,174495.67,171727.55,149006.17,51666.95,138552.33,137390.67,95997.625,106852.45,159917.03,177359.56,169831.75,184114.1,186319.84,94170.0546875,91307.734375,91021.5078125
5_1405_99,2024-01-01,111026.37394771313,220421.046570393,183675.00787214976,184162.25,156434.1357371562,175807.53780099456,139257.2343567761,212243.53231779227,64614.56010548055,13169.429837823225,57164.74140219174,12510.958345932064,87184.6536490158,137239.5323382753,182763.81409793132,171863.75,172503.02,148237.95,8246.086,132258.31,130905.0,72184.36,96736.695,154404.33,163593.34,169930.05,185436.97,180185.83,91593.96875,91307.734375,91307.734375
5_1407_72,2023-10-01,0.0,0.0,1162.411617302559,4151.8994140625,104797.51746257168,-6910.812463214839,652479.131913133,1145.926524053628,180889.5138216663,186158.02377202237,541340.6906369523,176850.12258342124,128611.80764391748,11129.364529693552,1188.0412409017642,-182.59375,-5909.3438,-24456.125,-17767.062,928.25,-2128.5,-77284.18,-64311.61,62902.004,80940.99,5638.7812,-0.0019570384,-7435.1562,0.0038647130131721497,0.0038647130131721497,0.0038647130131721497
5_1407_72,2023-11-01,0.0,0.0,1162.411617302559,2744.42236328125,169896.3500403791,-203433.81571585842,496250.0772708786,1046.3769491599053,180889.5138216663,186158.02377202237,541340.6906369523,176850.12258342124,128611.80764391748,11129.364529693552,1188.0412409017642,-3671.7188,-5883.6875,-22721.344,105466.06,-304.09375,4415.8467,-75795.43,-51290.016,64768.76,103170.93,10206.75,-0.00033126815,-10653.844,0.0038647130131721497,0.0038647130131721497,0.0038647130131721497
5_1407_72,2023-12-01,0.0,0.0,1162.411617302559,3105.335693359375,210334.88432633627,243640.49999957532,832319.0282575215,946.8273742661822,180889.5138216663,186158.02377202237,541340.6906369523,176850.12258342124,128611.80764391748,11129.364529693552,1188.0412409017642,-3014.3438,-6602.1562,-22904.5,63295.25,-2685.2812,6298.746,-79847.695,-60309.13,65337.934,95795.25,6960.8125,-0.00044494183,-33499.72,0.0038647130131721497,0.0038647130131721497,0.0038647130131721497
5_1407_72,2024-01-01,0.0,0.0,1162.411617302559,2511.7353515625,235454.7672864803,-175609.9611477234,239038.30567169155,847.2777993724592,180889.5138216663,186158.02377202237,541340.6906369523,176850.12258342124,128611.80764391748,11129.364529693552,1188.0412409017642,-3023.9062,-4666.1875,-23657.156,-46837.875,-5121.3438,-4311.913,-103610.23,-82167.89,65886.805,130731.16,8021.0,2.4047158e-05,-18463.562,0.0038647130131721497,0.0038647130131721497,0.0038647130131721497
5_1407_73,2023-10-01,0.0,0.0,22.033183700522528,11260.5791015625,232157.13675995218,-1176730.4094504742,-592100.4537753765,-180246.28930131163,134620.29453915663,2156186.7952870023,1256063.9467651483,2048377.455522652,134620.29453915663,8979.133847708217,3.083412997837528,11949.014,1713.585,-1529.8223,-192820.64,-6681.5,-28232.316,-348779.47,-259495.6,208828.28,290479.4,-143988.77,-0.0019570384,-554.79956,0.02077462710440159,0.02077462710440159,0.02077462710440159
5_1407_73,2023-11-01,0.0,0.0,22.033183700522528,2104.73681640625,428071.4322959017,-643983.6818737594,-69250.39603516576,-316448.8807686162,134620.29453915663,2156186.7952870023,1256063.9467651483,2048377.455522652,134620.29453915663,8979.133847708217,3.083412997837528,-7538.4355,-39940.656,-1456.2402,-278687.12,-2457.25,24306.062,-310034.94,-219529.75,238400.69,320408.0,-270845.53,-0.00033126815,-695.48096,0.02077462710440159,10902.5556640625,0.02077462710440159
5_1407_73,2023-12-01,0.0,0.0,22.033183700522528,7050.97607421875,593400.879975274,-464423.4075141711,138795.7155696347,-452651.47223592084,134620.29453915663,2156186.7952870023,1256063.9467651483,2048377.455522652,134620.29453915663,8979.133847708217,3.083412997837528,-78789.39,10117.777,-1457.5332,-487529.28,12262.625,19838.355,-305853.0,-223508.64,238461.11,312107.72,-212919.58,-0.00044494183,-842.31445,0.02077462710440159,316173.53125,10902.5556640625
5_1407_73,2024-01-01,0.0,0.0,22.033183700522528,3996.992431640625,732920.184552773,-967798.9343241744,-606240.0168805497,-588854.0637032255,134620.29453915663,2156186.7952870023,1256063.9467651483,2048377.455522652,134620.29453915663,8979.133847708217,3.083412997837528,-166889.48,-89914.8,-1479.9512,-873548.06,39167.0,27614.543,-265688.47,-205868.2,334957.53,429660.5,-214543.45,2.4047158e-05,-894.32715,0.02077462710440159,675957.1875,10902.5556640625
5_1407_99,2023-10-01,1465231.650029483,3433423.829859524,2593848.6227265983,2318727.5,2388011.3498355085,2163341.5293596247,1740452.8744847248,2716002.536158952,1197117.4369665452,244601.52477967838,929583.9744463449,232371.44854069446,1515269.5750627648,2045042.4413604112,2581183.645506499,2615294.5,2519219.8,2571089.2,1755096.8,2266708.5,2275321.2,1030386.7,1522761.8,2872831.5,3204533.8,2451559.8,2505104.5,1924691.1,2500445.0,2556508.75,2612572.75
5_1407_99,2023-11-01,2446896.8452351037,3433423.829859524,2593848.6227265983,1950860.625,2205236.6770209707,2121468.393188598,1719203.5795344152,2849465.8537159823,1197117.4369665452,244601.52477967838,929583.9744463449,232371.44854069446,1515269.5750627648,2045042.4413604112,2581183.645506499,2615782.0,2524838.8,2518382.0,1838757.9,2317680.8,2345226.0,1451493.4,1721207.9,2768747.2,2912603.2,2458519.0,2548408.2,1858884.5,1311892.75,1418414.0,2640604.75
5_1407_99,2023-12-01,1842549.5917888011,3433423.829859524,2593848.6227265983,2004811.125,2043041.4145918582,2184547.4641805245,1713203.375948031,2982929.171273013,1197117.4369665452,244601.52477967838,929583.9744463449,232371.44854069446,1515269.5750627648,2045042.4413604112,2581183.645506499,2548666.0,2455870.8,2500781.0,769915.1,2292080.5,2288758.0,1622119.1,1841624.0,2898556.5,3078295.8,2459248.5,2597652.8,1615891.0,0.010682877153158188,0.010682877153158188,2634998.25
5_1407_99,2024-01-01,1370049.3604783088,3433423.829859524,2593848.6227265983,1759438.25,1899108.4355343988,2852687.1806885144,2625707.0221712575,3116392.488830044,1197117.4369665452,244601.52477967838,929583.9744463449,232371.44854069446,1515269.5750627648,2045042.4413604112,2581183.645506499,2530455.8,2450873.8,2494436.2,257288.94,2257011.8,2223170.5,1627148.0,1737900.2,2783210.8,2898526.2,2459947.8,2615274.2,1337629.5,0.010682877153158188,0.010682877153158188,2517264.25
5_1408_16,2023-10-01,0.0,0.0,2.201016831382868e-64,-17.27970314025879,922.4348538234763,-328.80940385152235,-10033.780360990495,-2851.1505520914175,48.92236642673223,19921.905043262774,21027.604336507822,18925.809791099633,48.92236642673223,0.16519240173417327,2.2245847885575025e-30,-0.0024689105,0.002335506,0.09430316,0.0027159478,0.0040304437,-0.024252074,-0.20254251,-0.16157949,0.14910477,0.18518132,-0.00017725787,-0.0019570384,-0.0013073994,5.6661738199181855e-05,5.6661738199181855e-05,5.6661738199181855e-05
5_1408_16,2023-11-01,0.0,0.0,2.201016831382868e-64,0.9519149661064148,1701.0543128917598,1746.5644408240526,-10166.531930884805,-3318.488302720925,48.92236642673223,19921.905043262774,21027.604336507822,18925.809791099633,48.92236642673223,0.16519240173417327,2.2245847885575025e-30,0.00047200356,-0.010625879,0.09177589,0.0038856715,0.0060206745,-0.0065288898,-0.3396358,-0.2320514,0.14865872,0.2552825,0.002405007,-0.00033126815,-0.010178799,5.6661738199181855e-05,5.6661738199181855e-05,5.6661738199181855e-05
5_1408_16,2023-12-01,0.0,0.0,2.201016831382868e-64,-6.579629898071289,2358.2804134959356,1439.209827795321,-10010.980670318353,-3785.826053350432,48.92236642673223,19921.905043262774,21027.604336507822,18925.809791099633,48.92236642673223,0.16519240173417327,2.2245847885575025e-30,0.0026063903,-0.017958699,0.09161402,0.1326086,0.007780593,0.011646319,-0.24338089,-0.22257546,0.18582425,0.25790036,0.000515223,-0.00044494183,-0.0022766313,5.6661738199181855e-05,5.6661738199181855e-05,5.6661738199181855e-05
5_1408_16,2024-01-01,0.0,0.0,2.201016831382868e-64,-2.641911029815674,2913.039406845843,2949.951373845484,-4463.681384280804,-4253.163803979938,48.92236642673223,19921.905043262774,21027.604336507822,18925.809791099633,48.92236642673223,0.16519240173417327,2.2245847885575025e-30,0.00073333527,-0.029180804,0.09117099,-0.00056325237,0.0092493715,0.020851279,-0.1824187,-0.14310734,0.21054502,0.23860589,0.002408248,2.4047158e-05,-0.016474321,5.6661738199181855e-05,5.6661738199181855e-05,5.6661738199181855e-05
5_1408_2,2023-10-01,0.0,0.02348852177100173,257.6481944286263,10.894288063049316,1892.2250748942279,1384.478165534951,-7268.524828610862,0.0415329149434924,1250.3280360355925,11958.233473630931,15763.461946480471,11360.321799949385,1074.669079880107,0.09849001235578987,870.765291534587,-0.0024689105,0.002335506,0.09430316,0.0027159478,0.0040304437,0.009637712,-0.19052841,-0.112777434,0.17332397,0.21249507,-0.00017725787,-0.0019570384,-0.0013073994,4.1220828279620036e-05,4.1220828279620036e-05,4.1220828279620036e-05
5_1408_2,2023-11-01,0.0,0.0,257.6481944286263,13.06985092163086,2511.0848715186185,795.3308649393805,-8525.749696742208,0.0415329149434924,1250.3280360355925,11958.233473630931,15763.461946480471,11360.321799949385,1074.669079880107,0.09849001235578987,870.765291534587,0.00047200356,-0.010625879,0.09177589,0.0038856715,0.0060206745,0.023453435,-0.24247813,-0.17007479,0.2767865,0.3620435,0.002405007,-0.00033126815,-0.010178799,4.1220828279620036e-05,4.1220828279620036e-05,4.1220828279620036e-05
5_1408_2,2023-12-01,0.0,0.0,257.6481944286263,10.275086402893066,2713.4854489971676,-442.7008540807951,-11118.543259037207,0.0415329149434924,1250.3280360355925,11958.233473630931,15763.461946480471,11360.321799949385,1074.669079880107,0.09849001235578987,870.765291534587,0.0026063903,-0.017958699,0.09161402,0.1326086,0.007780593,0.037840232,-0.16259804,-0.121492505,0.23039949,0.26020104,0.000515223,-0.00044494183,-0.0022766313,4.1220828279620036e-05,4.1220828279620036e-05,4.1220828279620036e-05
5_1408_2,2024-01-01,0.0,0.0,257.6481944286263,8.610944747924805,2779.6813692800843,-3770.340245096744,-10053.512668617517,0.0415329149434924,1250.3280360355925,11958.233473630931,15763.461946480471,11360.321799949385,1074.669079880107,0.09849001235578987,870.765291534587,0.00073333527,-0.029180804,0.09117099,-0.00056325237,0.0092493715,-0.0017726966,-0.16018528,-0.098706804,0.15743773,0.2253312,0.002408248,2.4047158e-05,-0.016474321,4.1220828279620036e-05,4.1220828279620036e-05,4.1220828279620036e-05
5_1408_99,2023-10-01,932968.5969193344,989833.5930459657,1020917.7911077475,876365.9375,867467.9727097922,970529.0871542791,936616.9120723049,1137723.0792147964,635942.492024285,159210.84297843237,512282.3152657604,151250.30082951073,808582.6752346094,1054329.1482247277,1020459.5305730192,1008270.75,980046.1,1086631.1,850989.25,1043229.3,1066956.5,811229.25,848878.94,1299917.4,1399479.8,958336.9,831886.4,1199007.5,973674.375,958786.3125,884346.4375
5_1408_99,2023-11-01,1571285.0566183687,989833.5930459657,1020917.7911077475,951507.0625,770755.2896708893,1033882.1669490188,945304.8862961654,1197130.777990427,635942.492024285,159210.84297843237,512282.3152657604,151250.30082951073,808582.6752346094,1054329.1482247277,1020459.5305730192,1005724.94,961469.44,1090883.5,533486.75,1037136.3,1024533.7,798041.94,860193.25,1203255.0,1259828.8,962559.6,970296.94,605830.25,878391.25,836704.8125,884346.4375
5_1408_99,2023-12-01,1430822.7798753835,989833.5930459657,1020917.7911077475,835382.25,694317.6184125161,992474.9040972501,941383.5291854702,1256538.476766058,635942.492024285,159210.84297843237,512282.3152657604,151250.30082951073,808582.6752346094,1054329.1482247277,1020459.5305730192,983341.2,936461.9,1092980.8,264330.53,1036341.3,1020168.75,688768.4,799800.5,1262165.9,1308604.0,958679.1,949610.2,90827.56,884346.4375,655071.4375,890301.625
5_1408_99,2024-01-01,879385.3456597651,989833.5930459657,1020917.7911077475,848325.5625,633904.4708933551,1345879.2653682665,1437739.7678105596,1315946.1755416887,635942.492024285,159210.84297843237,512282.3152657604,151250.30082951073,808582.6752346094,1054329.1482247277,1020459.5305730192,978731.25,953772.9,1093894.6,-8888.255,1033952.4,1026936.75,753515.56,791748.06,1207413.9,1233008.5,961243.8,991333.1,-17737.5,792040.9375,0.005673769861459732,943898.3125
5_1409_73,2023-10-01,0.0,0.0,341.07754419801057,2035.0830078125,47019.03445748417,-43426.80822160738,-39881.75902570976,-54592.59786463755,12292.938202406362,234173.8929452889,213229.54883341485,222465.19829802445,12292.938202406362,781.8780333110722,289.1085892106629,2488.8604,183.77202,7096.2974,-18995.324,-1408.1094,-2745.4985,-43988.95,-30376.398,25712.43,39600.945,18.828169,-0.0019570384,-0.0013073994,0.0022405164781957865,75252.75,0.0022405164781957865
5_1409_73,2023-11-01,0.0,0.0,341.07754419801057,2074.39111328125,78465.64735817557,-21447.178874652924,-28395.89088327488,-74060.10922129362,12292.938202406362,234173.8929452889,213229.54883341485,222465.19829802445,12292.938202406362,781.8780333110722,289.1085892106629,4080.5894,-4219.9043,7036.914,-53199.64,-1199.5781,-2082.1318,-30271.572,-23017.346,37546.215,50641.676,-1189.9183,-0.00033126815,-0.010178799,0.0022405164781957865,199890.109375,0.0022405164781957865
5_1409_73,2023-12-01,0.0,0.0,341.07754419801057,1956.32373046875,99497.33110787295,32091.168985677563,-44565.0582478718,-93527.6205779497,12292.938202406362,234173.8929452889,213229.54883341485,222465.19829802445,12292.938202406362,781.8780333110722,289.1085892106629,2705.0784,641.8322,7095.062,-64817.477,407.70312,1087.476,-66550.83,-42985.07,31457.465,42767.484,1145.0458,-0.00044494183,-0.0022766313,0.0022405164781957865,189307.703125,0.0022405164781957865
5_1409_73,2024-01-01,0.0,0.0,341.07754419801057,1906.489501953125,113563.44763190593,-78185.73884529267,-185991.89593752366,-112995.13193460577,12292.938202406362,234173.8929452889,213229.54883341485,222465.19829802445,12292.938202406362,781.8780333110722,289.1085892106629,1850.3011,-3485.5369,7104.872,-109320.586,3719.3281,839.6819,-34984.508,-27777.35,34201.336,41836.45,54.787144,2.4047158e-05,-0.016474321,0.0022405164781957865,197538.46875,0.0022405164781957865
5_1409_99,2023-10-01,190809.6376528131,194041.93156982353,294368.22163750033,201568.0,174263.94864610815,264908.18415466143,263798.06364882103,365061.89061807597,197961.81230807773,37264.26204737687,151179.53299649438,35401.04894500803,249541.08044182687,307858.6631777327,294116.179803513,194808.03,195008.61,235448.8,242507.47,208326.45,207240.94,138143.36,149041.5,261765.23,268727.66,179226.88,119847.38,223577.38,376498.46875,2602.525634765625,0.0016530242282897234
5_1409_99,2023-11-01,240293.85470719452,194041.93156982353,294368.22163750033,249279.546875,159406.0266486121,259898.26298640887,284562.29405117873,385354.26387831115,197961.81230807773,37264.26204737687,151179.53299649438,35401.04894500803,249541.08044182687,307858.6631777327,294116.179803513,193723.17,191105.48,238259.08,165695.83,211986.31,214591.44,131678.4,167850.69,248663.52,280662.25,184978.42,179778.48,214023.5,383438.53125,0.0016530242282897234,0.0016530242282897234
5_1409_99,2023-12-01,369184.6091381009,194041.93156982353,294368.22163750033,197452.21875,148244.2288588602,190691.423703885,269980.3143678,405646.6371385463,197961.81230807773,37264.26204737687,151179.53299649438,35401.04894500803,249541.08044182687,307858.6631777327,294116.179803513,186486.8,187254.86,240246.02,187093.23,216919.62,216988.19,176219.95,181866.4,256882.52,262198.75,183037.05,179143.52,203053.67,391246.09375,0.0016530242282897234,0.0016530242282897234
5_1409_99,2024-01-01,179081.6705169345,194041.93156982353,294368.22163750033,207492.8125,139859.09061945454,293581.63182761474,415400.77091349725,425939.0103987815,197961.81230807773,37264.26204737687,151179.53299649438,35401.04894500803,249541.08044182687,307858.6631777327,294116.179803513,185396.7,195386.56,241451.6,165361.39,223832.03,228445.97,144082.73,180300.17,274777.0,299267.97,184015.33,194655.11,201737.27,379100.96875,0.0016530242282897234,0.0016530242282897234
5_1410_16,2023-10-01,0.0,28739.057279986242,5619.566846552435,7242.13916015625,25791.690339221183,20645.948874141046,16867.65648804076,-1112.5533111551185,14540.575656938383,64095.38523055287,59030.8065448426,60890.615969025224,14540.575656938383,3821.113290579253,1911.3076502411002,-146.13281,-369.4922,41832.84,18801.316,-585.3906,-278.75867,-4004.3838,-2885.6462,2071.1423,3147.312,-397.85938,-0.0019570384,5200.008,0.0006299606757238507,0.0006299606757238507,0.0006299606757238507
5_1410_16,2023-11-01,0.0,46045.54496555999,5619.566846552435,8035.703125,36957.40039271519,32037.70449860358,15141.611776761456,-3361.0648202742873,14540.575656938383,64095.38523055287,59030.8065448426,60890.615969025224,14540.575656938383,3821.113290579253,1911.3076502411002,16.367188,-491.95312,41832.883,52564.234,18.574219,169.73068,-2375.0376,-1458.6918,2010.2043,3424.8474,-1757.5312,-0.00033126815,3026.4316,0.0006299606757238507,0.0006299606757238507,47937.5390625
5_1410_16,2023-12-01,44.95540913783582,46045.54496555999,5619.566846552435,7136.80615234375,41791.24723869364,34143.91711749629,16235.315725923621,-5609.576329393455,14540.575656938383,64095.38523055287,59030.8065448426,60890.615969025224,14540.575656938383,3821.113290579253,1911.3076502411002,105.03125,-452.33203,41832.953,17184.896,445.80078,173.99994,-1361.6517,-1055.6151,2721.956,2889.0437,-1265.6758,-0.00044494183,1390.2754,83973.3359375,21158.63671875,0.0006299606757238507
5_1410_16,2024-01-01,0.0,46045.54496555999,5619.566846552435,6818.57763671875,43883.91086854171,61784.53817785677,39533.189686376005,-7858.087838512623,14540.575656938383,64095.38523055287,59030.8065448426,60890.615969025224,14540.575656938383,3821.113290579253,1911.3076502411002,81.71484,-79.76172,41832.98,17126.037,855.3867,683.69116,-1085.7941,-438.0801,2453.8486,3386.4768,-1508.2266,2.4047158e-05,7598.84,0.0006299606757238507,21158.63671875,0.0006299606757238507
5_1410_73,2023-10-01,0.0,0.0,40.06693842204612,81879.4140625,154325.7762248536,-516657.0726982693,-332677.80678910227,-269157.3031096126,92153.78849243962,1778156.5814782574,1778152.061132673,1689248.7524043445,92153.78849243962,5825.661763772861,38.42091107683494,9500.41,-6576.109,55651.047,-219149.52,-5141.125,-2432.2737,-246327.9,-183094.94,153285.02,234229.58,-68139.586,-0.0019570384,-0.0013073994,0.01585358753800392,0.01585358753800392,0.01585358753800392
5_1410_73,2023-11-01,0.0,0.0,40.06693842204612,-4455.18310546875,287665.0147615662,-635772.9378730322,-435692.3592112855,-398314.07656184316,92153.78849243962,1778156.5814782574,1778152.061132673,1689248.7524043445,92153.78849243962,5825.661763772861,38.42091107683494,21184.709,-46665.37,55197.258,-149896.83,-284.25,-11541.352,-314178.56,-242428.89,207108.4,297871.75,-83231.47,-0.00033126815,-0.010178799,0.01585358753800392,0.01585358753800392,0.01585358753800392
5_1410_73,2023-12-01,0.0,0.0,40.06693842204612,49993.43359375,402871.6443245092,-219425.21636725927,-31403.459466045373,-527470.8500140738,92153.78849243962,1778156.5814782574,1778152.061132673,1689248.7524043445,92153.78849243962,5825.661763772861,38.42091107683494,-1400.2004,-16550.625,55659.715,-319113.3,13427.5,3087.1921,-281308.28,-156436.52,148311.38,223925.33,-50463.035,-0.00044494183,-0.0022766313,0.01585358753800392,0.01585358753800392,0.01585358753800392
5_1410_73,2024-01-01,0.0,0.0,40.06693842204612,10708.1162109375,502411.49201607076,-1127395.85188272,-1180100.5247107788,-656627.6234663044,92153.78849243962,1778156.5814782574,1778152.061132673,1689248.7524043445,92153.78849243962,5825.661763772861,38.42091107683494,-32337.383,-57965.01,55740.38,-521071.4,37295.0,15708.955,-190445.38,-133385.38,224475.1,320258.53,-63610.504,2.4047158e-05,-0.016474321,0.01585358753800392,0.01585358753800392,49919.83984375
5_1410_99,2023-10-01,1792845.992337827,1900026.8805878896,1913702.9790366013,2168509.0,1771695.6502357519,1801107.849798268,1523942.047740708,2052437.0790932786,1057902.6215565586,228665.85110312962,865882.1545749356,217232.55854797314,1369520.959718182,1870685.6616109726,1913808.8892837253,1921221.5,1868403.1,1949564.1,1598186.9,1894825.1,1879769.0,1212938.6,1449990.5,2339725.2,2732197.5,1855310.5,1806009.8,1686266.6,1841276.375,1908058.5,1707712.375
5_1410_99,2023-11-01,2416428.766246027,1900026.8805878896,1913702.9790366013,2103402.5,1656546.0929386192,1819986.4603585696,1506703.7214815607,2159574.7676265724,1057902.6215565586,228665.85110312962,865882.1545749356,217232.55854797314,1369520.959718182,1870685.6616109726,1913808.8892837253,1921047.8,1839809.8,1926649.9,1184945.4,1852049.9,1824605.8,1396291.4,1535578.0,2120729.2,2206148.8,1862904.6,1879428.8,1689247.4,1841276.375,1903288.375,1278399.25
5_1410_99,2023-12-01,2289033.228723045,1900026.8805878896,1913702.9790366013,2321056.0,1553224.239720645,1759967.9960425892,1537343.2842301056,2266712.456159866,1057902.6215565586,228665.85110312962,865882.1545749356,217232.55854797314,1369520.959718182,1870685.6616109726,1913808.8892837253,1873644.0,1804647.9,1918344.1,766910.75,1812525.5,1832760.6,1359710.2,1446790.6,2204133.8,2381596.8,1858319.1,1881118.5,1688136.6,1855586.75,1779264.5,0.009089446626603603
5_1410_99,2024-01-01,1955179.0756263693,1900026.8805878896,1913702.9790366013,2307530.5,1460515.1959086072,2298138.1581005426,2309648.092576169,2373850.1446931595,1057902.6215565586,228665.85110312962,865882.1545749356,217232.55854797314,1369520.959718182,1870685.6616109726,1913808.8892837253,1870772.9,1834675.8,1915241.6,321618.28,1774981.9,1801430.5,1291654.1,1462438.0,2125861.5,2358371.8,1863356.6,1901733.9,1682714.4,1865127.25,1712482.5,0.009089446626603603
5_1411_73,2023-10-01,0.0,0.0,8.050012167355255e-29,-1004.3623657226562,2965.1070135103873,5680.282092698049,-2503.88513679503,-4606.913515641498,3202.164885094781,77578.12305286658,55543.77338408041,73699.21690022324,3202.164885094781,161.17317869780584,8.748923528531504e-13,340.8857,27.816048,2240.3237,-7398.381,-31.923828,207.29263,-1372.3014,-868.1839,1272.49,1564.6235,-1832.6605,-0.0019570384,-0.0013073994,4107.03076171875,0.0006521573523059487,0.0006521573523059487
5_1411_73,2023-11-01,0.0,0.0,8.050012167355255e-29,20.37969970703125,5748.678353947085,-853.0558275135154,-8914.621187122822,-9167.757896126572,3202.164885094781,77578.12305286658,55543.77338408041,73699.21690022324,3202.164885094781,161.17317869780584,8.748923528531504e-13,1033.199,-1537.5287,2220.225,-7501.305,-54.46289,-101.957596,-2003.5995,-1363.4882,1260.974,1739.1514,-2180.349,-0.00033126815,-0.010178799,4107.03076171875,0.0006521573523059487,0.0006521573523059487
5_1411_73,2023-12-01,0.0,0.0,8.050012167355255e-29,-771.950927734375,8361.828358987674,-825.1414840627585,-8039.169361119391,-13728.602276611648,3202.164885094781,77578.12305286658,55543.77338408041,73699.21690022324,3202.164885094781,161.17317869780584,8.748923528531504e-13,393.93716,-15.59978,2237.7012,-5816.0806,-42.597168,-174.5881,-2803.1619,-1748.3864,1059.6859,1445.2184,-1900.8761,-0.00044494183,-0.0022766313,5818.29345703125,0.0006521573523059487,0.0006521573523059487
5_1411_73,2024-01-01,0.0,0.0,8.050012167355255e-29,-138.6437225341797,10814.990902244906,-62941.59614544347,-67838.40253760613,-18289.446657096723,3202.164885094781,77578.12305286658,55543.77338408041,73699.21690022324,3202.164885094781,161.17317869780584,8.748923528531504e-13,-583.3359,-1576.9532,2240.1633,-17392.137,29.3125,-74.64918,-1894.7461,-1371.9077,1097.0347,1534.1838,-2070.273,2.4047158e-05,-0.016474321,6845.05078125,0.0006521573523059487,0.0006521573523059487
5_1411_99,2023-10-01,4605.2321120799015,11340.451509110464,10377.126441620689,8845.33984375,9680.288618117274,8580.467438861297,9953.179281537014,10873.645669532636,6247.992982101408,1704.5090534170547,4870.621311627668,1619.283600746202,7751.705114464795,9591.292733818695,10380.997268237545,11472.04,11028.455,12131.367,7168.537,10304.905,10511.369,8241.265,8767.903,13278.293,13828.134,11114.171,10495.233,8350.262,11255.6953125,5.828143548569642e-05,12662.65625
5_1411_99,2023-11-01,8179.187138537849,11340.451509110464,10377.126441620689,8158.5625,8423.9361293347,8926.326006388257,9888.035064691181,11441.259914771841,6247.992982101408,1704.5090534170547,4870.621311627668,1619.283600746202,7751.705114464795,9591.292733818695,10380.997268237545,11486.075,11056.406,12108.59,6035.6445,10712.928,10944.5,8116.7466,8887.746,13150.422,13611.397,11036.073,11078.113,7838.3975,5627.84765625,5.828143548569642e-05,11469.7978515625
5_1411_99,2023-12-01,5757.888802374012,11340.451509110464,10377.126441620689,7639.88623046875,7473.173053835595,9264.937548927113,9966.492144026535,12008.874160011046,6247.992982101408,1704.5090534170547,4870.621311627668,1619.283600746202,7751.705114464795,9591.292733818695,10380.997268237545,11257.823,10575.14,12102.01,2016.0326,10860.721,11118.912,8606.332,9018.241,12935.27,13658.23,10960.958,11276.449,7166.872,5.828143548569642e-05,5.828143548569642e-05,12907.345703125
5_1411_99,2024-01-01,5738.108422353364,11340.451509110464,10377.126441620689,7082.42041015625,6753.669225249672,12707.980404494287,14763.401196061359,12576.48840525025,6247.992982101408,1704.5090534170547,4870.621311627668,1619.283600746202,7751.705114464795,9591.292733818695,10380.997268237545,11192.243,10606.067,12099.45,-518.0943,10930.871,11143.691,8864.715,9282.14,13282.875,13563.83,11017.339,11369.325,6309.2085,5.828143548569642e-05,5.828143548569642e-05,12876.7587890625
5_1412_73,2023-10-01,0.0,0.0,3.4182175045092758e-28,-1108.3519287109375,5918.26287635554,-13250.196319472096,-1802.9555107281121,-4145.713760338454,3723.995669842864,94088.320028825,64595.29068345473,89383.90402738375,3723.995669842864,176.19415961202185,3.4289146462245833e-12,512.5281,-461.2436,3382.1553,-49.713005,98.0625,-704.70935,-8653.765,-5078.7495,4123.573,7732.2646,-1716.1771,-0.0019570384,-0.0013073994,0.0008651840034872293,0.0008651840034872293,0.0008651840034872293
5_1412_73,2023-11-01,0.0,0.0,3.4182175045092758e-28,76.7829818725586,11245.635395111793,-97579.59664496554,-83312.15298167306,-8249.970382860583,3723.995669842864,94088.320028825,64595.29068345473,89383.90402738375,3723.995669842864,176.19415961202185,3.4289146462245833e-12,1539.8173,-3337.5122,3345.225,-1248.0956,35.007812,503.85736,-9105.569,-6022.6353,5403.8335,8132.8164,-1905.9082,-0.00033126815,-0.010178799,0.0008651840034872293,8172.8828125,0.0008651840034872293
5_1412_73,2023-12-01,0.0,0.0,3.4182175045092758e-28,-659.7858276367188,16041.113147035561,-98557.52457228219,-83759.94542868932,-12354.227005382712,3723.995669842864,94088.320028825,64595.29068345473,89383.90402738375,3723.995669842864,176.19415961202185,3.4289146462245833e-12,478.95575,-1468.1749,3367.8538,-35257.258,-12.8125,-137.97957,-9614.508,-5867.8223,4075.3723,5834.588,-2099.6711,-0.00044494183,-0.0022766313,0.0008651840034872293,44496.8046875,0.0008651840034872293
5_1412_73,2024-01-01,0.0,0.0,3.4182175045092758e-28,-123.7647705078125,20357.80149353863,-108114.2502540009,-104206.32537344888,-16458.48362790484,3723.995669842864,94088.320028825,64595.29068345473,89383.90402738375,3723.995669842864,176.19415961202185,3.4289146462245833e-12,-1266.6453,-3592.8127,3369.1462,-3874.7554,61.027344,121.13277,-10433.593,-5569.3745,7299.471,8092.8877,-2256.6838,2.4047158e-05,-0.016474321,0.0008651840034872293,69015.453125,0.0008651840034872293
5_1412_99,2023-10-01,89197.82548674557,60607.9834914475,51361.84404397585,54733.41796875,54468.23302614562,43339.31020318277,35135.163031887925,51245.7910894438,24086.09694569345,5180.6390514752475,18058.649591153888,4921.607098901485,31986.508602073027,47693.05306867647,51382.38229901354,60973.4,58456.094,55995.97,26057.941,52462.918,50602.895,28284.416,37273.594,66788.2,72608.03,57091.74,58633.363,43953.93,57909.90234375,34039.4609375,63690.19140625
5_1412_99,2023-11-01,36361.733127047126,60607.9834914475,51361.84404397585,45550.2265625,49257.82280624019,45690.57163610616,35129.67532566782,53988.2613334261,24086.09694569345,5180.6390514752475,18058.649591153888,4921.607098901485,31986.508602073027,47693.05306867647,51382.38229901354,60404.555,57017.406,53902.5,25935.312,51771.113,51637.457,38716.383,43108.6,64480.758,70806.45,56830.82,59554.875,40055.953,31149.3203125,33825.375,61228.2109375
5_1412_99,2023-12-01,41434.50149416052,60607.9834914475,51361.84404397585,46925.34375,44836.083712262174,44812.13937634562,34969.64140301225,56730.7315774084,24086.09694569345,5180.6390514752475,18058.649591153888,4921.607098901485,31986.508602073027,47693.05306867647,51382.38229901354,59125.246,56963.875,53273.383,23857.418,49812.08,48594.85,27415.08,31266.137,59844.637,68113.75,56520.12,60704.195,34013.805,29757.767578125,25476.076171875,61870.46484375
5_1412_99,2024-01-01,51716.70267216633,60607.9834914475,51361.84404397585,40855.703125,41083.63893535777,54441.20985053411,51881.548223937774,59473.2018213907,24086.09694569345,5180.6390514752475,18058.649591153888,4921.607098901485,31986.508602073027,47693.05306867647,51382.38229901354,58584.715,57359.42,53057.33,11471.005,48032.88,48408.19,32040.943,34899.98,58809.227,66247.48,56543.715,61098.68,26854.988,32219.7421875,0.00020396766194608063,62084.5546875
5_1500_15,2023-10-01,0.0,0.0,889.0350613666023,19007.96484375,5214781.606164653,3486932.6747692786,-850680.6998298019,-2047465.1289401138,910739.8626720173,44759302.12717546,44759410.043140315,42521337.020816684,910739.8626720173,22493.8708028736,529.7977299849698,169482.4,-140339.58,1283990.1,687644.75,250121.45,-214796.45,-3769670.5,-1807468.6,2532988.8,3079037.2,-157923.97,-0.0019570384,-0.0013073994,0.31701067090034485,0.31701067090034485,0.31701067090034485
5_1500_15,2023-11-01,0.0,0.0,889.0350613666023,42231.82421875,9231196.46866398,-42419892.63527417,-47506987.05339053,-3783899.712385107,910739.8626720173,44759302.12717546,44759410.043140315,42521337.020816684,910739.8626720173,22493.8708028736,529.7977299849698,610425.5,-1224224.0,1267342.9,-316182.9,384633.38,445836.56,-2821847.8,-1913473.6,2551015.8,3071066.2,-389908.06,-0.00033126815,-0.010178799,0.31701067090034485,831837.125,0.31701067090034485
5_1500_15,2023-12-01,0.0,0.0,889.0350613666023,29387.9453125,12324631.547255868,-44007753.473392695,-47203453.54846756,-5520334.2958301,910739.8626720173,44759302.12717546,44759410.043140315,42521337.020816684,910739.8626720173,22493.8708028736,529.7977299849698,433578.1,-529069.44,1274388.1,-17621042.0,506396.28,379173.47,-3438813.8,-2058868.0,2775109.8,5064744.5,-413321.53,-0.00044494183,-0.0022766313,0.31701067090034485,998204.5,0.31701067090034485
5_1500_15,2024-01-01,0.0,0.0,889.0350613666023,32513.146484375,14707189.353923282,-46429876.498357296,-50836375.12966514,-7256768.879275093,910739.8626720173,44759302.12717546,44759410.043140315,42521337.020816684,910739.8626720173,22493.8708028736,529.7977299849698,99092.49,-1197210.6,1273885.0,-427767.56,608504.9,705414.5,-2022175.4,-1407472.4,2441471.0,3199500.8,-465072.75,2.4047158e-05,-0.016474321,0.31701067090034485,2828245.5,0.31701067090034485
5_1500_74,2023-10-01,0.0,0.0,1.1448344491019535e-08,-732.3303833007812,1247.7691851540703,1714.9006746491505,8452.217331418273,-405.47788027481084,3926.863504060325,11448.344491041273,11448.34449104127,10875.927266489209,3926.863504060325,1431.0430613801589,0.011464089525030596,18.697266,2.2197266,198.88086,3545.5205,-97.09961,-87.54023,-846.81976,-500.2544,478.7154,732.6922,19.84375,5989.398,143.79785,0.00013708416372537613,0.00013708416372537613,0.00013708416372537613
5_1500_74,2023-11-01,0.0,0.0,1.1448344491019535e-08,174.19276428222656,2309.587510597311,1972.0420535999651,8760.244763207673,-806.9123156078772,3926.863504060325,11448.344491041273,11448.34449104127,10875.927266489209,3926.863504060325,1431.0430613801589,0.011464089525030596,33.538086,37.305664,249.85156,8209.0,11.526367,11.382769,-714.9786,-618.996,474.78317,662.173,35.26465,1630.4087,-196.45557,0.00013708416372537613,0.00013708416372537613,0.00013708416372537613
5_1500_74,2023-12-01,0.0,0.0,1.1448344491019535e-08,-511.4568176269531,3213.166609730035,2854.6232077108716,8279.734192923584,-1208.3467509409434,3926.863504060325,11448.344491041273,11448.34449104127,10875.927266489209,3926.863504060325,1431.0430613801589,0.011464089525030596,29.15625,2.0791016,263.70312,7798.1675,45.20703,17.049623,-701.67413,-422.8825,520.50507,848.5462,57.250977,1101.7314,-481.0586,0.00013708416372537613,0.00013708416372537613,0.00013708416372537613
5_1500_74,2024-01-01,0.0,0.0,1.1448344491019535e-08,27.6412410736084,3982.0883441036503,2545.7080399541082,5821.162304968644,-1609.78118627401,3926.863504060325,11448.344491041273,11448.34449104127,10875.927266489209,3926.863504060325,1431.0430613801589,0.011464089525030596,38.103516,133.8623,269.5244,10101.587,41.69922,-5.3160305,-759.96027,-469.5735,528.8422,702.1543,70.82715,3668.0718,114.5376,0.00013708416372537613,0.00013708416372537613,0.00013708416372537613
5_1501_73,2023-10-01,0.0,0.0,19.112398490077794,-10869.3515625,394164.98299670196,1356249.51866995,1392367.882415052,-221816.55762426244,171600.99240381495,2820974.66690277,2820978.7881887094,2679925.933557631,171600.99240381495,11607.685742475922,19.45059495987173,9709.193,1985.2877,91077.836,-313184.47,-20272.25,-43401.715,-556107.7,-394285.47,336345.94,454232.9,-36783.78,-0.0019570384,-0.0013074143,0.023868225514888763,0.023868225514888763,0.023868225514888763
5_1501_73,2023-11-01,0.0,0.0,19.112398490077794,2031.307373046875,697395.7478954071,45804.6392107344,72181.39621874812,-378698.4386236345,171600.99240381495,2820974.66690277,2820978.7881887094,2679925.933557631,171600.99240381495,11607.685742475922,19.45059495987173,26983.582,-60053.176,90309.38,-211225.92,-20227.0,-813.999,-546259.9,-380911.47,442523.25,648912.9,-87883.555,-0.00033126815,-0.010178799,0.023868225514888763,0.023868225514888763,0.023868225514888763
5_1501_73,2023-12-01,0.0,0.0,19.112398490077794,-5496.2724609375,930670.9010609614,2312831.906101289,2279152.681113078,-535580.3196230065,171600.99240381495,2820974.66690277,2820978.7881887094,2679925.933557631,171600.99240381495,11607.685742475922,19.45059495987173,-3532.0256,-5530.7383,91052.484,-180332.88,-3352.5,-37706.906,-637732.8,-477020.75,333470.2,434935.94,-57162.277,-0.00044494183,-0.0022766313,0.023868225514888763,0.023868225514888763,0.023868225514888763
5_1501_73,2024-01-01,0.0,0.0,19.112398490077794,-846.7099609375,1110129.2653947752,-734152.2552330309,-954329.2365078022,-692462.2006223786,171600.99240381495,2820974.66690277,2820978.7881887094,2679925.933557631,171600.99240381495,11607.685742475922,19.45059495987173,-44995.05,-58828.805,91177.17,-1015987.06,34287.75,91727.89,-848844.8,-345034.12,414491.66,549019.4,-71840.52,2.4047158e-05,-0.016474336,12526.080078125,0.023868225514888763,0.023868225514888763
5_1501_99,2023-10-01,2769602.056865596,2226867.09075088,2227565.202317982,2378910.5,2063617.5555390692,2200252.1578805055,2132650.807630226,2380889.564932169,1400003.8359421606,317192.99103279604,1105665.7718316854,301333.34148115624,1773014.1906795695,2248483.748212731,2227559.3149866015,2255870.2,2204931.5,2391590.5,1944496.6,2215504.8,2145589.0,1673913.1,1825559.9,2558365.0,2788263.5,2231227.8,2555181.5,2237842.2,2238515.75,2225576.25,2147940.0
5_1501_99,2023-11-01,2854658.5900625642,2226867.09075088,2227565.202317982,2339925.75,1920191.2909700258,2247428.7816001587,2065984.3450488017,2505173.5247570565,1400003.8359421606,317192.99103279604,1105665.7718316854,301333.34148115624,1773014.1906795695,2248483.748212731,2227559.3149866015,2258423.0,2192632.0,2389576.5,1415400.5,2204121.5,2173644.5,1859246.5,1954811.9,2585200.5,2909717.0,2229516.0,2315888.5,2205213.8,2232046.0,2219106.5,2206167.25
5_1501_99,2023-12-01,2078457.5967805083,2226867.09075088,2227565.202317982,2466001.25,1794181.1719118678,2232734.730866921,2111814.954499676,2629457.484581944,1400003.8359421606,317192.99103279604,1105665.7718316854,301333.34148115624,1773014.1906795695,2248483.748212731,2227559.3149866015,2209142.2,2102555.8,2389055.8,901634.6,2191970.8,2194924.2,1536691.9,1692895.0,2594715.2,2653367.8,2216963.8,2288107.0,2194496.8,2193227.75,2219106.5,2089712.75
5_1501_99,2024-01-01,2070021.264701702,2226867.09075088,2227565.202317982,2458473.5,1683472.3686619063,2991402.7748143817,3142146.3103250787,2753741.444406831,1400003.8359421606,317192.99103279604,1105665.7718316854,301333.34148115624,1773014.1906795695,2248483.748212731,2227559.3149866015,2203061.2,2115938.5,2388875.2,538748.94,2180321.5,2178145.0,1469030.5,1723434.0,2728879.5,2982379.2,2228537.0,2433165.5,2153441.5,2193227.75,2219106.5,2232046.0
5_1502_14,2023-10-01,0.0,0.0,0.0,0.0,0.0,0.0,0.0,0.0,0.0,0.0,0.0,0.0,0.0,0.0,0.0,-0.0024689105,0.002335506,0.09430316,0.0027159478,0.0040304437,-0.0057192454,-0.21435398,-0.17786603,0.21725461,0.2517752,-0.00017725787,-0.0019570384,-0.0013074143,1.3969838619232178e-08,1.3969838619232178e-08,1.3969838619232178e-08
5_1502_14,2023-11-01,0.0,0.0,0.0,0.0,0.0,0.0,0.0,0.0,0.0,0.0,0.0,0.0,0.0,0.0,0.0,0.00047200356,-0.010625879,0.09177589,0.0038856715,0.0060206745,0.0034638848,-0.19258295,-0.12828542,0.15239696,0.2462841,0.002405007,-0.00033126815,-0.010178799,1.3969838619232178e-08,1.3969838619232178e-08,1.3969838619232178e-08
5_1502_14,2023-12-01,1148658.3562053915,0.0,0.0,0.0,0.0,0.0,0.0,0.0,0.0,0.0,0.0,0.0,0.0,0.0,0.0,0.0026063903,-0.017958699,0.09161402,0.1326086,0.007780593,0.015375401,-0.19105074,-0.1309487,0.14387792,0.23546864,0.000515223,-0.00044494183,-0.0022766313,1.3969838619232178e-08,1.3969838619232178e-08,1.3969838619232178e-08
5_1502_14,2024-01-01,1143772.6023402913,0.0,0.0,0.0,0.0,0.0,0.0,0.0,0.0,0.0,0.0,0.0,0.0,0.0,0.0,0.00073333527,-0.029180804,0.09117099,-0.00056325237,0.0092493715,-0.016102158,-0.24120176,-0.178017,0.14064845,0.19524181,0.002408248,2.4047158e-05,-0.016474336,1.3969838619232178e-08,1.3969838619232178e-08,1.3969838619232178e-08
5_1502_99,2023-10-01,768011.0168453251,736484.2850013267,818471.7278472928,866144.0625,663352.9827847619,825045.8920826046,1011615.9561467047,920897.0025930074,676733.0616550011,161106.43919278446,561579.7969398218,153051.11723314523,805612.7258918156,884891.0697382892,818918.7298943291,762153.4,734429.8,896137.0,797661.3,764432.9,786809.5,555334.56,632752.0,927422.3,986642.06,753666.75,597453.2,772433.5,807441.9375,725436.125,769593.0625
5_1502_99,2023-11-01,728404.402286709,742744.3122063966,818471.7278472928,636526.625,599631.696244058,734869.8063222267,970726.8526266876,969386.0500534663,676733.0616550011,161106.43919278446,561579.7969398218,153051.11723314523,805612.7258918156,884891.0697382892,818918.7298943291,766228.6,742091.94,908333.44,597450.06,779257.7,775740.4,575435.4,624122.5,919992.6,1000801.0,750036.75,713515.0,748611.2,810596.0,56773.265625,734898.3125
5_1502_99,2023-12-01,871214.2504948721,740052.2714346336,818471.7278472928,699428.8125,553326.7282766011,585905.5950691266,983052.7045052103,1017875.0975139253,676733.0616550011,161106.43919278446,561579.7969398218,153051.11723314523,805612.7258918156,884891.0697382892,818918.7298943291,754348.7,699483.2,916296.56,311665.16,801366.9,787708.75,575042.94,617161.25,976140.44,1055769.8,749136.3,724764.6,713217.5,810596.0,0.006010036449879408,753822.75
5_1502_99,2024-01-01,837646.9455998328,741209.9474765148,818471.7278472928,560337.5625,519677.8461703433,1029187.1250388724,1516326.7372688164,1066364.1449743842,676733.0616550011,161106.43919278446,561579.7969398218,153051.11723314523,805612.7258918156,884891.0697382892,818918.7298943291,753087.94,691730.4,920801.5,215419.95,826858.0,842159.25,602375.3,696844.7,987492.75,1046254.44,752624.9,753681.4,694553.1,807441.9375,0.006010036449879408,775901.25
5_1504_2,2023-10-01,0.0,0.0,8.937206681128933,33.9706916809082,9.35060486750929,-9.397042904803723,15.166352777352076,24.11782545865796,10.94796434297884,10.947964342978842,10.94796434297884,10.4005661258299,10.103725218861493,5.816106057207509,1.7888192047549536,-0.25243056,-0.69871944,2.832152,-43.52805,0.7199259,-0.17223501,-6.7007713,-3.5267634,4.3741584,5.6104574,-0.13888547,-0.0019570384,1.1552448,1.2380961322833173e-07,1.2380961322833173e-07,1.2380961322833173e-07
5_1504_2,2023-11-01,0.0,0.0,8.937206681128933,30.326017379760742,8.880729178364273,-0.7510851610400735,16.16821744931855,25.567598273791223,10.94796434297884,10.947964342978842,10.94796434297884,10.4005661258299,10.103725218861493,5.816106057207509,1.7888192047549536,-0.1832589,-1.5799743,2.7657053,-8.657646,0.8708395,1.0958922,-7.9251943,-6.2531796,6.5721707,8.442234,-0.614458,-0.00033126815,2.748577,1.2380961322833173e-07,1.2380961322833173e-07,1.2380961322833173e-07
5_1504_2,2023-12-01,0.0,0.0,8.937206681128933,33.65378189086914,8.90434082342658,-13.071660421230717,14.754814405842046,27.01737108892448,10.94796434297884,10.947964342978842,10.94796434297884,10.4005661258299,10.103725218861493,5.816106057207509,1.7888192047549536,-0.1563585,-0.802177,2.7657611,28.68306,0.9217573,1.2491845,-9.042757,-5.87906,6.0460577,6.6028705,-0.72344166,-0.00044494183,1.893053,1.2380961322833173e-07,132.93955993652344,132.93955993652344
5_1504_2,2024-01-01,0.0,0.0,8.937206681128933,37.341285705566406,8.903154318579814,-5.992745114052488,27.59151726772337,28.467143904057743,10.94796434297884,10.947964342978842,10.94796434297884,10.4005661258299,10.103725218861493,5.816106057207509,1.7888192047549536,-0.17132294,-1.4583929,2.7557964,48.844105,0.9300777,1.4157512,-4.767447,-3.266316,5.2074084,7.3197784,-0.4364029,2.4047158e-05,1.2760811,1.2380961322833173e-07,1.2380961322833173e-07,1.2380961322833173e-07
5_1504_73,2023-10-01,0.0,0.0,52.37000470382873,-8149.90185546875,367044.79935166985,321751.04388186586,168328.72544781398,-203776.94925687255,168146.57769760335,2955333.2913188883,2916619.1442599343,2807566.6267529437,168146.57769760335,10477.497039197557,45.09034383232208,22012.148,9517.206,105051.15,-461865.28,-6632.0,-28039.883,-399621.78,-308396.6,247712.06,356148.6,-40352.418,-0.0019570384,-0.0013074143,0.027533892542123795,0.027533892542123795,0.027533892542123795
5_1504_73,2023-11-01,0.0,0.0,52.37000470382873,1071.9072265625,665735.9093724585,-518610.51923379663,-852985.012890577,-369427.4828083811,168146.57769760335,2955333.2913188883,2916619.1442599343,2807566.6267529437,168146.57769760335,10477.497039197557,45.09034383232208,53168.324,-62413.887,104176.88,-170390.1,-15157.875,19566.219,-355674.28,-252331.08,256280.55,410300.16,-75896.58,-0.00033126815,-0.010178799,0.027533892542123795,0.027533892542123795,0.027533892542123795
5_1504_73,2023-12-01,0.0,0.0,52.37000470382873,-4584.23095703125,908802.6395455555,1590008.951526067,832219.8219187586,-535078.0163598896,168146.57769760335,2955333.2913188883,2916619.1442599343,2807566.6267529437,168146.57769760335,10477.497039197557,45.09034383232208,16096.486,3747.0908,105039.05,-766408.5,-17962.75,32016.623,-581293.7,-355232.6,363159.5,430890.62,-42039.996,-0.00044494183,-0.0022766313,0.027533892542123795,0.027533892542123795,0.027533892542123795
5_1504_73,2024-01-01,0.0,0.0,52.37000470382873,-901.7906494140625,1106603.756937128,-1166330.625891454,-2416480.382685141,-700728.5499113982,168146.57769760335,2955333.2913188883,2916619.1442599343,2807566.6267529437,168146.57769760335,10477.497039197557,45.09034383232208,-24007.531,-73317.93,105184.03,-1481851.4,-8986.5,-9165.828,-570806.06,-417348.53,334666.1,493877.4,-53190.074,2.4047158e-05,-0.016474336,0.027533892542123795,0.027533892542123795,14449.828125
5_1504_99,2023-10-01,2025238.4843349555,2255440.7487988886,2321713.7116706804,2688849.0,2070782.0858137382,2348046.710746767,2120928.4776832843,2527421.192390725,1483545.766307778,304073.2336515318,1173146.678745457,288869.5719689552,1899719.9226109877,2406182.174669056,2321555.358316322,2288731.0,2261795.5,2473357.0,2104880.8,2316119.5,2283765.5,1754274.8,1932565.5,2641780.0,2841725.8,2259292.5,2959740.2,2396740.0,2187780.5,1848063.0,2316873.0
5_1504_99,2023-11-01,1988470.3543093023,2255440.7487988886,2321713.7116706804,2496744.75,1911786.882546054,2402288.659413884,2148625.2983499942,2659463.5522273425,1483545.766307778,304073.2336515318,1173146.678745457,288869.5719689552,1899719.9226109877,2406182.174669056,2321555.358316322,2291962.5,2239856.8,2482611.2,1495561.8,2307190.2,2343384.0,1471593.0,1843407.8,2661331.2,2810295.8,2260354.8,2447714.5,2324307.5,1977155.75,1059918.5,0.0129465376958251
5_1504_99,2023-12-01,2830557.0961155877,2255440.7487988886,2321713.7116706804,2822280.75,1774888.4871311304,2383326.8596466673,2157090.739075317,2791505.91206396,1483545.766307778,304073.2336515318,1173146.678745457,288869.5719689552,1899719.9226109877,2406182.174669056,2321555.358316322,2236488.5,2138810.5,2487151.2,1175423.4,2305458.2,2363816.5,1705235.1,1840862.9,2729530.5,3010511.0,2233600.0,2386116.2,2195677.2,1997538.75,0.0129465376958251,0.0129465376958251
5_1504_99,2024-01-01,1849349.54697499,2255440.7487988886,2321713.7116706804,2721426.5,1657015.9332300662,3075231.3668319667,3240089.0525063816,2923548.2719005775,1483545.766307778,304073.2336515318,1173146.678745457,288869.5719689552,1899719.9226109877,2406182.174669056,2321555.358316322,2222762.8,2154494.2,2489126.5,1003480.5,2303238.5,2384721.0,1737190.2,1865065.5,2707883.2,2799458.8,2252850.0,2693833.5,2246069.8,2065482.25,0.0129465376958251,0.0129465376958251
5_1505_73,2023-10-01,0.0,0.0,8.79124515541838e-27,-80110.8671875,206962.85299583548,-124242.27082801881,-246045.93748856476,-52930.26943130821,67603.15480034238,1178558.9923440183,1196773.0920221931,1119631.0427268173,67603.15480034238,4381.138963311183,8.920032888237602e-11,9669.346,836.86316,49762.445,-293354.0,-6192.4375,-4101.5654,-170329.36,-126211.02,157928.56,186294.19,-80336.15,-0.0019570384,-0.0013074143,0.011017085053026676,0.011017085053026676,0.011017085053026676
5_1505_73,2023-11-01,0.0,0.0,8.79124515541838e-27,6199.2197265625,359611.9976892242,-59441.929790240276,-261486.5576073329,-105331.23616830341,67603.15480034238,1178558.9923440183,1196773.0920221931,1119631.0427268173,67603.15480034238,4381.138963311183,8.920032888237602e-11,28502.666,-21985.734,49241.52,-7595.2114,-9284.25,-18720.299,-230550.8,-157582.02,180496.58,284970.94,-99588.766,-0.00033126815,-0.010178799,0.011017085053026676,0.011017085053026676,0.011017085053026676
5_1505_73,2023-12-01,0.0,0.0,8.79124515541838e-27,-36329.92578125,472201.09780223825,908104.0548456054,516818.8163413813,-157732.20290529862,67603.15480034238,1178558.9923440183,1196773.0920221931,1119631.0427268173,67603.15480034238,4381.138963311183,8.920032888237602e-11,15385.02,158.89906,49589.594,-290525.12,-7846.75,-11070.697,-223743.27,-144753.92,156481.33,211361.17,-79481.84,-0.00044494183,-0.0022766313,0.011017085053026676,0.011017085053026676,0.011017085053026676
5_1505_73,2024-01-01,0.0,0.0,8.79124515541838e-27,-9391.3955078125,555243.1973156023,-257678.93823920988,-955344.4956322447,-210133.1696422938,67603.15480034238,1178558.9923440183,1196773.0920221931,1119631.0427268173,67603.15480034238,4381.138963311183,8.920032888237602e-11,3775.84,-36472.594,49620.33,-734238.5,282.875,-992.81335,-183525.9,-138085.95,123661.664,198879.02,-83435.98,2.4047158e-05,-0.016474336,0.011017085053026676,0.011017085053026676,0.011017085053026676
5_1505_99,2023-10-01,916239.7900709629,1381343.0188762075,1371334.8771147446,1353030.5,1443037.2851780953,928313.5133164884,956664.7844967307,1394798.222448084,670305.2012209479,142897.2136782805,511566.82833552937,135752.35299436646,895721.8863374089,1315350.9938072166,1372018.48255453,1685100.4,1618591.8,1556818.5,1075720.2,1429434.5,1442331.4,903501.1,1087655.1,1748861.4,1848173.6,1611952.1,1475004.4,1587650.0,1659649.0,864589.375,837382.0625
5_1505_99,2023-11-01,1721421.737407816,1381343.0188762075,1371334.8771147446,1461826.75,1257043.0222916892,1084867.042082631,974401.14546112,1471790.5398737132,670305.2012209479,142897.2136782805,511566.82833552937,135752.35299436646,895721.8863374089,1315350.9938072166,1372018.48255453,1656637.8,1587384.1,1501839.1,828574.56,1424562.8,1349815.4,869859.56,1036173.06,1700107.9,1801423.5,1599373.8,1626024.8,1381430.5,1671741.125,861566.375,843428.125
5_1505_99,2023-12-01,1574733.1364992408,1381343.0188762075,1371334.8771147446,1469934.375,1104612.4017503387,1140756.9017745384,948560.6809786842,1548782.8572993418,670305.2012209479,142897.2136782805,511566.82833552937,135752.35299436646,895721.8863374089,1315350.9938072166,1372018.48255453,1621098.9,1569535.1,1485132.1,545891.0,1378719.5,1412816.2,971579.4,1116492.4,1716263.2,1853335.4,1585744.8,1634418.2,1440402.2,1686856.25,861566.375,828312.9375
5_1505_99,2024-01-01,862148.5426881361,1381343.0188762075,1371334.8771147446,1535341.875,979688.6878785208,1359599.3748828266,1417857.6090038794,1625775.1747249707,670305.2012209479,142897.2136782805,511566.82833552937,135752.35299436646,895721.8863374089,1315350.9938072166,1372018.48255453,1604292.4,1586238.9,1479368.6,242876.88,1335108.1,1350120.9,849989.7,984121.56,1595112.4,1657967.5,1594676.1,1674016.0,1541498.8,1680810.25,861566.375,0.005760360509157181
5_1507_73,2023-10-01,0.0,0.0,1.6657229392685358e-26,-96781.53125,346203.5082954583,39749.806520154685,-125543.0476575993,-227640.33371186955,119111.49623186048,2011826.9927367214,2011831.840093505,1911235.6430998852,119111.49623186048,8055.80367116382,1.6867095379554157e-10,8564.564,3641.807,69359.68,-351805.0,-13872.875,-16519.85,-297620.78,-201251.67,241378.75,318903.28,-155377.52,-0.0019570384,-0.0013074143,0.01811145804822445,0.01811145804822445,0.01811145804822445
5_1507_73,2023-11-01,0.0,0.0,1.6657229392685358e-26,7127.2177734375,599958.2835068253,50894.12009944781,-249964.61070391253,-369207.1099596004,119111.49623186048,2011826.9927367214,2011831.840093505,1911235.6430998852,119111.49623186048,8055.80367116382,1.6867095379554157e-10,27905.264,-33019.875,68731.15,60439.613,-16455.875,-8787.273,-368179.3,-295242.3,320106.5,441100.38,-192363.25,-0.00033126815,-0.010178799,0.01811145804822445,0.01811145804822445,0.01811145804822445
5_1507_73,2023-12-01,0.0,0.0,1.6657229392685358e-26,-48480.0,785951.4476420027,1833143.5039905638,1331528.144106051,-510773.8862073312,119111.49623186048,2011826.9927367214,2011831.840093505,1911235.6430998852,119111.49623186048,8055.80367116382,1.6867095379554157e-10,3350.3962,-2730.0515,69272.13,-137374.77,-8384.5,-11578.627,-363735.03,-302052.94,317532.3,399578.12,-168201.98,-0.00044494183,-0.0022766313,0.01811145804822445,0.01811145804822445,0.01811145804822445
5_1507_73,2024-01-01,0.0,0.0,1.6657229392685358e-26,-12095.607421875,922277.7771709745,-179971.44469021575,-1154726.244371425,-652340.662455062,119111.49623186048,2011826.9927367214,2011831.840093505,1911235.6430998852,119111.49623186048,8055.80367116382,1.6867095379554157e-10,-26646.57,-50583.68,69351.1,-929829.2,13501.75,38220.04,-478040.4,-275566.75,388107.6,482108.34,-173133.16,2.4047158e-05,-0.016474336,0.01811145804822445,0.01811145804822445,0.01811145804822445
5_1507_99,2023-10-01,1782082.7682820463,3254188.100368704,2931129.6790742893,2953395.5,2957886.7349079847,2706715.0501538254,2099540.7380755725,3114274.717691122,1464000.3218488954,289801.7812462999,1243466.7586832778,275311.6921839849,1937510.705662056,2786755.527259677,2930319.8089672513,3283328.5,3178595.2,3136318.5,2609140.8,2884499.5,2846716.2,2048363.0,2274059.5,3589965.2,3870278.0,3143036.0,3015503.2,2806048.5,1738920.25,3278923.5,3253256.75
5_1507_99,2023-11-01,3443780.345542065,3254188.100368704,2931129.6790742893,2778328.0,2698490.0501738973,2622372.9352914677,2033699.339735716,3280906.216451629,1464000.3218488954,289801.7812462999,1243466.7586832778,275311.6921839849,1937510.705662056,2786755.527259677,2930319.8089672513,3278040.2,3145778.0,3050786.5,1594464.0,2864575.0,2919533.0,1869609.0,2185930.0,3788506.5,3932044.0,3119531.8,3190522.5,2794271.0,1713253.5,3259673.25,3253256.75
5_1507_99,2023-12-01,1751495.1079046628,3254188.100368704,2931129.6790742893,2759345.75,2471401.5251297713,2714198.8774400656,2126108.6532072006,3447537.7152121365,1464000.3218488954,289801.7812462999,1243466.7586832778,275311.6921839849,1937510.705662056,2786755.527259677,2930319.8089672513,3209309.0,3110331.2,3023369.8,1075247.4,2786958.5,2730367.8,1945563.9,2264275.2,3349179.2,3720589.5,3093871.2,3216226.8,2623809.8,1681170.125,3304590.0,3253256.75
5_1507_99,2024-01-01,3298301.0451392974,3254188.100368704,2931129.6790742893,2624922.25,2272597.14079625,3301411.0297993617,3099784.557169165,3614169.2139726435,1464000.3218488954,289801.7812462999,1243466.7586832778,275311.6921839849,1937510.705662056,2786755.527259677,2930319.8089672513,3183859.0,3133682.5,3013721.8,636652.8,2712783.0,2722859.8,2117189.2,2281039.5,3421913.2,3667237.5,3110855.0,3260953.5,2247033.2,1732503.625,3285340.0,3253256.75
5_1508_73,2023-10-01,0.0,0.0,456.56359333847365,445.63153076171875,349682.32488364074,-81482.77110469277,-101699.25993780092,-86785.4472223134,101381.88202877862,1720978.5997718284,1720975.2301012839,1634929.669783237,101381.88202877862,6939.524355208455,279.47856534848904,3374.3489,7179.768,57915.33,-372693.78,-9309.875,-33630.11,-292842.34,-185690.48,136317.4,197055.03,-84379.414,-0.0019570384,-0.0013074143,0.01389113999903202,0.01389113999903202,0.01389113999903202
5_1508_73,2023-11-01,0.0,0.0,456.56359333847365,6301.29736328125,576394.1633045317,805805.8112037578,735160.0914361198,-163238.52494650942,101381.88202877862,1720978.5997718284,1720975.2301012839,1634929.669783237,101381.88202877862,6939.524355208455,279.47856534848904,15873.932,-18471.518,57346.723,-80804.77,-13109.375,-16287.51,-231986.38,-189611.12,155874.22,192224.27,-112336.62,-0.00033126815,-0.010178799,0.01389113999903202,0.01389113999903202,0.01389113999903202
5_1508_73,2023-12-01,0.0,0.0,456.56359333847365,3127.407958984375,723379.7385613975,1856608.0389441308,1849224.3915654046,-239691.60267070547,101381.88202877862,1720978.5997718284,1720975.2301012839,1634929.669783237,101381.88202877862,6939.524355208455,279.47856534848904,-2748.8137,4758.155,57773.6,242727.38,-10670.625,-30106.977,-340104.72,-188277.5,158250.28,215056.92,-93880.14,-0.00044494183,-0.0022766313,0.01389113999903202,0.01389113999903202,0.01389113999903202
5_1508_73,2024-01-01,0.0,0.0,456.56359333847365,4133.69970703125,818675.8619754845,-328621.28018151765,-455926.1056331858,-316144.6803949015,101381.88202877862,1720978.5997718284,1720975.2301012839,1634929.669783237,101381.88202877862,6939.524355208455,279.47856534848904,-24559.246,-22273.031,57824.19,-835266.9,643.375,4136.199,-227776.0,-159934.67,132273.23,184235.61,-99054.43,2.4047158e-05,-0.016474336,0.01389113999903202,14580.16796875,0.01389113999903202
5_1508_99,2023-10-01,1282851.151590014,2025132.3895693903,1882101.8966085212,1826877.375,1857538.2438732893,1837166.932205486,1373563.0996141033,2004809.7213453674,988427.3794578096,196471.20989258465,820844.8658395433,186647.64939795542,1292840.1118168684,1795406.6664908836,1882489.4823924038,2044972.8,1986329.4,2008055.5,1710533.5,1830488.5,1781244.2,1273771.8,1451192.6,2304351.2,2488690.5,1970163.5,1958199.5,1775556.9,1316068.125,1960941.5,1939007.0
5_1508_99,2023-11-01,1071885.306696161,2025132.3895693903,1882101.8966085212,1703726.75,1709630.5176134752,1785718.5110579273,1352999.3383819659,2110887.8720290447,988427.3794578096,196471.20989258465,820844.8658395433,186647.64939795542,1292840.1118168684,1795406.6664908836,1882489.4823924038,2051814.4,1971404.2,1967390.4,1036918.8,1826383.8,1876943.0,1442178.9,1493688.0,2283650.5,2511281.8,1959525.4,1997485.2,1778340.9,1166913.75,1136205.5,1197622.0
5_1508_99,2023-12-01,2044986.496461024,2025132.3895693903,1882101.8966085212,1671893.75,1579096.7486892482,1835799.6492591316,1421227.6620912845,2216966.022712722,988427.3794578096,196471.20989258465,820844.8658395433,186647.64939795542,1292840.1118168684,1795406.6664908836,1882489.4823924038,2008747.8,1931661.6,1953671.9,679263.44,1789834.0,1755984.8,1190090.2,1375428.2,2054855.4,2226404.0,1942310.2,2030607.9,1706228.8,1188848.25,0.00835916493088007,1245877.75
5_1508_99,2024-01-01,1065647.2941241947,2025132.3895693903,1882101.8966085212,1575793.875,1463896.1079895683,2249510.062459507,2108946.6904448285,2323044.1733963997,988427.3794578096,196471.20989258465,820844.8658395433,186647.64939795542,1292840.1118168684,1795406.6664908836,1882489.4823924038,1992457.9,1937163.2,1948731.0,465465.78,1753390.9,1727341.9,1263467.6,1395524.8,2100263.8,2393487.5,1954241.5,2038631.6,1527838.1,1272199.25,0.00835916493088007,1311681.25
5_1600_73,2023-10-01,0.0,0.0,1.1483711906053363e-27,6567.10595703125,8828.11642672222,-21951.741701289848,-142777.14599066618,-19211.261900461803,7929.340539582391,192581.06025683804,137539.9174682818,182952.00724399614,7929.340539582391,464.7456709567942,1.1525622920512875e-11,1684.1842,-69.4609,5691.7446,-11491.642,-843.2422,1953.7233,-43425.508,-20486.695,22546.559,34175.836,-4298.8584,-0.0019570384,-0.0013074143,47537.51171875,1940.308349609375,11641.8408203125
5_1600_73,2023-11-01,0.0,0.0,1.1483711906053363e-27,-279.65338134765625,17018.504850864556,-3742.845870932166,-142301.06836573532,-38230.41112968286,7929.340539582391,192581.06025683804,137539.9174682818,182952.00724399614,7929.340539582391,464.7456709567942,1.1525622920512875e-11,3685.0068,-3200.6897,5635.6562,-8981.935,-983.89844,-1535.33,-26361.516,-21002.994,15401.562,29036.611,-4769.916,-0.00033126815,-0.010178799,114478.0859375,23283.6796875,70821.1953125
5_1600_73,2023-12-01,0.0,0.0,1.1483711906053363e-27,4774.82177734375,24617.23365050633,16087.618460664904,-121017.45712141795,-57249.560358903924,7929.340539582391,192581.06025683804,137539.9174682818,182952.00724399614,7929.340539582391,464.7456709567942,1.1525622920512875e-11,2211.923,-225.18207,5677.451,-53568.938,-391.64844,-1271.1006,-19379.062,-15380.11,21117.662,29491.598,-4784.191,-0.00044494183,-0.0022766313,121269.1640625,69851.0390625,148433.453125
5_1600_73,2024-01-01,0.0,0.0,1.1483711906053363e-27,749.251953125,31667.043303038372,-41143.98459692648,-205881.25106401843,-76268.70958812498,7929.340539582391,192581.06025683804,137539.9174682818,182952.00724399614,7929.340539582391,464.7456709567942,1.1525622920512875e-11,962.5716,-4646.034,5682.1724,-74236.04,1159.5312,589.8318,-26507.967,-19748.836,19290.639,24638.748,-4564.394,2.4047158e-05,-0.016474336,121269.1640625,127090.0859375,204702.328125
5_1600_99,2023-10-01,91532.80943736476,76738.88339828575,76835.74130490814,78164.28125,71552.55340090072,89639.8195901649,107874.10266048118,81641.43730096913,72236.41616489105,16371.989731083271,57069.102435078465,15553.390244529108,86342.13391352909,92635.96249548715,76829.73318535267,77689.22,75196.66,92055.5,100800.04,77264.95,76013.81,59734.637,61605.234,91577.28,100683.92,76854.625,99982.51,76802.6,0.0006477647111751139,0.0006477647111751139,66629.6640625
5_1600_99,2023-11-01,100253.25970192216,76738.88339828575,76835.74130490814,73624.4921875,67238.14329050822,75777.70550753523,109835.44453903662,85918.55413694242,72236.41616489105,16371.989731083271,57069.102435078465,15553.390244529108,86342.13391352909,92635.96249548715,76829.73318535267,78293.92,75915.055,93278.695,68842.766,78475.35,77732.78,49773.27,60685.5,90543.836,98862.64,76593.74,82392.7,75063.22,0.0006477647111751139,0.0006477647111751139,63230.1875
5_1600_99,2023-12-01,78769.06967495041,76738.88339828575,76835.74130490814,72197.3984375,63649.06688965394,66389.40695561825,112443.97900160454,90195.6709729157,72236.41616489105,16371.989731083271,57069.102435078465,15553.390244529108,86342.13391352909,92635.96249548715,76829.73318535267,76968.195,71020.04,94098.75,30230.36,80605.266,78662.516,51971.492,59205.137,95878.484,100756.836,76531.42,81274.61,73702.44,0.0006477647111751139,0.0006477647111751139,49972.24609375
5_1600_99,2024-01-01,50430.078862641465,76738.88339828575,76835.74130490814,68573.96875,60663.38192193606,109213.57136751794,163965.75998695978,94472.78780888898,72236.41616489105,16371.989731083271,57069.102435078465,15553.390244529108,86342.13391352909,92635.96249548715,76829.73318535267,76815.07,69927.766,94572.98,29390.104,83204.79,84705.97,64775.566,72037.64,106650.03,119198.42,76887.03,93533.23,73637.34,0.0006477647111751139,0.0006477647111751139,0.0006477647111751139
5_1603_16,2023-10-01,0.0,0.0,2493.2534143351895,1403.1800537109375,2454.263205526859,-807.1679710106491,-5403.504359878104,5.07354522751023e-36,41.001841577844445,51378.637995449804,51378.637995449804,48809.70609567731,41.001841577844445,0.048998487468194775,5.1755509949184715e-36,-0.0024689105,0.002335506,0.09430316,0.0027159478,0.0040304437,-0.0108080525,-0.17918693,-0.13740191,0.1341433,0.22052501,-0.00017725787,-0.0019570384,-0.0013074143,3.4178632631665096e-05,3.4178632631665096e-05,3.4178632631665096e-05
5_1603_16,2023-11-01,0.0,0.0,2493.2534143351895,1412.125,2337.553148426569,1080.3188093934032,-8004.9748686213425,5.07354522751023e-36,41.001841577844445,51378.637995449804,51378.637995449804,48809.70609567731,41.001841577844445,0.048998487468194775,5.1755509949184715e-36,0.00047200356,-0.010625879,0.09177589,0.0038856715,0.0060206745,0.01699256,-0.20006831,-0.124326006,0.17365958,0.25585926,0.002405007,-0.00033126815,-0.010178799,3.4178632631665096e-05,3.4178632631665096e-05,3.4178632631665096e-05
5_1603_16,2023-12-01,0.0,0.0,2493.2534143351895,1403.0133056640625,2343.103179652918,601.0507223916563,-7174.280486227677,5.07354522751023e-36,41.001841577844445,51378.637995449804,51378.637995449804,48809.70609567731,41.001841577844445,0.048998487468194775,5.1755509949184715e-36,0.0026063903,-0.017958699,0.09161402,0.1326086,0.007780593,0.013126401,-0.25516868,-0.20647298,0.17148572,0.27170017,0.000515223,-0.00044494183,-0.0022766313,3.4178632631665096e-05,3.4178632631665096e-05,3.4178632631665096e-05
5_1603_16,2024-01-01,0.0,0.0,2493.2534143351895,1392.0675048828125,2342.839253412294,18908.791770458865,17157.569247293603,5.07354522751023e-36,41.001841577844445,51378.637995449804,51378.637995449804,48809.70609567731,41.001841577844445,0.048998487468194775,5.1755509949184715e-36,0.00073333527,-0.029180804,0.09117099,-0.00056325237,0.0092493715,-0.013435682,-0.28608853,-0.18140939,0.16879262,0.26970068,0.002408248,2.4047158e-05,-0.016474336,3.4178632631665096e-05,3.4178632631665096e-05,3.4178632631665096e-05
5_1603_2,2023-10-01,0.0,0.0,229.7666484947659,-1967.9727783203125,1887.9791099305612,3537.996701476707,8832.618733599444,-166.8107165956833,4315.025907955839,4161.270090315436,5739.921422177236,3953.2065857996645,2852.7517623562358,661.7289154170867,186.16398909597268,120.90528,-73.14817,337.16522,3665.7407,-40.453476,-115.30251,-728.05194,-578.7644,654.9925,854.3713,-139.69502,5431.522,81.77588,6.450540968216956e-05,6.450540968216956e-05,6.450540968216956e-05
5_1603_2,2023-11-01,18388.560553740364,0.0,229.7666484947659,337.444091796875,2915.6557600708475,5168.423272376253,10230.068204946945,-451.61952896029413,4315.025907955839,4161.270090315436,5739.921422177236,3953.2065857996645,2852.7517623562358,661.7289154170867,186.16398909597268,196.65707,-287.65234,333.6134,-2805.3474,-64.6414,-35.895096,-669.65625,-565.444,613.68164,1034.9086,-230.3904,1478.5461,90.84033,6.450540968216956e-05,6.450540968216956e-05,6.450540968216956e-05
5_1603_2,2023-12-01,18388.560553740364,0.0,229.7666484947659,-1124.600341796875,3475.047170541699,-8257.86097800418,-4522.551581742137,-736.428341324905,4315.025907955839,4161.270090315436,5739.921422177236,3953.2065857996645,2852.7517623562358,661.7289154170867,186.16398909597268,178.06836,-193.12537,336.00635,-35.938637,-67.104645,-70.22208,-1149.958,-837.7928,840.88446,1166.1288,-240.25005,999.11194,5.2580566,6.450540968216956e-05,6.450540968216956e-05,6.450540968216956e-05
5_1603_2,2024-01-01,18388.560553740364,0.0,229.7666484947659,-85.64985656738281,3779.5386174047303,-9862.925666249499,-7525.332823668797,-1021.2371536895159,4315.025907955839,4161.270090315436,5739.921422177236,3953.2065857996645,2852.7517623562358,661.7289154170867,186.16398909597268,114.18056,-174.98541,336.28607,3191.0334,-62.341274,-73.83049,-832.48724,-756.52893,402.48663,688.2146,-271.40823,3326.4133,51.138428,6.450540968216956e-05,6.450540968216956e-05,6.450540968216956e-05
5_1603_73,2023-10-01,0.0,0.0,323.79560338604165,-22.012720108032227,6185.728869101569,1826.2595335830001,1291.1273605811193,-1598.2195794567433,1546.5602144186505,20600.518269473614,26826.160787145644,19570.492355999933,1546.5602144186505,105.7051768285026,7.831496474938735,216.59377,31.38357,799.66833,-426.9027,12475.58,11929.768,-11389.298,-5266.371,24174.229,31682.367,-148.91277,-0.0019570384,-0.0013074143,0.0002336826000828296,0.0002336826000828296,0.0002336826000828296
5_1603_73,2023-11-01,0.0,0.0,323.79560338604165,-2.893498420715332,9794.352438052301,-463.5312744271623,1535.3683699071034,-3180.456963118909,1546.5602144186505,20600.518269473614,26826.160787145644,19570.492355999933,1546.5602144186505,105.7051768285026,7.831496474938735,341.35092,-591.21814,793.7963,-3905.7246,12409.121,12831.57,-7946.677,-1171.2682,27739.379,33131.223,-333.40375,-0.00033126815,-0.010178799,0.0002336826000828296,0.0002336826000828296,0.0002336826000828296
5_1603_73,2023-12-01,0.0,0.0,323.79560338604165,-18.90532112121582,11899.547207812408,2535.320943021272,4552.388817785095,-4762.694346781074,1546.5602144186505,20600.518269473614,26826.160787145644,19570.492355999933,1546.5602144186505,105.7051768285026,7.831496474938735,57.930237,-9.56302,800.81323,-4104.0454,12314.45,12295.859,-76.6695,2439.9727,23614.498,27729.516,-163.26933,-0.00044494183,-0.0022766313,0.0002336826000828296,0.0002336826000828296,0.0002336826000828296
5_1603_73,2024-01-01,0.0,0.0,323.79560338604165,-8.06873607635498,13127.673371138979,-18959.999200182927,-22791.683163204885,-6344.93173044324,1546.5602144186505,20600.518269473614,26826.160787145644,19570.492355999933,1546.5602144186505,105.7051768285026,7.831496474938735,-288.47403,-450.43466,802.22034,-9225.88,12222.795,10540.832,-2075.6062,467.451,24148.521,27001.729,-259.49924,2.4047158e-05,-0.016474336,0.0002336826000828296,0.0002336826000828296,0.0002336826000828296
5_1603_99,2023-10-01,26733.18359790545,26733.18359790545,26733.18359790545,26503.357421875,25174.75921028202,25922.717681858965,23927.4125401399,28233.638989269282,16253.588696145625,3703.7549507793083,12910.479728557608,3518.5672032403427,20586.64708586224,26628.757099476134,26733.183597905445,27083.61,26371.74,28266.283,21904.307,26450.55,26974.129,17461.623,19735.465,32054.676,34580.254,26559.516,26733.182,26733.182,26729.453125,26729.453125,0.00014226982602849603
5_1603_99,2023-11-01,26733.18359790545,26733.18359790545,26733.18359790545,26479.5625,23776.811701422495,26113.93361818954,24223.629515163222,29719.08982671948,16253.588696145625,3703.7549507793083,12910.479728557608,3518.5672032403427,20586.64708586224,26628.757099476134,26733.183597905445,27125.871,26206.889,28139.94,15785.468,26172.51,26139.27,15835.008,20891.588,30706.754,35335.555,26574.723,26733.184,26733.174,26729.453125,26729.453125,0.00014226982602849603
5_1603_99,2023-12-01,26733.18359790545,26733.18359790545,26733.18359790545,26297.931640625,22522.81615755991,25090.741662558223,23868.601039713063,31204.54066416967,16253.588696145625,3703.7549507793083,12910.479728557608,3518.5672032403427,20586.64708586224,26628.757099476134,26733.183597905445,26557.791,25293.707,28092.578,9822.278,25890.291,25454.695,18123.275,20516.848,30184.084,32575.17,26522.746,26733.184,26733.182,26729.453125,26729.453125,0.00014226982602849603
5_1603_99,2024-01-01,26733.18359790545,26733.18359790545,26733.18359790545,26242.75,21397.94929806667,33845.41958181163,35902.99613648163,32689.991501619865,16253.588696145625,3703.7549507793083,12910.479728557608,3518.5672032403427,20586.64708586224,26628.757099476134,26733.183597905445,26494.953,25490.236,28074.244,4787.067,25625.953,26065.246,14292.646,19516.287,30891.184,32246.355,26606.66,26733.184,26733.168,26729.453125,13364.7265625,0.00014226982602849603
5_1605_73,2023-10-01,0.0,0.0,0.02532797574748344,80773.9296875,343028.1228252554,979296.3044590291,1304354.863423371,-82450.82067793833,130150.67182695515,1529568.6706846906,2257553.774133103,1453090.237150456,130150.67182695515,9905.137259421303,0.022979241562810015,9014.442,-12711.889,66354.81,-195193.28,-1893.9375,4354.3276,-153121.81,-122289.516,128557.36,160668.27,-19404.816,-0.0019570384,-0.0013074143,0.01373768039047718,0.01373768039047718,0.01373768039047718
5_1605_73,2023-11-01,0.0,0.0,0.02532797574748344,-1628.0589599609375,566399.4263530702,1158102.6017545243,1288698.1849239022,-153423.585987708,130150.67182695515,1529568.6706846906,2257553.774133103,1453090.237150456,130150.67182695515,9905.137259421303,0.022979241562810015,17519.488,-35427.574,65700.28,-529286.0,-5854.8125,-12837.113,-224104.27,-151196.0,132736.7,197407.4,-60018.586,-0.00033126815,-0.010178799,0.01373768039047718,0.01373768039047718,0.01373768039047718
5_1605_73,2023-12-01,0.0,0.0,0.02532797574748344,36592.5078125,711853.2125580352,2272197.7507675164,2317825.3449843596,-224396.35129747767,130150.67182695515,1529568.6706846906,2257553.774133103,1453090.237150456,130150.67182695515,9905.137259421303,0.022979241562810015,9151.884,-3572.457,66187.54,-93419.516,-8861.6875,-5398.5747,-221647.78,-112942.266,158243.47,194735.22,-32899.887,-0.00044494183,-0.0022766313,0.01373768039047718,0.01373768039047718,108143.1328125
5_1605_73,2024-01-01,0.0,0.0,0.02532797574748344,13386.861328125,806569.0672234271,473017.49063733144,212047.8190199999,-295369.1166072473,130150.67182695515,1529568.6706846906,2257553.774133103,1453090.237150456,130150.67182695515,9905.137259421303,0.022979241562810015,5079.3857,-32396.732,66245.15,-1008362.7,-7954.25,-6292.748,-186152.45,-161573.2,121505.74,187648.98,-39437.63,2.4047158e-05,-0.016474336,0.01373768039047718,0.01373768039047718,598391.9375
5_1605_99,2023-10-01,2707450.3046243554,2833156.4178719376,2829985.694768012,2903846.75,2506316.299142657,2689626.7728946237,2715196.3362389924,3020524.4013408334,1798394.218332886,466423.5404782756,1406529.6637332528,443102.3634543618,2238817.260694974,2804577.670731129,2830014.713361388,2869039.5,2778846.5,3092971.2,2511854.5,2855046.0,2859251.5,2038137.5,2389420.5,3501667.0,3696157.2,2808095.0,2828413.0,2759439.5,2761722.5,2634258.25,2838200.75
5_1605_99,2023-11-01,2714633.279896399,2833156.4178719376,2829985.694768012,2883212.25,2243286.921250689,2675213.262695196,2725576.2333471896,3178180.46804261,1798394.218332886,466423.5404782756,1406529.6637332528,443102.3634543618,2238817.260694974,2804577.670731129,2830014.713361388,2869785.8,2767239.2,3101450.5,1857889.9,2864679.2,2815101.8,2157775.8,2403109.2,3374345.2,3701030.5,2811111.5,2831063.8,2691318.2,2693741.5,2812708.0,2846698.5
5_1605_99,2023-12-01,1376210.9488547405,2833156.4178719376,2829985.694768012,2945393.75,2031610.1726825582,2643758.451144917,2728413.2485488346,3335836.5347443866,1798394.218332886,466423.5404782756,1406529.6637332528,443102.3634543618,2238817.260694974,2804577.670731129,2830014.713361388,2810869.8,2663409.0,3105732.5,703549.4,2868807.5,2841773.0,2113588.2,2275043.5,3464657.0,3567885.0,2811578.8,2833159.8,2633707.0,2404822.75,2634258.25,2855196.0
5_1605_99,2024-01-01,1398569.9711435344,2833156.4178719376,2829985.694768012,2940998.0,1861260.20552878,3767545.765192008,4093157.907545106,3493492.601446163,1798394.218332886,466423.5404782756,1406529.6637332528,443102.3634543618,2238817.260694974,2804577.670731129,2830014.713361388,2808247.5,2688482.5,3107581.8,-148067.97,2869066.5,2990801.5,2128943.8,2337914.8,3463951.8,3685313.5,2819356.5,2834102.8,2533388.0,2285856.25,2634258.25,2855196.0
5_1606_73,2023-10-01,0.0,0.0,0.5874920260168031,14605.154296875,129946.2808656895,512710.06925624097,350115.5970049749,-156348.86326658493,101909.40148371684,2066473.0134429224,1767689.330448483,1963149.3627707763,101909.40148371684,6497.615828533535,0.2671588811763359,15063.099,-2536.5967,54669.75,85408.195,4429.375,7112.407,-211756.81,-130900.39,109353.71,185425.88,-7289.6904,-0.0019570384,-0.0013074143,44344.55859375,0.016899580135941505,0.016899580135941505
5_1606_73,2023-11-01,0.0,0.0,0.5874920260168031,7.448498725891113,245933.92022115504,531137.96452827,319388.9650232823,-297070.24228438176,101909.40148371684,2066473.0134429224,1767689.330448483,1963149.3627707763,101909.40148371684,6497.615828533535,0.2671588811763359,26204.906,-41667.715,54252.46,-426072.53,15059.125,17749.78,-114510.98,-70731.39,129089.164,202799.53,-13451.175,-0.00033126815,-0.010178799,0.016899580135941505,0.016899580135941505,0.016899580135941505
5_1606_73,2023-12-01,0.0,0.0,0.5874920260168031,9152.2333984375,349462.33514484565,-124907.75638104917,-348358.8016355696,-437791.6213021786,101909.40148371684,2066473.0134429224,1767689.330448483,1963149.3627707763,101909.40148371684,6497.615828533535,0.2671588811763359,13394.312,5014.603,54723.09,-284682.6,31381.5,35960.18,-132209.5,-79912.664,128220.83,272481.3,-11251.689,-0.00044494183,-0.0022766313,0.016899580135941505,0.016899580135941505,0.016899580135941505
5_1606_73,2024-01-01,0.0,0.0,0.5874920260168031,3016.324951171875,441869.877501701,-469747.47292466497,-684070.5885288034,-578513.0003199754,101909.40148371684,2066473.0134429224,1767689.330448483,1963149.3627707763,101909.40148371684,6497.615828533535,0.2671588811763359,-1525.6837,-24940.371,54813.195,-486088.44,53468.75,64440.227,-82641.62,-14346.021,187146.64,225535.95,-14413.039,2.4047158e-05,-0.016474336,0.016899580135941505,0.016899580135941505,0.016899580135941505
5_1606_99,2023-10-01,2810743.449092178,3105313.767467847,3105314.710194154,3006343.25,2784291.687137531,2731084.8130436223,2693936.1092230454,3279664.86844949,1826854.4766847857,439875.68178239075,1485185.946970605,417881.89769327117,2318373.2965139453,3039751.1113618067,3105397.455847186,3147640.8,3054445.5,3294776.8,2888993.5,3109054.2,3079601.5,1842695.9,2177901.5,3708150.2,4156656.2,3078858.5,3092575.0,3202667.5,3107818.0,3201222.25,3022904.75
5_1606_99,2023-11-01,3793572.9893944687,3105313.767467847,3105314.710194154,3033693.5,2516197.1362067396,2532829.128798606,2768807.905566591,3452189.652384574,1826854.4766847857,439875.68178239075,1485185.946970605,417881.89769327117,2318373.2965139453,3039751.1113618067,3105397.455847186,3149264.8,3026972.5,3282569.8,1890539.5,3088870.8,3171381.5,2121480.0,2507470.0,3859406.5,4148931.5,3080728.2,3099408.2,2830349.0,3107818.0,3099326.75,2954974.5
5_1606_99,2023-12-01,1539074.5059711093,3105313.767467847,3105314.710194154,2960128.0,2292303.8508451,2347567.8453576826,2712477.088651212,3624714.436319658,1826854.4766847857,439875.68178239075,1485185.946970605,417881.89769327117,2318373.2965139453,3039751.1113618067,3105397.455847186,3080422.5,2947282.2,3278079.0,731827.1,3061964.8,3160683.5,2428952.8,2606398.5,3758005.2,3933166.0,3076708.8,3105164.2,2223328.8,3107818.0,3090835.5,3014413.5
5_1606_99,2024-01-01,1440375.8043171735,3105313.767467847,3105314.710194154,2966825.0,2105324.2831664965,3191909.3011425496,4091841.2691607648,3797239.220254742,1826854.4766847857,439875.68178239075,1485185.946970605,417881.89769327117,2318373.2965139453,3039751.1113618067,3105397.455847186,3072073.0,2975890.0,3276338.5,-49080.9,3032478.2,3070535.5,2197976.5,2490448.5,3666968.8,3860900.2,3086098.8,3107843.5,1232774.4,3082344.25,3082344.25,3014413.5
5_1607_73,2023-10-01,0.0,0.0,3.2460207484790438,47265.5390625,453548.69718325976,-1575964.1061148155,-1659532.3333503387,-837926.9342961955,235392.01615502665,2963231.0043403795,1749434.8156477576,2815069.4541233606,235392.01615502665,17460.06936867173,1.4888059393767452,38655.203,-23957.922,-21553.422,-386732.16,-21415.25,-39929.56,-717693.56,-493065.03,490943.12,601554.2,-136028.88,-0.0019570384,8279.621,0.0400354340672493,0.0400354340672493,0.0400354340672493
5_1607_73,2023-11-01,0.0,0.0,3.2460207484790438,-586.6239624023438,835318.8428658862,-937708.8091321223,-1473329.28096948,-1175229.4939407678,235392.01615502665,2963231.0043403795,1749434.8156477576,2815069.4541233606,235392.01615502665,17460.06936867173,1.4888059393767452,41663.766,-85824.72,-20504.625,-514644.1,-21654.5,86984.42,-521511.84,-398221.9,421719.72,555016.75,-873655.0,-0.00033126815,6810.418,0.0400354340672493,0.0400354340672493,0.0400354340672493
5_1607_73,2023-12-01,0.0,0.0,3.2460207484790438,32505.802734375,1156670.1002715337,-187584.15940920974,-1026957.8390571554,-1512532.05358534,235392.01615502665,2963231.0043403795,1749434.8156477576,2815069.4541233606,235392.01615502665,17460.06936867173,1.4888059393767452,-32516.75,339.6875,-20526.875,-1240942.9,-1530.5,10534.554,-525698.56,-477664.9,417347.12,608372.2,-737152.1,-0.00044494183,6432.6797,0.0400354340672493,0.0400354340672493,0.0400354340672493
5_1607_73,2024-01-01,0.0,0.0,3.2460207484790438,8477.4794921875,1427164.3539579872,-2237257.873392913,-3891962.407950625,-1849834.6132299125,235392.01615502665,2963231.0043403795,1749434.8156477576,2815069.4541233606,235392.01615502665,17460.06936867173,1.4888059393767452,-133973.25,-170891.88,-20851.922,-1645868.5,44117.25,37142.344,-645613.56,-379671.84,639492.5,840145.3,-725679.25,2.4047158e-05,9503.925,0.0400354340672493,0.0400354340672493,357180.5
5_1607_74,2023-10-01,0.0,0.0,1.3981729186852334,487.0905456542969,592.7741717328943,645.0747198381118,3928.8860466119504,1.2422747899964153,1735.0540156747709,1040.263192908442,1686.3339180509836,988.2500332630199,2262.4843824918034,958.8497069312937,1.244183981705484,34.206577,-45.550327,265.91022,3662.6843,-99.906555,-28.923641,-735.6065,-594.7824,583.7581,907.82996,-76.140594,3630.8928,160.80322,2.571651384641882e-05,2.571651384641882e-05,2.571651384641882e-05
5_1607_74,2023-11-01,0.0,0.0,1.3981729186852334,538.6854858398438,963.9380237031392,52.47739176212599,3961.3381735143503,1.2422747899964153,1735.0540156747709,1040.263192908442,1686.3339180509836,988.2500332630199,2262.4843824918034,958.8497069312937,1.244183981705484,104.46063,-98.72366,261.35565,5033.5195,-125.983315,-85.44165,-839.9874,-662.9792,388.27805,510.6722,-70.32955,988.3864,-158.75928,2.571651384641882e-05,2.571651384641882e-05,2.571651384641882e-05
5_1607_74,2023-12-01,0.0,0.0,1.3981729186852334,415.00885009765625,1196.3412078814574,234.4763524177797,3879.3136432833808,1.2422747899964153,1735.0540156747709,1040.263192908442,1686.3339180509836,988.2500332630199,2262.4843824918034,958.8497069312937,1.244183981705484,52.07371,-222.7802,262.31345,430.0606,-125.68242,-135.1405,-978.32465,-742.51,252.32686,685.29297,-96.32216,667.8917,-666.7544,2.571651384641882e-05,2.571651384641882e-05,2.571651384641882e-05
5_1607_74,2024-01-01,5270.572167319871,0.0,1.3981729186852334,384.35565185546875,1341.859796853724,2135.269091107475,6016.240843668805,1.2422747899964153,1735.0540156747709,1040.263192908442,1686.3339180509836,988.2500332630199,2262.4843824918034,958.8497069312937,1.244183981705484,79.41444,-138.1977,262.02283,2579.7249,-112.21316,-131.01666,-947.7202,-819.25183,445.49805,524.09845,-62.27757,2223.6584,-303.9292,2.571651384641882e-05,2.571651384641882e-05,2.571651384641882e-05
5_1607_99,2023-10-01,8453648.003297983,6047000.634972165,6378364.546152452,7948512.0,5672465.365024246,6202562.521325519,5148248.684720603,7293593.705410757,3587619.2756747124,687960.7605001488,3056600.5745752607,653562.7224751413,4783442.602337926,6773069.421122814,6376856.598291563,6088053.5,5968405.0,6401271.5,5744921.5,6155355.0,6236100.0,4111854.2,4697012.0,7295318.5,7676022.5,5885764.5,5817443.0,6186195.5,5722938.0,6309115.0,5429849.5
5_1607_99,2023-11-01,3954827.1428637034,6047000.634972165,6378364.546152452,7160910.5,5333506.818297775,6438963.172398291,5037126.448673416,7675834.6356386235,3587619.2756747124,687960.7605001488,3056600.5745752607,653562.7224751413,4783442.602337926,6773069.421122814,6376856.598291563,6105175.5,5842489.0,6374438.5,2936719.2,6024461.0,5984913.0,4879831.5,5172677.5,7508732.0,7975234.5,5880164.0,5962033.5,6061020.5,5553255.5,5183038.5,4689415.5
5_1607_99,2023-12-01,3659150.0223150607,6047000.634972165,6378364.546152452,8586061.0,5026745.59814647,6006057.99566805,5030557.9112686645,8058075.565866491,3587619.2756747124,687960.7605001488,3056600.5745752607,653562.7224751413,4783442.602337926,6773069.421122814,6376856.598291563,5980320.5,5892598.5,6364307.5,3173458.5,5942305.0,5872627.0,4295831.0,4715173.5,6886821.0,7128746.5,5817438.5,6054384.5,5920402.0,5152187.0,3779298.75,4010684.25
5_1607_99,2024-01-01,3698286.403294095,6047000.634972165,6378364.546152452,8162228.0,4749123.313364094,7444649.710872075,7483845.301998336,8440316.496094357,3587619.2756747124,687960.7605001488,3056600.5745752607,653562.7224751413,4783442.602337926,6773069.421122814,6376856.598291563,5941849.0,6000024.0,6360392.5,2270446.8,5863922.0,5949709.5,4572287.0,5011543.5,6846208.5,7340619.5,5863427.5,6065483.5,5928296.5,4643138.5,0.029393473640084267,3918130.25
5_1608_73,2023-10-01,0.0,0.0,4.79666636819072e-27,19952.77734375,49263.1099622121,236668.15052888406,202758.75170159288,-34846.08211487522,35182.81669887017,584492.0756024468,604714.8876298883,555267.4718223244,35182.81669887017,2308.560515600371,4.8351910226961975e-11,5163.3955,353.06876,18878.918,-26714.314,1707.3438,-2726.3953,-49032.137,-39783.914,33064.168,48302.727,-5587.956,-0.0019570384,-0.0013074143,0.005177766550332308,0.005177766550332308,0.005177766550332308
5_1608_73,2023-11-01,0.0,0.0,4.79666636819072e-27,-1673.919189453125,91978.46286544041,288960.8666404512,188716.49076013942,-69343.70340860149,35182.81669887017,584492.0756024468,604714.8876298883,555267.4718223244,35182.81669887017,2308.560515600371,4.8351910226961975e-11,9083.782,-11366.242,18730.506,-139382.94,5892.9062,-384.86157,-56842.22,-32187.38,30266.445,41477.137,-10624.54,-0.00033126815,-0.010178799,0.005177766550332308,0.005177766550332308,0.005177766550332308
5_1608_73,2023-12-01,0.0,0.0,4.79666636819072e-27,12264.517578125,129016.34729959248,341206.80124124757,193736.0039383018,-103841.32470232777,35182.81669887017,584492.0756024468,604714.8876298883,555267.4718223244,35182.81669887017,2308.560515600371,4.8351910226961975e-11,4976.881,2840.9624,18890.564,-68582.4,12386.344,13296.145,-36605.188,-21662.934,65552.74,76150.14,-7060.559,-0.00044494183,-0.0022766313,0.005177766550332308,0.005177766550332308,0.005177766550332308
5_1608_73,2024-01-01,0.0,0.0,4.79666636819072e-27,1395.8974609375,161131.37831585098,-79628.35917883733,-282951.00944247976,-138338.94599605404,35182.81669887017,584492.0756024468,604714.8876298883,555267.4718223244,35182.81669887017,2308.560515600371,4.8351910226961975e-11,739.4972,-7320.2905,18920.186,-231608.4,21194.0,25997.027,-38621.348,-15044.349,85535.38,94533.07,-9140.154,2.4047158e-05,-0.016474336,0.005177766550332308,0.005177766550332308,0.005177766550332308
5_1608_99,2023-10-01,628262.6319994486,748921.1519090346,748932.4066098263,755432.0,667825.6542082329,718106.7281466204,691023.8059174756,792133.5113766608,477833.9328667231,109030.91916523769,380057.6932869769,103579.3732069758,599099.5569136649,772164.4049498737,750045.4310502013,755246.5,738063.3,816849.06,756484.2,773688.5,762594.6,540829.0,617259.75,970154.5,1094453.6,739022.3,715667.6,703069.5,643563.9375,746797.6875,713850.75
5_1608_99,2023-11-01,853013.6035513278,748921.1519090346,748932.4066098263,759632.875,601366.55969973,647278.3993433968,688668.6203622776,833801.3492194643,477833.9328667231,109030.91916523769,380057.6932869769,103579.3732069758,599099.5569136649,772164.4049498737,750045.4310502013,755802.7,736773.5,818920.7,572994.56,771342.7,759315.56,624084.8,657750.44,907741.94,1046393.75,744125.2,736889.2,621458.7,551312.4375,0.004185331054031849,678707.3125
5_1608_99,2023-12-01,396406.0084792432,748921.1519090346,748932.4066098263,748862.75,546902.2383981239,576531.4536776263,694836.4624593958,875469.1870622679,477833.9328667231,109030.91916523769,380057.6932869769,103579.3732069758,599099.5569136649,772164.4049498737,750045.4310502013,737718.4,717676.25,819968.9,240080.58,770217.5,768790.8,598682.6,627357.3,932756.56,1016962.9,742381.9,745166.4,515498.88,472239.71875,0.004185331054031849,654546.1875
5_1608_99,2024-01-01,703227.5749531555,748921.1519090346,748932.4066098263,750028.25,502267.83107159834,838621.7751079791,1049944.5236104461,917137.0249050715,477833.9328667231,109030.91916523769,380057.6932869769,103579.3732069758,599099.5569136649,772164.4049498737,750045.4310502013,735635.6,722776.5,820422.4,21916.18,767990.9,795499.06,573972.7,617686.6,929323.94,974625.0,744884.0,751290.94,404325.75,441489.21875,0.004185331054031849,588652.3125
5_1609_73,2023-10-01,0.0,0.0,8.300403702141412e-27,-28368.400390625,90999.3575291551,687964.059512016,651122.369295232,-52557.47046469783,65168.13693057858,993151.1620887319,1130386.5851453927,943493.6039842953,65168.13693057858,4370.758775564332,8.406269176145416e-11,5563.503,-2554.0764,34625.145,-25190.398,-5066.0,-13541.223,-157547.86,-114170.266,84827.16,117180.26,-2196.8755,-0.0019570384,-0.0013074143,0.008537840098142624,0.008537840098142624,0.008537840098142624
5_1609_73,2023-11-01,0.0,0.0,8.300403702141412e-27,2137.950927734375,168449.31550953502,816361.1140937828,740060.648571359,-104589.36622474875,65168.13693057858,993151.1620887319,1130386.5851453927,943493.6039842953,65168.13693057858,4370.758775564332,8.406269176145416e-11,10977.169,-23313.947,34326.098,-248581.61,-3998.3125,11436.37,-119871.5,-89676.23,122737.52,239689.38,-14154.749,-0.00033126815,-0.010178799,0.008537840098142624,0.008537840098142624,0.008537840098142624
5_1609_73,2023-12-01,0.0,0.0,8.300403702141412e-27,-18326.052734375,234367.31926292164,884497.8404915497,728618.774931986,-156621.26198479967,65168.13693057858,993151.1620887319,1130386.5851453927,943493.6039842953,65168.13693057858,4370.758775564332,8.406269176145416e-11,3049.6228,2306.5151,34604.574,29254.84,2406.0,18174.508,-162853.58,-104397.09,145994.86,192144.88,-9020.311,-0.00044494183,-0.0022766313,0.008537840098142624,0.008537840098142624,0.008537840098142624
5_1609_73,2024-01-01,0.0,0.0,8.300403702141412e-27,-2302.791748046875,290470.42547677184,-22095.467164367437,-318317.4859000894,-208653.1577448506,65168.13693057858,993151.1620887319,1130386.5851453927,943493.6039842953,65168.13693057858,4370.758775564332,8.406269176145416e-11,-5437.8125,-16519.11,34649.59,-338317.53,15194.125,11034.332,-139027.39,-117323.266,107875.98,157369.17,-11584.814,2.4047158e-05,-0.016474336,0.008537840098142624,0.008537840098142624,0.008537840098142624
5_1609_74,2023-10-01,2913.1105121317614,2913.1105121317614,2913.1105121288483,2911.85009765625,2595.682796959873,2476.742163285202,596.7435240068818,3016.3019145572866,374.5367456391925,186.97756817277028,296.6470854627532,177.62868976413176,851.2702675659187,2548.9716981152915,2913.1075950148165,2943.069,2901.8826,2817.3293,2015.0942,3012.1982,3094.3726,1604.4136,2112.514,4089.088,4414.6743,2930.745,2664.0562,3116.066,2913.720947265625,2913.720947265625,2913.720947265625
5_1609_74,2023-11-01,0.0,2913.1105121317614,2913.1105121288483,2829.337158203125,2325.5564654332325,2411.31075923269,744.3103508605799,3118.449945491952,374.5367456391925,186.97756817277028,296.6470854627532,177.62868976413176,851.2702675659187,2548.9716981152915,2913.1075950148165,2822.348,2803.2131,2740.899,830.2337,2941.0376,3018.418,2021.6105,2305.077,3861.4248,4050.3574,2917.1792,2795.8816,3067.5547,5.8136693041888066e-06,6242.3798828125,2913.720947265625
5_1609_74,2023-12-01,0.0,2913.1105121317614,2913.1105121288483,2850.921630859375,2095.6829178618486,2186.731874498586,908.8894748998437,3220.597976426617,374.5367456391925,186.97756817277028,296.6470854627532,177.62868976413176,851.2702675659187,2548.9716981152915,2913.1075950148165,2825.1326,2816.8547,2717.0544,1132.2106,2829.1765,2816.5142,1561.5184,2040.1981,3366.1658,3593.8462,2899.3777,2904.9727,3040.0771,5.8136693041888066e-06,5827.44189453125,2913.720947265625
5_1609_74,2024-01-01,0.0,2913.1105121317614,2913.1105121288483,2790.487060546875,1900.0638992552094,2265.337477540441,1396.8398203714787,3322.7460073612824,374.5367456391925,186.97756817277028,296.6470854627532,177.62868976413176,851.2702675659187,2548.9716981152915,2913.1075950148165,2800.9353,2767.4382,2708.6443,341.82785,2708.7866,2751.17,1816.4443,2169.5947,3263.6382,3561.2139,2913.3606,2956.407,2760.9058,5.8136693041888066e-06,6242.3798828125,2913.720947265625
5_1609_99,2023-10-01,1558122.1128228104,1698799.2764214745,1698872.1359170384,1785224.125,1505226.1637490245,1596210.718639623,1333125.6716403507,1801750.443690522,997233.2668371733,225432.98383318094,785810.575389016,214161.33464152188,1294902.534949438,1808280.2168643996,1706019.520590739,1716218.0,1658538.5,1802669.5,1547623.2,1767426.0,1743578.2,1084013.8,1220898.6,2083629.0,2283958.8,1628681.8,1505897.8,1950363.2,1649631.75,1525131.125,1734114.125
5_1609_99,2023-11-01,2299411.634476606,1698799.2764214745,1698872.1359170384,1798516.0,1345957.1939888862,1534711.9520663307,1379017.259486725,1896526.7919485027,997233.2668371733,225432.98383318094,785810.575389016,214161.33464152188,1294902.534949438,1808280.2168643996,1706019.520590739,1708871.6,1620918.9,1795987.4,988416.44,1740321.5,1752458.6,1208592.5,1416119.6,2130646.5,2205087.8,1652868.4,1644364.5,1014693.7,1729667.625,867057.125,1751900.0
5_1609_99,2023-12-01,908500.2668337931,1698799.2764214745,1698872.1359170384,1776496.0,1214913.143613051,1324873.3335973439,1381101.6063521109,1991303.1402064832,997233.2668371733,225432.98383318094,785810.575389016,214161.33464152188,1294902.534949438,1808280.2168643996,1706019.520590739,1668495.4,1643386.4,1793528.1,608069.7,1720673.0,1739432.9,1295056.8,1374483.5,2086040.2,2263938.0,1645428.1,1666199.4,-394159.0,1823043.125,0.008472641929984093,1747453.625
5_1609_99,2024-01-01,882228.3257336419,1698799.2764214745,1698872.1359170384,1782640.75,1107092.121321222,1783081.3253382558,2094835.964330765,2086079.4884644635,997233.2668371733,225432.98383318094,785810.575389016,214161.33464152188,1294902.534949438,1808280.2168643996,1706019.520590739,1662248.0,1661298.1,1792575.9,66932.44,1697912.5,1673303.6,1275942.5,1395795.5,2003048.9,2157881.2,1648978.6,1704077.5,-489789.0,1814150.25,0.008472641929984093,1649631.75
5_1610_2,2023-10-01,0.0,0.0,17.984871828271356,2.5101280212402344,19.107819117061965,2.93631391770165,-54.111299073142646,-0.20051600649448084,7.674174515265327,190.16138065304554,190.16138065304557,180.65331162039325,6.405747491508471,0.0003627040494023238,3.1435903742647398,-0.0024689105,0.002335506,0.09430316,0.0027159478,0.0040304437,-0.023894444,-0.2804352,-0.17069472,0.1732921,0.21860828,-0.00017725787,-0.0019570384,-0.002547192,2.5300226980107254e-07,2.5300226980107254e-07,2.5300226980107254e-07
5_1610_2,2023-11-01,0.0,0.0,17.984871828271356,2.3980727195739746,18.147634558504656,-5.717261943061827,-45.213103658072676,-0.3990268529240168,7.674174515265327,190.16138065304554,190.16138065304557,180.65331162039325,6.405747491508471,0.0003627040494023238,3.1435903742647398,0.00047200356,-0.010625879,0.09177589,0.0038856715,0.0060206745,0.012974427,-0.2859419,-0.22612892,0.15366687,0.27067846,0.002405007,-0.00033126815,-0.014978557,2.5300226980107254e-07,2.5300226980107254e-07,2.5300226980107254e-07
5_1610_2,2023-12-01,0.0,0.0,17.984871828271356,2.5079596042633057,18.195884669144892,4.489534582127981,-49.303575299912794,-0.5975376993535528,7.674174515265327,190.16138065304554,190.16138065304557,180.65331162039325,6.405747491508471,0.0003627040494023238,3.1435903742647398,0.0026063903,-0.017958699,0.09161402,0.1326086,0.007780593,-0.01369854,-0.24413341,-0.20733175,0.15596974,0.1902801,0.000515223,-0.00044494183,-0.007359303,2.5300226980107254e-07,2.5300226980107254e-07,2.5300226980107254e-07
5_1610_2,2024-01-01,0.0,0.0,17.984871828271356,2.6554229259490967,18.19346005904671,-25.0905683973199,-63.41110343583793,-0.7960485457830888,7.674174515265327,190.16138065304554,190.16138065304557,180.65331162039325,6.405747491508471,0.0003627040494023238,3.1435903742647398,0.00073333527,-0.029180804,0.09117099,-0.00056325237,0.0092493715,-0.0131467255,-0.3040879,-0.25584176,0.19791462,0.27511856,0.002408248,2.4047158e-05,-0.020448271,2.5300226980107254e-07,271.65911865234375,2.5300226980107254e-07
5_1610_73,2023-10-01,0.0,0.0,1.1364412682207797e-26,65930.53125,123939.16527221212,842326.8604323826,742024.1541392065,-91144.26365496896,78073.4301089719,1321324.9770525042,1321328.1093164016,1255258.728199879,78073.4301089719,5055.311675022749,1.1399667071796777e-10,9429.184,-3293.1858,42490.566,130055.016,6403.5,2982.5376,-164197.66,-131339.97,146913.94,188518.33,-6466.381,-0.0019570384,-0.002547192,0.011689001694321632,0.011689001694321632,0.011689001694321632
5_1610_73,2023-11-01,0.0,0.0,1.1364412682207797e-26,-2689.832275390625,229520.08665737615,960258.129665011,763683.0160669824,-180456.50473589447,78073.4301089719,1321324.9770525042,1321328.1093164016,1255258.728199879,78073.4301089719,5055.311675022749,1.1399667071796777e-10,17257.666,-33515.93,42142.77,-384302.3,19928.0,18719.408,-133994.25,-90007.9,155523.27,244899.78,-11845.374,-0.00033126815,-0.014978557,0.011689001694321632,0.011689001694321632,0.011689001694321632
5_1610_73,2023-12-01,0.0,0.0,1.1364412682207797e-26,48174.66796875,319462.04274572723,295877.15326143673,3652.931802078325,-269768.74581682,78073.4301089719,1321324.9770525042,1321328.1093164016,1255258.728199879,78073.4301089719,5055.311675022749,1.1399667071796777e-10,9354.818,1654.905,42495.38,-119663.06,40629.125,56969.71,-198514.9,-131943.0,156410.81,184618.52,-10472.99,-0.00044494183,-0.007359303,0.011689001694321632,0.011689001694321632,0.011689001694321632
5_1610_73,2024-01-01,0.0,0.0,1.1364412682207797e-26,7647.556640625,396081.5243610449,-111442.91203618619,-550670.6666548678,-359080.9868977455,78073.4301089719,1321324.9770525042,1321328.1093164016,1255258.728199879,78073.4301089719,5055.311675022749,1.1399667071796777e-10,639.28595,-17474.678,42557.215,-286343.1,68494.75,76359.47,-136654.53,-81270.42,186801.92,203368.4,-12198.714,2.4047158e-05,-0.020448271,0.011689001694321632,0.011689001694321632,0.011689001694321632
5_1610_99,2023-10-01,1203909.4531439743,2170076.7206034176,2170075.9642369025,1996373.75,1956726.8688597027,1909791.483802439,1776691.7112226365,2291741.808202401,1242533.8034471413,296910.4217419715,995221.0786251212,282064.90065487294,1561416.6105550325,2056695.2416473548,2169967.912121102,2191786.0,2119701.8,2285423.0,1560483.8,2188257.5,2225601.5,1439473.5,1726644.8,2767417.5,2890165.5,2141431.8,2089841.9,2081137.0,2015910.625,2108330.75,2044791.75
5_1610_99,2023-11-01,2203751.918480388,2170076.7206034176,2170075.9642369025,1937069.875,1776308.7744959914,1822478.877787557,1805280.917028313,2412297.879453695,1242533.8034471413,296910.4217419715,995221.0786251212,282064.90065487294,1561416.6105550325,2056695.2416473548,2169967.912121102,2191719.5,2102187.2,2272832.8,1337845.4,2179436.0,2167048.2,1542010.0,1683808.8,2644407.0,2893732.2,2156647.0,2130992.5,1683192.5,1137920.875,2235408.0,2142988.0
5_1610_99,2023-12-01,1093975.4956383107,2170076.7206034176,2170075.9642369025,1836457.625,1623739.2343355683,1599520.8908236134,1774179.4043359272,2532853.950704989,1242533.8034471413,296910.4217419715,995221.0786251212,282064.90065487294,1561416.6105550325,2056695.2416473548,2169967.912121102,2145740.8,2054029.5,2268180.2,639881.7,2158091.2,2161232.0,1636181.6,1768101.4,2710739.0,2867455.0,2152013.2,2168746.5,472447.75,0.011006560176610947,2114107.0,2252736.75
5_1610_99,2024-01-01,1116424.4287453804,2170076.7206034176,2170075.9642369025,1773290.25,1494719.6663878146,2242533.988047624,2738830.3262327006,2653410.021956283,1242533.8034471413,296910.4217419715,995221.0786251212,282064.90065487294,1561416.6105550325,2056695.2416473548,2169967.912121102,2138954.2,2063498.4,2266383.8,22046.693,2131764.0,2102255.5,1334256.8,1604075.2,2599138.0,2753122.0,2156772.0,2185295.5,450516.25,0.011006560176610947,2137211.75,2402919.25
5_1611_73,2023-10-01,0.0,0.0,6.849675960757143e-05,32783.03125,41051.01720138648,168046.98444602877,127302.09128356766,-35345.59824040165,25029.68513686781,438228.152035622,438228.79451607866,416316.74443384085,25029.68513686781,1633.1631195179675,6.209833197579721e-05,3284.6372,-601.78937,13024.24,26396.814,380.125,-2362.7192,-47139.27,-27539.69,20606.531,30771.79,-1468.3823,-0.0019570384,-0.002547192,0.003991284407675266,0.003991284407675266,0.003991284407675266
5_1611_73,2023-11-01,0.0,0.0,6.849675960757143e-05,-2587.453857421875,74855.09915527841,218592.68158697154,122792.5407303008,-67933.69803260732,25029.68513686781,438228.152035622,438228.79451607866,416316.74443384085,25029.68513686781,1633.1631195179675,6.209833197579721e-05,5573.276,-10099.965,12923.97,-102513.44,2023.4688,5666.646,-47041.492,-24869.748,27408.777,32145.766,-3229.0798,-0.00033126815,-0.014978557,0.003991284407675266,0.003991284407675266,0.003991284407675266
5_1611_73,2023-12-01,0.0,0.0,6.849675960757143e-05,20790.71484375,102691.58250329268,93395.19273664348,-24344.652407557107,-100521.797824813,25029.68513686781,438228.152035622,438228.79451607866,416316.74443384085,25029.68513686781,1633.1631195179675,6.209833197579721e-05,2477.753,725.433,13035.634,-50839.395,4652.625,7921.8037,-21359.83,-13494.456,28133.625,41218.18,-2716.457,-0.00044494183,-0.007359303,0.003991284407675266,0.003991284407675266,0.003991284407675266
5_1611_73,2024-01-01,0.0,0.0,6.849675960757143e-05,2476.35888671875,125613.9563823166,-69391.9138760728,-234539.47918529744,-133109.89761701867,25029.68513686781,438228.152035622,438228.79451607866,416316.74443384085,25029.68513686781,1633.1631195179675,6.209833197579721e-05,-1203.5774,-5655.0815,13056.868,-109546.75,8316.844,9048.771,-31640.379,-19791.396,38884.797,49098.65,-3367.5398,2.4047158e-05,-0.020448271,0.003991284407675266,0.003991284407675266,146623.953125
5_1611_99,2023-10-01,542333.9638652066,774164.513248112,774163.5242610287,727056.75,701445.5061735464,613477.2062439276,608682.5595223458,817463.2615224874,402281.9419047148,99742.98542532792,332442.40037573036,94755.83615406152,513512.80206036783,696463.9388205518,774028.5937923321,782908.56,756795.0,807698.6,598682.1,783911.0,802187.1,583421.6,631475.44,1056569.0,1115881.1,756761.6,734611.1,714591.6,0.0036349957808852196,761151.375,749705.5
5_1611_99,2023-11-01,911661.5312043657,774164.513248112,774163.5242610287,741197.1875,642354.9812548226,589349.4935802021,602813.7363468719,860463.4825342993,402281.9419047148,99742.98542532792,332442.40037573036,94755.83615406152,513512.80206036783,696463.9388205518,774028.5937923321,782245.5,741202.25,801352.4,501681.16,786454.0,798145.6,506788.12,589267.06,988274.6,1022632.8,760976.8,759459.2,617019.5,0.0036349957808852196,782135.5,785950.8125
5_1611_99,2023-12-01,763532.5589870139,774164.513248112,774163.5242610287,718014.625,594338.7847246644,550975.511884653,598548.4504551402,903463.7035461111,402281.9419047148,99742.98542532792,332442.40037573036,94755.83615406152,513512.80206036783,696463.9388205518,774028.5937923321,764137.3,728997.25,799044.94,170101.19,778365.8,769828.25,525091.9,572772.0,902515.8,977355.56,760111.75,771245.94,136974.06,0.0036349957808852196,770689.625,740167.25
5_1611_99,2024-01-01,360421.9007889539,774164.513248112,774163.5242610287,724459.5625,555321.4442560537,735970.1953177664,914861.4447366662,946463.924557923,402281.9419047148,99742.98542532792,332442.40037573036,94755.83615406152,513512.80206036783,696463.9388205518,774028.5937923321,760017.6,737595.8,798163.4,-82975.016,766625.5,765123.5,305891.53,493237.97,929331.1,1021627.6,761317.56,777984.5,-67384.5,0.0036349957808852196,776412.5625,742074.875
5_1701_2,2023-10-01,0.0,0.0011350519472709318,30.01796046070513,0.14530809223651886,19.369476509596588,-41.19923376731761,-80.78222026794396,-18.489180911211417,13.623761194530163,62.791771466036636,86.53026929088215,59.6521828927348,12.480446137432018,0.004023185342306627,9.98017475139848,-0.0024689105,0.002335506,0.09430316,0.0027159478,0.3377749,1.4804757,-8.91145,-6.817874,10.58581,14.943592,-0.00017725787,-0.0019570384,-0.002547192,4.210723147934914e-07,4.210723147934914e-07,4.210723147934914e-07
5_1701_2,2023-11-01,0.0,0.0,30.01796046070513,0.17599403858184814,25.713924170576043,-34.34092214305751,-79.22303803791306,-23.69582352181552,13.623761194530163,62.791771466036636,86.53026929088215,59.6521828927348,12.480446137432018,0.004023185342306627,9.98017475139848,0.00047200356,-0.010625879,0.09177589,0.0038856715,0.49584237,1.1237941,-17.094234,-8.291608,10.066282,19.247433,0.002405007,-0.00033126815,-0.014978557,4.210723147934914e-07,213.46568298339844,4.210723147934914e-07
5_1701_2,2023-12-01,0.0,0.0,30.01796046070513,0.1346573829650879,27.792040019652546,-5.623383245709512,-63.41490541413236,-28.90246613241962,13.623761194530163,62.791771466036636,86.53026929088215,59.6521828927348,12.480446137432018,0.004023185342306627,9.98017475139848,0.0026063903,-0.017958699,0.09161402,0.1326086,0.6304672,1.531534,-9.685559,-7.399182,12.448251,17.114456,0.000515223,-0.00044494183,-0.007359303,4.210723147934914e-07,452.1229553222656,4.210723147934914e-07
5_1701_2,2024-01-01,0.0,0.0,30.01796046070513,0.10593495517969131,28.47272425143266,-48.46894555019149,-103.31861927945263,-34.10910874302372,13.623761194530163,62.791771466036636,86.53026929088215,59.6521828927348,12.480446137432018,0.004023185342306627,9.98017475139848,0.00073333527,-0.029180804,0.09117099,-0.00056325237,0.73629624,1.2148323,-16.780659,-11.715274,8.847593,14.600229,0.002408248,2.4047158e-05,-0.020448271,4.210723147934914e-07,452.1229553222656,4.210723147934914e-07
5_1701_53,2023-10-01,0.0,0.0,51229.95302239608,11786.259765625,53993.90707254509,-903.6188117120801,-120030.57958312894,0.20267665703353696,42341.38655661904,359880.9373656619,359880.9373656619,341886.8904973788,26776.852293137617,2.0592552415790286,9014.073573079053,-0.0024689105,0.002335506,0.09430316,0.0027159478,0.0040304437,0.0028130272,-0.26264036,-0.18932231,0.14172025,0.22271904,-0.00017725787,-0.0019570384,-0.002547192,0.0007182111730799079,0.0007182111730799079,0.0007182111730799079
5_1701_53,2023-11-01,0.0,0.0,51229.95302239608,11485.0048828125,51281.854234872975,10583.50923492396,-162985.02461497954,0.202676657033537,42341.38655661904,359880.9373656619,359880.9373656619,341886.8904973788,26776.852293137617,2.0592552415790286,9014.073573079053,0.00047200356,-0.010625879,0.09177589,0.0038856715,0.0060206745,-0.006892045,-0.32476228,-0.17394428,0.1962326,0.26074252,0.002405007,-0.00033126815,-0.014978557,0.0007182111730799079,0.0007182111730799079,0.0007182111730799079
5_1701_53,2023-12-01,0.0,0.0,51229.95302239608,11790.642578125,51418.07757919297,-28135.54657500285,-164420.20335216972,0.20267665703353702,42341.38655661904,359880.9373656619,359880.9373656619,341886.8904973788,26776.852293137617,2.0592552415790286,9014.073573079053,0.0026063903,-0.017958699,0.09161402,0.1326086,0.007780593,0.0027177231,-0.18240231,-0.14596719,0.12567066,0.18343233,0.000515223,-0.00044494183,-0.007359303,0.0007182111730799079,0.0007182111730799079,0.0007182111730799079
5_1701_53,2024-01-01,0.0,0.0,51229.95302239608,12214.271484375,51411.23523479616,-68597.51823580172,-144093.0354405113,0.20267665703353702,42341.38655661904,359880.9373656619,359880.9373656619,341886.8904973788,26776.852293137617,2.0592552415790286,9014.073573079053,0.00073333527,-0.029180804,0.09117099,-0.00056325237,0.0092493715,0.018004667,-0.15071693,-0.11634191,0.13741861,0.2023617,0.002408248,2.4047158e-05,-0.020448271,0.0007182111730799079,0.0007182111730799079,0.0007182111730799079
5_1701_73,2023-10-01,0.0,4.383185043580613e-86,-320698.23372014647,21570.490234375,185946.36430328968,-132731.373343936,-431216.750561239,-54074.17281786734,38221.219135495594,968978.9095790207,662973.5851539101,920529.9641000696,38221.219135495594,2377.9654222828717,5043.517642041207,3768.8801,-444.34586,19244.26,4188.3765,492.625,-887.09296,-112190.11,-88895.45,60483.44,110552.62,-5610.0493,-0.0019570384,-0.002547192,0.007712678052484989,0.007712678052484989,0.007712678052484989
5_1701_73,2023-11-01,0.0,4.383185043580613e-86,-400119.2917909762,22883.068359375,297021.8593626906,-3317.584953894955,-134348.6509876723,-103122.29226682849,38221.219135495594,968978.9095790207,662973.5851539101,920529.9641000696,38221.219135495594,2377.9654222828717,5043.517642041207,6165.0586,-16556.275,19095.996,-134122.61,5134.625,8571.207,-76928.29,-67756.13,67723.45,73627.8,-7583.9863,-0.00033126815,-0.014978557,0.007712678052484989,0.007712678052484989,0.007712678052484989
5_1701_73,2023-12-01,0.0,4.383185043580613e-86,-479540.349861806,21370.337890625,363373.06579212827,-153043.7824931384,-339233.2664527576,-150439.5623913815,38221.219135495594,968978.9095790207,662973.5851539101,920529.9641000696,38221.219135495594,2377.9654222828717,5043.517642041207,-486.20605,-1567.5133,19260.932,-38002.637,13428.5625,3297.4575,-74324.51,-56460.105,78439.16,112662.23,-6537.1924,-0.00044494183,-0.007359303,0.007712678052484989,0.007712678052484989,0.007712678052484989
5_1701_73,2024-01-01,0.0,4.383185043580613e-86,-558961.4079326357,20759.0078125,403008.11393922404,-350400.87734936364,-381678.97416813043,-196255.09893197016,38221.219135495594,968978.9095790207,662973.5851539101,920529.9641000696,38221.219135495594,2377.9654222828717,5043.517642041207,-9018.76,-10220.659,19292.25,-150337.0,25585.906,24027.348,-63637.586,-31593.973,87812.766,108634.82,-8595.209,2.4047158e-05,-0.020448271,0.007712678052484989,0.007712678052484989,48571.4140625
5_1701_99,2023-10-01,836968.1189218515,1053982.264561109,994336.3783784851,962466.5625,911326.0911258768,822884.4025224254,793927.558491814,1034967.9435053275,533836.1822041279,137739.1738188217,436605.2787014224,130852.21512788061,680009.4399841717,918714.8592910252,995532.8174621608,1067740.5,1025925.25,1070339.2,677850.8,994616.56,1033096.6,692189.94,759012.2,1233949.0,1334744.2,1013495.94,1034518.4,760370.4,1027588.3125,1107986.5,1125573.5
5_1701_99,2023-11-01,807661.6877048963,1053982.264561109,994336.3783784851,778848.1875,797281.1974178858,858755.9105724622,802570.0736591073,1089611.0031190421,533836.1822041279,137739.1738188217,436605.2787014224,130852.21512788061,680009.4399841717,918714.8592910252,995532.8174621608,1068438.6,1009689.94,1054940.2,457414.34,994856.06,988539.1,689832.4,793159.8,1193567.0,1279961.5,1008771.7,1042321.94,745999.1,1032613.1875,1070299.875,1128086.0
5_1701_99,2023-12-01,797383.9820678043,1053982.264561109,994336.3783784851,785963.1875,706109.2735700059,859321.8442906912,795594.698096792,1144254.0627327568,533836.1822041279,137739.1738188217,436605.2787014224,130852.21512788061,680009.4399841717,918714.8592910252,995532.8174621608,1048592.2,987052.0,1049516.9,185876.55,979488.5,945653.5,673250.6,768992.2,1163682.8,1254916.8,1003061.56,1055253.1,709523.5,1050200.25,1113011.375,753732.3125
5_1701_99,2024-01-01,804357.4651332654,1053982.264561109,994336.3783784851,670451.875,633222.8914807991,1139721.681318868,1205183.305885393,1198897.1223464718,533836.1822041279,137739.1738188217,436605.2787014224,130852.21512788061,680009.4399841717,918714.8592910252,995532.8174621608,1043141.3,995085.5,1047514.06,-68373.914,962707.5,962868.25,691983.94,771939.4,1196557.0,1343380.4,1005434.56,1059116.1,646677.1,1042662.9375,1115523.75,0.004787420853972435
5_1702_73,2023-10-01,0.0,0.0,8.324219940797763e-12,-13924.349609375,1334.9263236598235,-379527.25987871666,-510033.1384166593,-57737.017225441494,17113.52381578702,513208.0509098849,296845.95351466484,487547.64836439065,17113.52381578702,858.3344443391048,1.994216428019707e-11,2677.8699,4899.9917,16929.295,-21999.836,-641.8281,1080.6146,-41938.164,-32663.348,25064.822,45589.09,4594.37,-0.0019570384,-0.002547192,0.004787679295986891,0.004787679295986891,0.004787679295986891
5_1702_73,2023-11-01,0.0,0.0,8.324219940797763e-12,801.1111450195312,2606.374210150192,-351622.88410558086,-475305.6968971377,-104259.98668278716,17113.52381578702,513208.0509098849,296845.95351466484,487547.64836439065,17113.52381578702,858.3344443391048,1.994216428019707e-11,6055.181,-5908.14,16717.21,23883.39,-1293.7344,414.09875,-48484.715,-31927.404,28374.564,40540.348,5054.1235,-0.00033126815,-0.014978557,0.004787679295986891,0.004787679295986891,0.004787679295986891
5_1702_73,2023-12-01,0.0,0.0,8.324219940797763e-12,-9681.017578125,3817.3621870962306,-334109.6788746825,-512535.15994555113,-150782.95614013282,17113.52381578702,513208.0509098849,296845.95351466484,487547.64836439065,17113.52381578702,858.3344443391048,1.994216428019707e-11,628.4629,2816.5793,16815.426,-190745.81,-1253.7656,240.4455,-37528.086,-28989.98,34458.574,41440.695,7237.269,-0.00044494183,-0.007359303,0.004787679295986891,0.004787679295986891,0.004787679295986891
5_1702_73,2024-01-01,0.0,0.0,8.324219940797763e-12,-1370.0057373046875,4970.765245050796,-472010.1271618367,-606827.057784313,-197305.9255974785,17113.52381578702,513208.0509098849,296845.95351466484,487547.64836439065,17113.52381578702,858.3344443391048,1.994216428019707e-11,-3374.7188,-5588.2954,16812.555,-269795.62,28.953125,41.997776,-40315.293,-35084.13,34723.242,38449.914,5278.277,2.4047158e-05,-0.020448271,0.004787679295986891,0.004787679295986891,0.004787679295986891
5_1702_99,2023-10-01,317257.51515116944,304480.28876601375,304494.8942065526,313305.09375,285266.4809149247,352386.49864130095,375684.8528834835,323132.42317831214,254920.5069547731,53946.40341419416,188045.98457655846,51249.08324348445,323212.5366169309,399424.7536664249,305962.3200016814,311315.9,304654.53,356059.88,431585.6,321303.78,326662.34,244200.31,282488.94,382869.16,407033.2,305143.03,421517.03,266164.88,337899.03125,312953.4375,232447.3125
5_1702_99,2023-11-01,376512.3408275681,304480.28876601375,304494.8942065526,322806.09375,268748.9527533779,318681.9864901191,383809.1694835164,340131.38647499797,254920.5069547731,53946.40341419416,188045.98457655846,51249.08324348445,323212.5366169309,399424.7536664249,305962.3200016814,313523.94,302159.97,360836.94,157618.69,321703.06,319201.0,254396.86,269809.84,378214.94,397565.5,305362.22,334977.75,259682.84,333363.46875,298212.90625,0.0021606101654469967
5_1702_99,2023-12-01,299731.19934469275,304480.28876601375,304494.8942065526,292208.8125,254549.33450581494,278870.02416515467,381295.8776701355,357130.34977168386,254920.5069547731,53946.40341419416,188045.98457655846,51249.08324348445,323212.5366169309,399424.7536664249,305962.3200016814,308768.16,288032.3,363663.47,125953.734,325768.8,324629.84,209460.72,261352.34,376797.34,402476.28,300598.22,326577.88,246034.33,336765.125,306150.125,0.0021606101654469967
5_1702_99,2024-01-01,299771.65921291686,304480.28876601375,304494.8942065526,291652.65625,242342.35314610275,387678.60795878596,545681.1970229531,374129.31306836975,254920.5069547731,53946.40341419416,188045.98457655846,51249.08324348445,323212.5366169309,399424.7536664249,305962.3200016814,305106.62,290057.4,365149.5,127031.2,331604.53,334272.6,262480.28,279147.53,408096.4,429146.03,303876.75,380901.56,207491.62,351505.6875,302748.4375,0.0021606101654469967
5_1703_73,2023-10-01,0.0,0.0,-128323.9633876903,2777.9658203125,51411.1135203265,-100826.76436841529,-292145.6192094394,-54246.90346336327,18689.274147980177,386223.4940498232,324178.43716303125,366912.319347332,18689.274147980177,1297.714469337807,8.166379596909382,1524.2162,1952.3138,9541.142,-66840.78,194.07031,2138.702,-19580.229,-16639.008,21901.186,31359.354,-8295.447,-0.0019570384,-0.002547192,0.0033415760844945908,0.0033415760844945908,0.0033415760844945908
5_1703_73,2023-11-01,0.0,0.0,-161737.47049161507,1590.364501953125,88667.10639552191,119479.98900675648,-23801.28142582986,-76324.02187575452,18689.274147980177,386223.4940498232,324178.43716303125,366912.319347332,18689.274147980177,1297.714469337807,8.166379596909382,1786.21,-2760.3606,9453.517,-16781.916,-39.289062,189.08951,-27313.314,-21143.896,18277.852,25234.805,-15032.25,-0.00033126815,-0.014978557,0.0033415760844945908,0.0033415760844945908,0.0033415760844945908
5_1703_73,2023-12-01,0.0,0.0,-195150.97759553982,1837.1434326171875,115665.33518447494,332316.0624371654,116448.85853920324,-98401.14028814579,18689.274147980177,386223.4940498232,324178.43716303125,366912.319347332,18689.274147980177,1297.714469337807,8.166379596909382,-2768.831,739.22876,9527.2,19742.967,-308.96094,727.2179,-20808.479,-16613.834,13773.0625,18464.03,-10217.744,-0.00044494183,-0.007359303,0.0033415760844945908,0.0033415760844945908,0.0033415760844945908
5_1703_73,2024-01-01,0.0,0.0,-228564.48469946458,1509.3720703125,135230.08977798215,49157.65984222571,-192855.7669535382,-120478.25870053704,18689.274147980177,386223.4940498232,324178.43716303125,366912.319347332,18689.274147980177,1297.714469337807,8.166379596909382,-7565.2007,-3186.4045,9537.644,-166217.31,-295.14844,-1688.6417,-24327.14,-17618.004,11162.959,21125.26,-11891.334,2.4047158e-05,-0.020448271,0.0033415760844945908,0.0033415760844945908,0.0033415760844945908
5_1703_99,2023-10-01,342731.9472932155,265982.27459673665,265759.5376113627,265436.59375,222741.92789296497,268676.2786174229,258314.79529578923,313115.2693820961,170556.63999885396,49355.73981348842,135701.3658376006,46887.952822814,212179.98165264245,265335.3100649818,265753.594033269,270787.9,259694.83,292542.97,180661.42,268306.47,269405.2,207302.64,224866.14,313384.88,347357.0,265784.78,265599.62,265782.6,266266.5625,266266.5625,266266.5625
5_1703_99,2023-11-01,332513.5827961854,265982.27459673665,265759.5376113627,265285.46875,192012.06668858038,282521.4201872862,261260.17023963958,331760.31830989075,170556.63999885396,49355.73981348842,135701.3658376006,46887.952822814,212179.98165264245,265335.3100649818,265753.594033269,270760.44,256061.69,293804.66,126193.23,269522.6,276892.44,189942.44,214628.92,321729.34,351701.56,265443.34,265802.16,264810.88,266266.5625,266266.5625,266266.5625
5_1703_99,2023-12-01,276402.0393267043,265982.27459673665,265759.5376113627,265100.75,170173.1028127803,278166.084734941,259624.93648315335,350405.36723768536,170556.63999885396,49355.73981348842,135701.3658376006,46887.952822814,212179.98165264245,265335.3100649818,265753.594033269,266305.56,247126.8,294429.38,71115.45,270472.47,269361.62,200833.61,219050.23,325938.84,345365.75,264493.47,265969.78,264903.1,266266.5625,266266.5625,133133.28125
5_1703_99,2024-01-01,275299.73269464454,265982.27459673665,265759.5376113627,264935.8125,154652.68311428686,389642.8727421395,391456.02842765924,369050.4161654799,170556.63999885396,49355.73981348842,135701.3658376006,46887.952822814,212179.98165264245,265335.3100649818,265753.594033269,266141.28,251394.98,294702.06,-20928.943,271141.75,268330.62,206787.83,214243.78,311439.16,369986.0,265676.53,266048.8,266400.8,266266.5625,266266.5625,0.0015374762006103992
5_1704_73,2023-10-01,0.0,0.0,9.357858189930384e-27,44304.8671875,107389.72204502206,-113187.60049499641,-143025.75175190548,-98180.52592660913,77416.67611236293,1661021.6003341598,1342846.0021372577,1577970.5203174518,77416.67611236293,4389.103961385185,9.38458836949658e-11,15780.066,-4774.9336,55449.227,-2829.154,-1930.25,-28470.236,-270130.4,-164662.03,177029.05,258459.2,-33449.562,-0.0019570384,-0.002547192,0.015049722976982594,0.015049722976982594,0.015049722976982594
5_1704_73,2023-11-01,0.0,0.0,9.357858189930384e-27,-1351.72900390625,204074.40276740957,-66753.98794807924,-176759.0149642647,-195379.24651917658,77416.67611236293,1661021.6003341598,1342846.0021372577,1577970.5203174518,77416.67611236293,4389.103961385185,9.38458836949658e-11,35912.656,-42867.27,54945.484,-240206.66,-5522.0625,-16114.5625,-214918.39,-154487.73,191963.11,254072.3,-36373.6,-0.00033126815,-0.014978557,0.015049722976982594,0.015049722976982594,0.015049722976982594
5_1704_73,2023-12-01,0.0,0.0,9.357858189930384e-27,33243.0546875,291121.1639320486,-789596.5129270016,-819686.8720114,-292577.96711174404,77416.67611236293,1661021.6003341598,1342846.0021372577,1577970.5203174518,77416.67611236293,4389.103961385185,9.38458836949658e-11,22637.44,-8573.033,55376.438,-410417.22,-6725.5,9432.88,-212026.08,-149767.81,167209.27,189382.88,-38196.57,-0.00044494183,-0.007359303,0.015049722976982594,0.015049722976982594,0.015049722976982594
5_1704_73,2024-01-01,0.0,0.0,9.357858189930384e-27,5626.12890625,369490.7522953808,-1114570.9993518814,-1412122.8360681625,-389776.6877043115,77416.67611236293,1661021.6003341598,1342846.0021372577,1577970.5203174518,77416.67611236293,4389.103961385185,9.38458836949658e-11,7017.1997,-50660.234,55437.035,-426744.97,-2642.8125,1282.4232,-176217.33,-127628.02,124652.04,154743.1,-37744.418,2.4047158e-05,-0.020448271,0.015049722976982594,0.015049722976982594,78981.03125
5_1704_99,2023-10-01,1359531.5929564205,894405.8469608988,894410.8792693386,798917.0625,791043.2113179163,868605.7566231262,941605.4179354806,952818.3540755537,609144.8364249578,163812.68400445415,472188.05154857645,155622.04980423144,752392.0152777848,917234.9061493597,895107.9149779407,909659.56,881808.56,1001685.1,753885.6,913979.56,919747.0,596317.44,682742.75,1098920.1,1153825.0,892133.6,913620.7,917884.9,901776.625,0.005560914985835552,0.005560914985835552
5_1704_99,2023-11-01,914244.6690134257,894405.8469608988,894410.8792693386,802997.375,709205.8074593713,896308.7687794826,932517.3337745201,1002746.5291256801,609144.8364249578,163812.68400445415,472188.05154857645,155622.04980423144,752392.0152777848,917234.9061493597,895107.9149779407,910795.56,879186.94,1009531.56,488731.12,920460.7,910355.5,635480.0,692396.2,1084153.8,1148218.6,891424.56,899597.75,917112.2,925123.625,0.005560914985835552,0.005560914985835552
5_1704_99,2023-12-01,918973.9780547261,894405.8469608988,894410.8792693386,733082.5,644411.0135897619,875487.4052212739,942354.4577880078,1052674.7041758064,609144.8364249578,163812.68400445415,472188.05154857645,155622.04980423144,752392.0152777848,917234.9061493597,895107.9149779407,893551.6,839117.75,1013529.8,161610.03,928356.56,929214.4,740126.25,779208.56,1138480.4,1247603.4,888693.1,897984.7,911520.25,925123.625,0.005560914985835552,0.005560914985835552
5_1704_99,2024-01-01,914806.6116276487,894405.8469608988,894410.8792693386,717059.875,593109.7122940611,1251163.0664595591,1410583.5326068448,1102602.8792259325,609144.8364249578,163812.68400445415,472188.05154857645,155622.04980423144,752392.0152777848,917234.9061493597,895107.9149779407,891088.3,842079.3,1015352.5,-70175.61,935771.1,937662.75,685094.6,750134.75,1161523.8,1178417.1,892632.06,906551.7,911021.06,910531.75,0.005560914985835552,0.005560914985835552
5_1705_73,2023-10-01,0.0,0.0,0.0004901954035630395,2828.155029296875,81628.62524800346,-189819.847491293,-426074.0940094193,-64804.09359281228,26820.574725364284,644081.8430597448,465221.49171976023,611877.7509067575,26820.574725364284,1611.0239198644515,0.00021143164055481548,-2139.2966,-2239.198,13982.309,-65030.527,-2392.625,-451.5376,-88739.29,-58643.105,48511.438,80325.85,-9548.793,-0.0019570384,-0.002547192,0.005933588370680809,0.005933588370680809,96532.4609375
5_1705_73,2023-11-01,0.0,0.0,0.0004901954035630395,2186.5810546875,147569.5632346259,-85610.5211092888,-417929.69862891897,-127315.65273636676,26820.574725364284,644081.8430597448,465221.49171976023,611877.7509067575,26820.574725364284,1611.0239198644515,0.00021143164055481548,-667.39417,-14119.692,13865.089,-54320.887,-3602.2812,-1375.8391,-74756.53,-40211.477,62925.98,88523.89,-15720.9795,-0.00033126815,-0.014978557,0.005933588370680809,0.005933588370680809,482662.28125
5_1705_73,2023-12-01,0.0,0.0,0.0004901954035630395,2213.25048828125,200837.73098025305,110494.77432173194,-223442.44919829373,-189827.2118799212,26820.574725364284,644081.8430597448,465221.49171976023,611877.7509067575,26820.574725364284,1611.0239198644515,0.00021143164055481548,-9223.752,-6098.514,13979.554,-9818.292,-3159.3438,-1390.5356,-88577.16,-74654.58,47251.293,60057.918,-5464.0254,-0.00044494183,-0.007359303,0.005933588370680809,3113.9560546875,685069.0625
5_1705_73,2024-01-01,0.0,0.0,0.0004901954035630395,1971.98193359375,243868.62774353416,-296291.8582764055,-591498.1421779777,-252338.77102347565,26820.574725364284,644081.8430597448,465221.49171976023,611877.7509067575,26820.574725364284,1611.0239198644515,0.00021143164055481548,-19126.064,-13877.737,13998.878,-89949.23,-260.8125,-1462.1157,-66127.43,-47315.96,49469.414,57483.383,-9326.77,2.4047158e-05,-0.020448271,0.005933588370680809,37367.41015625,903045.625
5_1705_99,2023-10-01,897409.767399489,806826.4162031154,748314.9737541887,706900.0625,717689.7358859293,571382.0536972522,508429.38166582363,639162.5407729784,344749.4992416152,90435.22938991066,295280.11307555257,85913.46792041512,448818.262672792,655211.510245541,747970.3265181538,815328.8,776704.6,769031.75,483553.34,731856.75,719150.0,506764.5,531607.1,917654.5,963199.56,766830.25,782643.3,521287.1,604738.0,0.0030244612134993076,814253.5
5_1705_99,2023-11-01,804874.4523383505,806826.4162031154,748314.9737541887,580669.5,645227.7482004117,584178.4529316508,501795.67251537833,677536.0213260008,344749.4992416152,90435.22938991066,295280.11307555257,85913.46792041512,448818.262672792,655211.510245541,747970.3265181538,810423.75,750878.8,745935.4,332089.62,722588.56,706566.0,505299.0,568093.5,871108.3,984764.5,764907.9,791148.5,436000.53,603150.75,0.0030244612134993076,806317.3125
5_1705_99,2023-12-01,795679.2729532976,806826.4162031154,748314.9737541887,578587.1875,586321.1382542957,590652.9109495659,504564.3781585537,715909.5018790234,344749.4992416152,90435.22938991066,295280.11307555257,85913.46792041512,448818.262672792,655211.510245541,747970.3265181538,795099.94,753940.8,738674.5,132899.38,699005.44,703198.5,514474.44,551297.0,852319.1,900548.8,760827.8,808405.56,362284.06,406333.125,0.0030244612134993076,806317.3125
5_1705_99,2024-01-01,803755.9617590011,806826.4162031154,748314.9737541887,495590.84375,538434.1176773353,766746.3525178699,768427.3998472514,754282.9824320457,344749.4992416152,90435.22938991066,295280.11307555257,85913.46792041512,448818.262672792,655211.510245541,747970.3265181538,790469.0,759094.6,736138.2,-112222.26,676585.1,670619.75,487317.22,524928.94,791501.06,834521.06,761339.7,813140.1,70927.34,401571.4375,0.0030244612134993076,809491.8125
5_1706_27,2023-10-01,0.0,0.0,12.093866625777915,16.69021987915039,13.054686766511622,0.009226074951079966,-0.009268329161912447,11.175511047410689,23.622024074244642,23.622024074244642,23.622024074244642,22.440922870532408,11.353203945232366,0.12687610586752493,2.3512008925843415,0.14084508,1.1312417,3.951956,15.755608,0.3004831,-0.7745501,-10.681812,-8.59858,6.2745333,9.854713,0.007675755,-0.0019570384,-0.002547192,1.728549676727198e-07,1.728549676727198e-07,185.6016082763672
5_1706_27,2023-11-01,0.0,0.0,12.093866625777915,16.078100204467773,12.39867803110519,259.81052440467477,259.8408626645242,11.175511047410689,23.622024074244642,23.622024074244642,23.622024074244642,22.440922870532408,11.353203945232366,0.12687610586752493,2.3512008925843415,0.14069048,-1.4346029,3.8615198,-57.302395,0.45805612,1.2019074,-6.765442,-5.223776,10.507288,12.08375,-0.19904462,-0.00033126815,-0.014978557,1.728549676727198e-07,1.728549676727198e-07,185.6016082763672
5_1706_27,2023-12-01,0.0,0.0,12.093866625777915,16.66779899597168,12.431643009018984,0.022484262325001225,-0.02379089231487086,11.17551104741069,23.622024074244642,23.622024074244642,23.622024074244642,22.440922870532408,11.353203945232366,0.12687610586752493,2.3512008925843415,0.2964176,1.3880872,3.862328,54.42233,0.5975298,0.49672732,-11.547983,-7.2788086,8.550525,11.818769,-0.1305324,-0.00044494183,-0.007359303,1.728549676727198e-07,1.728549676727198e-07,1.728549676727198e-07
5_1706_27,2024-01-01,0.0,0.0,12.093866625777915,17.270750045776367,12.429986491795653,-0.008678093457998415,0.04733692651412724,11.175511047410689,23.622024074244642,23.622024074244642,23.622024074244642,22.440922870532408,11.353203945232366,0.12687610586752493,2.3512008925843415,0.4231651,5.1220264,3.8482387,-5.8847823,0.7114616,1.493832,-8.300186,-6.6552005,7.3142853,9.6774435,-0.28134626,2.4047158e-05,-0.020448271,1.728549676727198e-07,1.728549676727198e-07,1.728549676727198e-07
5_1706_73,2023-10-01,0.0,0.0,-1462787.4660473787,20021.205078125,251187.79270925,-835522.0749344177,-2152850.839606717,-755140.8939604885,146814.89564724657,3872888.511746749,2546606.307250386,3679244.0861594114,146814.89564724657,8450.173700493979,13.731666838756121,22014.875,11027.064,97994.48,-86142.52,-11165.125,-39848.73,-470718.22,-290842.75,242741.42,443138.84,11022.352,-0.0019570384,-0.002547192,0.03424416482448578,0.03424416482448578,0.03424416482448578
5_1706_73,2023-11-01,0.0,0.0,-1818702.43278272,234.6892547607422,476635.97955318843,-1117828.1469948671,-2770150.0953953797,-1111280.886197878,146814.89564724657,3872888.511746749,2546606.307250386,3679244.0861594114,146814.89564724657,8450.173700493979,13.731666838756121,51406.484,-52508.637,97112.52,-87256.24,-17653.25,-9092.4375,-465923.5,-291979.3,287315.66,472858.88,9956.913,-0.00033126815,-0.014978557,0.03424416482448578,35942.7421875,0.03424416482448578
5_1706_73,2023-12-01,0.0,0.0,-2174617.3995180614,11261.5712890625,678982.1381901708,-805657.3905739179,-2451272.332999763,-1467420.8784352676,146814.89564724657,3872888.511746749,2546606.307250386,3679244.0861594114,146814.89564724657,8450.173700493979,13.731666838756121,14052.382,8954.291,97879.2,-1061056.1,-15228.625,10702.803,-523330.28,-399865.72,308246.66,491662.6,11772.04,-0.00044494183,-0.007359303,0.03424416482448578,161742.21875,880596.375
5_1706_73,2024-01-01,0.0,0.0,-2530532.366253403,4082.56982421875,860593.5695718983,-1767485.313364876,-3187756.5967349964,-1823560.8706726572,146814.89564724657,3872888.511746749,2546606.307250386,3679244.0861594114,146814.89564724657,8450.173700493979,13.731666838756121,-21089.018,-66140.46,97989.72,-1364602.2,928.125,17696.697,-527009.0,-341690.5,362673.94,505535.28,6437.307,2.4047158e-05,-0.020448271,0.03424416482448578,341455.78125,1042338.5625
5_1706_99,2023-10-01,3749460.943732059,2129944.1277578888,2129946.123847541,1749059.625,1853186.94703978,1821031.4303545346,2182282.0827504136,2249657.0900105005,1404051.6982699626,384503.71764596587,1085971.8297346109,365278.53176366753,1729565.805427772,2112767.0627982933,2130124.9593661153,2165767.5,2096280.6,2388603.2,1730106.2,2176401.2,2183263.0,1606378.5,1784539.5,2687165.5,2833370.8,2125161.2,2111052.0,2026242.0,1946862.375,2239572.5,2069392.25
5_1706_99,2023-11-01,2553692.016074764,2129944.1277578888,2129946.123847541,1684733.375,1640182.0201173075,1750079.415988988,2168955.715369734,2367993.984595492,1404051.6982699626,384503.71764596587,1085971.8297346109,365278.53176366753,1729565.805427772,2112767.0627982933,2130124.9593661153,2168629.0,2095641.5,2407822.0,1148315.0,2206737.8,2251677.8,1550164.0,1708304.2,2596883.0,2831582.8,2126311.0,2122465.5,2022972.4,2035356.25,2144271.5,2014934.625
5_1706_99,2023-12-01,2555649.374588625,2129944.1277578888,2129946.123847541,1488599.375,1476243.7303301287,1571904.8470193073,2159679.257158702,2486330.879180483,1404051.6982699626,384503.71764596587,1085971.8297346109,365278.53176366753,1729565.805427772,2112767.0627982933,2130124.9593661153,2128531.5,2000812.5,2417692.0,243990.8,2232748.5,2213232.5,1390087.8,1604360.0,2598984.5,2779129.5,2119691.2,2128926.5,1987963.5,2042163.5,2198729.5,2014934.625
5_1706_99,2024-01-01,2582985.8597771605,2129944.1277578888,2129946.123847541,1394166.0,1350069.358466294,2295627.538064992,3261186.60722322,2604667.773765474,1404051.6982699626,384503.71764596587,1085971.8297346109,365278.53176366753,1729565.805427772,2112767.0627982933,2130124.9593661153,2123859.0,2004991.0,2422206.5,-336374.06,2254084.0,2255227.5,1661576.5,1803296.4,2775287.5,3018421.8,2128501.0,2132343.8,1983090.1,2055777.875,2185114.75,2144271.5
5_1708_73,2023-10-01,0.0,0.0,8440.631135226162,237.5659637451172,8550.133243809076,38582.675354183855,2253.812579538182,-18647.287676480715,3199.32915917376,111645.64198755658,55494.58574896839,106063.35988817875,3199.32915917376,172.82075385820937,0.0008638584778773714,454.90198,-331.9275,2034.7039,6990.8965,-149.94336,-83.45584,-5701.6465,-4486.7427,6161.6133,11759.636,-245.42928,-0.0019570384,-0.002547192,0.0007258671103045344,0.0007258671103045344,0.0007258671103045344
5_1708_73,2023-11-01,0.0,0.0,7935.689709337605,61.582000732421875,16183.687013403913,52270.81109286853,10083.23335347385,-24213.255077366674,3199.32915917376,111645.64198755658,55494.58574896839,106063.35988817875,3199.32915917376,172.82075385820937,0.0008638584778773714,880.7602,-1208.7179,2014.283,-25619.652,-273.3457,-640.00195,-13872.184,-7592.867,4242.1675,7248.799,-474.37738,-0.00033126815,-0.014978557,0.0007258671103045344,0.0007258671103045344,0.0007258671103045344
5_1708_73,2023-12-01,0.0,0.0,7528.877101508394,150.15914916992188,22998.919184842656,-18473.27454034656,-59968.22648976013,-29779.22247825264,3199.32915917376,111645.64198755658,55494.58574896839,106063.35988817875,3199.32915917376,172.82075385820937,0.0008638584778773714,660.33203,425.95755,2029.002,-9661.457,-279.23828,-695.6387,-5677.061,-4476.905,4435.6694,6339.0425,-406.41928,-0.00044494183,-0.007359303,0.0007258671103045344,0.0007258671103045344,15237.4169921875
5_1708_73,2024-01-01,0.0,0.0,7201.123248479647,96.08624267578125,29083.55433022121,11395.683785274632,-2006.0665943470667,-35345.1898791386,3199.32915917376,111645.64198755658,55494.58574896839,106063.35988817875,3199.32915917376,172.82075385820937,0.0008638584778773714,797.29767,-418.45984,2030.5542,-14295.106,-75.75,-470.2743,-7314.8877,-5138.4165,4789.472,6164.0586,-530.62506,2.4047158e-05,-0.020448271,0.0007258671103045344,0.0007258671103045344,38474.4765625
5_1708_99,2023-10-01,106891.37541521499,111779.01745875776,106457.8738277954,126714.7265625,103314.69419724878,102706.45864906491,70186.80297837622,112602.13934559292,53634.24981172951,8672.254945307985,46171.99814512104,8238.642198042586,72517.48556139033,106131.88889924464,106619.47218236355,107041.32,104645.93,107806.04,77651.96,105967.15,104860.51,73238.945,78377.27,130040.69,146866.11,104531.97,97448.08,93822.75,102917.234375,105179.15625,97262.4453125
5_1708_99,2023-11-01,107326.54377566924,117101.82786275478,106457.8738277954,121951.3359375,100339.61711570996,107632.28889206494,76392.3645504877,118525.046808086,53634.24981172951,8672.254945307985,46171.99814512104,8238.642198042586,72517.48556139033,106131.88889924464,106619.47218236355,107256.79,102879.29,106187.42,54401.01,102910.3,101282.125,73036.74,77412.266,127848.72,138861.17,104640.695,105218.82,93000.414,102464.8515625,100429.1328125,60845.578125
5_1708_99,2023-12-01,87351.95638754603,122424.6382667518,106457.8738277954,138856.0,97522.15812618745,101484.38617592613,73706.8427171681,124447.95427057908,53634.24981172951,8672.254945307985,46171.99814512104,8238.642198042586,72517.48556139033,106131.88889924464,106619.47218236355,104450.8,103336.55,105616.82,66314.2,100184.0,100056.52,78525.21,82642.47,118000.72,127141.625,103608.48,104294.28,82007.34,102464.8515625,93869.5703125,28726.3515625
5_1708_99,2024-01-01,110277.41683147679,127747.44867074882,106457.8738277954,137934.0,94853.96670119913,119896.49422337711,111021.92911352021,130370.86173307216,53634.24981172951,8672.254945307985,46171.99814512104,8238.642198042586,72517.48556139033,106131.88889924464,106619.47218236355,103799.72,104953.88,105406.97,55333.137,97638.56,99771.6,74040.02,79954.43,119925.23,137517.6,104511.836,106534.914,53385.367,102464.8515625,86179.046875,0.0004310051735956222
6_1102_2,2023-10-01,0.0,0.0,6.326848146760719e-13,42.61912155151367,1560.0380925953887,-1812.9795107175403,-1367.3998186307406,-1151.3402099815853,2807.8165037340864,14533.595487985624,11694.039789219598,13806.915713586342,2807.8165037340864,622.1006889927767,6.415414014021564e-05,58.61328,-176.75,-299.583,1667.2568,41.45703,242.42401,-1192.5376,-800.6241,1319.9714,1652.4359,269.292,-0.0019570384,270.9048,0.0001908151461975649,0.0001908151461975649,0.0001908151461975649
6_1102_2,2023-11-01,0.0,0.0,6.326848146760719e-13,14.052559852600098,2898.1926588587576,-8.184925254889322,800.8197646300331,-2291.167081207641,2807.8165037340864,14533.595487985624,11694.039789219598,13806.915713586342,2807.8165037340864,622.1006889927767,6.415414014021564e-05,66.350586,-217.12305,-225.52734,8685.924,70.12793,92.91781,-1082.4814,-722.90375,1051.9307,1380.3456,298.36914,-0.00033126815,323.6709,0.0001908151461975649,0.0001908151461975649,0.0001908151461975649
6_1102_2,2023-12-01,0.0,0.0,6.326848146760719e-13,36.51066207885742,4046.022094377503,1026.738788401578,892.5134501494049,-3430.993952433697,2807.8165037340864,14533.595487985624,11694.039789219598,13806.915713586342,2807.8165037340864,622.1006889927767,6.415414014021564e-05,74.359375,-302.76074,-207.86035,3917.0908,106.80469,167.58807,-1358.8928,-874.18225,962.2044,1087.8756,210.6543,-0.00044494183,259.06885,0.0001908151461975649,0.0001908151461975649,0.0001908151461975649
6_1102_2,2024-01-01,0.0,0.0,6.326848146760719e-13,18.413890838623047,5030.596258124725,-2627.9748218941977,-7471.347247816348,-4570.820823659753,2807.8165037340864,14533.595487985624,11694.039789219598,13806.915713586342,2807.8165037340864,622.1006889927767,6.415414014021564e-05,75.70117,-168.37988,-199.46094,3476.917,168.4873,248.93604,-1303.7867,-841.3108,1202.2769,1576.8206,273.6963,2.4047158e-05,194.26562,0.0001908151461975649,0.0001908151461975649,0.0001908151461975649
6_1104_2,2023-10-01,0.0,0.0,6.52698517472749,10.732606887817383,6.866156443124065,-9.265153216859343,14.980592062157823,7.797029656401913,10.512649521463146,10.512649521463144,10.512649521463146,9.987017045389987,6.06434570692341,0.2669227417559002,1.2617410104288522,-1.5346555,-0.45551127,2.078568,15.746099,0.12292272,-0.015563086,-4.8758745,-3.3581285,3.318543,4.052019,0.48282123,-0.0019570384,-0.002547192,9.091334618460678e-08,9.091334618460678e-08,9.091334618460678e-08
6_1104_2,2023-11-01,0.0,0.0,6.52698517472749,10.221896171569824,6.521126404088141,-14.242297655313127,14.18778460218687,7.9256324179027855,10.512649521463146,10.512649521463144,10.512649521463146,9.987017045389987,6.06434570692341,0.2669227417559002,1.2617410104288522,-2.185945,-0.33858314,2.0308735,-5.448026,0.18711922,0.13917303,-5.0619535,-4.497869,2.7456381,4.4366074,-2.4170926,-0.00033126815,-0.014978557,9.091334618460678e-08,9.091334618460678e-08,9.091334618460678e-08
6_1104_2,2023-12-01,0.0,0.0,6.52698517472749,10.708317756652832,6.538464448862281,-12.989069959329584,13.463322066218167,8.054235179403658,10.512649521463146,10.512649521463144,10.512649521463146,9.987017045389987,6.06434570692341,0.2669227417559002,1.2617410104288522,-2.539183,-0.2877073,2.0312603,-12.965637,0.24756216,-0.31748465,-5.446104,-3.4174843,4.08441,5.2585764,-2.787596,-0.00044494183,-0.007359303,9.091334618460678e-08,9.091334618460678e-08,9.091334618460678e-08
6_1104_2,2024-01-01,157.34393198242537,0.0,6.52698517472749,11.212722778320312,6.537593197775187,74.95013321438074,91.3142561098957,8.18283794090453,10.512649521463146,10.512649521463144,10.512649521463146,9.987017045389987,6.06434570692341,0.2669227417559002,1.2617410104288522,-3.1299632,-0.9440641,2.023885,-14.410324,0.29949737,0.063258305,-7.4097967,-4.616918,3.408677,3.9760203,-2.471329,2.4047158e-05,-0.020448271,9.091334618460678e-08,9.091334618460678e-08,9.091334618460678e-08
6_1108_14,2023-10-01,0.0,0.0,6.991465229117003e-29,49.10285568237305,799.8056931104693,93.0466893568697,-1162.7369660524648,-669.0938850305295,418.33303346794804,7807.06588901443,7256.276938821929,7416.712594563708,418.33303346794804,27.403757182758042,7.013897119820115e-13,56.797234,6.1441264,207.81024,-42.41552,0.58203125,-230.07855,-1632.6963,-1516.3436,947.75275,1262.4978,-24.796148,-0.0019570384,-0.002547192,7.441498019034043e-05,7.441498019034043e-05,6990.490234375
6_1108_14,2023-11-01,0.0,0.0,6.991465229117003e-29,11.503318786621094,1464.709956119667,692.9303501438623,-1237.853829743232,-1331.4968312107544,418.33303346794804,7807.06588901443,7256.276938821929,7416.712594563708,418.33303346794804,27.403757182758042,7.013897119820115e-13,89.65845,-157.10995,206.28517,-1054.013,78.447754,95.69801,-1840.5875,-1202.0901,1362.4249,1880.8422,-64.10384,-0.00033126815,-0.014978557,7.441498019034043e-05,7.441498019034043e-05,6990.490234375
6_1108_14,2023-12-01,0.0,0.0,6.991465229117003e-29,29.537456512451172,2017.466310289231,1576.1914382594555,-1589.2505259196669,-1993.8997773909791,418.33303346794804,7807.06588901443,7256.276938821929,7416.712594563708,418.33303346794804,27.403757182758042,7.013897119820115e-13,16.765251,-2.3502228,208.10944,-1124.7847,222.08984,334.64667,-1312.0625,-498.1551,1501.4192,1791.1313,-27.700577,-0.00044494183,-0.007359303,7.441498019034043e-05,27961.9609375,6990.490234375
6_1108_14,2024-01-01,0.0,0.0,6.991465229117003e-29,18.46773338317871,2476.9904915480925,-1746.3491854198246,-5862.186195722332,-2656.3027235712043,418.33303346794804,7807.06588901443,7256.276938821929,7416.712594563708,418.33303346794804,27.403757182758042,7.013897119820115e-13,-72.27988,-116.62676,208.47488,-2344.835,437.96436,407.07394,-1095.5911,-684.924,1829.6974,2562.663,-50.11283,2.4047158e-05,-0.020448271,7.441498019034043e-05,27961.9609375,6990.490234375
6_1110_14,2023-10-01,0.0,0.0,4.065364875035015e-08,-10355.4970703125,6465.523953281383,5669.427318327518,16595.07595851469,-3940.9661743952256,3456.396268933314,48856.29308740038,81488.99137506464,46413.47843303036,3456.396268933314,174.52982219864418,2.1751539190252832e-08,258.92957,76.6605,2586.1729,-11780.817,674.4017,1059.7987,-7436.2812,-5202.1484,5913.442,9940.587,-703.6509,-0.0019570384,-0.002547192,0.0005768355913460255,0.0005768355913460255,0.0005768355913460255
6_1110_14,2023-11-01,0.0,0.0,4.065364875035015e-08,721.5020141601562,11546.064971962958,11651.329484176673,18021.436737439497,-7842.522687024803,3456.396268933314,48856.29308740038,81488.99137506464,46413.47843303036,3456.396268933314,174.52982219864418,2.1751539190252832e-08,951.63165,-1659.7888,2562.4739,-8835.073,1067.8817,983.04974,-7137.6245,-5357.495,5817.862,8682.502,-1376.374,-0.00033126815,-0.014978557,0.0005768355913460255,0.0005768355913460255,0.0005768355913460255
6_1110_14,2023-12-01,0.0,0.0,4.065364875035015e-08,-6871.6533203125,15538.300903500412,24142.237526751567,24835.565737101562,-11744.079199654381,3456.396268933314,48856.29308740038,81488.99137506464,46413.47843303036,3456.396268933314,174.52982219864418,2.1751539190252832e-08,132.98866,76.91702,2582.349,-2810.931,1432.6133,1198.1731,-3855.799,-2827.5835,8114.252,8964.142,-753.47705,-0.00044494183,-0.007359303,0.0005768355913460255,0.0005768355913460255,0.0005768355913460255
6_1110_14,2024-01-01,0.0,0.0,4.065364875035015e-08,-885.5221557617188,18675.358093759,-85514.78964011063,-101402.4401997735,-15645.635712283958,3456.396268933314,48856.29308740038,81488.99137506464,46413.47843303036,3456.396268933314,174.52982219864418,2.1751539190252832e-08,-1089.7587,-1647.9354,2585.009,-21149.201,1744.5216,1096.6841,-8357.404,-4769.521,7124.537,10840.135,-1078.5681,2.4047158e-05,-0.020448271,0.0005768355913460255,0.0005768355913460255,0.0005768355913460255
6_1110_63,2023-10-01,0.0,0.0,6.939550722640446e-27,26969.88671875,133077.70468958013,82923.96466183267,10157.546230411477,-52186.41395986616,40126.405269355535,563556.3042241874,726048.1087485284,535378.489012978,40126.405269355535,2715.801827818953,6.96024352010151e-11,5730.3647,923.32367,21036.566,-5571.397,300846.34,292273.0,-161056.75,-88185.234,608290.75,648086.94,-3035.6565,-0.0019570384,-0.002547192,0.006190708372741938,0.006190708372741938,0.006190708372741938
6_1110_63,2023-11-01,0.0,0.0,6.939550722640446e-27,-582.7064208984375,226191.66486596866,99074.62211527891,10261.186383655964,-99559.26577299938,40126.405269355535,563556.3042241874,726048.1087485284,535378.489012978,40126.405269355535,2715.801827818953,6.96024352010151e-11,9385.177,-15313.706,20882.02,-100996.56,298383.9,369072.9,32763.416,117863.984,670867.06,1008718.75,-6664.091,-0.00033126815,-0.014978557,0.006190708372741938,0.006190708372741938,0.006190708372741938
6_1110_63,2023-12-01,0.0,0.0,6.939550722640446e-27,12532.5302734375,291343.1460998417,148676.8042483314,15324.00638780574,-146932.11758613258,40126.405269355535,563556.3042241874,726048.1087485284,535378.489012978,40126.405269355535,2715.801827818953,6.96024352010151e-11,2034.2584,37.31713,21066.59,-122621.945,294559.38,305503.56,-107060.82,61901.133,652197.4,786676.2,-3370.3562,-0.00044494183,-0.007359303,0.006190708372741938,0.006190708372741938,0.006190708372741938
6_1110_63,2024-01-01,0.0,0.0,6.939550722640446e-27,4630.26708984375,336929.38793647726,-327546.76393612404,-657618.1453390976,-194304.9693992658,40126.405269355535,563556.3042241874,726048.1087485284,535378.489012978,40126.405269355535,2715.801827818953,6.96024352010151e-11,-6918.985,-12016.337,21103.508,-245640.86,290705.94,292376.56,-166612.81,45001.51,472308.28,560624.9,-5253.5664,2.4047158e-05,-0.020448271,0.006190708372741938,695261.8125,0.006190708372741938
6_1111_16,2023-10-01,0.0,374.9207463287874,262.9757309978957,15.999491691589355,108.38106354359937,-288.9658107790777,-177.7548540588511,6.356690711786742e-08,177.88814214832826,266.652456533048,358.7932206072676,253.31983370639557,128.49705763902196,17.87925517004433,6.375279170585918e-08,-1.0365578,-10.549943,24.559965,4.2045026,-0.30475378,6.151063,-77.67633,-47.063007,60.50411,72.579506,-32.038815,-0.0019570384,-0.73509216,3.674813115139841e-06,3.674813115139841e-06,3.674813115139841e-06
6_1111_16,2023-11-01,0.0,613.3584864919892,262.9757309978957,30.02252769470215,167.08386832674705,-316.7735783954934,-180.49728632112897,6.356690711786742e-08,177.88814214832826,266.652456533048,358.7932206072676,253.31983370639557,128.49705763902196,17.87925517004433,6.375279170585918e-08,5.123124,-8.956006,24.229029,124.909996,1.7453285,6.6347346,-42.656208,-27.531414,55.765198,103.01381,-426.87827,-0.00033126815,1.7251282,3.674813115139841e-06,3.674813115139841e-06,3.674813115139841e-06
6_1111_16,2023-12-01,0.0,667.3379988615258,262.9757309978957,22.353649139404297,198.8792685261747,-280.5028702094533,-190.20397835936228,6.356690711786742e-08,177.88814214832826,266.652456533048,358.7932206072676,253.31983370639557,128.49705763902196,17.87925517004433,6.375279170585918e-08,6.0678062,-13.120816,24.360342,-437.1706,4.0588527,7.7195864,-38.579662,-30.040512,51.70425,65.12069,-404.35617,-0.00044494183,0.7079773,3.674813115139841e-06,3.674813115139841e-06,3.674813115139841e-06
6_1111_16,2024-01-01,0.0,570.4447802297295,262.9757309978957,19.146318435668945,216.10071948710032,-94.88614485864554,-96.58971884363844,6.356690711786742e-08,177.88814214832826,266.652456533048,358.7932206072676,253.31983370639557,128.49705763902196,17.87925517004433,6.375279170585918e-08,8.648384,-21.827656,24.352919,-584.74066,6.465276,4.4628572,-60.985706,-43.469357,55.429146,79.06979,-395.06177,2.4047158e-05,-1.8045654,3.674813115139841e-06,3.674813115139841e-06,3.674813115139841e-06
6_1114_63,2023-10-01,0.0,0.0,1.3634256304961229e-31,-3345.382568359375,7446.946928394347,-7.455010306126496,-929.8214670647067,-7650.290092168655,5502.256131649477,136342.563049594,136342.563049594,129525.43489711429,5502.256131649477,266.2940684562383,1.3679103320367003e-13,453.92676,93.33602,4049.8672,-16476.691,1054.5231,1287.8494,-7824.724,-6645.8438,8207.342,12838.369,-1015.3097,-0.0019570384,-0.002547192,0.0010883904760703444,0.0010883904760703444,0.0010883904760703444
6_1114_63,2023-11-01,0.0,0.0,1.3634256304961229e-31,107.435546875,14141.904997277707,17.633637658771477,-1081.0971084452904,-15224.07728341562,5502.256131649477,136342.563049594,136342.563049594,129525.43489711429,5502.256131649477,266.2940684562383,1.3679103320367003e-13,1580.9235,-2683.4746,4012.8008,-15034.316,1669.146,1534.1792,-8221.275,-6003.385,10119.066,12431.884,-1831.9735,-0.00033126815,-0.014978557,0.0010883904760703444,0.0010883904760703444,0.0010883904760703444
6_1114_63,2023-12-01,0.0,0.0,1.3634256304961229e-31,-2435.36572265625,20160.80965378917,20.65568809897377,-920.8584500265279,-22797.864474662583,5502.256131649477,136342.563049594,136342.563049594,129525.43489711429,5502.256131649477,266.2940684562383,1.3679103320367003e-13,367.40448,94.64799,4043.9417,-6095.5605,2238.8381,3214.684,-7781.5923,-4657.057,11479.204,13211.293,-1071.9188,-0.00044494183,-0.007359303,0.0010883904760703444,0.0010883904760703444,0.0010883904760703444
6_1114_63,2024-01-01,0.0,0.0,1.3634256304961229e-31,-452.185791015625,25571.928422785073,-136326.48258325725,-136885.40315348835,-30371.65166590955,5502.256131649477,136342.563049594,136342.563049594,129525.43489711429,5502.256131649477,266.2940684562383,1.3679103320367003e-13,-1492.4155,-2610.236,4048.1248,-31363.246,2726.1516,2751.6707,-6660.9043,-4061.146,8362.914,16945.766,-1528.9398,2.4047158e-05,-0.020448271,0.0010883904760703444,0.0010883904760703444,0.0010883904760703444
6_1151_16,2023-10-01,0.0,0.0,7.555189606018198e-41,314.101318359375,1110.9817297854206,-26697.05963174794,-27264.341636504527,-2138.448225000497,522.2918931626283,31860.963627650148,26412.034636257442,30267.915446267638,522.2918931626283,10.240045933304824,7.868984110962245e-19,168.72125,-61.15993,898.57263,-2707.4902,160.78131,157.26422,-2454.0618,-1622.9568,1569.0007,1921.629,611.20233,-0.0019570384,-0.002547192,0.00021325937996152788,0.00021325937996152788,0.00021325937996152788
6_1151_16,2023-11-01,0.0,0.0,7.555189606018198e-41,-8.410013198852539,2145.4549024662447,-34187.466365749875,-34778.25074399635,-4255.511967750986,522.2918931626283,31860.963627650148,26412.034636257442,30267.915446267638,522.2918931626283,10.240045933304824,7.868984110962245e-19,342.39395,-670.52594,885.652,1986.7917,246.01822,22.9738,-1936.2415,-1508.1509,1614.8303,2321.1885,622.1559,-0.00033126815,-0.014978557,0.00021325937996152788,0.00021325937996152788,0.00021325937996152788
6_1151_16,2023-12-01,0.0,0.0,7.555189606018198e-41,237.8625946044922,3108.6883349395393,-34361.83099564681,-34734.37262819553,-6372.5757105014745,522.2918931626283,31860.963627650148,26412.034636257442,30267.915446267638,522.2918931626283,10.240045933304824,7.868984110962245e-19,-31.65977,-287.04562,889.87756,-9850.085,323.0278,499.04822,-3016.387,-1910.7888,2317.0876,3004.8757,688.70233,-0.00044494183,-0.007359303,0.00021325937996152788,0.00021325937996152788,0.00021325937996152788
6_1151_16,2024-01-01,0.0,0.0,7.555189606018198e-41,41.15874481201172,4005.5880032314253,-34493.08488764764,-34994.040102164116,-8489.639453251963,522.2918931626283,31860.963627650148,26412.034636257442,30267.915446267638,522.2918931626283,10.240045933304824,7.868984110962245e-19,-397.4977,-844.86145,889.0834,-4729.206,387.47968,465.33215,-1642.1295,-977.77356,1917.478,2411.8262,514.5972,2.4047158e-05,-0.020448271,0.00021325937996152788,0.00021325937996152788,0.00021325937996152788
6_1201_2,2023-10-01,0.0,0.0,2.0745656271894277e-21,73.7039794921875,197.83504254333184,829.7745299088047,4716.644796126374,2.106547534626205e-09,1270.0450242539164,1274.2082121391197,3391.942421035813,1210.4978015321637,876.4950058099326,57.45687623362697,2.11490798126203e-09,-12.497559,-47.24756,-152.18848,-99.15381,23.778076,41.443703,-487.9258,-323.34335,422.88684,603.6916,41.84851,-0.0019570384,-61.630066,2.8967262551304884e-05,2.8967262551304884e-05,2.8967262551304884e-05
6_1201_2,2023-11-01,0.0,0.0,2.0745656271894277e-21,-2.8069393634796143,366.43002842580574,825.1771951913142,4735.523939913148,2.106547534626205e-09,1270.0450242539164,1274.2082121391197,3391.942421035813,1210.4978015321637,876.4950058099326,57.45687623362697,2.11490798126203e-09,2.1066895,-93.7583,-142.53296,-672.6904,37.800415,39.158047,-356.691,-293.66138,419.7231,610.7366,58.23291,-0.00033126815,-63.206543,2.8967262551304884e-05,2.8967262551304884e-05,2.8967262551304884e-05
6_1201_2,2023-12-01,0.0,0.0,2.0745656271894277e-21,53.16154861450195,510.10664354562607,1243.8945169931944,4914.54916188987,2.106547534626205e-09,1270.0450242539164,1274.2082121391197,3391.942421035813,1210.4978015321637,876.4950058099326,57.45687623362697,2.11490798126203e-09,6.1413574,-83.78784,-143.33887,320.55945,46.885742,-3.5991268,-575.6249,-362.9584,398.2625,483.49277,38.58362,-0.00044494183,-115.7525,2.8967262551304884e-05,2.8967262551304884e-05,2.8967262551304884e-05
6_1201_2,2024-01-01,0.0,0.0,2.0745656271894277e-21,8.58632755279541,632.5478278088343,-168.6028840284983,1671.1533937990723,2.106547534626205e-09,1270.0450242539164,1274.2082121391197,3391.942421035813,1210.4978015321637,876.4950058099326,57.45687623362697,2.11490798126203e-09,21.51294,-69.10132,-147.2124,-1154.9016,48.448242,45.093002,-399.02948,-287.98923,374.47372,552.01117,50.13806,2.4047158e-05,-82.16443,2.8967262551304884e-05,2.8967262551304884e-05,2.8967262551304884e-05
6_1305_16,2023-10-01,0.0,0.0,9.989091910382849e-58,-4.785545349121094,41.92415641378432,-66.769074856138,-662.3622419207263,-55.99137076953785,4.742874042032126,998.909191042712,998.909191042712,948.9637314905764,4.742874042032126,0.030484289277426514,1.004399533364567e-27,2.3966398,-2.337903,15.194116,-13.374036,1.4767419,3.8522491,-42.575386,-29.733126,39.442764,57.107334,4.3062763,-0.0019570384,-0.002547192,3.9870283217169344e-06,3.9870283217169344e-06,3.9870283217169344e-06
6_1305_16,2023-11-01,0.0,0.0,9.989091910382849e-58,0.22580406069755554,79.19918106868482,-5.7879486137826035,-684.7794657460024,-111.42282783137941,4.742874042032126,998.909191042712,998.909191042712,948.9637314905764,4.742874042032126,0.030484289277426514,1.004399533364567e-27,0.8950307,-5.0568886,14.846633,84.5382,2.2002459,1.8149397,-54.377777,-37.612408,41.98859,54.6434,1.8779348,-0.00033126815,-0.014978557,3.9870283217169344e-06,3.9870283217169344e-06,3.9870283217169344e-06
6_1305_16,2023-12-01,0.0,0.0,9.989091910382849e-58,-2.527902603149414,112.34063415625633,0.8017067065601395,-713.1969809833076,-166.85428489322098,4.742874042032126,998.909191042712,998.909191042712,948.9637314905764,4.742874042032126,0.030484289277426514,1.004399533364567e-27,0.06451019,-3.0360148,14.849783,-53.87921,2.8302996,2.969237,-57.067375,-47.031364,32.971954,40.53201,1.5243134,-0.00044494183,-0.007359303,3.9870283217169344e-06,3.9870283217169344e-06,3.9870283217169344e-06
6_1305_16,2024-01-01,0.0,0.0,9.989091910382849e-58,-0.777468204498291,141.80690340555918,110.65267022049356,-510.56254595124227,-222.28574195506252,4.742874042032126,998.909191042712,998.909191042712,948.9637314905764,4.742874042032126,0.030484289277426514,1.004399533364567e-27,-0.3380393,-3.0632877,14.795158,-40.038345,3.3394468,2.3005059,-41.267612,-32.83769,40.149876,49.64422,2.0018618,2.4047158e-05,-0.020448271,3.9870283217169344e-06,3.9870283217169344e-06,3.9870283217169344e-06
6_1307_16,2023-10-01,0.0,0.0,21.187969671259488,53.40950012207031,-2.649531139522356,12.361238825968167,7.424407871007471,36.9276263021175,21.403129763346616,34.63777425374236,25.787068516806542,32.90588554105524,23.1919258899775,117.78476338017404,12.87598199317127,230.40419,226.85785,182.39836,59.185406,149.54405,151.92859,43.06488,65.92079,210.16365,234.23491,236.13507,218.62675,278.50693,2.9546833957283525e-07,2.9546833957283525e-07,2.9546833957283525e-07
6_1307_16,2023-11-01,0.0,0.0,21.187969671259488,44.922203063964844,22.694386771807544,-0.3264903473560672,9.7579333132236,37.64457750239364,21.403129763346616,34.63777425374236,25.787068516806542,32.90588554105524,23.1919258899775,117.78476338017404,12.87598199317127,186.2591,213.85922,169.25197,83.247055,170.30252,178.34615,49.793407,71.816826,236.63203,261.82205,212.1591,225.47675,273.88644,2.9546833957283525e-07,2.9546833957283525e-07,2.9546833957283525e-07
6_1307_16,2023-12-01,0.0,0.0,21.187969671259488,41.526329040527344,19.998033411488898,25.61703591046126,9.407433509110348,38.36152870266977,21.403129763346616,34.63777425374236,25.787068516806542,32.90588554105524,23.1919258899775,117.78476338017404,12.87598199317127,181.59996,212.61624,165.78592,50.192234,176.80797,175.95157,98.89295,117.84561,239.78181,288.32895,208.78284,236.66267,307.637,2.9546833957283525e-07,2.9546833957283525e-07,2.9546833957283525e-07
6_1307_16,2024-01-01,0.0,0.0,21.187969671259488,39.56545639038086,20.284899927910637,2.4233292843533327,26.43055611644469,39.078479902945915,21.403129763346616,34.63777425374236,25.787068516806542,32.90588554105524,23.1919258899775,117.78476338017404,12.87598199317127,173.3232,211.34654,164.64532,-28.149374,175.9643,175.88126,103.9744,131.01448,220.03616,236.91455,209.38954,240.03726,290.75613,2.9546833957283525e-07,2.9546833957283525e-07,317.2567138671875
6_1308_74,2023-10-01,480.1237695920866,495.8138685289314,480.12376959184564,443.9402770996094,461.7875089504849,420.39413798643034,185.68722189079534,499.3257794993169,100.77042152218273,22.733010207611542,58.18553779744288,21.596359697230966,189.42331385652628,435.0559719314062,480.1235257712642,485.68332,478.67163,465.93973,380.77753,482.8935,493.39334,234.80685,314.20856,692.12933,830.1906,483.06158,459.52298,543.53864,1.1172772929057828e-06,480.21875,480.21875
6_1308_74,2023-11-01,480.1237695920866,495.8138685289314,480.12376959184564,405.18023681640625,444.55559242029466,412.46995618354714,206.99845081379425,518.3354953614152,100.77042152218273,22.733010207611542,58.18553779744288,21.596359697230966,189.42331385652628,435.0559719314062,480.1235257712642,464.94656,463.70166,453.85315,148.581,469.46817,475.92847,325.95978,372.74023,623.4641,688.315,480.80777,470.42706,500.49612,1.1172772929057828e-06,480.21875,481.39141845703125
6_1308_74,2023-12-01,480.1237695920866,495.8138685289314,480.12376959184564,387.1608581542969,428.3615082988167,388.7261571791147,183.25369379948367,537.3452112235134,100.77042152218273,22.733010207611542,58.18553779744288,21.596359697230966,189.42331385652628,435.0559719314062,480.1235257712642,463.48843,466.7425,450.00537,207.16504,452.14487,449.9662,292.9643,336.962,546.17175,599.09656,477.89932,479.45065,464.90033,1.1172772929057828e-06,480.21875,476.7006530761719
6_1308_74,2024-01-01,480.1237695920866,495.8138685289314,480.12376959184564,356.8294677734375,413.1427507059484,394.97230556322614,308.5413526764016,556.3549270856116,100.77042152218273,22.733010207611542,58.18553779744288,21.596359697230966,189.42331385652628,435.0559719314062,480.1235257712642,459.19675,461.4479,448.6456,112.370605,434.44882,429.05557,323.9368,342.82022,542.93146,610.1942,480.20908,483.70508,399.34598,1.1172772929057828e-06,480.21875,476.11431884765625
6_1310_2,2023-10-01,0.0,0.0,20.01157763686297,2.0742368698120117,20.959727620334856,-58.42251224915528,-26.135207365565414,-1.8610629690823899,29.203437070131468,59.59802811415949,59.59802811415949,56.61812670845151,15.18300445125865,0.01273151235348866,3.626105233298228,0.7396057,-2.3787682,6.345266,-39.36097,0.41546682,0.8523713,-12.539014,-8.823439,12.644175,14.929779,2.5866914,-0.0019570384,-0.002547192,2.775249470232666e-07,2.775249470232666e-07,2.775249470232666e-07
6_1310_2,2023-11-01,0.0,0.0,20.01157763686297,2.238668203353882,19.906483319796354,-23.629660245533934,-71.2250852109695,-4.028253548382061,29.203437070131468,59.59802811415949,59.59802811415949,56.61812670845151,15.18300445125865,0.01273151235348866,3.626105233298228,1.2968501,-1.5142858,6.200298,-56.852947,0.6152827,1.091826,-12.071534,-7.7721133,12.507687,16.194077,1.4219427,-0.00033126815,-0.014978557,2.775249470232666e-07,2.775249470232666e-07,2.775249470232666e-07
6_1310_2,2023-12-01,0.0,0.0,20.01157763686297,2.0276479721069336,19.959409749791586,-14.088006393940484,-56.92992905061082,-6.195444127681727,29.203437070131468,59.59802811415949,59.59802811415949,56.61812670845151,15.18300445125865,0.01273151235348866,3.626105233298228,1.3149046,-1.6362116,6.201678,-66.05368,0.7868072,0.65259254,-16.324308,-9.84046,14.540413,22.970503,2.3402648,-0.00044494183,-0.007359303,2.775249470232666e-07,2.775249470232666e-07,2.775249470232666e-07
6_1310_2,2024-01-01,0.0,0.0,20.01157763686297,1.7003750801086426,19.95675015126292,-48.5892117011715,-63.87521350157368,-8.362634706981394,29.203437070131468,59.59802811415949,59.59802811415949,56.61812670845151,15.18300445125865,0.01273151235348866,3.626105233298228,1.9580925,-1.3081336,6.1789174,-88.27239,0.9228105,2.006514,-10.084947,-8.944462,12.219573,14.838465,1.7782143,2.4047158e-05,-0.020448271,2.775249470232666e-07,2.775249470232666e-07,2.775249470232666e-07
6_1500_16,2023-10-01,0.0,0.0,0.0,0.0,0.0,0.0,0.0,0.0,0.0,0.0,0.0,0.0,0.0,0.0,0.0,-0.0024689105,0.002335506,0.09430316,0.0027159478,0.0040304437,0.031915713,-0.18292809,-0.1323943,0.21198827,0.28348374,-0.00017725787,-0.0019570384,-0.002547192,1.3969838619232178e-08,1.3969838619232178e-08,1.3969838619232178e-08
6_1500_16,2023-11-01,415.387980433603,0.0,0.0,0.0,0.0,0.0,0.0,0.0,0.0,0.0,0.0,0.0,0.0,0.0,0.0,0.00047200356,-0.010625879,0.09177589,0.0038856715,0.0060206745,0.025020711,-0.23394752,-0.16507843,0.16534245,0.26644108,0.002405007,-0.00033126815,-0.014978557,1.3969838619232178e-08,1.3969838619232178e-08,1.3969838619232178e-08
6_1500_16,2023-12-01,415.387980433603,0.0,0.0,0.0,0.0,0.0,0.0,0.0,0.0,0.0,0.0,0.0,0.0,0.0,0.0,0.0026063903,-0.017958699,0.09161402,0.1326086,0.007780593,0.015621591,-0.27037308,-0.1447154,0.22778232,0.32227826,0.000515223,-0.00044494183,-0.007359303,1.3969838619232178e-08,1.3969838619232178e-08,1.3969838619232178e-08
6_1500_16,2024-01-01,0.0,0.0,0.0,0.0,0.0,0.0,0.0,0.0,0.0,0.0,0.0,0.0,0.0,0.0,0.0,0.00073333527,-0.029180804,0.09117099,-0.00056325237,0.0092493715,0.0033358438,-0.25002202,-0.17801322,0.16567232,0.2886397,0.002408248,2.4047158e-05,-0.020448271,1.3969838619232178e-08,1.3969838619232178e-08,1.3969838619232178e-08
6_1501_16,2023-10-01,0.0,3.112216241541101e-33,-137.9399773841564,103.2117919921875,906.4110073327029,211.99841289939286,-6601.172865824941,-2.9058232998904974e-37,33.535669413119486,30792.387310597198,30290.08567459741,29252.767945067335,33.535669413119486,0.053482126887402226,2.4917814924515757e-34,-0.0024689105,0.002335506,0.09430316,0.0027159478,0.0040304437,-0.0071347565,-0.20395811,-0.14630935,0.16120282,0.2259519,-0.00017725787,-0.0019570384,-0.002547192,3.730617027031258e-05,3.730617027031258e-05,3.730617027031258e-05
6_1501_16,2023-11-01,0.0,2.8654307440238793e-33,-248.92375282991688,-8.923569679260254,1716.2252606538423,587.407302144408,-7290.253672538145,-2.9058232998904974e-37,33.535669413119486,30792.387310597198,30290.08567459741,29252.767945067335,33.535669413119486,0.053482126887402226,2.4917814924515757e-34,0.00047200356,-0.010625879,0.09177589,0.0038856715,0.0060206745,0.016727995,-0.24626453,-0.14510271,0.18220334,0.24020323,0.002405007,-0.00033126815,-0.014978557,3.730617027031258e-05,3.730617027031258e-05,3.730617027031258e-05
6_1501_16,2023-12-01,0.0,2.6382142857565347e-33,-337.73534395048983,52.235843658447266,2439.737132836304,827.4206083971458,-6195.882206747626,-2.9058232998904974e-37,33.535669413119486,30792.387310597198,30290.08567459741,29252.767945067335,33.535669413119486,0.053482126887402226,2.4917814924515757e-34,0.0026063903,-0.017958699,0.09161402,0.1326086,0.007780593,0.012605833,-0.2495252,-0.17195903,0.1774577,0.27966994,0.000515223,-0.00044494183,-0.007359303,3.730617027031258e-05,3.730617027031258e-05,3.730617027031258e-05
6_1501_16,2024-01-01,0.0,2.4290151252428452e-33,-408.80427889785585,8.81303596496582,3086.1439193829274,10059.278173603423,6757.529383368945,-2.9058232998904974e-37,33.535669413119486,30792.387310597198,30290.08567459741,29252.767945067335,33.535669413119486,0.053482126887402226,2.4917814924515757e-34,0.00073333527,-0.029180804,0.09117099,-0.00056325237,0.0092493715,0.0050140084,-0.31401655,-0.13894783,0.14045414,0.18084133,0.002408248,2.4047158e-05,-0.020448271,3.730617027031258e-05,3.730617027031258e-05,3.730617027031258e-05
6_1508_16,2023-10-01,0.0,0.0,1.1101589495613573,1430.7060546875,555.2811055041648,-55.981707145894234,917.3987261855397,1236.3971096821647,690.7960556642697,690.7960556642697,690.7960556642697,656.2562528810562,563.3461993380172,172.69901391606743,105.16872696488682,0.43566525,-71.931496,168.14235,1716.6312,22.226608,12.608095,-473.42935,-387.8457,336.74127,670.03217,11.104929,-0.0019570384,210.94543,7.352616648859112e-06,7.352616648859112e-06,7.352616648859112e-06
6_1508_16,2023-11-01,0.0,0.0,1.1101589495613573,1317.1981201171875,527.377849714214,-875.8470084625701,1091.8586336785302,1304.1637821058894,690.7960556642697,690.7960556642697,690.7960556642697,656.2562528810562,563.3461993380172,172.69901391606743,105.16872696488682,23.18942,-75.48923,164.2386,4440.314,24.17239,15.981881,-416.4585,-296.58414,496.655,664.1562,-23.845928,-0.00033126815,167.20789,7.352616648859112e-06,7.352616648859112e-06,7.352616648859112e-06
6_1508_16,2023-12-01,0.0,0.0,1.1101589495613573,1421.8416748046875,528.7800074248973,-910.1218286509655,1040.5819597543677,1371.930454529614,690.7960556642697,690.7960556642697,690.7960556642697,656.2562528810562,563.3461993380172,172.69901391606743,105.16872696488682,-19.447304,-92.67844,164.25502,1767.0056,25.063913,29.84867,-527.10583,-324.8075,326.94492,434.11612,-26.047184,-0.00044494183,-31.470093,7.352616648859112e-06,7.352616648859112e-06,7.352616648859112e-06
6_1508_16,2024-01-01,0.0,0.0,1.1101589495613573,1534.3515625,528.7095480397836,479.86061109460377,1608.361351905265,1439.6971269533387,690.7960556642697,690.7960556642697,690.7960556642697,656.2562528810562,563.3461993380172,172.69901391606743,105.16872696488682,-15.300867,-69.34194,163.66328,795.5517,25.578053,-3.910509,-365.10324,-260.22293,434.405,485.0337,-9.192203,2.4047158e-05,-80.07886,7.352616648859112e-06,7.352616648859112e-06,7.352616648859112e-06
6_1603_2,2023-10-01,0.0,0.0,1.5256213184846882e-60,26.444562911987305,3356.214834810994,-4343.532216087243,-20632.312711117662,-2076.046699076884,116.04380505945414,20721.32351474211,26677.012891368133,19685.257339005006,116.04380505945414,0.5953413977413163,1.613020271149385e-28,-0.0024689105,0.002335506,0.09430316,0.0027159478,12.215281,1.2245684,-543.33606,-403.99246,476.73648,598.8792,-0.00017725787,-0.0019570384,-0.002547192,0.00012807057646568865,0.00012807057646568865,0.00012807057646568865
6_1603_2,2023-11-01,0.0,0.0,1.5256213184846882e-60,33.76936340332031,5335.174215630624,1504.717101095894,-23241.055264302613,-3959.8785147846284,116.04380505945414,20721.32351474211,26677.012891368133,19685.257339005006,116.04380505945414,0.5953413977413163,1.613020271149385e-28,0.00047200356,-0.010625879,0.09177589,0.0038856715,17.930676,4.336735,-530.5601,-444.68445,387.1973,519.9798,0.002405007,-0.00033126815,-0.014978557,0.00012807057646568865,0.00012807057646568865,0.00012807057646568865
6_1603_2,2023-12-01,0.0,0.0,1.5256213184846882e-60,25.782411575317383,6502.048335342498,1474.1824726576258,-27086.189795976155,-5843.710330492373,116.04380505945414,20721.32351474211,26677.012891368133,19685.257339005006,116.04380505945414,0.5953413977413163,1.613020271149385e-28,0.0026063903,-0.017958699,0.09161402,0.1326086,22.799055,25.76011,-620.162,-411.183,416.40738,611.49915,0.000515223,-0.00044494183,-0.007359303,0.00012807057646568865,0.00012807057646568865,16130.76171875
6_1603_2,2024-01-01,0.0,0.0,1.5256213184846882e-60,21.32117462158203,7190.084292244972,-14798.158051201583,-31783.18858541978,-7727.542146200118,116.04380505945414,20721.32351474211,26677.012891368133,19685.257339005006,116.04380505945414,0.5953413977413163,1.613020271149385e-28,0.00073333527,-0.029180804,0.09117099,-0.00056325237,26.626627,-11.080866,-462.90808,-413.2351,380.67694,480.4491,0.002408248,2.4047158e-05,-0.020448271,0.00012807057646568865,0.00012807057646568865,0.00012807057646568865
6_1606_2,2023-10-01,0.0,-1568.6985675878989,422.52774309326844,-1308.907958984375,287.3765812148433,100.98883282091862,212.98603092975122,881.0182214501081,404.42605258151843,355.77559211776685,355.7779124419556,337.9868125118785,463.2207001828103,1082.7235493226594,578.061002723872,-1398.213,-88.43426,63.605885,753.83575,-100.380974,-70.55141,-649.0527,-485.2115,476.75348,565.4392,-195.83864,-906.79553,57.53247,5.92491824136232e-06,5.92491824136232e-06,5.92491824136232e-06
6_1606_2,2023-11-01,0.0,0.0,422.52774309326844,-34.68267059326172,372.25883021459333,383.4967024231505,99.75123289346737,917.8302377772991,404.42605258151843,355.77559211776685,355.7779124419556,337.9868125118785,463.2207001828103,1082.7235493226594,578.061002723872,-1393.1882,-126.71253,62.23611,-254.617,-77.53922,-60.092392,-301.38846,-215.3617,117.15664,155.85733,-161.60321,-149.95357,96.9104,5.92491824136232e-06,5.92491824136232e-06,5.92491824136232e-06
6_1606_2,2023-12-01,0.0,0.0,422.52774309326844,13.351759910583496,397.3304493590535,-61.96287029631651,135.6583504442852,954.6422541044899,404.42605258151843,355.77559211776685,355.7779124419556,337.9868125118785,463.2207001828103,1082.7235493226594,578.061002723872,-1393.7112,-97.46385,62.357437,272.1847,-70.486015,-75.21709,-284.75592,-249.71425,54.013317,85.946335,-169.78215,-202.92076,42.47345,5.92491824136232e-06,5.92491824136232e-06,5.92491824136232e-06
6_1606_2,2024-01-01,0.0,0.0,422.52774309326844,5.494744300842285,404.7358385179424,18.72173053714647,259.1057631239906,991.4542704316809,404.42605258151843,355.77559211776685,355.7779124419556,337.9868125118785,463.2207001828103,1082.7235493226594,578.061002723872,-1368.2903,-20.796755,62.250454,248.73553,-65.66078,-64.656006,-251.54007,-192.93625,67.934654,89.51427,-165.08424,7.662253,104.49127,5.92491824136232e-06,5.92491824136232e-06,5.92491824136232e-06
6_1608_16,2023-10-01,0.0,0.0,3.622784852479149,0.2464890480041504,3.7944470716731473,-3.5073863045027385,-10.056006256968661,-1.1566068916757892,6.167967312226043,12.58751455859403,12.58751455859403,11.958138830664328,2.9288852626180777,0.0011524213768244046,0.6498817497375382,0.18120408,-0.17676313,1.14879,-1.0111783,0.06768663,0.11262068,-1.9260925,-1.5119064,2.1216142,2.8221855,0.32558703,-0.0019570384,-0.002547192,5.0241585114463305e-08,5.0241585114463305e-08,5.0241585114463305e-08
6_1608_16,2023-11-01,0.0,0.0,3.622784852479149,0.2602291703224182,3.603772882677761,-2.8771198426971534,-12.020203813996801,-1.647018628442816,6.167967312226043,12.58751455859403,12.58751455859403,11.958138830664328,2.9288852626180777,0.0011524213768244046,0.6498817497375382,0.06767109,-0.382339,1.1225177,6.3917274,0.09978905,0.008635841,-2.7266092,-2.0023477,2.5070825,3.4146352,0.14198607,-0.00033126815,-0.014978557,5.0241585114463305e-08,5.0241585114463305e-08,5.0241585114463305e-08
6_1608_16,2023-12-01,0.0,0.0,3.622784852479149,0.2438284009695053,3.613354422665619,-6.255820935868828,-9.267682567847402,-2.137430365209843,6.167967312226043,12.58751455859403,12.58751455859403,11.958138830664328,2.9288852626180777,0.0011524213768244046,0.6498817497375382,0.004877458,-0.22954568,1.1227559,-4.0736756,0.12723733,0.20159762,-3.720798,-2.4009945,2.396442,2.802004,0.11524962,-0.00044494183,-0.007359303,5.0241585114463305e-08,5.0241585114463305e-08,5.0241585114463305e-08
6_1608_16,2024-01-01,0.0,0.0,3.622784852479149,0.2191288322210312,3.6128729421410517,-3.733437987268555,-12.092489818002244,-2.62784210197687,6.167967312226043,12.58751455859403,12.58751455859403,11.958138830664328,2.9288852626180777,0.0011524213768244046,0.6498817497375382,-0.025558328,-0.23160772,1.1186259,-3.0272017,0.1489184,0.37148088,-1.9944645,-1.4545538,2.207683,2.8033233,0.15135589,2.4047158e-05,-0.020448271,5.0241585114463305e-08,5.0241585114463305e-08,5.0241585114463305e-08
6_1608_74,2023-10-01,58.442031879186565,75.36210392488371,67.0638471208092,62.649478912353516,57.3873464388433,50.15720159400871,25.706710799823895,60.0144285043534,11.180237940389533,1.9596888927072746,9.45665531052402,1.861704448071911,19.473803297877804,43.55055260227845,58.26047140086007,58.872322,57.252544,49.298695,28.49507,52.168518,49.669052,19.894075,24.684973,85.90217,93.22266,56.921246,55.311848,48.029037,57.88706970214844,43.279544830322266,58.43009948730469
6_1608_74,2023-11-01,58.442031879186565,92.28217597058087,75.68683250222493,75.96802520751953,56.36478112202055,56.7575442349003,23.446309276881863,61.750740148187944,11.180237940389533,1.9596888927072746,9.45665531052402,1.861704448071911,19.473803297877804,43.55055260227845,58.26047140086007,51.45996,54.228477,46.51059,22.964775,48.84905,46.811882,22.007874,26.824358,64.4052,66.95486,54.983665,56.673893,42.622597,57.39834213256836,24.32777214050293,111.10407257080078
6_1608_74,2023-12-01,58.442031879186565,109.20224801627802,84.30981788364065,80.72140502929688,55.37335772014966,61.43123522995942,23.41760160578032,63.48705179202249,11.180237940389533,1.9596888927072746,9.45665531052402,1.861704448071911,19.473803297877804,43.55055260227845,58.26047140086007,50.204964,54.52533,45.743435,23.950945,45.53139,45.294273,29.574894,35.21929,59.779774,63.94935,54.516346,58.543198,34.291714,57.88706970214844,10.806310653686523,111.10407257080078
6_1608_74,2024-01-01,58.442031879186565,126.12232006197517,92.93280326505638,95.60252380371094,54.412127815705695,68.18264024792691,28.64305498521462,65.22336343585704,11.180237940389533,1.9596888927072746,9.45665531052402,1.861704448071911,19.473803297877804,43.55055260227845,58.26047140086007,48.97382,53.97111,45.487057,7.7561293,42.747208,42.27494,26.034885,30.81082,52.15956,55.443676,54.572792,59.166286,13.288677,57.28973388671875,10.806310653686523,111.10407257080078
6_1610_2,2023-10-01,0.0,6.525152102717208e-41,112.94925168724075,4.938827991485596,22149.565915091247,-22783.2692398455,-108443.09279638516,-17855.794089585797,11991.99233041096,60962.51378506812,32274.61001024783,57914.38809581471,6550.486049463211,78.43004324771772,103.81979853631054,320.6226,-550.648,2149.893,-13029.597,314.08606,1285.992,-7388.0737,-4947.3696,8248.965,10863.081,1046.6875,-0.0019570384,86.38245,0.0006383983418345451,0.0006383983418345451,0.0006383983418345451
6_1610_2,2023-11-01,0.0,1.5409039507854304e-41,112.94925168724075,4.925327777862549,33750.31367282233,-15275.580161127335,-116557.03470012476,-20614.383557283818,11991.99233041096,60962.51378506812,32274.61001024783,57914.38809581471,6550.486049463211,78.43004324771772,103.81979853631054,522.67834,-521.8307,2104.873,-14082.562,476.94766,1394.6267,-6809.0933,-5281.89,11306.915,19387.4,526.2272,-0.00033126815,68.47183,0.0006383983418345451,0.0006383983418345451,0.0006383983418345451
6_1610_2,2023-12-01,0.0,5.34813008880761e-41,112.94925168724075,5.86170768737793,39826.15954061023,801.3732719671643,-112561.20026857492,-23286.48941760818,11991.99233041096,60962.51378506812,32274.61001024783,57914.38809581471,6550.486049463211,78.43004324771772,103.81979853631054,465.2106,-603.84393,2107.4712,-24350.959,622.4647,965.0724,-6346.864,-4702.592,5977.3774,9353.01,875.7941,-0.00044494183,-12.887085,0.0006383983418345451,0.0006383983418345451,0.0006383983418345451
6_1610_2,2024-01-01,0.0,2.43997414949681e-41,112.94925168724075,6.0473480224609375,43008.35984183765,-14528.527258135404,-107774.23673208544,-25880.220268879857,11991.99233041096,60962.51378506812,32274.61001024783,57914.38809581471,6550.486049463211,78.43004324771772,103.81979853631054,763.60754,-658.98895,2101.0208,-30808.328,743.6977,1070.7683,-7310.577,-4244.4585,8586.301,12319.918,748.692,2.4047158e-05,-32.79242,0.0006383983418345451,0.0006383983418345451,0.0006383983418345451
6_1706_2,2023-10-01,0.0,0.0,92.95216926456786,415.3997497558594,8460.093391961682,-5065.4573020844855,-30208.885316063563,143.255279269737,7712.978329031787,36464.93382203827,19997.058215049805,34641.687130936356,4878.751725078337,287.3488344494244,91.04472519989204,78.75946,288.52188,1110.3687,-14373.137,81.1017,280.19827,-2964.5574,-2010.2351,3509.8596,4993.145,69.47361,-0.0019570384,94.10254,0.00027663138462230563,0.00027663138462230563,0.00027663138462230563
6_1706_2,2023-11-01,0.0,0.0,92.95216926456786,715.1700439453125,13611.752765617071,-98.43174596287645,-32180.458713469176,-487.98026386707716,7712.978329031787,36464.93382203827,19997.058215049805,34641.687130936356,4878.751725078337,287.3488344494244,91.04472519989204,-392.62152,275.1611,1085.3878,-11301.731,132.40018,351.86145,-3725.52,-2189.654,2896.567,3787.7375,82.344666,-0.00033126815,-285.76758,0.00027663138462230563,0.00027663138462230563,0.00027663138462230563
6_1706_2,2023-12-01,0.0,0.0,92.95216926456786,552.10986328125,16748.786019574753,1356.6178104345054,-31575.86817977834,-1098.7857312904698,7712.978329031787,36464.93382203827,19997.058215049805,34641.687130936356,4878.751725078337,287.3488344494244,91.04472519989204,-253.5359,-6.233449,1085.8683,-9533.329,184.03038,473.6238,-3153.152,-1828.5197,3096.6387,3880.5042,69.69307,-0.00044494183,-282.50977,0.00027663138462230563,0.00027663138462230563,0.00027663138462230563
6_1706_2,2024-01-01,0.0,0.0,92.95216926456786,555.0587768554688,18659.039963529434,12216.287099399886,-12737.555384725707,-1690.76800544673,7712.978329031787,36464.93382203827,19997.058215049805,34641.687130936356,4878.751725078337,287.3488344494244,91.04472519989204,272.42322,781.3045,1082.1132,-26092.277,231.53636,294.97015,-3345.0127,-2426.0913,3026.0215,4642.1953,39.565243,2.4047158e-05,265.20898,0.00027663138462230563,0.00027663138462230563,0.00027663138462230563
7_1000_54,2023-10-01,0.0,0.0,0.000841984334267536,-861224.0,9363887.843575854,17146512.59826524,20388308.07136205,-3494165.0580547373,3328584.199790499,42960222.70068126,56989099.84947889,40812211.5656472,3328584.199790499,174098.906163316,0.0002651648078912234,239211.5,167365.98,2476773.5,3241498.2,121515.0,-70423.984,-3558112.2,-2684290.8,2309112.0,2946520.0,-1245161.2,-0.0019570384,-0.002547192,0.5511693954467773,0.5511693954467773,0.5511693954467773
7_1000_54,2023-11-01,0.0,0.0,0.000841984334267536,74247.25,16505393.877839688,46666397.6751832,48260683.3029374,-6411364.348267885,3328584.199790499,42960222.70068126,56989099.84947889,40812211.5656472,3328584.199790499,174098.906163316,0.0002651648078912234,768861.9,-915961.7,2452368.8,-15732332.0,158824.0,249764.84,-3265678.2,-1858830.0,1992659.1,2967055.2,-1367443.0,-0.00033126815,-0.014978557,0.5511693954467773,0.5511693954467773,0.5511693954467773
7_1000_54,2023-12-01,0.0,0.0,0.000841984334267536,-442954.375,21951967.91732013,4518508.683926491,-4740093.023169417,-9328563.638481034,3328584.199790499,42960222.70068126,56989099.84947889,40812211.5656472,3328584.199790499,174098.906163316,0.0002651648078912234,314329.28,961541.94,2470478.8,-4560643.0,162837.0,374753.62,-2775532.5,-2224840.2,2797279.5,3725362.2,-1439929.2,-0.00044494183,-0.007359303,0.5511693954467773,0.5511693954467773,27479128.0
7_1000_54,2024-01-01,0.0,0.0,0.000841984334267536,-83980.1796875,26105877.27834474,-61681300.49160675,-87882371.33672974,-12245762.928694183,3328584.199790499,42960222.70068126,56989099.84947889,40812211.5656472,3328584.199790499,174098.906163316,0.0002651648078912234,-148295.78,-183197.55,2472456.5,-22787092.0,161750.0,216996.64,-3160862.0,-2331191.8,2745033.0,3775724.8,-1445301.4,2.4047158e-05,-0.020448271,0.5511693954467773,0.5511693954467773,0.5511693954467773
7_1100_53,2023-10-01,0.0,0.0,134.53482361596235,780.314697265625,72842.90195825006,37069.023107516456,-37137.01654091154,-65004.35066462948,19328.022490864183,305633.36175384646,393756.94039836485,290351.6936661541,19328.022490864183,1136.635978690761,4.337813008829616,2343.1306,399.42065,11274.623,-25620.39,648.25,98.81334,-39467.094,-29304.916,31882.928,45123.37,-3525.4539,-0.0019570384,-0.002547192,0.003510832553729415,0.003510832553729415,0.003510832553729415
7_1100_53,2023-11-01,0.0,0.0,134.53482361596235,629.185302734375,121580.51190789058,34538.44520778422,-15369.013003590459,-93999.25247180744,19328.022490864183,305633.36175384646,393756.94039836485,290351.6936661541,19328.022490864183,1136.635978690761,4.337813008829616,4969.8203,-8029.553,11185.684,-50336.684,229.85938,500.71814,-43315.08,-21996.086,30952.17,43104.383,-5933.769,-0.00033126815,-0.014978557,0.003510832553729415,0.003510832553729415,0.003510832553729415
7_1100_53,2023-12-01,0.0,0.0,134.53482361596235,672.4713134765625,154189.79242453908,84249.13323863703,-29183.726202896854,-122994.1542789854,19328.022490864183,305633.36175384646,393756.94039836485,290351.6936661541,19328.022490864183,1136.635978690761,4.337813008829616,1126.3922,204.06622,11281.015,-40355.652,-218.59375,-1687.0605,-44634.18,-33308.2,36254.363,50544.133,-3665.0737,-0.00044494183,-0.007359303,0.003510832553729415,0.003510832553729415,0.003510832553729415
7_1100_53,2024-01-01,0.0,0.0,134.53482361596235,616.18017578125,176007.95660846645,-321277.6221934148,-536911.6939143343,-151989.0560861634,19328.022490864183,305633.36175384646,393756.94039836485,290351.6936661541,19328.022490864183,1136.635978690761,4.337813008829616,-4021.2393,-7316.8486,11298.302,-110089.164,-95.78125,-1132.6107,-31775.826,-24718.264,28362.547,34600.766,-5043.7944,2.4047158e-05,-0.020448271,0.003510832553729415,0.003510832553729415,0.003510832553729415
7_1403_53,2023-10-01,0.0,331.035285469518,929.9285317222445,233.9509735107422,370.9792450345942,356.27183500503855,820.6875224947305,1767.9737391213794,546.1994207238224,502.2604331261658,633.2809013917887,477.1474114698575,616.04646244004,341.3801381404408,932.1990487863595,4.8115597,-65.57958,149.95221,-574.20996,27.61258,16.509535,-399.99426,-282.14996,266.2224,315.8352,38.106876,-0.0019570384,67.79285,9.689449143479578e-06,9.689449143479578e-06,9.689449143479578e-06
7_1403_53,2023-11-01,0.0,0.0,929.9285317222445,-0.00040636665653437376,529.4012813627882,-606.49602132276,1150.5878671494759,1868.67644099268,546.1994207238224,502.2604331261658,633.2809013917887,477.1474114698575,616.04646244004,341.3801381404408,932.1990487863595,20.127752,-103.171394,146.84604,2584.0686,39.102585,44.892715,-285.0278,-181.13618,330.76782,749.7241,30.425835,-0.00033126815,86.81799,9.689449143479578e-06,9.689449143479578e-06,9.689449143479578e-06
7_1403_53,2023-12-01,0.0,0.0,929.9285317222445,0.0017801389330998063,597.0534261398666,-1111.1895638028186,1064.6458688961577,1969.3791428639806,546.1994207238224,502.2604331261658,633.2809013917887,477.1474114698575,616.04646244004,341.3801381404408,932.1990487863595,-13.277715,-101.98921,147.06883,2186.7544,48.942,27.151323,-317.47037,-257.55527,357.7586,432.9154,20.395483,-0.00044494183,63.217407,9.689449143479578e-06,9.689449143479578e-06,9.689449143479578e-06
7_1403_53,2024-01-01,0.0,0.0,929.9285317222445,0.0004932866431772709,625.9434265401724,81.68698951535566,1987.4360354760493,2070.0818447352813,546.1994207238224,502.2604331261658,633.2809013917887,477.1474114698575,616.04646244004,341.3801381404408,932.1990487863595,-4.6218777,-89.898636,146.6853,2435.9136,58.309654,49.16001,-278.71185,-212.40779,330.39453,442.05795,34.24856,2.4047158e-05,-87.95972,9.689449143479578e-06,9.689449143479578e-06,9.689449143479578e-06
7_1404_53,2023-10-01,0.0,0.0,124.69944857450186,1.279404640197754,86.05868618774652,-951.637112833421,-274.637603249256,39.20194135606744,47.58719448812022,119.71687036157924,182.65891486947024,113.73102684350027,61.412597158957496,0.27197144493055947,50.08649095173919,-1.4973191,-13.77659,29.419462,-73.338326,2.9817119,-0.7292112,-77.58512,-31.275099,64.82176,88.9329,3.310562,-0.0019570384,-0.002547192,1.7369234228681307e-06,1.7369234228681307e-06,1.7369234228681307e-06
7_1404_53,2023-11-01,0.0,0.0,124.69944857450186,1.5190396308898926,110.32759782964449,-834.0026623611765,-286.4723504867976,31.425247914648047,47.58719448812022,119.71687036157924,182.65891486947024,113.73102684350027,61.412597158957496,0.27197144493055947,50.08649095173919,-27.566778,-9.8078165,28.81897,59.093006,4.5013175,11.754166,-52.039387,-41.36679,59.37167,87.740616,-1.6489062,-0.00033126815,-0.014978557,1.7369234228681307e-06,1.7369234228681307e-06,1.7369234228681307e-06
7_1404_53,2023-12-01,0.0,0.0,124.69944857450186,1.2106480598449707,117.17153303680446,-727.1873828683583,-318.4028868247409,23.648554473228664,47.58719448812022,119.71687036157924,182.65891486947024,113.73102684350027,61.412597158957496,0.27197144493055947,50.08649095173919,-35.643177,-16.48911,28.86222,40.26203,5.8341327,4.4564624,-51.437275,-39.29989,44.13004,79.25831,-0.5499493,-0.00044494183,-0.007359303,1.7369234228681307e-06,1.7369234228681307e-06,1.7369234228681307e-06
7_1404_53,2024-01-01,0.0,0.0,124.69944857450186,0.9709266424179077,119.10155156466215,-518.3988535563118,-417.98500640421867,15.871861031809289,47.58719448812022,119.71687036157924,182.65891486947024,113.73102684350027,61.412597158957496,0.27197144493055947,50.08649095173919,-29.202507,-39.636353,28.778986,262.62915,6.91451,5.8370085,-79.25866,-61.36498,79.66988,105.98929,1.6350015,2.4047158e-05,-0.020448271,1.7369234228681307e-06,1.7369234228681307e-06,1.7369234228681307e-06
7_1407_53,2023-10-01,0.0,0.0,740.2370063139037,-377.1128234863281,153.3715453300619,998.3250615088806,1380.1243958442394,1863.9074186256348,1030.490351933558,139.23987304012252,895.6200295170488,132.2778793881164,1304.8672189150927,1422.0133459978638,732.5821908985134,-6.179941,18.960712,69.15707,1662.0988,-49.56741,-110.51707,-913.22943,-541.0875,195.09564,375.78003,-43.044403,1168.4236,60.85315,8.185191290976945e-06,8.185191290976945e-06,8.185191290976945e-06
7_1407_53,2023-11-01,0.0,0.0,740.2370063139037,878.7477416992188,258.3152409681546,979.3405891762947,1441.1287563519218,1979.4016454268399,1030.490351933558,139.23987304012252,895.6200295170488,132.2778793881164,1304.8672189150927,1422.0133459978638,732.5821908985134,-7.87014,-47.896263,67.72263,335.2869,-37.42246,-6.5342073,-247.31645,-168.70476,187.88773,237.5263,-38.033024,310.12543,114.5022,8.185191290976945e-06,8.185191290976945e-06,8.185191290976945e-06
7_1407_53,2023-12-01,0.0,0.0,740.2370063139037,208.18124389648438,330.12242808672886,561.6634693832245,1381.65707179433,2094.895872228045,1030.490351933558,139.23987304012252,895.6200295170488,132.2778793881164,1304.8672189150927,1422.0133459978638,732.5821908985134,-23.211176,-19.761988,67.92209,1089.9924,-40.684444,-27.520529,-219.62598,-153.92589,82.70077,160.67998,-62.707108,220.56003,105.84216,8.185191290976945e-06,8.185191290976945e-06,8.185191290976945e-06
7_1407_53,2024-01-01,0.0,0.0,740.2370063139037,408.38916015625,379.25612869189695,1004.7331223218562,2179.5564498767208,2210.39009902925,1030.490351933558,139.23987304012252,895.6200295170488,132.2778793881164,1304.8672189150927,1422.0133459978638,732.5821908985134,-35.49224,10.173557,67.87227,1699.9288,-36.791183,-68.37242,-251.41472,-166.7053,112.16735,169.85004,-41.02115,763.3414,86.63953,8.185191290976945e-06,8.185191290976945e-06,8.185191290976945e-06
7_1504_53,2023-10-01,186.1153938306403,341.3818741970159,314.67365676080425,270.75860595703125,304.34414088076454,206.32938769670093,47.732928466730115,319.87219587168124,22.73422632995098,5.260763924268438,15.458450092513512,4.997725728055015,55.5064645047155,205.89577385128806,313.2534376558244,312.6085,306.5347,256.52237,112.33736,265.67978,276.91772,-82.05108,57.11129,436.19235,478.69394,317.3956,293.26535,360.53558,378.9098815917969,378.9098815917969,378.9098815917969
7_1504_53,2023-11-01,186.1153938306403,217.3649855198338,314.67365676080425,242.10769653320312,294.52311568370635,211.53487716705547,48.61548282349317,326.4251765481274,22.73422632995098,5.260763924268438,15.458450092513512,4.997725728055015,55.5064645047155,205.89577385128806,313.2534376558244,260.64914,286.69376,240.30513,105.27004,255.75694,260.63666,44.070244,119.009926,363.3785,388.49927,291.19675,302.71014,334.04276,378.9098815917969,378.9098815917969,378.9098815917969
7_1504_53,2023-12-01,0.0,28.997017383310435,314.67365676080425,243.8101806640625,285.19837495571426,208.47072559585487,49.27019009100681,332.97815722457364,22.73422632995098,5.260763924268438,15.458450092513512,4.997725728055015,55.5064645047155,205.89577385128806,313.2534376558244,254.51796,284.3351,235.95497,102.65029,238.93762,246.09357,135.88065,154.30606,367.1942,412.04614,286.749,315.4927,375.0112,378.9098815917969,378.9098815917969,378.9098815917969
7_1504_53,2024-01-01,0.0,-101.2779466310312,314.67365676080425,223.47520446777344,276.3448400243182,193.17257251174422,91.75278922091415,339.53113790101986,22.73422632995098,5.260763924268438,15.458450092513512,4.997725728055015,55.5064645047155,205.89577385128806,313.2534376558244,245.73499,278.6434,234.50957,-4.5675125,223.96623,229.7322,147.5852,177.37053,300.0411,315.8114,287.45914,319.79727,309.11365,378.9098815917969,378.9098815917969,378.9098815917969
7_1505_53,2023-10-01,0.8991081827567164,0.8991081827567164,0.8991081827567164,0.8913785219192505,0.8467995162872287,0.8718593771848733,0.8047426273882994,0.9491133176189225,0.546651488115751,0.1245671459583395,0.43421382734865666,0.11833878866042251,0.6923837852171743,0.895596041417823,0.8991081827567163,0.910894,0.88695204,0.9506715,0.7367003,0.88960296,0.886251,0.5241276,0.6622083,1.0404124,1.2384168,0.8932674,0.8971511,0.89656097,0.8989825248718262,0.8989825248718262,0.8989825248718262
7_1505_53,2023-11-01,0.8991081827567164,0.8991081827567164,0.8991081827567164,0.8905782103538513,0.7998765177922861,0.8782998008323172,0.8147051933932002,0.9986184011325064,0.546651488115751,0.1245671459583395,0.43421382734865666,0.11833878866042251,0.6923837852171743,0.895596041417823,0.8991081827567163,0.9123154,0.88140774,0.9464224,0.5309074,0.88025206,0.88987976,0.6397498,0.6968399,1.061216,1.119011,0.8937788,0.8987769,0.88412964,0.8989825248718262,0.7508261799812317,0.8989825248718262
7_1505_53,2023-12-01,0.8991081827567164,0.8991081827567164,0.8991081827567164,0.8844694495201111,0.7577846822254071,0.8438964518378516,0.8027646399525499,1.0481234846460903,0.546651488115751,0.1245671459583395,0.43421382734865666,0.11833878866042251,0.6923837852171743,0.895596041417823,0.8991081827567163,0.8932094,0.850695,0.9448297,0.3303495,0.8707607,0.89039505,0.66182286,0.74841136,0.9994205,1.0464365,0.89203066,0.8986632,0.89174885,0.8989825248718262,0.7483150362968445,0.8989825248718262
7_1505_53,2024-01-01,0.8991081827567164,0.8991081827567164,0.8991081827567164,0.8826135396957397,0.7200265960370291,1.1383489154046722,1.2075134072067903,1.0976285681596742,0.546651488115751,0.1245671459583395,0.43421382734865666,0.11833878866042251,0.6923837852171743,0.895596041417823,0.8991081827567163,0.891096,0.85730505,0.94421315,0.16100183,0.86187047,0.8758304,0.66984147,0.68271744,1.0370152,1.0990303,0.89485294,0.8991322,0.8786599,0.8989825248718262,4.784912022159915e-09,0.8989825248718262
8_1109_60,2023-10-01,0.0,0.0,223.39103810367584,125.7198486328125,220.13778843869153,-72.32080378647846,-484.14430775895534,4.545805607737014e-37,3.673691531544233,4603.433895714388,4603.433895714388,4373.262200928669,3.673691531544233,0.0043901766736167795,4.637200947428002e-37,-0.0024689105,0.002335506,0.09430316,0.0027159478,0.0040304437,-0.006567354,-0.2531545,-0.15703107,0.17433453,0.24481295,-0.00017725787,-0.0019570384,-0.002547192,3.062344376303372e-06,3.062344376303372e-06,3.062344376303372e-06
8_1109_60,2023-11-01,0.0,0.0,223.39103810367584,126.52127838134766,209.98871947422307,96.79462942906031,-717.2314036004045,4.545805607737014e-37,3.673691531544233,4603.433895714388,4603.433895714388,4373.262200928669,3.673691531544233,0.0043901766736167795,4.637200947428002e-37,0.00047200356,-0.010625879,0.09177589,0.0038856715,0.0060206745,0.011866665,-0.1982303,-0.14187153,0.18208158,0.24120876,0.002405007,-0.00033126815,-0.014978557,3.062344376303372e-06,3.062344376303372e-06,3.062344376303372e-06
8_1109_60,2023-12-01,0.0,0.0,223.39103810367584,125.70490264892578,210.45662460571404,53.85306766493902,-642.8026755124827,4.545805607737014e-37,3.673691531544233,4603.433895714388,4603.433895714388,4373.262200928669,3.673691531544233,0.0043901766736167795,4.637200947428002e-37,0.0026063903,-0.017958699,0.09161402,0.1326086,0.007780593,5.064276e-05,-0.19760455,-0.15545686,0.12782632,0.24708258,0.000515223,-0.00044494183,-0.007359303,3.062344376303372e-06,3.062344376303372e-06,3.062344376303372e-06
8_1109_60,2024-01-01,0.0,0.0,223.39103810367584,124.72420501708984,210.4350526553369,1694.1938587559387,1537.2874588084132,4.545805607737014e-37,3.673691531544233,4603.433895714388,4603.433895714388,4373.262200928669,3.673691531544233,0.0043901766736167795,4.637200947428002e-37,0.00073333527,-0.029180804,0.09117099,-0.00056325237,0.0092493715,0.0057812063,-0.24514546,-0.13145012,0.14117488,0.19102558,0.002408248,2.4047158e-05,-0.020448271,3.062344376303372e-06,3.062344376303372e-06,3.062344376303372e-06
8_1201_87,2023-10-01,0.0,0.0,4.330005466933692e-25,-73.23533630371094,191.3835892641394,-254.37598508595318,909.8661197424886,4.494474964212498e-06,441.37440204384563,229.41878658249905,632.9387266693465,217.94784725337408,373.70692515798135,26.368279137077103,4.46399766834581e-06,5.0985613,8.375916,82.84566,-854.3928,16.981653,9.228531,-214.75514,-168.76375,135.97871,216.4846,16.608316,-0.0019570384,5.5614624,7.548797839262988e-06,7.548797839262988e-06,7.548797839262988e-06
8_1201_87,2023-11-01,0.0,0.0,4.330005466933692e-25,43.85401916503906,305.4588541109381,922.4545267532103,2346.041104505897,4.494474964212498e-06,441.37440204384563,229.41878658249905,632.9387266693465,217.94784725337408,373.70692515798135,26.368279137077103,4.46399766834581e-06,-31.064445,-26.848999,81.484955,-910.3663,28.146646,42.28723,-308.6211,-193.5575,228.05449,306.36948,30.133558,-0.00033126815,-16.888855,7.548797839262988e-06,7.548797839262988e-06,7.548797839262988e-06
8_1201_87,2023-12-01,0.0,0.0,4.330005466933692e-25,7.387384414672852,373.454057356432,1724.4281162576747,3381.429898161636,4.494474964212498e-06,441.37440204384563,229.41878658249905,632.9387266693465,217.94784725337408,373.70692515798135,26.368279137077103,4.46399766834581e-06,-36.220547,4.906635,81.78798,-303.29254,39.080345,43.21912,-226.87654,-144.86513,201.0343,295.7755,35.685772,-0.00044494183,-16.69629,7.548797839262988e-06,7.548797839262988e-06,7.548797839262988e-06
8_1201_87,2024-01-01,0.0,0.0,4.330005466933692e-25,14.27894401550293,413.98298070020064,1780.3542405044764,2889.284000185802,4.494474964212498e-06,441.37440204384563,229.41878658249905,632.9387266693465,217.94784725337408,373.70692515798135,26.368279137077103,4.46399766834581e-06,-15.089085,79.472404,81.67361,-2373.5034,48.769142,48.823742,-140.5038,-89.6916,243.77591,288.3606,34.08218,2.4047158e-05,15.673828,7.548797839262988e-06,7.548797839262988e-06,7.548797839262988e-06
8_1204_87,2023-10-01,0.0,0.0,0.0,0.0,0.0,0.0,0.0,0.0,0.0,0.0,0.0,0.0,0.0,0.0,0.0,-0.0024689105,0.002335506,0.09430316,0.0027159478,0.0040304437,-0.011231754,-0.18813418,-0.15968846,0.14794837,0.18878989,-0.00017725787,-0.0019570384,-0.002547192,1.3969838619232178e-08,1.3969838619232178e-08,1.3969838619232178e-08
8_1204_87,2023-11-01,0.0,0.0,0.0,0.0,0.0,0.0,0.0,0.0,0.0,0.0,0.0,0.0,0.0,0.0,0.0,0.00047200356,-0.010625879,0.09177589,0.0038856715,0.0060206745,-0.0132369045,-0.21764787,-0.18052594,0.1471611,0.17463297,0.002405007,-0.00033126815,-0.014978557,1.3969838619232178e-08,1.3969838619232178e-08,1.3969838619232178e-08
8_1204_87,2023-12-01,0.0,0.0,0.0,0.0,0.0,0.0,0.0,0.0,0.0,0.0,0.0,0.0,0.0,0.0,0.0,0.0026063903,-0.017958699,0.09161402,0.1326086,0.007780593,-0.011868019,-0.23653904,-0.1863104,0.1811973,0.20981635,0.000515223,-0.00044494183,-0.007359303,1.3969838619232178e-08,1.3969838619232178e-08,1.3969838619232178e-08
8_1204_87,2024-01-01,19212.143649145517,0.0,0.0,0.0,0.0,0.0,0.0,0.0,0.0,0.0,0.0,0.0,0.0,0.0,0.0,0.00073333527,-0.029180804,0.09117099,-0.00056325237,0.0092493715,0.018320508,-0.29351112,-0.1978453,0.16575465,0.268311,0.002408248,2.4047158e-05,-0.020448271,1.3969838619232178e-08,1.3969838619232178e-08,1.3969838619232178e-08
8_1407_53,2023-10-01,0.0,0.0,0.0008026936136578096,15.909639358520508,10208.858067732006,13301.764070922727,-57744.357176584905,0.10112504183613018,246.75579192700053,123663.45634042255,151512.5672379845,117480.28352340142,246.75579192700053,0.6678461944537553,0.00042900311377796975,-0.0024689105,0.002335506,0.09430316,0.0027159478,0.0040304437,-0.021866404,-0.2268112,-0.18935426,0.18849707,0.2572038,-0.00017725787,-0.0019570384,-0.002547192,0.00032269812072627246,0.00032269812072627246,0.00032269812072627246
8_1407_53,2023-11-01,0.0,0.0,0.0008026936136578096,7.334632396697998,16619.668498338666,15882.981271756054,-62066.4084609424,0.10112504183613018,246.75579192700053,123663.45634042255,151512.5672379845,117480.28352340142,246.75579192700053,0.6678461944537553,0.00042900311377796975,0.00047200356,-0.010625879,0.09177589,0.0038856715,0.0060206745,0.0016521255,-0.2435965,-0.19365552,0.18258263,0.3140785,0.002405007,-0.00033126815,-0.014978557,0.00032269812072627246,0.00032269812072627246,0.00032269812072627246
8_1407_53,2023-12-01,0.0,0.0,0.0008026936136578096,9.048148155212402,20645.436131163206,11498.207448113297,-63624.76943295958,0.10112504183613018,246.75579192700053,123663.45634042255,151512.5672379845,117480.28352340142,246.75579192700053,0.6678461944537553,0.00042900311377796975,0.0026063903,-0.017958699,0.09161402,0.1326086,0.007780593,0.012955178,-0.28572348,-0.14000234,0.16365205,0.29916364,0.000515223,-0.00044494183,-0.007359303,0.00032269812072627246,0.00032269812072627246,0.00032269812072627246
8_1407_53,2024-01-01,0.0,0.0,0.0008026936136578096,7.2892632484436035,23173.4792247669,29381.35907430962,-25717.06727356469,0.10112504183613018,246.75579192700053,123663.45634042255,151512.5672379845,117480.28352340142,246.75579192700053,0.6678461944537553,0.00042900311377796975,0.00073333527,-0.029180804,0.09117099,-0.00056325237,0.0092493715,-0.0057855844,-0.41406792,-0.21378468,0.15042771,0.1916637,0.002408248,2.4047158e-05,-0.020448271,0.00032269812072627246,0.00032269812072627246,0.00032269812072627246
8_1407_60,2023-10-01,0.0,0.0,2917.434600359269,1641.8150634765625,2878.9150223497104,-944.4927472630199,-6322.811188009135,5.936715581385607e-36,47.97755038051498,60119.7677482106,60119.767748210594,57113.779360800065,47.97755038051498,0.05733467840977726,6.056075752943766e-36,-0.0024689105,0.002335506,0.09430316,0.0027159478,0.0040304437,-0.005817586,-0.24630368,-0.19523568,0.20925029,0.27171504,-0.00017725787,-0.0019570384,-0.002547192,3.9993497921386734e-05,3.9993497921386734e-05,3.9993497921386734e-05
8_1407_60,2023-11-01,0.0,0.0,2917.434600359269,1652.28125,2750.246590362689,1264.115174102255,-9366.874029910672,5.936715581385607e-36,47.97755038051498,60119.7677482106,60119.767748210594,57113.779360800065,47.97755038051498,0.05733467840977726,6.056075752943766e-36,0.00047200356,-0.010625879,0.09177589,0.0038856715,0.0060206745,-0.021961609,-0.2349231,-0.14796537,0.15998785,0.21831563,0.002405007,-0.00033126815,-0.014978557,3.9993497921386734e-05,3.9993497921386734e-05,3.9993497921386734e-05
8_1407_60,2023-12-01,0.0,0.0,2917.434600359269,1641.619873046875,2755.9972169916355,703.3084418913705,-8394.85228531539,5.936715581385607e-36,47.97755038051498,60119.7677482106,60119.767748210594,57113.779360800065,47.97755038051498,0.05733467840977726,6.056075752943766e-36,0.0026063903,-0.017958699,0.09161402,0.1326086,0.007780593,0.01916827,-0.22789624,-0.19028401,0.18579541,0.24160509,0.000515223,-0.00044494183,-0.007359303,3.9993497921386734e-05,42942.69140625,3.9993497921386734e-05
8_1407_60,2024-01-01,0.0,0.0,2917.434600359269,1628.8126220703125,2755.7402020726313,22125.77471866692,20076.613910288517,5.936715581385607e-36,47.97755038051498,60119.7677482106,60119.767748210594,57113.779360800065,47.97755038051498,0.05733467840977726,6.056075752943766e-36,0.00073333527,-0.029180804,0.09117099,-0.00056325237,0.0092493715,-0.00028055906,-0.15280317,-0.13357936,0.16983764,0.44055253,0.002408248,2.4047158e-05,-0.020448271,3.9993497921386734e-05,42942.69140625,3.9993497921386734e-05
8_1408_86,2023-10-01,0.0,0.0,2.6942610903208907e-07,-193.24266052246094,216.16730016358702,955.8454900376158,3344.2047104705334,4.4098259336946185e-07,1026.6159111350855,540.6301056125852,2698.252115799106,513.5986003319559,794.6319612920227,123.14626664282854,6.896691518475025e-07,-14.99176,-56.549133,-55.032227,1019.4674,12.564392,1.1704259,-180.80574,-104.751595,115.9406,179.84761,-47.170715,-0.0019570384,55.208984,1.5156212612055242e-05,1.5156212612055242e-05,1.5156212612055242e-05
8_1408_86,2023-11-01,0.0,0.0,2.6942610903208907e-07,8.224851608276367,377.2673769483982,1008.9473464155551,3613.862381752898,4.4098259336946185e-07,1026.6159111350855,540.6301056125852,2698.252115799106,513.5986003319559,794.6319612920227,123.14626664282854,6.896691518475025e-07,-24.482483,-6.052307,-51.938416,1434.0874,13.101807,14.173244,-117.32787,-90.48016,111.14042,173.51875,-28.648254,-0.00033126815,41.096313,1.5156212612055242e-05,1.5156212612055242e-05,1.5156212612055242e-05
8_1408_86,2023-12-01,0.0,0.0,2.6942610903208907e-07,-145.05857849121094,497.3282498021169,1558.1195462602068,4193.003230877408,4.4098259336946185e-07,1026.6159111350855,540.6301056125852,2698.252115799106,513.5986003319559,794.6319612920227,123.14626664282854,6.896691518475025e-07,-23.105286,-41.76013,-52.108276,-52.8609,12.021912,17.27866,-118.04866,-70.63663,163.67258,184.27165,-39.30542,-0.00044494183,13.563477,1.5156212612055242e-05,1.5156212612055242e-05,1.5156212612055242e-05
8_1408_86,2024-01-01,0.0,0.0,2.6942610903208907e-07,-22.767684936523438,586.8043908324596,1994.885120935611,3634.69110186656,4.4098259336946185e-07,1026.6159111350855,540.6301056125852,2698.252115799106,513.5986003319559,794.6319612920227,123.14626664282854,6.896691518475025e-07,-9.913269,-95.329956,-53.219116,-1295.0973,9.2771,7.8734136,-156.70891,-108.39545,116.608795,169.88243,-32.67871,2.4047158e-05,6.840454,1.5156212612055242e-05,1.5156212612055242e-05,1.5156212612055242e-05
8_1408_87,2023-10-01,7262.995900308755,7111.484635932546,6788.219302153393,6710.14697265625,6506.75072724928,6102.090018107128,3248.9941934818926,7096.0115488691645,2079.5110879645945,462.6124303304554,1228.185358213167,439.4818088139326,3329.226060219653,6190.416032541414,6783.468581553171,6869.327,6685.777,6641.9277,4275.7725,6636.962,6652.1807,4398.6733,4692.968,8030.727,8645.097,6674.5845,6694.2173,5964.6553,6329.2490234375,6696.162109375,6736.93017578125
8_1408_87,2023-11-01,7737.7250208043015,7434.702492051883,6788.219302153393,6900.38330078125,6243.881552286282,6464.108752217341,3380.148374410362,7405.491591380866,2079.5110879645945,462.6124303304554,1228.185358213167,439.4818088139326,3329.226060219653,6190.416032541414,6783.468581553171,6689.4976,6535.009,6484.7925,2022.0109,6446.082,6637.598,4863.0015,5267.0034,8276.86,9062.604,6645.865,6735.742,5545.546,6094.83251953125,6757.31396484375,6808.2744140625
8_1408_87,2023-12-01,8212.454141299848,7757.920348171221,6788.219302153393,6925.31640625,5998.424135146506,6216.465481582629,3386.07768851711,7714.971633892568,2079.5110879645945,462.6124303304554,1228.185358213167,439.4818088139326,3329.226060219653,6190.416032541414,6783.468581553171,6604.92,6661.6343,6433.4985,3699.1296,6223.3203,6236.6143,4483.0405,4919.984,7817.4126,8411.681,6588.6665,6790.789,5062.8447,6135.6005859375,6849.04248046875,6869.42626953125
8_1408_87,2024-01-01,8687.183261795395,8081.138204290558,6788.219302153393,7087.513671875,5769.225167114555,6609.025932278362,5184.659365723954,8024.45167640427,2079.5110879645945,462.6124303304554,1228.185358213167,439.4818088139326,3329.226060219653,6190.416032541414,6783.468581553171,6529.183,6681.826,6415.261,3195.5989,6010.189,5962.7266,3667.0085,4772.0156,7086.8687,7320.0835,6629.8022,6809.4844,2265.226,5840.03125,6808.2744140625,7073.2666015625
9_1000_54,2023-10-01,0.0,0.0,2.2686943151317843e-61,-2424.177978515625,1015058.7055058759,-463162.9665301854,-8261414.499909658,-1960413.4006358855,38126.638817107116,11048541.35154544,16387430.418512968,10496114.283968167,38126.638817107116,151.4516855134476,2.2912526251984115e-27,-0.0024689105,0.002335506,0.09430316,0.0027159478,0.0040304437,-0.0129620265,-0.1979903,-0.14686878,0.119874276,0.210299,-0.00017725787,-0.0019570384,-0.002547192,0.045276135206222534,0.045276135206222534,0.045276135206222534
9_1000_54,2023-11-01,0.0,0.0,2.2686943151317843e-61,2344.692626953125,1712207.274013586,1400932.2681478339,-8394429.107792262,-2318886.7459974587,38126.638817107116,11048541.35154544,16387430.418512968,10496114.283968167,38126.638817107116,151.4516855134476,2.2912526251984115e-27,0.00047200356,-0.010625879,0.09177589,0.0038856715,0.0060206745,0.032929383,-0.20768039,-0.1440723,0.19025697,0.23514405,0.002405007,-0.00033126815,-0.014978557,0.045276135206222534,0.045276135206222534,0.045276135206222534
9_1000_54,2023-12-01,0.0,0.0,2.2686943151317843e-61,767.8756103515625,2191013.2031052765,994717.9662039585,-8100123.770566686,-2677360.0913590314,38126.638817107116,11048541.35154544,16387430.418512968,10496114.283968167,38126.638817107116,151.4516855134476,2.2912526251984115e-27,0.0026063903,-0.017958699,0.09161402,0.1326086,0.007780593,0.0048836544,-0.25104287,-0.17555493,0.16364475,0.18485022,0.000515223,-0.00044494183,-0.007359303,0.045276135206222534,45383392.0,0.045276135206222534
9_1000_54,2024-01-01,0.0,0.0,2.2686943151317843e-61,996.7035522460938,2519860.063142717,-1197161.8437971498,-7745488.517445352,-3035833.436720604,38126.638817107116,11048541.35154544,16387430.418512968,10496114.283968167,38126.638817107116,151.4516855134476,2.2912526251984115e-27,0.00073333527,-0.029180804,0.09117099,-0.00056325237,0.0092493715,0.0032882295,-0.20684972,-0.14127626,0.15316474,0.20626453,0.002408248,2.4047158e-05,-0.020448271,0.045276135206222534,22691696.0,0.045276135206222534
9_1000_58,2023-10-01,0.0,0.0,18069.392833879534,66322.65625,3208126.656087704,10947813.762333754,13009422.490774108,-262253.989060889,1105323.9676021198,10881181.182158504,9394709.47701403,10337122.123050578,1105323.9676021198,111184.98206536699,7373.871360730895,-103774.0,-104984.5,-427144.0,799491.5,64976.0,80634.84,-1051269.0,-747758.2,1042726.25,1200327.8,60833.0,-0.0019570384,-98955.875,0.1297904998064041,0.1297904998064041,0.1297904998064041
9_1000_58,2023-11-01,0.0,0.0,18069.392833879534,3537.826171875,5308478.365625183,230242.17156548845,1284291.6388896448,-1134296.4730857927,1105323.9676021198,10881181.182158504,9394709.47701403,10337122.123050578,1105323.9676021198,111184.98206536699,7373.871360730895,-1177.0,-309600.5,-400335.0,2001057.2,97499.0,107808.16,-1397403.2,-962558.44,921316.44,1197420.1,38395.5,-0.00033126815,-104822.0,0.1297904998064041,0.1297904998064041,0.1297904998064041
9_1000_58,2023-12-01,0.0,0.0,18069.392833879534,57398.86328125,6683572.86053418,6459187.656578034,6752595.196984182,-2006338.9571106983,1105323.9676021198,10881181.182158504,9394709.47701403,10337122.123050578,1105323.9676021198,111184.98206536699,7373.871360730895,22477.0,-191297.0,-402262.0,2285242.2,112874.0,-129.69531,-1373895.4,-961262.44,969891.25,1284940.5,-4054.5,-0.00044494183,-176307.0,0.1297904998064041,0.1297904998064041,5653472.0
9_1000_58,2024-01-01,0.0,0.0,18069.392833879534,14503.8359375,7583843.449189745,-9665065.9588878,-11767431.12244266,-2878381.4411356025,1105323.9676021198,10881181.182158504,9394709.47701403,10337122.123050578,1105323.9676021198,111184.98206536699,7373.871360730895,-55088.0,-220555.5,-412571.0,3071386.8,109197.5,198024.56,-918815.5,-680160.0,1182884.5,1820202.2,15848.5,2.4047158e-05,-175147.25,0.1297904998064041,0.1297904998064041,0.1297904998064041
9_1000_65,2023-10-01,0.0,-2380.190878411997,1.4016377283358535e-71,-1455.9219970703125,5522.177257563748,5477.625520192031,-36587.28778530132,-26.495445368071763,166.96633170780143,148254.84736293775,146456.67445570027,140842.10499479086,166.96633170780143,0.2759140293729989,1.4198636327190746e-33,-0.0024689105,0.002335506,0.09430316,0.0027159478,0.0040304437,0.0004471282,-0.23005557,-0.17993546,0.19266462,0.25657225,-0.00017725787,-0.0019570384,-0.002547192,0.00019246235024183989,0.00019246235024183989,0.00019246235024183989
9_1000_65,2023-11-01,0.0,0.0,1.4016377283358535e-71,83.3923110961914,10133.888407250517,1029.182185308396,-36822.464234904626,-50.482962921826605,166.96633170780143,148254.84736293775,146456.67445570027,140842.10499479086,166.96633170780143,0.2759140293729989,1.4198636327190746e-33,0.00047200356,-0.010625879,0.09177589,0.0038856715,0.0060206745,0.0013894239,-0.18425074,-0.17063138,0.13307172,0.18108417,0.002405007,-0.00033126815,-0.014978557,0.00019246235024183989,0.00019246235024183989,0.00019246235024183989
9_1000_65,2023-12-01,0.0,0.0,1.4016377283358535e-71,-386.54156494140625,13985.246075824907,3399.4289505224665,-32298.00623826457,-72.52461841857958,166.96633170780143,148254.84736293775,146456.67445570027,140842.10499479086,166.96633170780143,0.2759140293729989,1.4198636327190746e-33,0.0026063903,-0.017958699,0.09161402,0.1326086,0.007780593,-0.009971089,-0.15325007,-0.123021156,0.16767085,0.25903252,0.000515223,-0.00044494183,-0.007359303,0.00019246235024183989,0.00019246235024183989,0.00019246235024183989
9_1000_65,2024-01-01,0.0,0.0,1.4016377283358535e-71,-149.8944091796875,17201.613148661687,45646.079866643886,28002.894658673475,-92.84916377690689,166.96633170780143,148254.84736293775,146456.67445570027,140842.10499479086,166.96633170780143,0.2759140293729989,1.4198636327190746e-33,0.00073333527,-0.029180804,0.09117099,-0.00056325237,0.0092493715,0.01543536,-0.18754876,-0.13535106,0.1605334,0.20449807,0.002408248,2.4047158e-05,-0.020448271,0.00019246235024183989,0.00019246235024183989,0.00019246235024183989
9_1000_77,2023-10-01,128017066.7338007,74769182.13986829,74980401.53286175,73786304.0,72107136.50239232,143036289.3922194,147287318.38401917,110241307.16568081,72000003.68542552,22904312.828180414,71337855.54067156,21759097.186771393,75155586.52664605,75033177.41997129,74967358.04619195,85085200.0,84384860.0,91471840.0,76021680.0,76509940.0,77013870.0,69286824.0,70717840.0,84094500.0,85667790.0,89536720.0,80011700.0,69708790.0,0.681923508644104,33640136.0,73364128.0
9_1000_77,2023-11-01,59344776.05543435,74769182.13986829,74980401.53286175,77645832.0,63976651.68844954,134520122.6319104,151784453.7990239,115953492.1147533,72000003.68542552,22904312.828180414,71337855.54067156,21759097.186771393,75155586.52664605,75033177.41997129,74967358.04619195,85971140.0,82567890.0,91493560.0,103061570.0,79724220.0,80276450.0,69298080.0,72784580.0,87395680.0,92572520.0,71157180.0,82508920.0,69805710.0,0.681923508644104,2505117.25,31135018.0
9_1000_77,2023-12-01,82527259.16092068,74769182.13986829,74980401.53286175,77190904.0,58684115.728030056,173106190.62885138,184734340.66317505,121665677.06382579,72000003.68542552,22904312.828180414,71337855.54067156,21759097.186771393,75155586.52664605,75033177.41997129,74967358.04619195,84459020.0,86109410.0,91515304.0,100367820.0,82221170.0,82109020.0,69968024.0,74168056.0,92094840.0,96582504.0,70298200.0,84459690.0,67192536.0,0.681923508644104,0.681923508644104,32566516.0
9_1000_77,2024-01-01,85484015.081568,74769182.13986829,74980401.53286175,79094704.0,55238941.48155731,159563286.23511222,161313404.6778563,127377862.0128983,72000003.68542552,22904312.828180414,71337855.54067156,21759097.186771393,75155586.52664605,75033177.41997129,74967358.04619195,84038890.0,84371460.0,91517330.0,83831980.0,84340376.0,84672660.0,64490188.0,73094430.0,96837870.0,103748320.0,70266680.0,85351070.0,59837170.0,0.681923508644104,0.681923508644104,21472428.0
9_1215_53,2023-10-01,0.0,0.0,28.746642990103005,-641.02978515625,1361.7287991603007,-2128.5650931670907,-4832.546805535889,-478.2170148877873,40.26765334626447,7152.365583216015,7152.323148226941,6794.747304055214,40.26765334626447,0.31763871435637125,10.925875469624511,18.054401,-17.535088,91.58254,-480.74493,10.390474,18.115864,-247.40344,-172.3818,242.01509,305.478,54.955135,-0.0019570384,-0.002547192,2.8452886908780783e-05,2.8452886908780783e-05,2.8452886908780783e-05
9_1215_53,2023-11-01,0.0,0.0,28.746642990103005,45.21977615356445,1859.6282083707074,-333.8783815803654,-4983.934032439073,-870.4204229324815,40.26765334626447,7152.365583216015,7152.323148226941,6794.747304055214,40.26765334626447,0.31763871435637125,10.925875469624511,28.758904,-33.628403,89.766266,-231.6472,15.625117,25.591043,-310.35062,-195.96652,241.49197,384.22037,41.003784,-0.00033126815,-0.014978557,2.8452886908780783e-05,2.8452886908780783e-05,2.8452886908780783e-05
9_1215_53,2023-12-01,0.0,0.0,28.746642990103005,-209.3125,2041.6790116179766,-319.4513702029469,-5318.064486270287,-1262.6238309771759,40.26765334626447,7152.365583216015,7152.323148226941,6794.747304055214,40.26765334626447,0.31763871435637125,10.925875469624511,25.969767,-35.75987,89.927376,-1005.7896,20.240652,-24.627697,-348.8881,-235.43587,193.62152,303.21738,45.087673,-0.00044494183,-0.007359303,2.8452886908780783e-05,2.8452886908780783e-05,4449.7626953125
9_1215_53,2024-01-01,0.0,0.0,28.746642990103005,-63.54940414428711,2108.2436516835974,-13.79138542925034,-3207.5732863659896,-1654.8272390218701,40.26765334626447,7152.365583216015,7152.323148226941,6794.747304055214,40.26765334626447,0.31763871435637125,10.925875469624511,35.540527,-44.189487,89.68196,-1119.8284,24.0259,28.94188,-395.42007,-227.144,185.72118,249.86436,45.005013,2.4047158e-05,-0.020448271,2.8452886908780783e-05,2.8452886908780783e-05,2.8452886908780783e-05
9_1407_53,2023-10-01,8002.062826534776,8002.062826534776,8002.062826534776,7897.8154296875,7450.99535198179,8249.584272306518,5359.732961015364,8451.235369682792,3240.7890312143795,811.786415875948,2272.579208119092,771.1970950821506,4909.918619143967,7877.03059487017,8002.062826526757,8062.3916,7884.648,8371.838,6528.8887,7962.1206,7918.548,5494.95,6496.046,9785.907,10814.535,7922.276,8002.061,7370.7666,7995.3583984375,7995.3583984375,7995.3583984375
9_1407_53,2023-11-01,8002.062826534776,8002.062826534776,8002.062826534776,7906.81298828125,6961.028038526341,8175.626318849449,5553.219876875912,8895.916187407243,3240.7890312143795,811.786415875948,2272.579208119092,771.1970950821506,4909.918619143967,7877.03059487017,8002.062826526757,8058.5063,7810.6484,8312.705,5507.755,7862.93,7917.406,5540.703,6399.0957,9581.375,10153.189,7938.5615,8002.0625,7079.6025,7995.3583984375,7995.3583984375,7995.3583984375
9_1407_53,2023-12-01,8002.062826534776,8002.062826534776,8002.062826534776,7824.99462890625,6525.386344286471,7756.597391249177,5615.437115637688,9340.597005131694,3240.7890312143795,811.786415875948,2272.579208119092,771.1970950821506,4909.918619143967,7877.03059487017,8002.062826526757,7875.805,7858.721,8290.964,6025.914,7747.641,7701.9995,5664.968,6196.6167,9256.703,9798.399,7893.682,8002.0625,5792.607,7995.3583984375,7995.3583984375,7995.3583984375
9_1407_53,2024-01-01,8002.062826534776,8002.062826534776,8002.062826534776,7815.744140625,6138.046861532504,9407.398602985551,8414.385766156885,9785.277822856146,3240.7890312143795,811.786415875948,2272.579208119092,771.1970950821506,4909.918619143967,7877.03059487017,8002.062826526757,7833.3784,7955.254,8282.658,5490.977,7631.138,7485.6133,5571.9863,6326.1978,9019.075,9266.113,7932.09,8002.063,2241.3354,7995.3583984375,8012.1201171875,7995.3583984375
9_1610_75,2023-10-01,0.0,0.0,189.35880964256845,106.57080078125,186.59260051790102,-61.30318133463202,-410.38794837381863,3.853280534683327e-37,3.1140275872855416,3902.1295131641496,3902.129513164149,3707.023037505942,3.1140275872855416,0.0037213606959954734,3.930752365593268e-37,-0.0024689012,0.0023354986,0.094303146,0.0027159478,0.0040304437,-0.020015944,-0.26683357,-0.17045912,0.12619786,0.18741989,-0.00017725321,-0.0019570387,-0.00016257183,2.595815203676466e-06,2.595815203676466e-06,2.595815203676466e-06
9_1610_75,2023-11-01,0.0,0.0,189.35880964256845,107.25016021728516,178.00912673413595,82.04857260197696,-607.9656819581967,3.853280534683327e-37,3.1140275872855416,3902.1295131641496,3902.129513164149,3707.023037505942,3.1140275872855416,0.0037213606959954734,3.930752365593268e-37,0.00047200915,-0.010625887,0.09177594,0.0038856715,0.006020436,0.0067176335,-0.11942072,-0.10654998,0.1559703,0.23190019,0.002405006,-0.00033126812,-0.012396482,2.595815203676466e-06,2.595815203676466e-06,2.595815203676466e-06
9_1610_75,2023-12-01,0.0,0.0,189.35880964256845,106.5581283569336,178.40397637979225,45.648889387858524,-544.8757054148817,3.853280534683327e-37,3.1140275872855416,3902.1295131641496,3902.129513164149,3707.023037505942,3.1140275872855416,0.0037213606959954734,3.930752365593268e-37,0.002606395,-0.017958699,0.09161399,0.1326086,0.0077805705,0.020311525,-0.2114286,-0.15705186,0.24069916,0.31206548,0.00051522674,-0.00044494175,-0.00430644,2.595815203676466e-06,2787.2353515625,2.595815203676466e-06
9_1610_75,2024-01-01,0.0,0.0,189.35880964256845,105.726806640625,178.38581284290703,1436.0940130860888,1303.0913225055108,3.853280534683327e-37,3.1140275872855416,3902.1295131641496,3902.129513164149,3707.023037505942,3.1140275872855416,0.0037213606959954734,3.930752365593268e-37,0.00073333527,-0.029180808,0.091171,-0.00056325237,0.009249476,0.032245874,-0.23037826,-0.17291065,0.19531426,0.2902118,0.002408248,2.4047182e-05,-0.018080192,2.595815203676466e-06,2.595815203676466e-06,2.595815203676466e-06
